,undl_id,undl_link,resolution,subject_list,matching_subjects,non_matching_subjects,match_type
0,278340,https://digitallibrary.un.org/record/278340,A/RES/38/3,['KAMPUCHEA SITUATION'],[],['KAMPUCHEA SITUATION'],no_match
1,278341,https://digitallibrary.un.org/record/278341,A/RES/38/7,['GRENADA SITUATION'],['GRENADA SITUATION'],[],all_match
2,278342,https://digitallibrary.un.org/record/278342,A/RES/38/9,"['IRAQ', 'ISRAEL']","['IRAQ', 'ISRAEL']",[],all_match
3,278343,https://digitallibrary.un.org/record/278343,A/RES/38/11,['APARTHEID'],['APARTHEID'],[],all_match
4,278344,https://digitallibrary.un.org/record/278344,A/RES/38/12,['FALKLAND ISLANDS (MALVINAS)'],['FALKLAND ISLANDS (MALVINAS)'],[],all_match
5,278639,https://digitallibrary.un.org/record/278639,A/RES/38/13,['COMORIAN ISLAND OF MAYOTTE'],['COMORIAN ISLAND OF MAYOTTE'],[],all_match
6,278640,https://digitallibrary.un.org/record/278640,A/RES/38/17,['SELF-DETERMINATION OF PEOPLES'],['SELF-DETERMINATION OF PEOPLES'],[],all_match
7,278641,https://digitallibrary.un.org/record/278641,A/RES/38/19,,[],[],no_subjects
8,278642,https://digitallibrary.un.org/record/278642,A/RES/38/25,['SOCIAL CONDITIONS'],['SOCIAL CONDITIONS'],[],all_match
9,278643,https://digitallibrary.un.org/record/278643,A/RES/38/29,['AFGHANISTAN SITUATION'],['AFGHANISTAN SITUATION'],[],all_match
10,278644,https://digitallibrary.un.org/record/278644,A/RES/38/34,"['CULTURAL PROPERTY', 'RESTITUTION']","['CULTURAL PROPERTY', 'RESTITUTION']",[],all_match
11,278645,https://digitallibrary.un.org/record/278645,A/RES/38/35A,,[],[],no_subjects
12,278646,https://digitallibrary.un.org/record/278646,A/RES/38/35B,,[],[],no_subjects
13,278647,https://digitallibrary.un.org/record/278647,A/RES/38/36A,['NAMIBIA QUESTION'],['NAMIBIA QUESTION'],[],all_match
14,278648,https://digitallibrary.un.org/record/278648,A/RES/38/36B,['NAMIBIA QUESTION'],['NAMIBIA QUESTION'],[],all_match
15,278649,https://digitallibrary.un.org/record/278649,A/RES/38/36C,['NAMIBIA QUESTION'],['NAMIBIA QUESTION'],[],all_match
16,278651,https://digitallibrary.un.org/record/278651,A/RES/38/36D,['NAMIBIA QUESTION'],['NAMIBIA QUESTION'],[],all_match
17,278652,https://digitallibrary.un.org/record/278652,A/RES/38/36E,['NAMIBIA QUESTION'],['NAMIBIA QUESTION'],[],all_match
18,278653,https://digitallibrary.un.org/record/278653,A/RES/38/38,,[],[],no_subjects
19,278654,https://digitallibrary.un.org/record/278654,A/RES/38/39A,['APARTHEID'],['APARTHEID'],[],all_match
20,278655,https://digitallibrary.un.org/record/278655,A/RES/38/39B,['APARTHEID'],['APARTHEID'],[],all_match
21,278656,https://digitallibrary.un.org/record/278656,A/RES/38/39C,['APARTHEID'],['APARTHEID'],[],all_match
22,278657,https://digitallibrary.un.org/record/278657,A/RES/38/39D,['APARTHEID'],['APARTHEID'],[],all_match
23,278658,https://digitallibrary.un.org/record/278658,A/RES/38/39E,['APARTHEID'],['APARTHEID'],[],all_match
24,278659,https://digitallibrary.un.org/record/278659,A/RES/38/39F,['APARTHEID'],['APARTHEID'],[],all_match
25,278660,https://digitallibrary.un.org/record/278660,A/RES/38/39G,['APARTHEID'],['APARTHEID'],[],all_match
26,278661,https://digitallibrary.un.org/record/278661,A/RES/38/39I,['APARTHEID'],['APARTHEID'],[],all_match
27,278662,https://digitallibrary.un.org/record/278662,A/RES/38/39J,['APARTHEID'],['APARTHEID'],[],all_match
28,278663,https://digitallibrary.un.org/record/278663,A/RES/38/39K,['APARTHEID'],['APARTHEID'],[],all_match
29,278664,https://digitallibrary.un.org/record/278664,A/RES/38/49,"['NON-SELF-GOVERNING TERRITORIES', 'REPORTS']",['NON-SELF-GOVERNING TERRITORIES'],['REPORTS'],partial_match
30,278665,https://digitallibrary.un.org/record/278665,A/RES/38/50,"['DECOLONIZATION', 'FOREIGN INTERESTS']","['DECOLONIZATION', 'FOREIGN INTERESTS']",[],all_match
31,278666,https://digitallibrary.un.org/record/278666,A/RES/38/51,"['UN. ECONOMIC AND SOCIAL COUNCIL', 'REPORTS', 'DECOLONIZATION', 'INTERGOVERNMENTAL ORGANIZATIONS']","['DECOLONIZATION', 'INTERGOVERNMENTAL ORGANIZATIONS']","['UN. ECONOMIC AND SOCIAL COUNCIL', 'REPORTS']",partial_match
32,278667,https://digitallibrary.un.org/record/278667,A/RES/38/54,['DECOLONIZATION'],['DECOLONIZATION'],[],all_match
33,278668,https://digitallibrary.un.org/record/278668,A/RES/38/55,['DECOLONIZATION'],['DECOLONIZATION'],[],all_match
34,278669,https://digitallibrary.un.org/record/278669,A/RES/38/58A,['PALESTINE QUESTION'],['PALESTINE QUESTION'],[],all_match
35,278670,https://digitallibrary.un.org/record/278670,A/RES/38/58B,['PALESTINE QUESTION'],['PALESTINE QUESTION'],[],all_match
36,278671,https://digitallibrary.un.org/record/278671,A/RES/38/58C,['PALESTINE QUESTION'],['PALESTINE QUESTION'],[],all_match
37,278672,https://digitallibrary.un.org/record/278672,A/RES/38/58D,['PALESTINE QUESTION'],['PALESTINE QUESTION'],[],all_match
38,278673,https://digitallibrary.un.org/record/278673,A/RES/38/58E,['PALESTINE QUESTION'],['PALESTINE QUESTION'],[],all_match
39,278674,https://digitallibrary.un.org/record/278674,A/RES/38/59A,"['LAW OF THE SEA', 'CONVENTION (1982)']",['LAW OF THE SEA'],['CONVENTION (1982)'],partial_match
40,278675,https://digitallibrary.un.org/record/278675,A/RES/38/61,"['LATIN AMERICA AND THE CARIBBEAN', 'NUCLEAR-WEAPON-FREE ZONES']","['LATIN AMERICA AND THE CARIBBEAN', 'NUCLEAR-WEAPON-FREE ZONES']",[],all_match
41,278676,https://digitallibrary.un.org/record/278676,A/RES/38/62,"['NUCLEAR WEAPON TESTS', 'CESSATION']",['NUCLEAR WEAPON TESTS'],['CESSATION'],partial_match
42,278677,https://digitallibrary.un.org/record/278677,A/RES/38/63,"['NUCLEAR WEAPON TESTS', 'TREATIES']","['NUCLEAR WEAPON TESTS', 'TREATIES']",[],all_match
43,278678,https://digitallibrary.un.org/record/278678,A/RES/38/65,"['SOUTH ASIA', 'NUCLEAR-WEAPON-FREE ZONES']","['SOUTH ASIA', 'NUCLEAR-WEAPON-FREE ZONES']",[],all_match
44,278679,https://digitallibrary.un.org/record/278679,A/RES/38/67,"['NON-NUCLEAR-WEAPON STATES', 'SECURITY', 'STRENGTHENING', 'CONVENTION (DRAFT)']",['NON-NUCLEAR-WEAPON STATES'],"['SECURITY', 'STRENGTHENING', 'CONVENTION (DRAFT)']",partial_match
45,278680,https://digitallibrary.un.org/record/278680,A/RES/38/68,"['NON-NUCLEAR-WEAPON STATES', 'SECURITY', 'STRENGTHENING', 'INTERNATIONAL ARRANGEMENTS']",['NON-NUCLEAR-WEAPON STATES'],"['SECURITY', 'STRENGTHENING', 'INTERNATIONAL ARRANGEMENTS']",partial_match
46,278681,https://digitallibrary.un.org/record/278681,A/RES/38/69,"['ISRAEL', 'NUCLEAR WEAPONS']","['ISRAEL', 'NUCLEAR WEAPONS']",[],all_match
47,278682,https://digitallibrary.un.org/record/278682,A/RES/38/70,"['OUTER SPACE', 'ARMS RACE']","['OUTER SPACE', 'ARMS RACE']",[],all_match
48,278684,https://digitallibrary.un.org/record/278684,A/RES/38/71A,"['DISARMAMENT', 'DEVELOPMENT']","['DISARMAMENT', 'DEVELOPMENT']",[],all_match
49,278686,https://digitallibrary.un.org/record/278686,A/RES/38/72,"['NUCLEAR WEAPON TESTS', 'PROHIBITION']",['NUCLEAR WEAPON TESTS'],['PROHIBITION'],partial_match
50,278687,https://digitallibrary.un.org/record/278687,A/RES/38/73B,"['DISARMAMENT', 'RECOMMENDATIONS OF GENERAL ASSEMBLY (12TH SPEC. SESS.)', 'IMPLEMENTATION']",['DISARMAMENT'],"['RECOMMENDATIONS OF GENERAL ASSEMBLY (12TH SPEC. SESS.)', 'IMPLEMENTATION']",partial_match
51,278688,https://digitallibrary.un.org/record/278688,A/RES/38/73E,"['DISARMAMENT', 'RECOMMENDATIONS OF GENERAL ASSEMBLY (12TH SPEC. SESS.)', 'IMPLEMENTATION']",['DISARMAMENT'],"['RECOMMENDATIONS OF GENERAL ASSEMBLY (12TH SPEC. SESS.)', 'IMPLEMENTATION']",partial_match
52,278689,https://digitallibrary.un.org/record/278689,A/RES/38/73F,"['DISARMAMENT', 'RECOMMENDATIONS OF GENERAL ASSEMBLY (12TH SPEC. SESS.)', 'IMPLEMENTATION']",['DISARMAMENT'],"['RECOMMENDATIONS OF GENERAL ASSEMBLY (12TH SPEC. SESS.)', 'IMPLEMENTATION']",partial_match
53,278690,https://digitallibrary.un.org/record/278690,A/RES/38/73G,,[],[],no_subjects
54,278691,https://digitallibrary.un.org/record/278691,A/RES/38/73H,"['DISARMAMENT', 'RECOMMENDATIONS OF GENERAL ASSEMBLY (12TH SPEC. SESS.)', 'IMPLEMENTATION']",['DISARMAMENT'],"['RECOMMENDATIONS OF GENERAL ASSEMBLY (12TH SPEC. SESS.)', 'IMPLEMENTATION']",partial_match
55,278692,https://digitallibrary.un.org/record/278692,A/RES/38/74,"['REVIEW CONFERENCE OF THE PARTIES TO THE TREATY ON THE NON-PROLIFERATION OF NUCLEAR WEAPONS (3RD : 1985 : GENEVA)', 'PREPARATIONS']",[],"['REVIEW CONFERENCE OF THE PARTIES TO THE TREATY ON THE NON-PROLIFERATION OF NUCLEAR WEAPONS (3RD : 1985 : GENEVA)', 'PREPARATIONS']",no_match
56,278693,https://digitallibrary.un.org/record/278693,A/RES/38/75,"['NUCLEAR WAR', 'CONDEMNATION']",['NUCLEAR WAR'],['CONDEMNATION'],partial_match
57,278694,https://digitallibrary.un.org/record/278694,A/RES/38/76,['NUCLEAR WEAPON FREEZE'],[],['NUCLEAR WEAPON FREEZE'],no_match
58,278695,https://digitallibrary.un.org/record/278695,A/RES/38/79A,"['TERRITORIES OCCUPIED BY ISRAEL', 'HUMAN RIGHTS', 'REPORTS']","['TERRITORIES OCCUPIED BY ISRAEL', 'HUMAN RIGHTS']",['REPORTS'],partial_match
59,278696,https://digitallibrary.un.org/record/278696,A/RES/38/79B,"['TERRITORIES OCCUPIED BY ISRAEL', 'HUMAN RIGHTS', 'REPORTS']","['TERRITORIES OCCUPIED BY ISRAEL', 'HUMAN RIGHTS']",['REPORTS'],partial_match
60,278697,https://digitallibrary.un.org/record/278697,A/RES/38/79C,"['TERRITORIES OCCUPIED BY ISRAEL', 'HUMAN RIGHTS', 'REPORTS']","['TERRITORIES OCCUPIED BY ISRAEL', 'HUMAN RIGHTS']",['REPORTS'],partial_match
61,278698,https://digitallibrary.un.org/record/278698,A/RES/38/79D,"['TERRITORIES OCCUPIED BY ISRAEL', 'HUMAN RIGHTS', 'REPORTS']","['TERRITORIES OCCUPIED BY ISRAEL', 'HUMAN RIGHTS']",['REPORTS'],partial_match
62,278699,https://digitallibrary.un.org/record/278699,A/RES/38/79E,"['TERRITORIES OCCUPIED BY ISRAEL', 'HUMAN RIGHTS', 'REPORTS']","['TERRITORIES OCCUPIED BY ISRAEL', 'HUMAN RIGHTS']",['REPORTS'],partial_match
63,278700,https://digitallibrary.un.org/record/278700,A/RES/38/79F,"['TERRITORIES OCCUPIED BY ISRAEL', 'HUMAN RIGHTS', 'REPORTS']","['TERRITORIES OCCUPIED BY ISRAEL', 'HUMAN RIGHTS']",['REPORTS'],partial_match
64,278701,https://digitallibrary.un.org/record/278701,A/RES/38/79G,"['TERRITORIES OCCUPIED BY ISRAEL', 'HUMAN RIGHTS', 'REPORTS']","['TERRITORIES OCCUPIED BY ISRAEL', 'HUMAN RIGHTS']",['REPORTS'],partial_match
65,278702,https://digitallibrary.un.org/record/278702,A/RES/38/79H,"['TERRITORIES OCCUPIED BY ISRAEL', 'HUMAN RIGHTS', 'REPORTS']","['TERRITORIES OCCUPIED BY ISRAEL', 'HUMAN RIGHTS']",['REPORTS'],partial_match
66,278703,https://digitallibrary.un.org/record/278703,A/RES/38/80,"['OUTER SPACE', 'PEACEFUL USES']",['OUTER SPACE'],['PEACEFUL USES'],partial_match
67,278704,https://digitallibrary.un.org/record/278704,A/RES/38/81,"['PEACEKEEPING OPERATIONS', 'REVIEW']",['PEACEKEEPING OPERATIONS'],['REVIEW'],partial_match
68,278705,https://digitallibrary.un.org/record/278705,A/RES/38/82B,['PUBLIC INFORMATION'],['PUBLIC INFORMATION'],[],all_match
69,278706,https://digitallibrary.un.org/record/278706,A/RES/38/83A,"['PALESTINE REFUGEES', 'ASSISTANCE']",['PALESTINE REFUGEES'],['ASSISTANCE'],partial_match
70,278707,https://digitallibrary.un.org/record/278707,A/RES/38/83D,"['PALESTINE REFUGEES', 'ASSISTANCE']",['PALESTINE REFUGEES'],['ASSISTANCE'],partial_match
71,278708,https://digitallibrary.un.org/record/278708,A/RES/38/83E,"['PALESTINE REFUGEES', 'ASSISTANCE']",['PALESTINE REFUGEES'],['ASSISTANCE'],partial_match
72,278709,https://digitallibrary.un.org/record/278709,A/RES/38/83F,"['PALESTINE REFUGEES', 'ASSISTANCE']",['PALESTINE REFUGEES'],['ASSISTANCE'],partial_match
73,278710,https://digitallibrary.un.org/record/278710,A/RES/38/83G,"['PALESTINE REFUGEES', 'ASSISTANCE']",['PALESTINE REFUGEES'],['ASSISTANCE'],partial_match
74,278711,https://digitallibrary.un.org/record/278711,A/RES/38/83H,"['PALESTINE REFUGEES', 'ASSISTANCE']",['PALESTINE REFUGEES'],['ASSISTANCE'],partial_match
75,278712,https://digitallibrary.un.org/record/278712,A/RES/38/83I,"['PALESTINE REFUGEES', 'ASSISTANCE']",['PALESTINE REFUGEES'],['ASSISTANCE'],partial_match
76,278713,https://digitallibrary.un.org/record/278713,A/RES/38/83J,"['PALESTINE REFUGEES', 'ASSISTANCE']",['PALESTINE REFUGEES'],['ASSISTANCE'],partial_match
77,278714,https://digitallibrary.un.org/record/278714,A/RES/38/83K,"['PALESTINE REFUGEES', 'ASSISTANCE']",['PALESTINE REFUGEES'],['ASSISTANCE'],partial_match
78,278715,https://digitallibrary.un.org/record/278715,A/RES/38/85,"['TERRITORIES OCCUPIED BY ISRAEL', 'MEDITERRANEAN-DEAD SEA CANAL PROJECT']",['TERRITORIES OCCUPIED BY ISRAEL'],['MEDITERRANEAN-DEAD SEA CANAL PROJECT'],partial_match
79,278716,https://digitallibrary.un.org/record/278716,A/RES/38/100,"['UN. ECONOMIC AND SOCIAL COUNCIL', 'REPORTS']",[],"['UN. ECONOMIC AND SOCIAL COUNCIL', 'REPORTS']",no_match
80,278717,https://digitallibrary.un.org/record/278717,A/RES/38/101,"['UN. ECONOMIC AND SOCIAL COUNCIL', 'REPORTS']",[],"['UN. ECONOMIC AND SOCIAL COUNCIL', 'REPORTS']",no_match
81,278718,https://digitallibrary.un.org/record/278718,A/RES/38/102,"['UN. ECONOMIC AND SOCIAL COUNCIL', 'REPORTS']",[],"['UN. ECONOMIC AND SOCIAL COUNCIL', 'REPORTS']",no_match
82,278719,https://digitallibrary.un.org/record/278719,A/RES/38/107,"['WOMEN', 'INTERNATIONAL DECADES']","['WOMEN', 'INTERNATIONAL DECADES']",[],all_match
83,278720,https://digitallibrary.un.org/record/278720,A/RES/38/108,,[],[],no_subjects
84,278721,https://digitallibrary.un.org/record/278721,A/RES/38/112,"['SCIENCE AND TECHNOLOGY', 'HUMAN RIGHTS']","['SCIENCE AND TECHNOLOGY', 'HUMAN RIGHTS']",[],all_match
85,278722,https://digitallibrary.un.org/record/278722,A/RES/38/113,"['SCIENCE AND TECHNOLOGY', 'HUMAN RIGHTS']","['SCIENCE AND TECHNOLOGY', 'HUMAN RIGHTS']",[],all_match
86,278723,https://digitallibrary.un.org/record/278723,A/RES/38/124,"['HUMAN RIGHTS', 'ADVANCEMENT']",['HUMAN RIGHTS'],['ADVANCEMENT'],partial_match
87,278724,https://digitallibrary.un.org/record/278724,A/RES/38/128,"['NEW INTERNATIONAL ECONOMIC ORDER', 'LEGAL ASPECTS']",['LEGAL ASPECTS'],['NEW INTERNATIONAL ECONOMIC ORDER'],partial_match
88,278725,https://digitallibrary.un.org/record/278725,A/RES/38/132,"['PEACE AND SECURITY', 'CODE OF OFFENCES (DRAFT)']",[],"['PEACE AND SECURITY', 'CODE OF OFFENCES (DRAFT)']",no_match
89,278726,https://digitallibrary.un.org/record/278726,A/RES/38/133,"['FORCE IN INTERNATIONAL RELATIONS', 'REPORTS']",['FORCE IN INTERNATIONAL RELATIONS'],['REPORTS'],partial_match
90,278727,https://digitallibrary.un.org/record/278727,A/RES/38/144,"['UN. ECONOMIC AND SOCIAL COUNCIL', 'REPORTS']",[],"['UN. ECONOMIC AND SOCIAL COUNCIL', 'REPORTS']",no_match
91,278728,https://digitallibrary.un.org/record/278728,A/RES/38/145,"['UN. ECONOMIC AND SOCIAL COUNCIL', 'REPORTS']",[],"['UN. ECONOMIC AND SOCIAL COUNCIL', 'REPORTS']",no_match
92,278729,https://digitallibrary.un.org/record/278729,A/RES/38/150,"['UN. ECONOMIC AND SOCIAL COUNCIL', 'REPORTS']",[],"['UN. ECONOMIC AND SOCIAL COUNCIL', 'REPORTS']",no_match
93,278730,https://digitallibrary.un.org/record/278730,A/RES/38/154,,[],[],no_subjects
94,278731,https://digitallibrary.un.org/record/278731,A/RES/38/162,"['DESERTIFICATION', 'PLAN OF ACTION']",['DESERTIFICATION'],['PLAN OF ACTION'],partial_match
95,278732,https://digitallibrary.un.org/record/278732,A/RES/38/166,['HUMAN SETTLEMENTS'],['HUMAN SETTLEMENTS'],[],all_match
96,278733,https://digitallibrary.un.org/record/278733,A/RES/38/174,,[],[],no_subjects
97,278734,https://digitallibrary.un.org/record/278734,A/RES/38/177,"['UNITAR', 'ACTIVITIES']",['ACTIVITIES'],['UNITAR'],partial_match
98,278735,https://digitallibrary.un.org/record/278735,A/RES/38/180A,['MIDDLE EAST SITUATION'],['MIDDLE EAST SITUATION'],[],all_match
99,278736,https://digitallibrary.un.org/record/278736,A/RES/38/180B,['MIDDLE EAST SITUATION'],['MIDDLE EAST SITUATION'],[],all_match
100,278737,https://digitallibrary.un.org/record/278737,A/RES/38/180C,['MIDDLE EAST SITUATION'],['MIDDLE EAST SITUATION'],[],all_match
101,278738,https://digitallibrary.un.org/record/278738,A/RES/38/180D,['MIDDLE EAST SITUATION'],['MIDDLE EAST SITUATION'],[],all_match
102,278739,https://digitallibrary.un.org/record/278739,A/RES/38/180E,['MIDDLE EAST SITUATION'],['MIDDLE EAST SITUATION'],[],all_match
103,278741,https://digitallibrary.un.org/record/278741,A/RES/38/181A,"['AFRICA', 'NUCLEAR-WEAPON-FREE ZONES']","['AFRICA', 'NUCLEAR-WEAPON-FREE ZONES']",[],all_match
104,278742,https://digitallibrary.un.org/record/278742,A/RES/38/181B,"['AFRICA', 'NUCLEAR-WEAPON-FREE ZONES']","['AFRICA', 'NUCLEAR-WEAPON-FREE ZONES']",[],all_match
105,278743,https://digitallibrary.un.org/record/278743,A/RES/38/182,['WEAPONS OF MASS DESTRUCTION'],['WEAPONS OF MASS DESTRUCTION'],[],all_match
106,278744,https://digitallibrary.un.org/record/278744,A/RES/38/183A,"['DISARMAMENT', 'RECOMMENDATIONS OF GENERAL ASSEMBLY (10TH SPEC. SESS.)', 'IMPLEMENTATION']",['DISARMAMENT'],"['RECOMMENDATIONS OF GENERAL ASSEMBLY (10TH SPEC. SESS.)', 'IMPLEMENTATION']",partial_match
107,278746,https://digitallibrary.un.org/record/278746,A/RES/38/183B,"['DISARMAMENT', 'RECOMMENDATIONS OF GENERAL ASSEMBLY (10TH SPEC. SESS.)', 'IMPLEMENTATION']",['DISARMAMENT'],"['RECOMMENDATIONS OF GENERAL ASSEMBLY (10TH SPEC. SESS.)', 'IMPLEMENTATION']",partial_match
108,278747,https://digitallibrary.un.org/record/278747,A/RES/38/183C,"['DISARMAMENT', 'RECOMMENDATIONS OF GENERAL ASSEMBLY (10TH SPEC. SESS.)', 'IMPLEMENTATION']",['DISARMAMENT'],"['RECOMMENDATIONS OF GENERAL ASSEMBLY (10TH SPEC. SESS.)', 'IMPLEMENTATION']",partial_match
109,278748,https://digitallibrary.un.org/record/278748,A/RES/38/183D,"['DISARMAMENT', 'RECOMMENDATIONS OF GENERAL ASSEMBLY (10TH SPEC. SESS.)', 'IMPLEMENTATION']",['DISARMAMENT'],"['RECOMMENDATIONS OF GENERAL ASSEMBLY (10TH SPEC. SESS.)', 'IMPLEMENTATION']",partial_match
110,278749,https://digitallibrary.un.org/record/278749,A/RES/38/183F,"['DISARMAMENT', 'RECOMMENDATIONS OF GENERAL ASSEMBLY (10TH SPEC. SESS.)', 'IMPLEMENTATION']",['DISARMAMENT'],"['RECOMMENDATIONS OF GENERAL ASSEMBLY (10TH SPEC. SESS.)', 'IMPLEMENTATION']",partial_match
111,278750,https://digitallibrary.un.org/record/278750,A/RES/38/183G,"['DISARMAMENT', 'RECOMMENDATIONS OF GENERAL ASSEMBLY (10TH SPEC. SESS.)', 'IMPLEMENTATION']",['DISARMAMENT'],"['RECOMMENDATIONS OF GENERAL ASSEMBLY (10TH SPEC. SESS.)', 'IMPLEMENTATION']",partial_match
112,278751,https://digitallibrary.un.org/record/278751,A/RES/38/183H,"['DISARMAMENT', 'RECOMMENDATIONS OF GENERAL ASSEMBLY (10TH SPEC. SESS.)', 'IMPLEMENTATION']",['DISARMAMENT'],"['RECOMMENDATIONS OF GENERAL ASSEMBLY (10TH SPEC. SESS.)', 'IMPLEMENTATION']",partial_match
113,278752,https://digitallibrary.un.org/record/278752,A/RES/38/183I,"['DISARMAMENT', 'RECOMMENDATIONS OF GENERAL ASSEMBLY (10TH SPEC. SESS.)', 'IMPLEMENTATION']",['DISARMAMENT'],"['RECOMMENDATIONS OF GENERAL ASSEMBLY (10TH SPEC. SESS.)', 'IMPLEMENTATION']",partial_match
114,278753,https://digitallibrary.un.org/record/278753,A/RES/38/183J,"['DISARMAMENT', 'RECOMMENDATIONS OF GENERAL ASSEMBLY (10TH SPEC. SESS.)', 'IMPLEMENTATION']",['DISARMAMENT'],"['RECOMMENDATIONS OF GENERAL ASSEMBLY (10TH SPEC. SESS.)', 'IMPLEMENTATION']",partial_match
115,278754,https://digitallibrary.un.org/record/278754,A/RES/38/183L,"['DISARMAMENT', 'RECOMMENDATIONS OF GENERAL ASSEMBLY (10TH SPEC. SESS.)', 'IMPLEMENTATION']",['DISARMAMENT'],"['RECOMMENDATIONS OF GENERAL ASSEMBLY (10TH SPEC. SESS.)', 'IMPLEMENTATION']",partial_match
116,278755,https://digitallibrary.un.org/record/278755,A/RES/38/183M,"['DISARMAMENT', 'RECOMMENDATIONS OF GENERAL ASSEMBLY (10TH SPEC. SESS.)', 'IMPLEMENTATION']",['DISARMAMENT'],"['RECOMMENDATIONS OF GENERAL ASSEMBLY (10TH SPEC. SESS.)', 'IMPLEMENTATION']",partial_match
117,278757,https://digitallibrary.un.org/record/278757,A/RES/38/183N,"['DISARMAMENT', 'RECOMMENDATIONS OF GENERAL ASSEMBLY (10TH SPEC. SESS.)', 'IMPLEMENTATION']",['DISARMAMENT'],"['RECOMMENDATIONS OF GENERAL ASSEMBLY (10TH SPEC. SESS.)', 'IMPLEMENTATION']",partial_match
118,278758,https://digitallibrary.un.org/record/278758,A/RES/38/183P,"['DISARMAMENT', 'RECOMMENDATIONS OF GENERAL ASSEMBLY (10TH SPEC. SESS.)', 'IMPLEMENTATION']",['DISARMAMENT'],"['RECOMMENDATIONS OF GENERAL ASSEMBLY (10TH SPEC. SESS.)', 'IMPLEMENTATION']",partial_match
119,278759,https://digitallibrary.un.org/record/278759,A/RES/38/184B,"['MILITARY BUDGETS', 'REDUCTION']",['MILITARY BUDGETS'],['REDUCTION'],partial_match
120,278760,https://digitallibrary.un.org/record/278760,A/RES/38/187A,"['CHEMICAL WEAPONS', 'PROHIBITION']",['CHEMICAL WEAPONS'],['PROHIBITION'],partial_match
121,278761,https://digitallibrary.un.org/record/278761,A/RES/38/187C,"['CHEMICAL WEAPONS', 'PROHIBITION']",['CHEMICAL WEAPONS'],['PROHIBITION'],partial_match
122,278762,https://digitallibrary.un.org/record/278762,A/RES/38/188A,"['DISARMAMENT', 'GENERAL AND COMPLETE']",['DISARMAMENT'],['GENERAL AND COMPLETE'],partial_match
123,278763,https://digitallibrary.un.org/record/278763,A/RES/38/188C,"['DISARMAMENT', 'GENERAL AND COMPLETE']",['DISARMAMENT'],['GENERAL AND COMPLETE'],partial_match
124,278764,https://digitallibrary.un.org/record/278764,A/RES/38/188E,"['DISARMAMENT', 'GENERAL AND COMPLETE']",['DISARMAMENT'],['GENERAL AND COMPLETE'],partial_match
125,278765,https://digitallibrary.un.org/record/278765,A/RES/38/188F,"['DISARMAMENT', 'GENERAL AND COMPLETE']",['DISARMAMENT'],['GENERAL AND COMPLETE'],partial_match
126,278766,https://digitallibrary.un.org/record/278766,A/RES/38/188G,"['DISARMAMENT', 'GENERAL AND COMPLETE']",['DISARMAMENT'],['GENERAL AND COMPLETE'],partial_match
127,278767,https://digitallibrary.un.org/record/278767,A/RES/38/188H,"['DISARMAMENT', 'GENERAL AND COMPLETE']",['DISARMAMENT'],['GENERAL AND COMPLETE'],partial_match
128,278768,https://digitallibrary.un.org/record/278768,A/RES/38/188I,"['DISARMAMENT', 'GENERAL AND COMPLETE']",['DISARMAMENT'],['GENERAL AND COMPLETE'],partial_match
129,278769,https://digitallibrary.un.org/record/278769,A/RES/38/188J,"['DISARMAMENT', 'GENERAL AND COMPLETE']",['DISARMAMENT'],['GENERAL AND COMPLETE'],partial_match
130,278770,https://digitallibrary.un.org/record/278770,A/RES/38/190,"['INTERNATIONAL SECURITY', 'STRENGTHENING', 'DECLARATION (1970)', 'IMPLEMENTATION']",['INTERNATIONAL SECURITY'],"['STRENGTHENING', 'DECLARATION (1970)', 'IMPLEMENTATION']",partial_match
131,278771,https://digitallibrary.un.org/record/278771,A/RES/38/191,['COLLECTIVE SECURITY'],[],['COLLECTIVE SECURITY'],no_match
132,278772,https://digitallibrary.un.org/record/278772,A/RES/38/196,['ECONOMIC COOPERATION'],['ECONOMIC COOPERATION'],[],all_match
133,278773,https://digitallibrary.un.org/record/278773,A/RES/38/197,['ECONOMIC COOPERATION'],['ECONOMIC COOPERATION'],[],all_match
134,278774,https://digitallibrary.un.org/record/278774,A/RES/38/202,,[],[],no_subjects
135,278775,https://digitallibrary.un.org/record/278775,A/RES/38/226,"['UN', 'BUDGET (1982-1983)']",[],"['UN', 'BUDGET (1982-1983)']",no_match
136,278776,https://digitallibrary.un.org/record/278776,A/RES/38/228A,"['UN', 'FINANCIAL SITUATION']",[],"['UN', 'FINANCIAL SITUATION']",no_match
137,278777,https://digitallibrary.un.org/record/278777,A/RES/38/232,"['COORDINATION WITHIN UN SYSTEM', 'PERSONNEL QUESTIONS']",['COORDINATION WITHIN UN SYSTEM'],['PERSONNEL QUESTIONS'],partial_match
138,278779,https://digitallibrary.un.org/record/278779,A/RES/38/233,"['COORDINATION WITHIN UN SYSTEM', 'PENSIONS']","['COORDINATION WITHIN UN SYSTEM', 'PENSIONS']",[],all_match
139,278780,https://digitallibrary.un.org/record/278780,A/RES/38/234,"['UN', 'BUDGET (1984-1985)']",[],"['UN', 'BUDGET (1984-1985)']",no_match
140,278781,https://digitallibrary.un.org/record/278781,A/RES/38/235,"['UN', 'BUDGET (1984-1985)']",[],"['UN', 'BUDGET (1984-1985)']",no_match
141,278782,https://digitallibrary.un.org/record/278782,A/RES/38/236A,"['UN', 'BUDGET (1984-1985)']",[],"['UN', 'BUDGET (1984-1985)']",no_match
142,278783,https://digitallibrary.un.org/record/278783,A/RES/38/236C,"['UN', 'BUDGET (1984-1985)']",[],"['UN', 'BUDGET (1984-1985)']",no_match
143,278784,https://digitallibrary.un.org/record/278784,A/RES/38/237,"['UN', 'BUDGET (1984-1985)']",[],"['UN', 'BUDGET (1984-1985)']",no_match
144,278785,https://digitallibrary.un.org/record/278785,A/RES/38/238,"['UN', 'BUDGET (1984-1985)']",[],"['UN', 'BUDGET (1984-1985)']",no_match
145,278786,https://digitallibrary.un.org/record/278786,A/RES/38/239,"['UN', 'BUDGET (1984-1985)']",[],"['UN', 'BUDGET (1984-1985)']",no_match
146,278816,https://digitallibrary.un.org/record/278816,A/RES/39/2,['APARTHEID'],['APARTHEID'],[],all_match
147,278835,https://digitallibrary.un.org/record/278835,A/RES/39/5,['KAMPUCHEA SITUATION'],[],['KAMPUCHEA SITUATION'],no_match
148,278836,https://digitallibrary.un.org/record/278836,A/RES/39/6,['FALKLAND ISLANDS (MALVINAS) QUESTION'],['FALKLAND ISLANDS (MALVINAS) QUESTION'],[],all_match
149,278837,https://digitallibrary.un.org/record/278837,A/RES/40/243I,['CONFERENCE AND MEETING SERVICES'],['CONFERENCE AND MEETING SERVICES'],[],all_match
150,278838,https://digitallibrary.un.org/record/278838,A/RES/39/9,"['LEAGUE OF ARAB STATES', 'UN']",[],"['LEAGUE OF ARAB STATES', 'UN']",no_match
151,278839,https://digitallibrary.un.org/record/278839,A/RES/39/11,['RIGHT OF PEOPLES TO PEACE'],[],['RIGHT OF PEOPLES TO PEACE'],no_match
152,278840,https://digitallibrary.un.org/record/278840,A/RES/39/13,['AFGHANISTAN SITUATION'],['AFGHANISTAN SITUATION'],[],all_match
153,278841,https://digitallibrary.un.org/record/278841,A/RES/39/14,"['IRAQ', 'ISRAEL']","['IRAQ', 'ISRAEL']",[],all_match
154,278842,https://digitallibrary.un.org/record/278842,A/RES/39/15,"['SOUTH AFRICA', 'FOREIGN INTERESTS']","['SOUTH AFRICA', 'FOREIGN INTERESTS']",[],all_match
155,278843,https://digitallibrary.un.org/record/278843,A/RES/39/17,['SELF-DETERMINATION OF PEOPLES'],['SELF-DETERMINATION OF PEOPLES'],[],all_match
156,278844,https://digitallibrary.un.org/record/278844,A/RES/39/19,['RACIAL DISCRIMINATION'],['RACIAL DISCRIMINATION'],[],all_match
157,278847,https://digitallibrary.un.org/record/278847,A/RES/40/85,"['NON-NUCLEAR-WEAPON STATES', 'TREATIES (DRAFT)']",['NON-NUCLEAR-WEAPON STATES'],['TREATIES (DRAFT)'],partial_match
158,278848,https://digitallibrary.un.org/record/278848,A/RES/39/21,['RACIAL DISCRIMINATION'],['RACIAL DISCRIMINATION'],[],all_match
159,278851,https://digitallibrary.un.org/record/278851,A/RES/40/62,['COMORIAN ISLAND OF MAYOTTE'],['COMORIAN ISLAND OF MAYOTTE'],[],all_match
160,278852,https://digitallibrary.un.org/record/278852,A/RES/39/40,"['COLONIAL COUNTRIES', 'INDEPENDENCE', 'DECL. (1960)']","['COLONIAL COUNTRIES', 'INDEPENDENCE']",['DECL. (1960)'],partial_match
161,278853,https://digitallibrary.un.org/record/278853,A/RES/39/41,"['NON-SELF-GOVERNING TERRITORIES', 'REPORTS']",['NON-SELF-GOVERNING TERRITORIES'],['REPORTS'],partial_match
162,278854,https://digitallibrary.un.org/record/278854,A/RES/39/42,"['COLONIAL COUNTRIES', 'INDEPENDENCE', 'FOREIGN INTERESTS']","['COLONIAL COUNTRIES', 'INDEPENDENCE', 'FOREIGN INTERESTS']",[],all_match
163,278855,https://digitallibrary.un.org/record/278855,A/RES/39/43,"['COLONIAL COUNTRIES', 'INDEPENDENCE', 'UN ORGANIZATIONS', 'UN. ECONOMIC AND SOCIAL COUNCIL', 'REPORTS']","['COLONIAL COUNTRIES', 'INDEPENDENCE']","['UN ORGANIZATIONS', 'UN. ECONOMIC AND SOCIAL COUNCIL', 'REPORTS']",partial_match
164,278856,https://digitallibrary.un.org/record/278856,A/RES/39/48,['COMORIAN ISLAND OF MAYOTTE'],['COMORIAN ISLAND OF MAYOTTE'],[],all_match
165,278857,https://digitallibrary.un.org/record/278857,A/RES/39/49A,['PALESTINE QUESTION'],['PALESTINE QUESTION'],[],all_match
166,278858,https://digitallibrary.un.org/record/278858,A/RES/39/49B,['PALESTINE QUESTION'],['PALESTINE QUESTION'],[],all_match
167,278859,https://digitallibrary.un.org/record/278859,A/RES/39/49C,['PALESTINE QUESTION'],['PALESTINE QUESTION'],[],all_match
168,278860,https://digitallibrary.un.org/record/278860,A/RES/40/5,"['LEAGUE OF ARAB STATES', 'UN']",[],"['LEAGUE OF ARAB STATES', 'UN']",no_match
169,278862,https://digitallibrary.un.org/record/278862,A/RES/39/49D,['PALESTINE QUESTION'],['PALESTINE QUESTION'],[],all_match
170,278863,https://digitallibrary.un.org/record/278863,A/RES/39/50A,['NAMIBIA QUESTION'],['NAMIBIA QUESTION'],[],all_match
171,278864,https://digitallibrary.un.org/record/278864,A/RES/39/50B,['NAMIBIA QUESTION'],['NAMIBIA QUESTION'],[],all_match
172,278865,https://digitallibrary.un.org/record/278865,A/RES/39/50C,['NAMIBIA QUESTION'],['NAMIBIA QUESTION'],[],all_match
173,278866,https://digitallibrary.un.org/record/278866,A/RES/39/50D,['NAMIBIA QUESTION'],['NAMIBIA QUESTION'],[],all_match
174,278867,https://digitallibrary.un.org/record/278867,A/RES/39/50E,['NAMIBIA QUESTION'],['NAMIBIA QUESTION'],[],all_match
175,278868,https://digitallibrary.un.org/record/278868,A/RES/39/51,"['LATIN AMERICA AND THE CARIBBEAN', 'NUCLEAR-WEAPON-FREE ZONES']","['LATIN AMERICA AND THE CARIBBEAN', 'NUCLEAR-WEAPON-FREE ZONES']",[],all_match
176,278869,https://digitallibrary.un.org/record/278869,A/RES/39/52,['NUCLEAR WEAPON TESTS'],['NUCLEAR WEAPON TESTS'],[],all_match
177,278870,https://digitallibrary.un.org/record/278870,A/RES/39/53,"['NUCLEAR WEAPON TESTS', 'TREATIES']","['NUCLEAR WEAPON TESTS', 'TREATIES']",[],all_match
178,278871,https://digitallibrary.un.org/record/278871,A/RES/39/55,"['SOUTH ASIA', 'NUCLEAR-WEAPON-FREE ZONES']","['SOUTH ASIA', 'NUCLEAR-WEAPON-FREE ZONES']",[],all_match
179,278872,https://digitallibrary.un.org/record/278872,A/RES/39/57,"['NON-NUCLEAR-WEAPON STATES', 'CONVENTION (DRAFT)']",['NON-NUCLEAR-WEAPON STATES'],['CONVENTION (DRAFT)'],partial_match
180,278873,https://digitallibrary.un.org/record/278873,A/RES/39/58,"['NON-NUCLEAR-WEAPON STATES', 'INTERNATIONAL AGREEMENTS']",['NON-NUCLEAR-WEAPON STATES'],['INTERNATIONAL AGREEMENTS'],partial_match
181,278874,https://digitallibrary.un.org/record/278874,A/RES/39/59,"['OUTER SPACE', 'ARMS RACE']","['OUTER SPACE', 'ARMS RACE']",[],all_match
182,278875,https://digitallibrary.un.org/record/278875,A/RES/39/60,"['NUCLEAR WEAPON TESTS', 'CESSATION']",['NUCLEAR WEAPON TESTS'],['CESSATION'],partial_match
183,278876,https://digitallibrary.un.org/record/278876,A/RES/39/61A,,[],[],no_subjects
184,278877,https://digitallibrary.un.org/record/278877,A/RES/39/61B,,[],[],no_subjects
185,278878,https://digitallibrary.un.org/record/278878,A/RES/39/62,['WEAPONS OF MASS DESTRUCTION'],['WEAPONS OF MASS DESTRUCTION'],[],all_match
186,278879,https://digitallibrary.un.org/record/278879,A/RES/39/63A,"['DISARMAMENT', 'GENERAL ASSEMBLY (12TH SPEC. SESS., 1982)', 'RECOMMENDATIONS']","['DISARMAMENT', 'RECOMMENDATIONS']","['GENERAL ASSEMBLY (12TH SPEC. SESS., 1982)']",partial_match
187,278880,https://digitallibrary.un.org/record/278880,A/RES/39/63C,"['DISARMAMENT', 'GENERAL ASSEMBLY (12TH SPEC. SESS., 1982)', 'RECOMMENDATIONS']","['DISARMAMENT', 'RECOMMENDATIONS']","['GENERAL ASSEMBLY (12TH SPEC. SESS., 1982)']",partial_match
188,278881,https://digitallibrary.un.org/record/278881,A/RES/39/63D,"['DISARMAMENT', 'GENERAL ASSEMBLY (12TH SPEC. SESS., 1982)', 'RECOMMENDATIONS']","['DISARMAMENT', 'RECOMMENDATIONS']","['GENERAL ASSEMBLY (12TH SPEC. SESS., 1982)']",partial_match
189,278882,https://digitallibrary.un.org/record/278882,A/RES/39/63G,"['DISARMAMENT', 'GENERAL ASSEMBLY (12TH SPEC. SESS., 1982)', 'RECOMMENDATIONS']","['DISARMAMENT', 'RECOMMENDATIONS']","['GENERAL ASSEMBLY (12TH SPEC. SESS., 1982)']",partial_match
190,278883,https://digitallibrary.un.org/record/278883,A/RES/39/63H,"['DISARMAMENT', 'GENERAL ASSEMBLY (12TH SPEC. SESS., 1982)', 'RECOMMENDATIONS']","['DISARMAMENT', 'RECOMMENDATIONS']","['GENERAL ASSEMBLY (12TH SPEC. SESS., 1982)']",partial_match
191,278884,https://digitallibrary.un.org/record/278884,A/RES/39/63K,"['DISARMAMENT', 'GENERAL ASSEMBLY (12TH SPEC. SESS., 1982)', 'RECOMMENDATIONS']","['DISARMAMENT', 'RECOMMENDATIONS']","['GENERAL ASSEMBLY (12TH SPEC. SESS., 1982)']",partial_match
192,278885,https://digitallibrary.un.org/record/278885,A/RES/39/64B,"['MILITARY BUDGETS', 'REDUCTION']",['MILITARY BUDGETS'],['REDUCTION'],partial_match
193,278886,https://digitallibrary.un.org/record/278886,A/RES/39/65A,['CHEMICAL WEAPONS'],['CHEMICAL WEAPONS'],[],all_match
194,278887,https://digitallibrary.un.org/record/278887,A/RES/39/65B,['CHEMICAL WEAPONS'],['CHEMICAL WEAPONS'],[],all_match
195,278888,https://digitallibrary.un.org/record/278888,A/RES/39/65E,['CHEMICAL WEAPONS'],['CHEMICAL WEAPONS'],[],all_match
196,278889,https://digitallibrary.un.org/record/278889,A/RES/39/70,"['UNIFIL', 'FINANCING']",['FINANCING'],['UNIFIL'],partial_match
197,278891,https://digitallibrary.un.org/record/278891,A/RES/39/71,"['UNIFIL', 'FINANCING']",['FINANCING'],['UNIFIL'],partial_match
198,278892,https://digitallibrary.un.org/record/278892,A/RES/39/72A,['APARTHEID'],['APARTHEID'],[],all_match
199,278893,https://digitallibrary.un.org/record/278893,A/RES/39/72B,['APARTHEID'],['APARTHEID'],[],all_match
200,278894,https://digitallibrary.un.org/record/278894,A/RES/39/72C,['APARTHEID'],['APARTHEID'],[],all_match
201,278895,https://digitallibrary.un.org/record/278895,A/RES/39/72D,['APARTHEID'],['APARTHEID'],[],all_match
202,278896,https://digitallibrary.un.org/record/278896,A/RES/39/72E,['APARTHEID'],['APARTHEID'],[],all_match
203,278897,https://digitallibrary.un.org/record/278897,A/RES/39/72G,['APARTHEID'],['APARTHEID'],[],all_match
204,278898,https://digitallibrary.un.org/record/278898,A/RES/39/73,['LAW OF THE SEA'],['LAW OF THE SEA'],[],all_match
205,278899,https://digitallibrary.un.org/record/278899,A/RES/39/75,"['NEW INTERNATIONAL ECONOMIC ORDER', 'LEGAL ASPECTS']",['LEGAL ASPECTS'],['NEW INTERNATIONAL ECONOMIC ORDER'],partial_match
206,278900,https://digitallibrary.un.org/record/278900,A/RES/39/76,"['NATIONAL LIBERATION MOVEMENTS', 'OBSERVER STATUS']","['NATIONAL LIBERATION MOVEMENTS', 'OBSERVER STATUS']",[],all_match
207,278901,https://digitallibrary.un.org/record/278901,A/RES/39/80,"['PEACE AND SECURITY', 'CODE OF OFFENCES (DRAFT)']",[],"['PEACE AND SECURITY', 'CODE OF OFFENCES (DRAFT)']",no_match
208,278902,https://digitallibrary.un.org/record/278902,A/RES/39/81,"['FORCE IN INTERNATIONAL RELATIONS', 'REPORTS']",['FORCE IN INTERNATIONAL RELATIONS'],['REPORTS'],partial_match
209,278903,https://digitallibrary.un.org/record/278903,A/RES/39/90,"['MULTILATERAL TREATIES', 'DRAFTING PROCESS']",[],"['MULTILATERAL TREATIES', 'DRAFTING PROCESS']",no_match
210,278904,https://digitallibrary.un.org/record/278904,A/RES/39/91,"['COLONIAL COUNTRIES', 'INDEPENDENCE', 'DECL. (1960)']","['COLONIAL COUNTRIES', 'INDEPENDENCE']",['DECL. (1960)'],partial_match
211,278905,https://digitallibrary.un.org/record/278905,A/RES/39/92,"['COLONIAL COUNTRIES', 'INDEPENDENCE', 'DECL. (1960)']","['COLONIAL COUNTRIES', 'INDEPENDENCE']",['DECL. (1960)'],partial_match
212,278906,https://digitallibrary.un.org/record/278906,A/RES/39/93,"['COLONIAL COUNTRIES', 'INDEPENDENCE', 'DECL. (1960)']","['COLONIAL COUNTRIES', 'INDEPENDENCE']",['DECL. (1960)'],partial_match
213,278907,https://digitallibrary.un.org/record/278907,A/RES/39/95A,"['TERRITORIES OCCUPIED BY ISRAEL', 'HUMAN RIGHTS', 'REPORTS']","['TERRITORIES OCCUPIED BY ISRAEL', 'HUMAN RIGHTS']",['REPORTS'],partial_match
214,278908,https://digitallibrary.un.org/record/278908,A/RES/39/95B,"['TERRITORIES OCCUPIED BY ISRAEL', 'HUMAN RIGHTS', 'REPORTS']","['TERRITORIES OCCUPIED BY ISRAEL', 'HUMAN RIGHTS']",['REPORTS'],partial_match
215,278909,https://digitallibrary.un.org/record/278909,A/RES/39/95C,"['TERRITORIES OCCUPIED BY ISRAEL', 'HUMAN RIGHTS', 'REPORTS']","['TERRITORIES OCCUPIED BY ISRAEL', 'HUMAN RIGHTS']",['REPORTS'],partial_match
216,278910,https://digitallibrary.un.org/record/278910,A/RES/39/95D,"['TERRITORIES OCCUPIED BY ISRAEL', 'HUMAN RIGHTS', 'REPORTS']","['TERRITORIES OCCUPIED BY ISRAEL', 'HUMAN RIGHTS']",['REPORTS'],partial_match
217,278911,https://digitallibrary.un.org/record/278911,A/RES/39/95E,"['TERRITORIES OCCUPIED BY ISRAEL', 'HUMAN RIGHTS', 'REPORTS']","['TERRITORIES OCCUPIED BY ISRAEL', 'HUMAN RIGHTS']",['REPORTS'],partial_match
218,278912,https://digitallibrary.un.org/record/278912,A/RES/39/95F,"['TERRITORIES OCCUPIED BY ISRAEL', 'HUMAN RIGHTS', 'REPORTS']","['TERRITORIES OCCUPIED BY ISRAEL', 'HUMAN RIGHTS']",['REPORTS'],partial_match
219,278913,https://digitallibrary.un.org/record/278913,A/RES/39/95G,"['TERRITORIES OCCUPIED BY ISRAEL', 'HUMAN RIGHTS', 'REPORTS']","['TERRITORIES OCCUPIED BY ISRAEL', 'HUMAN RIGHTS']",['REPORTS'],partial_match
220,278915,https://digitallibrary.un.org/record/278915,A/RES/39/95H,"['TERRITORIES OCCUPIED BY ISRAEL', 'HUMAN RIGHTS', 'REPORTS']","['TERRITORIES OCCUPIED BY ISRAEL', 'HUMAN RIGHTS']",['REPORTS'],partial_match
221,278916,https://digitallibrary.un.org/record/278916,A/RES/39/98A,['PUBLIC INFORMATION'],['PUBLIC INFORMATION'],[],all_match
222,278917,https://digitallibrary.un.org/record/278917,A/RES/39/98B,['PUBLIC INFORMATION'],['PUBLIC INFORMATION'],[],all_match
223,278918,https://digitallibrary.un.org/record/278918,A/RES/39/99A,['PALESTINE REFUGEES'],['PALESTINE REFUGEES'],[],all_match
224,278919,https://digitallibrary.un.org/record/278919,A/RES/39/99D,['PALESTINE REFUGEES'],['PALESTINE REFUGEES'],[],all_match
225,278920,https://digitallibrary.un.org/record/278920,A/RES/39/99E,['PALESTINE REFUGEES'],['PALESTINE REFUGEES'],[],all_match
226,278921,https://digitallibrary.un.org/record/278921,A/RES/39/99F,['PALESTINE REFUGEES'],['PALESTINE REFUGEES'],[],all_match
227,278922,https://digitallibrary.un.org/record/278922,A/RES/39/99G,['PALESTINE REFUGEES'],['PALESTINE REFUGEES'],[],all_match
228,278923,https://digitallibrary.un.org/record/278923,A/RES/39/99H,['PALESTINE REFUGEES'],['PALESTINE REFUGEES'],[],all_match
229,278924,https://digitallibrary.un.org/record/278924,A/RES/39/99I,['PALESTINE REFUGEES'],['PALESTINE REFUGEES'],[],all_match
230,278925,https://digitallibrary.un.org/record/278925,A/RES/39/99J,['PALESTINE REFUGEES'],['PALESTINE REFUGEES'],[],all_match
231,278926,https://digitallibrary.un.org/record/278926,A/RES/39/99K,['PALESTINE REFUGEES'],['PALESTINE REFUGEES'],[],all_match
232,278927,https://digitallibrary.un.org/record/278927,A/RES/39/101,"['TERRITORIES OCCUPIED BY ISRAEL', 'MEDITERRANEAN-DEAD SEA CANAL PROJECT']",['TERRITORIES OCCUPIED BY ISRAEL'],['MEDITERRANEAN-DEAD SEA CANAL PROJECT'],partial_match
233,278928,https://digitallibrary.un.org/record/278928,A/RES/39/119,"['UN. ECONOMIC AND SOCIAL COUNCIL', 'REPORTS']",[],"['UN. ECONOMIC AND SOCIAL COUNCIL', 'REPORTS']",no_match
234,278929,https://digitallibrary.un.org/record/278929,A/RES/39/120,"['UN. ECONOMIC AND SOCIAL COUNCIL', 'REPORTS']",[],"['UN. ECONOMIC AND SOCIAL COUNCIL', 'REPORTS']",no_match
235,278930,https://digitallibrary.un.org/record/278930,A/RES/39/121,"['UN. ECONOMIC AND SOCIAL COUNCIL', 'REPORTS']",[],"['UN. ECONOMIC AND SOCIAL COUNCIL', 'REPORTS']",no_match
236,278931,https://digitallibrary.un.org/record/278931,A/RES/39/127,,[],[],no_subjects
237,278932,https://digitallibrary.un.org/record/278932,A/RES/39/130,"['WOMEN', 'DISCRIMINATION']","['WOMEN', 'DISCRIMINATION']",[],all_match
238,278933,https://digitallibrary.un.org/record/278933,A/RES/39/133,"['SCIENCE AND TECHNOLOGY', 'HUMAN RIGHTS']","['SCIENCE AND TECHNOLOGY', 'HUMAN RIGHTS']",[],all_match
239,278934,https://digitallibrary.un.org/record/278934,A/RES/39/134,"['SCIENCE AND TECHNOLOGY', 'HUMAN RIGHTS']","['SCIENCE AND TECHNOLOGY', 'HUMAN RIGHTS']",[],all_match
240,278935,https://digitallibrary.un.org/record/278935,A/RES/39/137,"['HUMAN RIGHTS', 'COVENANTS (1966)']",['HUMAN RIGHTS'],['COVENANTS (1966)'],partial_match
241,278937,https://digitallibrary.un.org/record/278937,A/RES/39/145,"['HUMAN RIGHTS', 'ADVANCEMENT']",['HUMAN RIGHTS'],['ADVANCEMENT'],partial_match
242,278939,https://digitallibrary.un.org/record/278939,A/RES/39/146,['MIDDLE EAST SITUATION'],['MIDDLE EAST SITUATION'],[],all_match
243,278941,https://digitallibrary.un.org/record/278941,A/RES/39/146B,['MIDDLE EAST SITUATION'],['MIDDLE EAST SITUATION'],[],all_match
244,278942,https://digitallibrary.un.org/record/278942,A/RES/39/146C,['MIDDLE EAST SITUATION'],['MIDDLE EAST SITUATION'],[],all_match
245,278943,https://digitallibrary.un.org/record/278943,A/RES/39/147,"['ISRAEL', 'NUCLEAR WEAPONS']","['ISRAEL', 'NUCLEAR WEAPONS']",[],all_match
246,278944,https://digitallibrary.un.org/record/278944,A/RES/39/148[A],"['DISARMAMENT', 'GENERAL ASSEMBLY (10TH SPEC. SESS., 1978)', 'RECOMMENDATIONS']","['DISARMAMENT', 'RECOMMENDATIONS']","['GENERAL ASSEMBLY (10TH SPEC. SESS., 1978)']",partial_match
247,278945,https://digitallibrary.un.org/record/278945,A/RES/39/148[B],"['DISARMAMENT', 'GENERAL ASSEMBLY (10TH SPEC. SESS., 1978)', 'RECOMMENDATIONS']","['DISARMAMENT', 'RECOMMENDATIONS']","['GENERAL ASSEMBLY (10TH SPEC. SESS., 1978)']",partial_match
248,278946,https://digitallibrary.un.org/record/278946,A/RES/39/148[C],"['DISARMAMENT', 'GENERAL ASSEMBLY (10TH SPEC. SESS., 1978)', 'RECOMMENDATIONS']","['DISARMAMENT', 'RECOMMENDATIONS']","['GENERAL ASSEMBLY (10TH SPEC. SESS., 1978)']",partial_match
249,278947,https://digitallibrary.un.org/record/278947,A/RES/39/148[D],"['DISARMAMENT', 'GENERAL ASSEMBLY (10TH SPEC. SESS., 1978)', 'RECOMMENDATIONS']","['DISARMAMENT', 'RECOMMENDATIONS']","['GENERAL ASSEMBLY (10TH SPEC. SESS., 1978)']",partial_match
250,278948,https://digitallibrary.un.org/record/278948,A/RES/39/148[E],"['DISARMAMENT', 'GENERAL ASSEMBLY (10TH SPEC. SESS., 1978)', 'RECOMMENDATIONS']","['DISARMAMENT', 'RECOMMENDATIONS']","['GENERAL ASSEMBLY (10TH SPEC. SESS., 1978)']",partial_match
251,278949,https://digitallibrary.un.org/record/278949,A/RES/39/148[F],"['DISARMAMENT', 'GENERAL ASSEMBLY (10TH SPEC. SESS., 1978)', 'RECOMMENDATIONS']","['DISARMAMENT', 'RECOMMENDATIONS']","['GENERAL ASSEMBLY (10TH SPEC. SESS., 1978)']",partial_match
252,278950,https://digitallibrary.un.org/record/278950,A/RES/39/148[G],"['DISARMAMENT', 'GENERAL ASSEMBLY (10TH SPEC. SESS., 1978)', 'RECOMMENDATIONS']","['DISARMAMENT', 'RECOMMENDATIONS']","['GENERAL ASSEMBLY (10TH SPEC. SESS., 1978)']",partial_match
253,278951,https://digitallibrary.un.org/record/278951,A/RES/39/148[H],"['DISARMAMENT', 'GENERAL ASSEMBLY (10TH SPEC. SESS., 1978)', 'RECOMMENDATIONS']","['DISARMAMENT', 'RECOMMENDATIONS']","['GENERAL ASSEMBLY (10TH SPEC. SESS., 1978)']",partial_match
254,278952,https://digitallibrary.un.org/record/278952,A/RES/39/148[J],"['DISARMAMENT', 'GENERAL ASSEMBLY (10TH SPEC. SESS., 1978)', 'RECOMMENDATIONS']","['DISARMAMENT', 'RECOMMENDATIONS']","['GENERAL ASSEMBLY (10TH SPEC. SESS., 1978)']",partial_match
255,278953,https://digitallibrary.un.org/record/278953,A/RES/39/148[K],"['DISARMAMENT', 'GENERAL ASSEMBLY (10TH SPEC. SESS., 1978)', 'RECOMMENDATIONS']","['DISARMAMENT', 'RECOMMENDATIONS']","['GENERAL ASSEMBLY (10TH SPEC. SESS., 1978)']",partial_match
256,278954,https://digitallibrary.un.org/record/278954,A/RES/39/148L,"['DISARMAMENT', 'GENERAL ASSEMBLY (10TH SPEC. SESS., 1978)', 'RECOMMENDATIONS']","['DISARMAMENT', 'RECOMMENDATIONS']","['GENERAL ASSEMBLY (10TH SPEC. SESS., 1978)']",partial_match
257,278955,https://digitallibrary.un.org/record/278955,A/RES/39/148[M],"['DISARMAMENT', 'GENERAL ASSEMBLY (10TH SPEC. SESS., 1978)', 'RECOMMENDATIONS']","['DISARMAMENT', 'RECOMMENDATIONS']","['GENERAL ASSEMBLY (10TH SPEC. SESS., 1978)']",partial_match
258,278956,https://digitallibrary.un.org/record/278956,A/RES/39/148[N],"['DISARMAMENT', 'GENERAL ASSEMBLY (10TH SPEC. SESS., 1978)', 'RECOMMENDATIONS']","['DISARMAMENT', 'RECOMMENDATIONS']","['GENERAL ASSEMBLY (10TH SPEC. SESS., 1978)']",partial_match
259,278957,https://digitallibrary.un.org/record/278957,A/RES/39/148[O],"['DISARMAMENT', 'GENERAL ASSEMBLY (10TH SPEC. SESS., 1978)', 'RECOMMENDATIONS']","['DISARMAMENT', 'RECOMMENDATIONS']","['GENERAL ASSEMBLY (10TH SPEC. SESS., 1978)']",partial_match
260,278958,https://digitallibrary.un.org/record/278958,A/RES/39/148[P],"['DISARMAMENT', 'GENERAL ASSEMBLY (10TH SPEC. SESS., 1978)', 'RECOMMENDATIONS']","['DISARMAMENT', 'RECOMMENDATIONS']","['GENERAL ASSEMBLY (10TH SPEC. SESS., 1978)']",partial_match
261,278959,https://digitallibrary.un.org/record/278959,A/RES/39/151[A],"['DISARMAMENT', 'GENERAL AND COMPLETE']",['DISARMAMENT'],['GENERAL AND COMPLETE'],partial_match
262,278960,https://digitallibrary.un.org/record/278960,A/RES/39/151[B],"['DISARMAMENT', 'GENERAL AND COMPLETE']",['DISARMAMENT'],['GENERAL AND COMPLETE'],partial_match
263,278961,https://digitallibrary.un.org/record/278961,A/RES/39/151[D],"['DISARMAMENT', 'GENERAL AND COMPLETE']",['DISARMAMENT'],['GENERAL AND COMPLETE'],partial_match
264,278962,https://digitallibrary.un.org/record/278962,A/RES/39/151[E],"['DISARMAMENT', 'GENERAL AND COMPLETE']",['DISARMAMENT'],['GENERAL AND COMPLETE'],partial_match
265,278963,https://digitallibrary.un.org/record/278963,A/RES/39/151[F],"['DISARMAMENT', 'GENERAL AND COMPLETE']",['DISARMAMENT'],['GENERAL AND COMPLETE'],partial_match
266,278964,https://digitallibrary.un.org/record/278964,A/RES/39/151[H],"['DISARMAMENT', 'GENERAL AND COMPLETE']",['DISARMAMENT'],['GENERAL AND COMPLETE'],partial_match
267,278965,https://digitallibrary.un.org/record/278965,A/RES/39/151[I],"['DISARMAMENT', 'GENERAL AND COMPLETE']",['DISARMAMENT'],['GENERAL AND COMPLETE'],partial_match
268,278966,https://digitallibrary.un.org/record/278966,A/RES/39/155,"['INTERNATIONAL SECURITY', 'DECLARATION (1970)']",['INTERNATIONAL SECURITY'],['DECLARATION (1970)'],partial_match
269,278967,https://digitallibrary.un.org/record/278967,A/RES/39/157,"['INTERNATIONAL SECURITY', 'DECLARATION (1970)']",['INTERNATIONAL SECURITY'],['DECLARATION (1970)'],partial_match
270,278968,https://digitallibrary.un.org/record/278968,A/RES/39/158,['COLLECTIVE SECURITY'],[],['COLLECTIVE SECURITY'],no_match
271,278969,https://digitallibrary.un.org/record/278969,A/RES/39/159,['POLICY OF STATE TERRORISM'],[],['POLICY OF STATE TERRORISM'],no_match
272,278970,https://digitallibrary.un.org/record/278970,A/RES/39/161B,"['UN', 'ANNIVERSARIES (40TH)']",[],"['UN', 'ANNIVERSARIES (40TH)']",no_match
273,278971,https://digitallibrary.un.org/record/278971,A/RES/39/163,"['ECONOMIC RIGHTS AND DUTIES OF STATES', 'CHARTER']",['ECONOMIC RIGHTS AND DUTIES OF STATES'],['CHARTER'],partial_match
274,278972,https://digitallibrary.un.org/record/278972,A/RES/39/167,['ENVIRONMENT'],['ENVIRONMENT'],[],all_match
275,278973,https://digitallibrary.un.org/record/278973,A/RES/39/169,['HUMAN SETTLEMENTS'],['HUMAN SETTLEMENTS'],[],all_match
276,278974,https://digitallibrary.un.org/record/278974,A/RES/39/177,,[],[],no_subjects
277,278975,https://digitallibrary.un.org/record/278975,A/RES/39/210,['INTERNATIONAL TRADE'],['INTERNATIONAL TRADE'],[],all_match
278,278976,https://digitallibrary.un.org/record/278976,A/RES/39/211,['INTERNATIONAL TRADE'],['INTERNATIONAL TRADE'],[],all_match
279,278977,https://digitallibrary.un.org/record/278977,A/RES/39/218,"['DEVELOPMENT', 'INTERNATIONAL ECONOMIC COOPERATION']",['DEVELOPMENT'],['INTERNATIONAL ECONOMIC COOPERATION'],partial_match
280,278978,https://digitallibrary.un.org/record/278978,A/RES/39/221,,[],[],no_subjects
281,278979,https://digitallibrary.un.org/record/278979,A/RES/39/223,"['UN. ECONOMIC AND SOCIAL COUNCIL', 'REPORTS']",[],"['UN. ECONOMIC AND SOCIAL COUNCIL', 'REPORTS']",no_match
282,278980,https://digitallibrary.un.org/record/278980,A/RES/39/224,"['UN. ECONOMIC AND SOCIAL COUNCIL', 'REPORTS']",[],"['UN. ECONOMIC AND SOCIAL COUNCIL', 'REPORTS']",no_match
283,278981,https://digitallibrary.un.org/record/278981,A/RES/39/226,"['UN. ECONOMIC AND SOCIAL COUNCIL', 'REPORTS']",[],"['UN. ECONOMIC AND SOCIAL COUNCIL', 'REPORTS']",no_match
284,278982,https://digitallibrary.un.org/record/278982,A/RES/39/229,"['UN. ECONOMIC AND SOCIAL COUNCIL', 'REPORTS']",[],"['UN. ECONOMIC AND SOCIAL COUNCIL', 'REPORTS']",no_match
285,278983,https://digitallibrary.un.org/record/278983,A/RES/39/230,"['UN. ECONOMIC AND SOCIAL COUNCIL', 'REPORTS']",[],"['UN. ECONOMIC AND SOCIAL COUNCIL', 'REPORTS']",no_match
286,278984,https://digitallibrary.un.org/record/278984,A/RES/39/232,['INDUSTRIAL DEVELOPMENT'],['INDUSTRIAL DEVELOPMENT'],[],all_match
287,278985,https://digitallibrary.un.org/record/278985,A/RES/39/233,['INDUSTRIAL DEVELOPMENT'],['INDUSTRIAL DEVELOPMENT'],[],all_match
288,278986,https://digitallibrary.un.org/record/278986,A/RES/39/236[SectionII],"['UN', 'BUDGET (1984-1985)']",[],"['UN', 'BUDGET (1984-1985)']",no_match
289,278987,https://digitallibrary.un.org/record/278987,A/RES/39/236[SectionIII],"['UN', 'BUDGET (1984-1985)']",[],"['UN', 'BUDGET (1984-1985)']",no_match
290,278988,https://digitallibrary.un.org/record/278988,A/RES/39/236[SectionXI],"['UN', 'BUDGET (1984-1985)']",[],"['UN', 'BUDGET (1984-1985)']",no_match
291,278990,https://digitallibrary.un.org/record/278990,A/RES/39/236[SectionXIV],"['UN', 'BUDGET (1984-1985)']",[],"['UN', 'BUDGET (1984-1985)']",no_match
292,278991,https://digitallibrary.un.org/record/278991,A/RES/39/237A,"['UN', 'BUDGET (1984-1985)']",[],"['UN', 'BUDGET (1984-1985)']",no_match
293,278992,https://digitallibrary.un.org/record/278992,A/RES/39/237B,"['UN', 'BUDGET (1984-1985)']",[],"['UN', 'BUDGET (1984-1985)']",no_match
294,278993,https://digitallibrary.un.org/record/278993,A/RES/39/237C,"['UN', 'BUDGET (1984-1985)']",[],"['UN', 'BUDGET (1984-1985)']",no_match
295,278994,https://digitallibrary.un.org/record/278994,A/RES/39/240,,[],[],no_subjects
296,278995,https://digitallibrary.un.org/record/278995,A/RES/39/243,"['UN. SECRETARIAT', 'PERSONNEL QUESTIONS']",[],"['UN. SECRETARIAT', 'PERSONNEL QUESTIONS']",no_match
297,279735,https://digitallibrary.un.org/record/279735,A/RES/40/6,"['IRAQ', 'ISRAEL']","['IRAQ', 'ISRAEL']",[],all_match
298,279736,https://digitallibrary.un.org/record/279736,A/RES/40/7,['KAMPUCHEA SITUATION'],[],['KAMPUCHEA SITUATION'],no_match
299,279737,https://digitallibrary.un.org/record/279737,A/RES/40/11,"['PEACE', 'INTERNATIONAL YEARS (1986)']",['PEACE'],['INTERNATIONAL YEARS (1986)'],partial_match
300,279738,https://digitallibrary.un.org/record/279738,A/RES/40/12,['AFGHANISTAN SITUATION'],['AFGHANISTAN SITUATION'],[],all_match
301,279739,https://digitallibrary.un.org/record/279739,A/RES/40/18,"['DISARMAMENT', 'UN. GENERAL ASSEMBLY (10TH SPECIAL SESS. : 1978)', 'RECOMMENDATIONS']","['DISARMAMENT', 'RECOMMENDATIONS']",['UN. GENERAL ASSEMBLY (10TH SPECIAL SESS. : 1978)'],partial_match
302,279740,https://digitallibrary.un.org/record/279740,A/RES/40/19,['CULTURAL PROPERTY RESTITUTION'],['CULTURAL PROPERTY RESTITUTION'],[],all_match
303,279741,https://digitallibrary.un.org/record/279741,A/RES/40/21,['FALKLAND ISLANDS (MALVINAS) QUESTION'],['FALKLAND ISLANDS (MALVINAS) QUESTION'],[],all_match
304,279742,https://digitallibrary.un.org/record/279742,A/RES/40/23,['SOCIAL DEVELOPMENT'],['SOCIAL DEVELOPMENT'],[],all_match
305,279743,https://digitallibrary.un.org/record/279743,A/RES/40/25,['SELF-DETERMINATION OF PEOPLES'],['SELF-DETERMINATION OF PEOPLES'],[],all_match
306,279744,https://digitallibrary.un.org/record/279744,A/RES/40/27,,[],[],no_subjects
307,279745,https://digitallibrary.un.org/record/279745,A/RES/40/28,,[],[],no_subjects
308,279746,https://digitallibrary.un.org/record/279746,A/RES/40/50,['DECOLONIZATION'],['DECOLONIZATION'],[],all_match
309,279747,https://digitallibrary.un.org/record/279747,A/RES/40/51,"['NON-SELF-GOVERNING TERRITORIES', 'REPORTS']",['NON-SELF-GOVERNING TERRITORIES'],['REPORTS'],partial_match
310,279748,https://digitallibrary.un.org/record/279748,A/RES/40/52,"['DECOLONIZATION', 'FOREIGN INTERESTS']","['DECOLONIZATION', 'FOREIGN INTERESTS']",[],all_match
311,279749,https://digitallibrary.un.org/record/279749,A/RES/40/53,"['DECOLONIZATION', 'UN SYSTEM', 'UN. ECONOMIC AND SOCIAL COUNCIL', 'REPORTS']",['DECOLONIZATION'],"['UN SYSTEM', 'UN. ECONOMIC AND SOCIAL COUNCIL', 'REPORTS']",partial_match
312,279750,https://digitallibrary.un.org/record/279750,A/RES/40/56,['DECOLONIZATION'],['DECOLONIZATION'],[],all_match
313,279751,https://digitallibrary.un.org/record/279751,A/RES/40/57,['DECOLONIZATION'],['DECOLONIZATION'],[],all_match
314,279752,https://digitallibrary.un.org/record/279752,A/RES/40/58,['DECOLONIZATION'],['DECOLONIZATION'],[],all_match
315,279753,https://digitallibrary.un.org/record/279753,A/RES/40/59A,"['UN DISENGAGEMENT OBSERVER FORCE', 'FINANCING']",['FINANCING'],['UN DISENGAGEMENT OBSERVER FORCE'],partial_match
316,279754,https://digitallibrary.un.org/record/279754,A/RES/40/59B,"['UN DISENGAGEMENT OBSERVER FORCE', 'FINANCING']",['FINANCING'],['UN DISENGAGEMENT OBSERVER FORCE'],partial_match
317,279786,https://digitallibrary.un.org/record/279786,A/RES/40/63,['LAW OF THE SEA'],['LAW OF THE SEA'],[],all_match
318,279787,https://digitallibrary.un.org/record/279787,A/RES/40/64A,['APARTHEID'],['APARTHEID'],[],all_match
319,279788,https://digitallibrary.un.org/record/279788,A/RES/40/64B,['APARTHEID'],['APARTHEID'],[],all_match
320,279789,https://digitallibrary.un.org/record/279789,A/RES/40/64C,['APARTHEID'],['APARTHEID'],[],all_match
321,279790,https://digitallibrary.un.org/record/279790,A/RES/40/64D,['APARTHEID'],['APARTHEID'],[],all_match
322,279791,https://digitallibrary.un.org/record/279791,A/RES/40/64E,['APARTHEID'],['APARTHEID'],[],all_match
323,279792,https://digitallibrary.un.org/record/279792,A/RES/40/64F,['APARTHEID'],['APARTHEID'],[],all_match
324,279793,https://digitallibrary.un.org/record/279793,A/RES/40/64G,['APARTHEID'],['APARTHEID'],[],all_match
325,279794,https://digitallibrary.un.org/record/279794,A/RES/40/64I,['APARTHEID'],['APARTHEID'],[],all_match
326,279795,https://digitallibrary.un.org/record/279795,A/RES/40/67,"['NEW INTERNATIONAL ECONOMIC ORDER', 'LEGAL ASPECTS']",['LEGAL ASPECTS'],['NEW INTERNATIONAL ECONOMIC ORDER'],partial_match
327,279796,https://digitallibrary.un.org/record/279796,A/RES/40/69,"['INTERNATIONAL SECURITY', 'CODES OF OFFENCES (DRAFT)']",['INTERNATIONAL SECURITY'],['CODES OF OFFENCES (DRAFT)'],partial_match
328,279797,https://digitallibrary.un.org/record/279797,A/RES/40/70,"['FORCE IN INTERNATIONAL RELATIONS', 'REPORTS']",['FORCE IN INTERNATIONAL RELATIONS'],['REPORTS'],partial_match
329,279798,https://digitallibrary.un.org/record/279798,A/RES/40/79,"['LATIN AMERICA AND THE CARIBBEAN', 'NUCLEAR-WEAPON-FREE ZONES']","['LATIN AMERICA AND THE CARIBBEAN', 'NUCLEAR-WEAPON-FREE ZONES']",[],all_match
330,279799,https://digitallibrary.un.org/record/279799,A/RES/40/80A,['NUCLEAR TEST BANS'],[],['NUCLEAR TEST BANS'],no_match
331,279800,https://digitallibrary.un.org/record/279800,A/RES/40/80B,['NUCLEAR TEST BANS'],[],['NUCLEAR TEST BANS'],no_match
332,279801,https://digitallibrary.un.org/record/279801,A/RES/40/81,"['NUCLEAR WEAPON TESTS', 'TREATIES']","['NUCLEAR WEAPON TESTS', 'TREATIES']",[],all_match
333,279802,https://digitallibrary.un.org/record/279802,A/RES/40/83,"['SOUTH ASIA', 'NUCLEAR-WEAPON-FREE ZONES']","['SOUTH ASIA', 'NUCLEAR-WEAPON-FREE ZONES']",[],all_match
334,279803,https://digitallibrary.un.org/record/279803,A/RES/40/86,['NON-NUCLEAR-WEAPON STATES'],['NON-NUCLEAR-WEAPON STATES'],[],all_match
335,279804,https://digitallibrary.un.org/record/279804,A/RES/40/87,"['OUTER SPACE', 'ARMS RACE']","['OUTER SPACE', 'ARMS RACE']",[],all_match
336,279805,https://digitallibrary.un.org/record/279805,A/RES/40/88,"['NUCLEAR WEAPON TESTS', 'TREATIES']","['NUCLEAR WEAPON TESTS', 'TREATIES']",[],all_match
337,279807,https://digitallibrary.un.org/record/279807,A/RES/40/89A,,[],[],no_subjects
338,279808,https://digitallibrary.un.org/record/279808,A/RES/40/89B,,[],[],no_subjects
339,279809,https://digitallibrary.un.org/record/279809,A/RES/40/90,['WEAPONS OF MASS DESTRUCTION'],['WEAPONS OF MASS DESTRUCTION'],[],all_match
340,279810,https://digitallibrary.un.org/record/279810,A/RES/40/91B,['MILITARY BUDGETS'],['MILITARY BUDGETS'],[],all_match
341,279811,https://digitallibrary.un.org/record/279811,A/RES/40/92A,['CHEMICAL WEAPONS'],['CHEMICAL WEAPONS'],[],all_match
342,279812,https://digitallibrary.un.org/record/279812,A/RES/40/92C,['CHEMICAL WEAPONS'],['CHEMICAL WEAPONS'],[],all_match
343,279813,https://digitallibrary.un.org/record/279813,A/RES/40/93,"['ISRAEL', 'NUCLEAR WEAPONS']","['ISRAEL', 'NUCLEAR WEAPONS']",[],all_match
344,279814,https://digitallibrary.un.org/record/279814,A/RES/40/94A,"['DISARMAMENT', 'GENERAL AND COMPLETE']",['DISARMAMENT'],['GENERAL AND COMPLETE'],partial_match
345,279815,https://digitallibrary.un.org/record/279815,A/RES/40/94F,"['DISARMAMENT', 'GENERAL AND COMPLETE']",['DISARMAMENT'],['GENERAL AND COMPLETE'],partial_match
346,279816,https://digitallibrary.un.org/record/279816,A/RES/40/94G,"['DISARMAMENT', 'GENERAL AND COMPLETE']",['DISARMAMENT'],['GENERAL AND COMPLETE'],partial_match
347,279817,https://digitallibrary.un.org/record/279817,A/RES/40/94H,"['DISARMAMENT', 'GENERAL AND COMPLETE']",['DISARMAMENT'],['GENERAL AND COMPLETE'],partial_match
348,279818,https://digitallibrary.un.org/record/279818,A/RES/40/94I,"['DISARMAMENT', 'GENERAL AND COMPLETE']",['DISARMAMENT'],['GENERAL AND COMPLETE'],partial_match
349,279819,https://digitallibrary.un.org/record/279819,A/RES/40/94K,"['DISARMAMENT', 'GENERAL AND COMPLETE']",['DISARMAMENT'],['GENERAL AND COMPLETE'],partial_match
350,279820,https://digitallibrary.un.org/record/279820,A/RES/40/94L,"['DISARMAMENT', 'GENERAL AND COMPLETE']",['DISARMAMENT'],['GENERAL AND COMPLETE'],partial_match
351,279821,https://digitallibrary.un.org/record/279821,A/RES/40/94M,"['DISARMAMENT', 'GENERAL AND COMPLETE']",['DISARMAMENT'],['GENERAL AND COMPLETE'],partial_match
352,279822,https://digitallibrary.un.org/record/279822,A/RES/40/94N,"['DISARMAMENT', 'GENERAL AND COMPLETE']",['DISARMAMENT'],['GENERAL AND COMPLETE'],partial_match
353,279823,https://digitallibrary.un.org/record/279823,A/RES/40/96A,['PALESTINE QUESTION'],['PALESTINE QUESTION'],[],all_match
354,279824,https://digitallibrary.un.org/record/279824,A/RES/40/96B,['PALESTINE QUESTION'],['PALESTINE QUESTION'],[],all_match
355,279825,https://digitallibrary.un.org/record/279825,A/RES/40/96C,['PALESTINE QUESTION'],['PALESTINE QUESTION'],[],all_match
356,279826,https://digitallibrary.un.org/record/279826,A/RES/40/96D,['PALESTINE QUESTION'],['PALESTINE QUESTION'],[],all_match
357,279827,https://digitallibrary.un.org/record/279827,A/RES/40/97A,['NAMIBIA QUESTION'],['NAMIBIA QUESTION'],[],all_match
358,279828,https://digitallibrary.un.org/record/279828,A/RES/40/97B,['NAMIBIA QUESTION'],['NAMIBIA QUESTION'],[],all_match
359,279829,https://digitallibrary.un.org/record/279829,A/RES/40/97C,['NAMIBIA QUESTION'],['NAMIBIA QUESTION'],[],all_match
360,279830,https://digitallibrary.un.org/record/279830,A/RES/40/97D,['NAMIBIA QUESTION'],['NAMIBIA QUESTION'],[],all_match
361,279831,https://digitallibrary.un.org/record/279831,A/RES/40/97E,['NAMIBIA QUESTION'],['NAMIBIA QUESTION'],[],all_match
362,279832,https://digitallibrary.un.org/record/279832,A/RES/40/97F,['NAMIBIA QUESTION'],['NAMIBIA QUESTION'],[],all_match
363,279833,https://digitallibrary.un.org/record/279833,A/RES/40/100,,[],[],no_subjects
364,279834,https://digitallibrary.un.org/record/279834,A/RES/40/111,"['SCIENCE AND TECHNOLOGY', 'HUMAN RIGHTS']","['SCIENCE AND TECHNOLOGY', 'HUMAN RIGHTS']",[],all_match
365,279835,https://digitallibrary.un.org/record/279835,A/RES/40/112,"['SCIENCE AND TECHNOLOGY', 'HUMAN RIGHTS']","['SCIENCE AND TECHNOLOGY', 'HUMAN RIGHTS']",[],all_match
366,279836,https://digitallibrary.un.org/record/279836,A/RES/40/114,"['HUMAN RIGHTS', 'TREATIES (1966)']",['HUMAN RIGHTS'],['TREATIES (1966)'],partial_match
367,279837,https://digitallibrary.un.org/record/279837,A/RES/40/124,"['HUMAN RIGHTS ADVANCEMENT', 'UN SYSTEM']",['HUMAN RIGHTS ADVANCEMENT'],['UN SYSTEM'],partial_match
368,279838,https://digitallibrary.un.org/record/279838,A/RES/40/137,"['UN. ECONOMIC AND SOCIAL COUNCIL', 'REPORTS']",[],"['UN. ECONOMIC AND SOCIAL COUNCIL', 'REPORTS']",no_match
369,279839,https://digitallibrary.un.org/record/279839,A/RES/40/139,"['UN. ECONOMIC AND SOCIAL COUNCIL', 'REPORTS']",[],"['UN. ECONOMIC AND SOCIAL COUNCIL', 'REPORTS']",no_match
370,279840,https://digitallibrary.un.org/record/279840,A/RES/40/140,"['UN. ECONOMIC AND SOCIAL COUNCIL', 'REPORTS']",[],"['UN. ECONOMIC AND SOCIAL COUNCIL', 'REPORTS']",no_match
371,279841,https://digitallibrary.un.org/record/279841,A/RES/40/141,"['UN. ECONOMIC AND SOCIAL COUNCIL', 'REPORTS']",[],"['UN. ECONOMIC AND SOCIAL COUNCIL', 'REPORTS']",no_match
372,279842,https://digitallibrary.un.org/record/279842,A/RES/40/145,"['UN. ECONOMIC AND SOCIAL COUNCIL', 'REPORTS']",[],"['UN. ECONOMIC AND SOCIAL COUNCIL', 'REPORTS']",no_match
373,279843,https://digitallibrary.un.org/record/279843,A/RES/40/148,"['UN. ECONOMIC AND SOCIAL COUNCIL', 'REPORTS']",[],"['UN. ECONOMIC AND SOCIAL COUNCIL', 'REPORTS']",no_match
374,279844,https://digitallibrary.un.org/record/279844,A/RES/40/158,['INTERNATIONAL SECURITY'],['INTERNATIONAL SECURITY'],[],all_match
375,279845,https://digitallibrary.un.org/record/279845,A/RES/40/159,['COLLECTIVE SECURITY'],[],['COLLECTIVE SECURITY'],no_match
376,279846,https://digitallibrary.un.org/record/279846,A/RES/40/156C,['ANTARCTICA'],['ANTARCTICA'],[],all_match
377,279847,https://digitallibrary.un.org/record/279847,A/RES/40/152N,"['DISARMAMENT', 'UN. GENERAL ASSEMBLY (10TH SPECIAL SESS. : 1978)', 'RECOMMENDATIONS']","['DISARMAMENT', 'RECOMMENDATIONS']",['UN. GENERAL ASSEMBLY (10TH SPECIAL SESS. : 1978)'],partial_match
378,279848,https://digitallibrary.un.org/record/279848,A/RES/40/152Q,"['DISARMAMENT', 'UN. GENERAL ASSEMBLY (10TH SPECIAL SESS. : 1978)', 'RECOMMENDATIONS']","['DISARMAMENT', 'RECOMMENDATIONS']",['UN. GENERAL ASSEMBLY (10TH SPECIAL SESS. : 1978)'],partial_match
379,279849,https://digitallibrary.un.org/record/279849,A/RES/40/156A,['ANTARCTICA'],['ANTARCTICA'],[],all_match
380,279850,https://digitallibrary.un.org/record/279850,A/RES/40/152P,"['DISARMAMENT', 'UN. GENERAL ASSEMBLY (10TH SPECIAL SESS. : 1978)', 'RECOMMENDATIONS']","['DISARMAMENT', 'RECOMMENDATIONS']",['UN. GENERAL ASSEMBLY (10TH SPECIAL SESS. : 1978)'],partial_match
381,279851,https://digitallibrary.un.org/record/279851,A/RES/40/156B,['ANTARCTICA'],['ANTARCTICA'],[],all_match
382,279852,https://digitallibrary.un.org/record/279852,A/RES/40/150,"['ARMS RACE', 'ECONOMIC ASPECTS']","['ARMS RACE', 'ECONOMIC ASPECTS']",[],all_match
383,279853,https://digitallibrary.un.org/record/279853,A/RES/40/151A,"['DISARMAMENT', 'UN. GENERAL ASSEMBLY (12TH SPECIAL SESS. : 1982)', 'RECOMMENDATIONS']","['DISARMAMENT', 'RECOMMENDATIONS']",['UN. GENERAL ASSEMBLY (12TH SPECIAL SESS. : 1982)'],partial_match
384,279854,https://digitallibrary.un.org/record/279854,A/RES/40/151C,"['DISARMAMENT', 'UN. GENERAL ASSEMBLY (12TH SPECIAL SESS. : 1982)', 'RECOMMENDATIONS']","['DISARMAMENT', 'RECOMMENDATIONS']",['UN. GENERAL ASSEMBLY (12TH SPECIAL SESS. : 1982)'],partial_match
385,279855,https://digitallibrary.un.org/record/279855,A/RES/40/151B,"['DISARMAMENT', 'UN. GENERAL ASSEMBLY (12TH SPECIAL SESS. : 1982)', 'RECOMMENDATIONS']","['DISARMAMENT', 'RECOMMENDATIONS']",['UN. GENERAL ASSEMBLY (12TH SPECIAL SESS. : 1982)'],partial_match
386,279856,https://digitallibrary.un.org/record/279856,A/RES/40/152C,"['DISARMAMENT', 'UN. GENERAL ASSEMBLY (10TH SPECIAL SESS. : 1978)', 'RECOMMENDATIONS']","['DISARMAMENT', 'RECOMMENDATIONS']",['UN. GENERAL ASSEMBLY (10TH SPECIAL SESS. : 1978)'],partial_match
387,279857,https://digitallibrary.un.org/record/279857,A/RES/40/152A,"['DISARMAMENT', 'UN. GENERAL ASSEMBLY (10TH SPECIAL SESS. : 1978)', 'RECOMMENDATIONS']","['DISARMAMENT', 'RECOMMENDATIONS']",['UN. GENERAL ASSEMBLY (10TH SPECIAL SESS. : 1978)'],partial_match
388,279858,https://digitallibrary.un.org/record/279858,A/RES/40/152B,"['DISARMAMENT', 'UN. GENERAL ASSEMBLY (10TH SPECIAL SESS. : 1978)', 'RECOMMENDATIONS']","['DISARMAMENT', 'RECOMMENDATIONS']",['UN. GENERAL ASSEMBLY (10TH SPECIAL SESS. : 1978)'],partial_match
389,279859,https://digitallibrary.un.org/record/279859,A/RES/40/151F,"['DISARMAMENT', 'UN. GENERAL ASSEMBLY (12TH SPECIAL SESS. : 1982)', 'RECOMMENDATIONS']","['DISARMAMENT', 'RECOMMENDATIONS']",['UN. GENERAL ASSEMBLY (12TH SPECIAL SESS. : 1982)'],partial_match
390,279860,https://digitallibrary.un.org/record/279860,A/RES/40/151H,"['DISARMAMENT', 'UN. GENERAL ASSEMBLY (12TH SPECIAL SESS. : 1982)', 'RECOMMENDATIONS']","['DISARMAMENT', 'RECOMMENDATIONS']",['UN. GENERAL ASSEMBLY (12TH SPECIAL SESS. : 1982)'],partial_match
391,279861,https://digitallibrary.un.org/record/279861,A/RES/40/151D,"['DISARMAMENT', 'UN. GENERAL ASSEMBLY (12TH SPECIAL SESS. : 1982)', 'RECOMMENDATIONS']","['DISARMAMENT', 'RECOMMENDATIONS']",['UN. GENERAL ASSEMBLY (12TH SPECIAL SESS. : 1982)'],partial_match
392,279862,https://digitallibrary.un.org/record/279862,A/RES/40/151E,"['DISARMAMENT', 'UN. GENERAL ASSEMBLY (12TH SPECIAL SESS. : 1982)', 'RECOMMENDATIONS']","['DISARMAMENT', 'RECOMMENDATIONS']",['UN. GENERAL ASSEMBLY (12TH SPECIAL SESS. : 1982)'],partial_match
393,279863,https://digitallibrary.un.org/record/279863,A/RES/40/152I,"['DISARMAMENT', 'UN. GENERAL ASSEMBLY (10TH SPECIAL SESS. : 1978)', 'RECOMMENDATIONS']","['DISARMAMENT', 'RECOMMENDATIONS']",['UN. GENERAL ASSEMBLY (10TH SPECIAL SESS. : 1978)'],partial_match
394,279864,https://digitallibrary.un.org/record/279864,A/RES/40/152H,"['DISARMAMENT', 'UN. GENERAL ASSEMBLY (10TH SPECIAL SESS. : 1978)', 'RECOMMENDATIONS']","['DISARMAMENT', 'RECOMMENDATIONS']",['UN. GENERAL ASSEMBLY (10TH SPECIAL SESS. : 1978)'],partial_match
395,279865,https://digitallibrary.un.org/record/279865,A/RES/40/152E,"['DISARMAMENT', 'UN. GENERAL ASSEMBLY (10TH SPECIAL SESS. : 1978)', 'RECOMMENDATIONS']","['DISARMAMENT', 'RECOMMENDATIONS']",['UN. GENERAL ASSEMBLY (10TH SPECIAL SESS. : 1978)'],partial_match
396,279866,https://digitallibrary.un.org/record/279866,A/RES/40/152G,"['DISARMAMENT', 'UN. GENERAL ASSEMBLY (10TH SPECIAL SESS. : 1978)', 'RECOMMENDATIONS']","['DISARMAMENT', 'RECOMMENDATIONS']",['UN. GENERAL ASSEMBLY (10TH SPECIAL SESS. : 1978)'],partial_match
397,279867,https://digitallibrary.un.org/record/279867,A/RES/40/152M,"['DISARMAMENT', 'UN. GENERAL ASSEMBLY (10TH SPECIAL SESS. : 1978)', 'RECOMMENDATIONS']","['DISARMAMENT', 'RECOMMENDATIONS']",['UN. GENERAL ASSEMBLY (10TH SPECIAL SESS. : 1978)'],partial_match
398,279868,https://digitallibrary.un.org/record/279868,A/RES/40/152J,"['DISARMAMENT', 'UN. GENERAL ASSEMBLY (10TH SPECIAL SESS. : 1978)', 'RECOMMENDATIONS']","['DISARMAMENT', 'RECOMMENDATIONS']",['UN. GENERAL ASSEMBLY (10TH SPECIAL SESS. : 1978)'],partial_match
399,279869,https://digitallibrary.un.org/record/279869,A/RES/40/161A,"['TERRITORIES OCCUPIED BY ISRAEL', 'HUMAN RIGHTS', 'REPORTS']","['TERRITORIES OCCUPIED BY ISRAEL', 'HUMAN RIGHTS']",['REPORTS'],partial_match
400,279870,https://digitallibrary.un.org/record/279870,A/RES/40/161B,"['TERRITORIES OCCUPIED BY ISRAEL', 'HUMAN RIGHTS', 'REPORTS']","['TERRITORIES OCCUPIED BY ISRAEL', 'HUMAN RIGHTS']",['REPORTS'],partial_match
401,279871,https://digitallibrary.un.org/record/279871,A/RES/40/161C,"['TERRITORIES OCCUPIED BY ISRAEL', 'HUMAN RIGHTS', 'REPORTS']","['TERRITORIES OCCUPIED BY ISRAEL', 'HUMAN RIGHTS']",['REPORTS'],partial_match
402,279873,https://digitallibrary.un.org/record/279873,A/RES/40/161D,"['TERRITORIES OCCUPIED BY ISRAEL', 'HUMAN RIGHTS', 'REPORTS']","['TERRITORIES OCCUPIED BY ISRAEL', 'HUMAN RIGHTS']",['REPORTS'],partial_match
403,279874,https://digitallibrary.un.org/record/279874,A/RES/40/161E,"['TERRITORIES OCCUPIED BY ISRAEL', 'HUMAN RIGHTS', 'REPORTS']","['TERRITORIES OCCUPIED BY ISRAEL', 'HUMAN RIGHTS']",['REPORTS'],partial_match
404,279875,https://digitallibrary.un.org/record/279875,A/RES/40/161F,"['TERRITORIES OCCUPIED BY ISRAEL', 'HUMAN RIGHTS', 'REPORTS']","['TERRITORIES OCCUPIED BY ISRAEL', 'HUMAN RIGHTS']",['REPORTS'],partial_match
405,279876,https://digitallibrary.un.org/record/279876,A/RES/40/161G,"['TERRITORIES OCCUPIED BY ISRAEL', 'HUMAN RIGHTS', 'REPORTS']","['TERRITORIES OCCUPIED BY ISRAEL', 'HUMAN RIGHTS']",['REPORTS'],partial_match
406,279877,https://digitallibrary.un.org/record/279877,A/RES/40/164A,['INFORMATION'],['INFORMATION'],[],all_match
407,279878,https://digitallibrary.un.org/record/279878,A/RES/40/164B,['INFORMATION'],['INFORMATION'],[],all_match
408,279879,https://digitallibrary.un.org/record/279879,A/RES/40/165A,"['UNRWA', 'ACTIVITIES']",['ACTIVITIES'],['UNRWA'],partial_match
409,279880,https://digitallibrary.un.org/record/279880,A/RES/40/165D,"['UNRWA', 'ACTIVITIES']",['ACTIVITIES'],['UNRWA'],partial_match
410,279881,https://digitallibrary.un.org/record/279881,A/RES/40/165E,"['UNRWA', 'ACTIVITIES']",['ACTIVITIES'],['UNRWA'],partial_match
411,279882,https://digitallibrary.un.org/record/279882,A/RES/40/165F,"['UNRWA', 'ACTIVITIES']",['ACTIVITIES'],['UNRWA'],partial_match
412,279883,https://digitallibrary.un.org/record/279883,A/RES/40/165G,"['UNRWA', 'ACTIVITIES']",['ACTIVITIES'],['UNRWA'],partial_match
413,279884,https://digitallibrary.un.org/record/279884,A/RES/40/165H,"['UNRWA', 'ACTIVITIES']",['ACTIVITIES'],['UNRWA'],partial_match
414,279885,https://digitallibrary.un.org/record/279885,A/RES/40/165I,"['UNRWA', 'ACTIVITIES']",['ACTIVITIES'],['UNRWA'],partial_match
415,279886,https://digitallibrary.un.org/record/279886,A/RES/40/165J,"['UNRWA', 'ACTIVITIES']",['ACTIVITIES'],['UNRWA'],partial_match
416,279887,https://digitallibrary.un.org/record/279887,A/RES/40/165K,"['UNRWA', 'ACTIVITIES']",['ACTIVITIES'],['UNRWA'],partial_match
417,279888,https://digitallibrary.un.org/record/279888,A/RES/40/167,['MEDITERRANEAN-DEAD SEA CANAL PROJECT'],[],['MEDITERRANEAN-DEAD SEA CANAL PROJECT'],no_match
418,279889,https://digitallibrary.un.org/record/279889,A/RES/40/168A,['MIDDLE EAST SITUATION'],['MIDDLE EAST SITUATION'],[],all_match
419,279890,https://digitallibrary.un.org/record/279890,A/RES/40/168B,['MIDDLE EAST SITUATION'],['MIDDLE EAST SITUATION'],[],all_match
420,279891,https://digitallibrary.un.org/record/279891,A/RES/40/168C,['MIDDLE EAST SITUATION'],['MIDDLE EAST SITUATION'],[],all_match
421,279892,https://digitallibrary.un.org/record/279892,A/RES/40/169,"['UN. ECONOMIC AND SOCIAL COUNCIL', 'REPORTS']",[],"['UN. ECONOMIC AND SOCIAL COUNCIL', 'REPORTS']",no_match
422,279893,https://digitallibrary.un.org/record/279893,A/RES/40/170,"['UN. ECONOMIC AND SOCIAL COUNCIL', 'REPORTS']",[],"['UN. ECONOMIC AND SOCIAL COUNCIL', 'REPORTS']",no_match
423,279894,https://digitallibrary.un.org/record/279894,A/RES/40/173,"['UN. ECONOMIC AND SOCIAL COUNCIL', 'REPORTS']",[],"['UN. ECONOMIC AND SOCIAL COUNCIL', 'REPORTS']",no_match
424,279895,https://digitallibrary.un.org/record/279895,A/RES/40/182,"['ECONOMIC RIGHTS AND DUTIES OF STATES', 'CHARTER']",['ECONOMIC RIGHTS AND DUTIES OF STATES'],['CHARTER'],partial_match
425,279896,https://digitallibrary.un.org/record/279896,A/RES/40/183,['INTERNATIONAL TRADE'],['INTERNATIONAL TRADE'],[],all_match
426,279897,https://digitallibrary.un.org/record/279897,A/RES/40/185,['INTERNATIONAL TRADE'],['INTERNATIONAL TRADE'],[],all_match
427,279898,https://digitallibrary.un.org/record/279898,A/RES/40/188,['INTERNATIONAL TRADE'],['INTERNATIONAL TRADE'],[],all_match
428,279899,https://digitallibrary.un.org/record/279899,A/RES/40/191,['INTERNATIONAL TRADE'],['INTERNATIONAL TRADE'],[],all_match
429,279900,https://digitallibrary.un.org/record/279900,A/RES/40/197,['ENVIRONMENT'],['ENVIRONMENT'],[],all_match
430,279901,https://digitallibrary.un.org/record/279901,A/RES/40/200,['ENVIRONMENT'],['ENVIRONMENT'],[],all_match
431,279902,https://digitallibrary.un.org/record/279902,A/RES/40/201,['HUMAN SETTLEMENTS'],['HUMAN SETTLEMENTS'],[],all_match
432,279903,https://digitallibrary.un.org/record/279903,A/RES/40/207,['ECONOMIC DEVELOPMENT'],['ECONOMIC DEVELOPMENT'],[],all_match
433,279904,https://digitallibrary.un.org/record/279904,A/RES/40/239,"['UN', 'BUDGET (1984-1985)']",[],"['UN', 'BUDGET (1984-1985)']",no_match
434,279905,https://digitallibrary.un.org/record/279905,A/RES/40/241B,"['UN', 'FINANCING']",['FINANCING'],['UN'],partial_match
435,279906,https://digitallibrary.un.org/record/279906,A/RES/40/246A,"['UN INTERIM FORCE IN LEBANON', 'FINANCING']",['FINANCING'],['UN INTERIM FORCE IN LEBANON'],partial_match
436,279907,https://digitallibrary.un.org/record/279907,A/RES/40/246B,"['UN INTERIM FORCE IN LEBANON', 'FINANCING']",['FINANCING'],['UN INTERIM FORCE IN LEBANON'],partial_match
437,279908,https://digitallibrary.un.org/record/279908,A/RES/40/247,"['PEACEKEEPING OPERATIONS', 'REIMBURSEMENT']","['PEACEKEEPING OPERATIONS', 'REIMBURSEMENT']",[],all_match
438,279909,https://digitallibrary.un.org/record/279909,A/RES/40/248,"['UN', 'BUDGET CONTRIBUTIONS']",['BUDGET CONTRIBUTIONS'],['UN'],partial_match
439,279910,https://digitallibrary.un.org/record/279910,A/RES/40/252IV,"['UN', 'BUDGET (1986-1987)']",[],"['UN', 'BUDGET (1986-1987)']",no_match
440,279911,https://digitallibrary.un.org/record/279911,A/RES/40/253A,"['UN', 'BUDGET (1986-1987)']",[],"['UN', 'BUDGET (1986-1987)']",no_match
441,279912,https://digitallibrary.un.org/record/279912,A/RES/40/253B,"['UN', 'BUDGET (1986-1987)']",[],"['UN', 'BUDGET (1986-1987)']",no_match
442,279913,https://digitallibrary.un.org/record/279913,A/RES/40/253C,"['UN', 'BUDGET (1986-1987)']",[],"['UN', 'BUDGET (1986-1987)']",no_match
443,279914,https://digitallibrary.un.org/record/279914,A/RES/40/254,"['UN', 'BUDGET (1986-1987)']",[],"['UN', 'BUDGET (1986-1987)']",no_match
444,279915,https://digitallibrary.un.org/record/279915,A/RES/40/255,"['UN', 'BUDGET (1986-1987)']",[],"['UN', 'BUDGET (1986-1987)']",no_match
445,279916,https://digitallibrary.un.org/record/279916,A/RES/40/257,"['UN', 'BUDGET (1986-1987)']",[],"['UN', 'BUDGET (1986-1987)']",no_match
446,280663,https://digitallibrary.un.org/record/280663,A/RES/41/4,"['LEAGUE OF ARAB STATES', 'UN']",[],"['LEAGUE OF ARAB STATES', 'UN']",no_match
447,280664,https://digitallibrary.un.org/record/280664,A/RES/41/6,['KAMPUCHEA SITUATION'],[],['KAMPUCHEA SITUATION'],no_match
448,280665,https://digitallibrary.un.org/record/280665,A/RES/41/12,"['IRAQ', 'ISRAEL']","['IRAQ', 'ISRAEL']",[],all_match
449,280666,https://digitallibrary.un.org/record/280666,A/RES/41/13,"['NON-SELF-GOVERNING TERRITORIES', 'REPORTS']",['NON-SELF-GOVERNING TERRITORIES'],['REPORTS'],partial_match
450,280668,https://digitallibrary.un.org/record/280668,A/RES/41/14,"['DECOLONIZATION', 'FOREIGN INTERESTS']","['DECOLONIZATION', 'FOREIGN INTERESTS']",[],all_match
451,280669,https://digitallibrary.un.org/record/280669,A/RES/41/15,"['DECOLONIZATION', 'UN SYSTEM', 'UN. ECONOMIC AND SOCIAL COUNCIL', 'REPORTS']",['DECOLONIZATION'],"['UN SYSTEM', 'UN. ECONOMIC AND SOCIAL COUNCIL', 'REPORTS']",partial_match
452,280670,https://digitallibrary.un.org/record/280670,A/RES/41/16,['DECOLONIZATION'],['DECOLONIZATION'],[],all_match
453,280671,https://digitallibrary.un.org/record/280671,A/RES/41/30,['COMORIAN ISLAND OF MAYOTTE'],['COMORIAN ISLAND OF MAYOTTE'],[],all_match
454,280672,https://digitallibrary.un.org/record/280672,A/RES/41/31,"['NICARAGUA', 'UN. INTERNATIONAL COURT OF JUSTICE JUDGEMENT']",['NICARAGUA'],['UN. INTERNATIONAL COURT OF JUSTICE JUDGEMENT'],partial_match
455,280673,https://digitallibrary.un.org/record/280673,A/RES/41/33,['AFGHANISTAN SITUATION'],['AFGHANISTAN SITUATION'],[],all_match
456,280674,https://digitallibrary.un.org/record/280674,A/RES/41/34,['LAW OF THE SEA'],['LAW OF THE SEA'],[],all_match
457,280675,https://digitallibrary.un.org/record/280675,A/RES/41/35A,['APARTHEID'],['APARTHEID'],[],all_match
458,280676,https://digitallibrary.un.org/record/280676,A/RES/41/35B,['APARTHEID'],['APARTHEID'],[],all_match
459,280677,https://digitallibrary.un.org/record/280677,A/RES/41/35C,['APARTHEID'],['APARTHEID'],[],all_match
460,280678,https://digitallibrary.un.org/record/280678,A/RES/41/35D,['APARTHEID'],['APARTHEID'],[],all_match
461,280679,https://digitallibrary.un.org/record/280679,A/RES/41/35E,['APARTHEID'],['APARTHEID'],[],all_match
462,280680,https://digitallibrary.un.org/record/280680,A/RES/41/35F,['APARTHEID'],['APARTHEID'],[],all_match
463,280681,https://digitallibrary.un.org/record/280681,A/RES/41/35H,['APARTHEID'],['APARTHEID'],[],all_match
464,280682,https://digitallibrary.un.org/record/280682,A/RES/41/38,"['LIBYAN ARAB JAMAHIRIYA', 'UNITED STATES']",['UNITED STATES'],['LIBYAN ARAB JAMAHIRIYA'],partial_match
465,280683,https://digitallibrary.un.org/record/280683,A/RES/41/39A,['NAMIBIA QUESTION'],['NAMIBIA QUESTION'],[],all_match
466,280684,https://digitallibrary.un.org/record/280684,A/RES/41/39B,['NAMIBIA QUESTION'],['NAMIBIA QUESTION'],[],all_match
467,280685,https://digitallibrary.un.org/record/280685,A/RES/41/39C,['NAMIBIA QUESTION'],['NAMIBIA QUESTION'],[],all_match
468,280686,https://digitallibrary.un.org/record/280686,A/RES/41/39D,['NAMIBIA QUESTION'],['NAMIBIA QUESTION'],[],all_match
469,280687,https://digitallibrary.un.org/record/280687,A/RES/41/39E,['NAMIBIA QUESTION'],['NAMIBIA QUESTION'],[],all_match
470,280688,https://digitallibrary.un.org/record/280688,A/RES/41/40,['FALKLAND ISLANDS (MALVINAS) QUESTION'],['FALKLAND ISLANDS (MALVINAS) QUESTION'],[],all_match
471,280689,https://digitallibrary.un.org/record/280689,A/RES/41/41A,['DECOLONIZATION'],['DECOLONIZATION'],[],all_match
472,280690,https://digitallibrary.un.org/record/280690,A/RES/41/41B,['DECOLONIZATION'],['DECOLONIZATION'],[],all_match
473,280691,https://digitallibrary.un.org/record/280691,A/RES/41/42,['DECOLONIZATION'],['DECOLONIZATION'],[],all_match
474,280692,https://digitallibrary.un.org/record/280692,A/RES/41/43A,['PALESTINE QUESTION'],['PALESTINE QUESTION'],[],all_match
475,280693,https://digitallibrary.un.org/record/280693,A/RES/41/43B,['PALESTINE QUESTION'],['PALESTINE QUESTION'],[],all_match
476,280694,https://digitallibrary.un.org/record/280694,A/RES/41/43C,['PALESTINE QUESTION'],['PALESTINE QUESTION'],[],all_match
477,280695,https://digitallibrary.un.org/record/280695,A/RES/41/43D,['PALESTINE QUESTION'],['PALESTINE QUESTION'],[],all_match
478,280696,https://digitallibrary.un.org/record/280696,A/RES/41/44A,"['UN DISENGAGEMENT OBSERVER FORCE', 'FINANCING']",['FINANCING'],['UN DISENGAGEMENT OBSERVER FORCE'],partial_match
479,280697,https://digitallibrary.un.org/record/280697,A/RES/41/44B,"['UN DISENGAGEMENT OBSERVER FORCE', 'FINANCING']",['FINANCING'],['UN DISENGAGEMENT OBSERVER FORCE'],partial_match
480,280698,https://digitallibrary.un.org/record/280698,A/RES/41/45,"['LATIN AMERICA AND THE CARIBBEAN', 'NUCLEAR-WEAPON-FREE ZONES']","['LATIN AMERICA AND THE CARIBBEAN', 'NUCLEAR-WEAPON-FREE ZONES']",[],all_match
481,280699,https://digitallibrary.un.org/record/280699,A/RES/41/46A,['NUCLEAR WEAPON TESTS'],['NUCLEAR WEAPON TESTS'],[],all_match
482,280700,https://digitallibrary.un.org/record/280700,A/RES/41/46B,['NUCLEAR WEAPON TESTS'],['NUCLEAR WEAPON TESTS'],[],all_match
483,280701,https://digitallibrary.un.org/record/280701,A/RES/41/47,"['NUCLEAR WEAPON TESTS', 'TREATIES']","['NUCLEAR WEAPON TESTS', 'TREATIES']",[],all_match
484,280702,https://digitallibrary.un.org/record/280702,A/RES/41/49,"['SOUTH ASIA', 'NUCLEAR-WEAPON-FREE ZONES']","['SOUTH ASIA', 'NUCLEAR-WEAPON-FREE ZONES']",[],all_match
485,280703,https://digitallibrary.un.org/record/280703,A/RES/41/51,"['NON-NUCLEAR-WEAPON STATES', 'TREATIES (DRAFT)']",['NON-NUCLEAR-WEAPON STATES'],['TREATIES (DRAFT)'],partial_match
486,280704,https://digitallibrary.un.org/record/280704,A/RES/41/52,['NON-NUCLEAR-WEAPON STATES'],['NON-NUCLEAR-WEAPON STATES'],[],all_match
487,280705,https://digitallibrary.un.org/record/280705,A/RES/41/53,"['OUTER SPACE', 'ARMS RACE']","['OUTER SPACE', 'ARMS RACE']",[],all_match
488,280706,https://digitallibrary.un.org/record/280706,A/RES/41/54,"['NUCLEAR WEAPON TESTS', 'RESOLUTIONS', 'IMPLEMENTATION']",['NUCLEAR WEAPON TESTS'],"['RESOLUTIONS', 'IMPLEMENTATION']",partial_match
489,280707,https://digitallibrary.un.org/record/280707,A/RES/41/55A,"['AFRICA', 'NUCLEAR-WEAPON-FREE ZONES']","['AFRICA', 'NUCLEAR-WEAPON-FREE ZONES']",[],all_match
490,280708,https://digitallibrary.un.org/record/280708,A/RES/41/55B,"['AFRICA', 'NUCLEAR-WEAPON-FREE ZONES']","['AFRICA', 'NUCLEAR-WEAPON-FREE ZONES']",[],all_match
491,280709,https://digitallibrary.un.org/record/280709,A/RES/41/56,['WEAPONS OF MASS DESTRUCTION'],['WEAPONS OF MASS DESTRUCTION'],[],all_match
492,280710,https://digitallibrary.un.org/record/280710,A/RES/41/58B,['CHEMICAL WEAPONS'],['CHEMICAL WEAPONS'],[],all_match
493,280711,https://digitallibrary.un.org/record/280711,A/RES/41/58C,['CHEMICAL WEAPONS'],['CHEMICAL WEAPONS'],[],all_match
494,280712,https://digitallibrary.un.org/record/280712,A/RES/41/59B,"['DISARMAMENT', 'GENERAL AND COMPLETE']",['DISARMAMENT'],['GENERAL AND COMPLETE'],partial_match
495,280713,https://digitallibrary.un.org/record/280713,A/RES/41/59D,"['DISARMAMENT', 'GENERAL AND COMPLETE']",['DISARMAMENT'],['GENERAL AND COMPLETE'],partial_match
496,280714,https://digitallibrary.un.org/record/280714,A/RES/41/59E,"['DISARMAMENT', 'GENERAL AND COMPLETE']",['DISARMAMENT'],['GENERAL AND COMPLETE'],partial_match
497,280715,https://digitallibrary.un.org/record/280715,A/RES/41/59G,"['DISARMAMENT', 'GENERAL AND COMPLETE']",['DISARMAMENT'],['GENERAL AND COMPLETE'],partial_match
498,280716,https://digitallibrary.un.org/record/280716,A/RES/41/59H,"['DISARMAMENT', 'GENERAL AND COMPLETE']",['DISARMAMENT'],['GENERAL AND COMPLETE'],partial_match
499,280717,https://digitallibrary.un.org/record/280717,A/RES/41/59I,"['DISARMAMENT', 'GENERAL AND COMPLETE']",['DISARMAMENT'],['GENERAL AND COMPLETE'],partial_match
500,280718,https://digitallibrary.un.org/record/280718,A/RES/41/59K,"['DISARMAMENT', 'GENERAL AND COMPLETE']",['DISARMAMENT'],['GENERAL AND COMPLETE'],partial_match
501,280719,https://digitallibrary.un.org/record/280719,A/RES/41/59L,"['DISARMAMENT', 'GENERAL AND COMPLETE']",['DISARMAMENT'],['GENERAL AND COMPLETE'],partial_match
502,280720,https://digitallibrary.un.org/record/280720,A/RES/41/59M,"['DISARMAMENT', 'GENERAL AND COMPLETE']",['DISARMAMENT'],['GENERAL AND COMPLETE'],partial_match
503,280721,https://digitallibrary.un.org/record/280721,A/RES/41/59N,"['DISARMAMENT', 'GENERAL AND COMPLETE']",['DISARMAMENT'],['GENERAL AND COMPLETE'],partial_match
504,280722,https://digitallibrary.un.org/record/280722,A/RES/41/60A,"['DISARMAMENT', 'UN. GENERAL ASSEMBLY (12TH SPECIAL SESS. : 1982)', 'RECOMMENDATIONS']","['DISARMAMENT', 'RECOMMENDATIONS']",['UN. GENERAL ASSEMBLY (12TH SPECIAL SESS. : 1982)'],partial_match
505,280723,https://digitallibrary.un.org/record/280723,A/RES/41/60B,"['DISARMAMENT', 'UN. GENERAL ASSEMBLY (12TH SPECIAL SESS. : 1982)', 'RECOMMENDATIONS']","['DISARMAMENT', 'RECOMMENDATIONS']",['UN. GENERAL ASSEMBLY (12TH SPECIAL SESS. : 1982)'],partial_match
506,280724,https://digitallibrary.un.org/record/280724,A/RES/41/60C,"['DISARMAMENT', 'UN. GENERAL ASSEMBLY (12TH SPECIAL SESS. : 1982)', 'RECOMMENDATIONS']","['DISARMAMENT', 'RECOMMENDATIONS']",['UN. GENERAL ASSEMBLY (12TH SPECIAL SESS. : 1982)'],partial_match
507,280725,https://digitallibrary.un.org/record/280725,A/RES/41/60E,"['DISARMAMENT', 'UN. GENERAL ASSEMBLY (12TH SPECIAL SESS. : 1982)', 'RECOMMENDATIONS']","['DISARMAMENT', 'RECOMMENDATIONS']",['UN. GENERAL ASSEMBLY (12TH SPECIAL SESS. : 1982)'],partial_match
508,280726,https://digitallibrary.un.org/record/280726,A/RES/41/60F,"['DISARMAMENT', 'UN. GENERAL ASSEMBLY (12TH SPECIAL SESS. : 1982)', 'RECOMMENDATIONS']","['DISARMAMENT', 'RECOMMENDATIONS']",['UN. GENERAL ASSEMBLY (12TH SPECIAL SESS. : 1982)'],partial_match
509,280727,https://digitallibrary.un.org/record/280727,A/RES/41/60H,"['DISARMAMENT', 'UN. GENERAL ASSEMBLY (12TH SPECIAL SESS. : 1982)', 'RECOMMENDATIONS']","['DISARMAMENT', 'RECOMMENDATIONS']",['UN. GENERAL ASSEMBLY (12TH SPECIAL SESS. : 1982)'],partial_match
510,280728,https://digitallibrary.un.org/record/280728,A/RES/41/60I,"['DISARMAMENT', 'UN. GENERAL ASSEMBLY (12TH SPECIAL SESS. : 1982)', 'RECOMMENDATIONS']","['DISARMAMENT', 'RECOMMENDATIONS']",['UN. GENERAL ASSEMBLY (12TH SPECIAL SESS. : 1982)'],partial_match
511,280729,https://digitallibrary.un.org/record/280729,A/RES/41/63A,"['TERRITORIES OCCUPIED BY ISRAEL', 'HUMAN RIGHTS', 'REPORTS']","['TERRITORIES OCCUPIED BY ISRAEL', 'HUMAN RIGHTS']",['REPORTS'],partial_match
512,280730,https://digitallibrary.un.org/record/280730,A/RES/41/63B,"['TERRITORIES OCCUPIED BY ISRAEL', 'HUMAN RIGHTS', 'REPORTS']","['TERRITORIES OCCUPIED BY ISRAEL', 'HUMAN RIGHTS']",['REPORTS'],partial_match
513,280731,https://digitallibrary.un.org/record/280731,A/RES/41/63C,"['TERRITORIES OCCUPIED BY ISRAEL', 'HUMAN RIGHTS', 'REPORTS']","['TERRITORIES OCCUPIED BY ISRAEL', 'HUMAN RIGHTS']",['REPORTS'],partial_match
514,280732,https://digitallibrary.un.org/record/280732,A/RES/41/63D,"['TERRITORIES OCCUPIED BY ISRAEL', 'HUMAN RIGHTS', 'REPORTS']","['TERRITORIES OCCUPIED BY ISRAEL', 'HUMAN RIGHTS']",['REPORTS'],partial_match
515,280733,https://digitallibrary.un.org/record/280733,A/RES/41/63E,"['TERRITORIES OCCUPIED BY ISRAEL', 'HUMAN RIGHTS', 'REPORTS']","['TERRITORIES OCCUPIED BY ISRAEL', 'HUMAN RIGHTS']",['REPORTS'],partial_match
516,280734,https://digitallibrary.un.org/record/280734,A/RES/41/63F,"['TERRITORIES OCCUPIED BY ISRAEL', 'HUMAN RIGHTS', 'REPORTS']","['TERRITORIES OCCUPIED BY ISRAEL', 'HUMAN RIGHTS']",['REPORTS'],partial_match
517,280735,https://digitallibrary.un.org/record/280735,A/RES/41/63G,"['TERRITORIES OCCUPIED BY ISRAEL', 'HUMAN RIGHTS', 'REPORTS']","['TERRITORIES OCCUPIED BY ISRAEL', 'HUMAN RIGHTS']",['REPORTS'],partial_match
518,280736,https://digitallibrary.un.org/record/280736,A/RES/41/68A,['INFORMATION'],['INFORMATION'],[],all_match
519,280737,https://digitallibrary.un.org/record/280737,A/RES/41/68B,['INFORMATION'],['INFORMATION'],[],all_match
520,280738,https://digitallibrary.un.org/record/280738,A/RES/41/68E,['INFORMATION'],['INFORMATION'],[],all_match
521,280739,https://digitallibrary.un.org/record/280739,A/RES/41/69A,['UNRWA'],[],['UNRWA'],no_match
522,280740,https://digitallibrary.un.org/record/280740,A/RES/41/69D,['UNRWA'],[],['UNRWA'],no_match
523,280741,https://digitallibrary.un.org/record/280741,A/RES/41/69E,['UNRWA'],[],['UNRWA'],no_match
524,280742,https://digitallibrary.un.org/record/280742,A/RES/41/69F,['UNRWA'],[],['UNRWA'],no_match
525,280743,https://digitallibrary.un.org/record/280743,A/RES/41/69G,['UNRWA'],[],['UNRWA'],no_match
526,280744,https://digitallibrary.un.org/record/280744,A/RES/41/69H,['UNRWA'],[],['UNRWA'],no_match
527,280745,https://digitallibrary.un.org/record/280745,A/RES/41/69I,['UNRWA'],[],['UNRWA'],no_match
528,280746,https://digitallibrary.un.org/record/280746,A/RES/41/69J,['UNRWA'],[],['UNRWA'],no_match
529,280747,https://digitallibrary.un.org/record/280747,A/RES/41/69K,['UNRWA'],[],['UNRWA'],no_match
530,280748,https://digitallibrary.un.org/record/280748,A/RES/41/71,"['NATIONAL LIBERATION MOVEMENTS', 'OBSERVER STATUS']","['NATIONAL LIBERATION MOVEMENTS', 'OBSERVER STATUS']",[],all_match
531,280749,https://digitallibrary.un.org/record/280749,A/RES/41/73,"['NEW INTERNATIONAL ECONOMIC ORDER', 'LEGAL ASPECTS']",['LEGAL ASPECTS'],['NEW INTERNATIONAL ECONOMIC ORDER'],partial_match
532,280750,https://digitallibrary.un.org/record/280750,A/RES/41/75,"['INTERNATIONAL SECURITY', 'CODES OF OFFENCES (DRAFT)']",['INTERNATIONAL SECURITY'],['CODES OF OFFENCES (DRAFT)'],partial_match
533,280752,https://digitallibrary.un.org/record/280752,A/RES/41/86A,"['DISARMAMENT', 'UN. GENERAL ASSEMBLY (10TH SPECIAL SESS. : 1978)', 'RECOMMENDATIONS']","['DISARMAMENT', 'RECOMMENDATIONS']",['UN. GENERAL ASSEMBLY (10TH SPECIAL SESS. : 1978)'],partial_match
534,280753,https://digitallibrary.un.org/record/280753,A/RES/41/86B,"['DISARMAMENT', 'UN. GENERAL ASSEMBLY (10TH SPECIAL SESS. : 1978)', 'RECOMMENDATIONS']","['DISARMAMENT', 'RECOMMENDATIONS']",['UN. GENERAL ASSEMBLY (10TH SPECIAL SESS. : 1978)'],partial_match
535,280754,https://digitallibrary.un.org/record/280754,A/RES/41/86D,"['DISARMAMENT', 'UN. GENERAL ASSEMBLY (10TH SPECIAL SESS. : 1978)', 'RECOMMENDATIONS']","['DISARMAMENT', 'RECOMMENDATIONS']",['UN. GENERAL ASSEMBLY (10TH SPECIAL SESS. : 1978)'],partial_match
536,280755,https://digitallibrary.un.org/record/280755,A/RES/41/86F,"['DISARMAMENT', 'UN. GENERAL ASSEMBLY (10TH SPECIAL SESS. : 1978)', 'RECOMMENDATIONS']","['DISARMAMENT', 'RECOMMENDATIONS']",['UN. GENERAL ASSEMBLY (10TH SPECIAL SESS. : 1978)'],partial_match
537,280756,https://digitallibrary.un.org/record/280756,A/RES/41/86G,"['DISARMAMENT', 'UN. GENERAL ASSEMBLY (10TH SPECIAL SESS. : 1978)', 'RECOMMENDATIONS']","['DISARMAMENT', 'RECOMMENDATIONS']",['UN. GENERAL ASSEMBLY (10TH SPECIAL SESS. : 1978)'],partial_match
538,280757,https://digitallibrary.un.org/record/280757,A/RES/41/86H,"['DISARMAMENT', 'UN. GENERAL ASSEMBLY (10TH SPECIAL SESS. : 1978)', 'RECOMMENDATIONS']","['DISARMAMENT', 'RECOMMENDATIONS']",['UN. GENERAL ASSEMBLY (10TH SPECIAL SESS. : 1978)'],partial_match
539,280758,https://digitallibrary.un.org/record/280758,A/RES/41/86I,"['DISARMAMENT', 'UN. GENERAL ASSEMBLY (10TH SPECIAL SESS. : 1978)', 'RECOMMENDATIONS']","['DISARMAMENT', 'RECOMMENDATIONS']",['UN. GENERAL ASSEMBLY (10TH SPECIAL SESS. : 1978)'],partial_match
540,280759,https://digitallibrary.un.org/record/280759,A/RES/41/86J,"['DISARMAMENT', 'UN. GENERAL ASSEMBLY (10TH SPECIAL SESS. : 1978)', 'RECOMMENDATIONS']","['DISARMAMENT', 'RECOMMENDATIONS']",['UN. GENERAL ASSEMBLY (10TH SPECIAL SESS. : 1978)'],partial_match
541,280760,https://digitallibrary.un.org/record/280760,A/RES/41/86K,"['DISARMAMENT', 'UN. GENERAL ASSEMBLY (10TH SPECIAL SESS. : 1978)', 'RECOMMENDATIONS']","['DISARMAMENT', 'RECOMMENDATIONS']",['UN. GENERAL ASSEMBLY (10TH SPECIAL SESS. : 1978)'],partial_match
542,280761,https://digitallibrary.un.org/record/280761,A/RES/41/86M,"['DISARMAMENT', 'UN. GENERAL ASSEMBLY (10TH SPECIAL SESS. : 1978)', 'RECOMMENDATIONS']","['DISARMAMENT', 'RECOMMENDATIONS']",['UN. GENERAL ASSEMBLY (10TH SPECIAL SESS. : 1978)'],partial_match
543,280762,https://digitallibrary.un.org/record/280762,A/RES/41/86N,"['DISARMAMENT', 'UN. GENERAL ASSEMBLY (10TH SPECIAL SESS. : 1978)', 'RECOMMENDATIONS']","['DISARMAMENT', 'RECOMMENDATIONS']",['UN. GENERAL ASSEMBLY (10TH SPECIAL SESS. : 1978)'],partial_match
544,280763,https://digitallibrary.un.org/record/280763,A/RES/41/86O,"['DISARMAMENT', 'UN. GENERAL ASSEMBLY (10TH SPECIAL SESS. : 1978)', 'RECOMMENDATIONS']","['DISARMAMENT', 'RECOMMENDATIONS']",['UN. GENERAL ASSEMBLY (10TH SPECIAL SESS. : 1978)'],partial_match
545,280764,https://digitallibrary.un.org/record/280764,A/RES/41/86P,"['DISARMAMENT', 'UN. GENERAL ASSEMBLY (10TH SPECIAL SESS. : 1978)', 'RECOMMENDATIONS']","['DISARMAMENT', 'RECOMMENDATIONS']",['UN. GENERAL ASSEMBLY (10TH SPECIAL SESS. : 1978)'],partial_match
546,280765,https://digitallibrary.un.org/record/280765,A/RES/41/88A,['ANTARCTICA'],['ANTARCTICA'],[],all_match
547,280766,https://digitallibrary.un.org/record/280766,A/RES/41/88B,['ANTARCTICA'],['ANTARCTICA'],[],all_match
548,280767,https://digitallibrary.un.org/record/280767,A/RES/41/88C,['ANTARCTICA'],['ANTARCTICA'],[],all_match
549,280768,https://digitallibrary.un.org/record/280768,A/RES/41/90,['INTERNATIONAL SECURITY'],['INTERNATIONAL SECURITY'],[],all_match
550,280769,https://digitallibrary.un.org/record/280769,A/RES/41/91,['INTERNATIONAL SECURITY'],['INTERNATIONAL SECURITY'],[],all_match
551,280771,https://digitallibrary.un.org/record/280771,A/RES/41/92,"['INTERNATIONAL SECURITY', 'COMPREHENSIVE SYSTEM']",['INTERNATIONAL SECURITY'],['COMPREHENSIVE SYSTEM'],partial_match
552,280772,https://digitallibrary.un.org/record/280772,A/RES/41/93,"['ISRAEL', 'NUCLEAR WEAPONS']","['ISRAEL', 'NUCLEAR WEAPONS']",[],all_match
553,280773,https://digitallibrary.un.org/record/280773,A/RES/41/95,"['HUMAN RIGHTS', 'SOUTH AFRICA', 'ECONOMIC ASSISTANCE']","['HUMAN RIGHTS', 'SOUTH AFRICA', 'ECONOMIC ASSISTANCE']",[],all_match
554,280774,https://digitallibrary.un.org/record/280774,A/RES/41/101,['SELF-DETERMINATION OF PEOPLES'],['SELF-DETERMINATION OF PEOPLES'],[],all_match
555,280775,https://digitallibrary.un.org/record/280775,A/RES/41/102,['SELF-DETERMINATION OF PEOPLES'],['SELF-DETERMINATION OF PEOPLES'],[],all_match
556,280776,https://digitallibrary.un.org/record/280776,A/RES/41/103,,[],[],no_subjects
557,280777,https://digitallibrary.un.org/record/280777,A/RES/41/113,"['SCIENCE AND TECHNOLOGY', 'HUMAN RIGHTS']","['SCIENCE AND TECHNOLOGY', 'HUMAN RIGHTS']",[],all_match
558,280778,https://digitallibrary.un.org/record/280778,A/RES/41/115,"['SCIENCE AND TECHNOLOGY', 'HUMAN RIGHTS']","['SCIENCE AND TECHNOLOGY', 'HUMAN RIGHTS']",[],all_match
559,280780,https://digitallibrary.un.org/record/280780,A/RES/41/117,"['HUMAN RIGHTS', 'TREATIES (1966)']",['HUMAN RIGHTS'],['TREATIES (1966)'],partial_match
560,280781,https://digitallibrary.un.org/record/280781,A/RES/41/123,,[],[],no_subjects
561,280782,https://digitallibrary.un.org/record/280782,A/RES/41/128,"['HUMAN RIGHTS ADVANCEMENT', 'UN SYSTEM']",['HUMAN RIGHTS ADVANCEMENT'],['UN SYSTEM'],partial_match
562,280783,https://digitallibrary.un.org/record/280783,A/RES/41/131,"['HUMAN RIGHTS ADVANCEMENT', 'UN SYSTEM']",['HUMAN RIGHTS ADVANCEMENT'],['UN SYSTEM'],partial_match
563,280784,https://digitallibrary.un.org/record/280784,A/RES/41/132,"['HUMAN RIGHTS ADVANCEMENT', 'UN SYSTEM']",['HUMAN RIGHTS ADVANCEMENT'],['UN SYSTEM'],partial_match
564,280785,https://digitallibrary.un.org/record/280785,A/RES/41/133,"['HUMAN RIGHTS ADVANCEMENT', 'UN SYSTEM']",['HUMAN RIGHTS ADVANCEMENT'],['UN SYSTEM'],partial_match
565,280786,https://digitallibrary.un.org/record/280786,A/RES/41/141,"['UN. ECONOMIC AND SOCIAL COUNCIL', 'REPORTS']",[],"['UN. ECONOMIC AND SOCIAL COUNCIL', 'REPORTS']",no_match
566,280787,https://digitallibrary.un.org/record/280787,A/RES/41/143,"['UN. ECONOMIC AND SOCIAL COUNCIL', 'REPORTS']",[],"['UN. ECONOMIC AND SOCIAL COUNCIL', 'REPORTS']",no_match
567,280788,https://digitallibrary.un.org/record/280788,A/RES/41/146,"['UN. ECONOMIC AND SOCIAL COUNCIL', 'REPORTS']",[],"['UN. ECONOMIC AND SOCIAL COUNCIL', 'REPORTS']",no_match
568,280789,https://digitallibrary.un.org/record/280789,A/RES/41/151,"['UN. ECONOMIC AND SOCIAL COUNCIL', 'REPORTS']",[],"['UN. ECONOMIC AND SOCIAL COUNCIL', 'REPORTS']",no_match
569,280790,https://digitallibrary.un.org/record/280790,A/RES/41/155,"['UN. ECONOMIC AND SOCIAL COUNCIL', 'REPORTS']",[],"['UN. ECONOMIC AND SOCIAL COUNCIL', 'REPORTS']",no_match
570,280791,https://digitallibrary.un.org/record/280791,A/RES/41/156,"['UN. ECONOMIC AND SOCIAL COUNCIL', 'REPORTS']",[],"['UN. ECONOMIC AND SOCIAL COUNCIL', 'REPORTS']",no_match
571,280792,https://digitallibrary.un.org/record/280792,A/RES/41/157,"['UN. ECONOMIC AND SOCIAL COUNCIL', 'REPORTS']",[],"['UN. ECONOMIC AND SOCIAL COUNCIL', 'REPORTS']",no_match
572,280793,https://digitallibrary.un.org/record/280793,A/RES/41/158,"['UN. ECONOMIC AND SOCIAL COUNCIL', 'REPORTS']",[],"['UN. ECONOMIC AND SOCIAL COUNCIL', 'REPORTS']",no_match
573,280794,https://digitallibrary.un.org/record/280794,A/RES/41/159,"['UN. ECONOMIC AND SOCIAL COUNCIL', 'REPORTS']",[],"['UN. ECONOMIC AND SOCIAL COUNCIL', 'REPORTS']",no_match
574,280795,https://digitallibrary.un.org/record/280795,A/RES/41/161,"['UN. ECONOMIC AND SOCIAL COUNCIL', 'REPORTS']",[],"['UN. ECONOMIC AND SOCIAL COUNCIL', 'REPORTS']",no_match
575,280796,https://digitallibrary.un.org/record/280796,A/RES/41/162A,['MIDDLE EAST SITUATION'],['MIDDLE EAST SITUATION'],[],all_match
576,280797,https://digitallibrary.un.org/record/280797,A/RES/41/162B,['MIDDLE EAST SITUATION'],['MIDDLE EAST SITUATION'],[],all_match
577,280798,https://digitallibrary.un.org/record/280798,A/RES/41/162C,['MIDDLE EAST SITUATION'],['MIDDLE EAST SITUATION'],[],all_match
578,280799,https://digitallibrary.un.org/record/280799,A/RES/41/164,['INTERNATIONAL TRADE'],['INTERNATIONAL TRADE'],[],all_match
579,280800,https://digitallibrary.un.org/record/280800,A/RES/41/165,['INTERNATIONAL TRADE'],['INTERNATIONAL TRADE'],[],all_match
580,280801,https://digitallibrary.un.org/record/280801,A/RES/41/179A,"['UN INTERIM FORCE IN LEBANON', 'FINANCING']",['FINANCING'],['UN INTERIM FORCE IN LEBANON'],partial_match
581,280803,https://digitallibrary.un.org/record/280803,A/RES/41/179B,"['UN INTERIM FORCE IN LEBANON', 'FINANCING']",['FINANCING'],['UN INTERIM FORCE IN LEBANON'],partial_match
582,280804,https://digitallibrary.un.org/record/280804,A/RES/41/180,"['UN. ECONOMIC AND SOCIAL COUNCIL', 'REPORTS']",[],"['UN. ECONOMIC AND SOCIAL COUNCIL', 'REPORTS']",no_match
583,280805,https://digitallibrary.un.org/record/280805,A/RES/41/181,"['UN. ECONOMIC AND SOCIAL COUNCIL', 'REPORTS']",[],"['UN. ECONOMIC AND SOCIAL COUNCIL', 'REPORTS']",no_match
584,280806,https://digitallibrary.un.org/record/280806,A/RES/41/184,"['UN. ECONOMIC AND SOCIAL COUNCIL', 'REPORTS']",[],"['UN. ECONOMIC AND SOCIAL COUNCIL', 'REPORTS']",no_match
585,280807,https://digitallibrary.un.org/record/280807,A/RES/41/187,"['UN. ECONOMIC AND SOCIAL COUNCIL', 'REPORTS']",[],"['UN. ECONOMIC AND SOCIAL COUNCIL', 'REPORTS']",no_match
586,280808,https://digitallibrary.un.org/record/280808,A/RES/41/195,,[],[],no_subjects
587,280809,https://digitallibrary.un.org/record/280809,A/RES/41/197,,[],[],no_subjects
588,280810,https://digitallibrary.un.org/record/280810,A/RES/41/199,,[],[],no_subjects
589,280811,https://digitallibrary.un.org/record/280811,A/RES/41/200,,[],[],no_subjects
590,280812,https://digitallibrary.un.org/record/280812,A/RES/41/209[III],"['UN', 'BUDGET (1986-1987)']",[],"['UN', 'BUDGET (1986-1987)']",no_match
591,280813,https://digitallibrary.un.org/record/280813,A/RES/41/209[V],"['UN', 'BUDGET (1986-1987)']",[],"['UN', 'BUDGET (1986-1987)']",no_match
592,280814,https://digitallibrary.un.org/record/280814,A/RES/41/209[VI],"['UN', 'BUDGET (1986-1987)']",[],"['UN', 'BUDGET (1986-1987)']",no_match
593,280815,https://digitallibrary.un.org/record/280815,A/RES/41/209[VIII],"['UN', 'BUDGET (1986-1987)']",[],"['UN', 'BUDGET (1986-1987)']",no_match
594,280817,https://digitallibrary.un.org/record/280817,A/RES/41/209[IX],"['UN', 'BUDGET (1986-1987)']",[],"['UN', 'BUDGET (1986-1987)']",no_match
595,280818,https://digitallibrary.un.org/record/280818,A/RES/41/211A,"['UN', 'BUDGET (1986-1987)']",[],"['UN', 'BUDGET (1986-1987)']",no_match
596,280819,https://digitallibrary.un.org/record/280819,A/RES/41/211B,"['UN', 'BUDGET (1986-1987)']",[],"['UN', 'BUDGET (1986-1987)']",no_match
597,280820,https://digitallibrary.un.org/record/280820,A/RES/41/211C,"['UN', 'BUDGET (1986-1987)']",[],"['UN', 'BUDGET (1986-1987)']",no_match
598,280821,https://digitallibrary.un.org/record/280821,A/RES/41/212B,"['NUCLEAR ENERGY', 'CONFERENCES (1986)']",['NUCLEAR ENERGY'],['CONFERENCES (1986)'],partial_match
599,280822,https://digitallibrary.un.org/record/280822,A/RES/41/10,"['PEACE', 'INTERNATIONAL YEARS (1986)']",['PEACE'],['INTERNATIONAL YEARS (1986)'],partial_match
600,280823,https://digitallibrary.un.org/record/280823,A/RES/41/11,"['SOUTH ATLANTIC OCEAN REGION', 'ZONES OF PEACE']","['SOUTH ATLANTIC OCEAN REGION', 'ZONES OF PEACE']",[],all_match
601,281002,https://digitallibrary.un.org/record/281002,A/RES/42/3,['KAMPUCHEA SITUATION'],[],['KAMPUCHEA SITUATION'],no_match
602,281003,https://digitallibrary.un.org/record/281003,A/RES/42/5,"['LEAGUE OF ARAB STATES', 'UN']",[],"['LEAGUE OF ARAB STATES', 'UN']",no_match
603,281004,https://digitallibrary.un.org/record/281004,A/RES/42/7,['CULTURAL PROPERTY RESTITUTION'],['CULTURAL PROPERTY RESTITUTION'],[],all_match
604,281005,https://digitallibrary.un.org/record/281005,A/RES/42/14A,['NAMIBIA QUESTION'],['NAMIBIA QUESTION'],[],all_match
605,281006,https://digitallibrary.un.org/record/281006,A/RES/42/14B,['NAMIBIA QUESTION'],['NAMIBIA QUESTION'],[],all_match
606,281007,https://digitallibrary.un.org/record/281007,A/RES/42/14C,['NAMIBIA QUESTION'],['NAMIBIA QUESTION'],[],all_match
607,281008,https://digitallibrary.un.org/record/281008,A/RES/42/14D,['NAMIBIA QUESTION'],['NAMIBIA QUESTION'],[],all_match
608,281009,https://digitallibrary.un.org/record/281009,A/RES/42/14E,['NAMIBIA QUESTION'],['NAMIBIA QUESTION'],[],all_match
609,281010,https://digitallibrary.un.org/record/281010,A/RES/42/15,['AFGHANISTAN SITUATION'],['AFGHANISTAN SITUATION'],[],all_match
610,281011,https://digitallibrary.un.org/record/281011,A/RES/42/16,"['SOUTH ATLANTIC OCEAN REGION', 'ZONES OF PEACE']","['SOUTH ATLANTIC OCEAN REGION', 'ZONES OF PEACE']",[],all_match
611,281012,https://digitallibrary.un.org/record/281012,A/RES/42/17,['COMORIAN ISLAND OF MAYOTTE'],['COMORIAN ISLAND OF MAYOTTE'],[],all_match
612,281013,https://digitallibrary.un.org/record/281013,A/RES/42/18,"['NICARAGUA', 'UNITED STATES']","['NICARAGUA', 'UNITED STATES']",[],all_match
613,281014,https://digitallibrary.un.org/record/281014,A/RES/42/19,['FALKLAND ISLANDS (MALVINAS) QUESTION'],['FALKLAND ISLANDS (MALVINAS) QUESTION'],[],all_match
614,281015,https://digitallibrary.un.org/record/281015,A/RES/42/20,['LAW OF THE SEA'],['LAW OF THE SEA'],[],all_match
615,281016,https://digitallibrary.un.org/record/281016,A/RES/42/23A,['APARTHEID'],['APARTHEID'],[],all_match
616,281017,https://digitallibrary.un.org/record/281017,A/RES/42/23B,['APARTHEID'],['APARTHEID'],[],all_match
617,281018,https://digitallibrary.un.org/record/281018,A/RES/42/23C,['APARTHEID'],['APARTHEID'],[],all_match
618,281019,https://digitallibrary.un.org/record/281019,A/RES/42/23D,['APARTHEID'],['APARTHEID'],[],all_match
619,281020,https://digitallibrary.un.org/record/281020,A/RES/42/23E,['APARTHEID'],['APARTHEID'],[],all_match
620,281021,https://digitallibrary.un.org/record/281021,A/RES/42/23F,['APARTHEID'],['APARTHEID'],[],all_match
621,281022,https://digitallibrary.un.org/record/281022,A/RES/42/23G,['APARTHEID'],['APARTHEID'],[],all_match
622,281023,https://digitallibrary.un.org/record/281023,A/RES/42/25,"['LATIN AMERICA AND THE CARIBBEAN', 'NUCLEAR-WEAPON-FREE ZONES']","['LATIN AMERICA AND THE CARIBBEAN', 'NUCLEAR-WEAPON-FREE ZONES']",[],all_match
623,281024,https://digitallibrary.un.org/record/281024,A/RES/42/26A,['NUCLEAR WEAPON TESTS'],['NUCLEAR WEAPON TESTS'],[],all_match
624,281025,https://digitallibrary.un.org/record/281025,A/RES/42/26B,['NUCLEAR WEAPON TESTS'],['NUCLEAR WEAPON TESTS'],[],all_match
625,281026,https://digitallibrary.un.org/record/281026,A/RES/42/27,"['NUCLEAR WEAPON TESTS', 'TREATIES']","['NUCLEAR WEAPON TESTS', 'TREATIES']",[],all_match
626,281027,https://digitallibrary.un.org/record/281027,A/RES/42/29,"['SOUTH ASIA', 'NUCLEAR-WEAPON-FREE ZONES']","['SOUTH ASIA', 'NUCLEAR-WEAPON-FREE ZONES']",[],all_match
627,281028,https://digitallibrary.un.org/record/281028,A/RES/42/31,"['NON-NUCLEAR-WEAPON STATES', 'TREATIES (DRAFT)']",['NON-NUCLEAR-WEAPON STATES'],['TREATIES (DRAFT)'],partial_match
628,281029,https://digitallibrary.un.org/record/281029,A/RES/42/33,"['OUTER SPACE', 'ARMS RACE']","['OUTER SPACE', 'ARMS RACE']",[],all_match
629,281030,https://digitallibrary.un.org/record/281030,A/RES/42/34A,"['AFRICA', 'NUCLEAR-WEAPON-FREE ZONES']","['AFRICA', 'NUCLEAR-WEAPON-FREE ZONES']",[],all_match
630,281031,https://digitallibrary.un.org/record/281031,A/RES/42/34B,"['AFRICA', 'NUCLEAR-WEAPON-FREE ZONES']","['AFRICA', 'NUCLEAR-WEAPON-FREE ZONES']",[],all_match
631,281032,https://digitallibrary.un.org/record/281032,A/RES/42/35,['WEAPONS OF MASS DESTRUCTION'],['WEAPONS OF MASS DESTRUCTION'],[],all_match
632,281033,https://digitallibrary.un.org/record/281033,A/RES/42/38A,"['DISARMAMENT', 'GENERAL AND COMPLETE']",['DISARMAMENT'],['GENERAL AND COMPLETE'],partial_match
633,281034,https://digitallibrary.un.org/record/281034,A/RES/42/38C,"['DISARMAMENT', 'GENERAL AND COMPLETE']",['DISARMAMENT'],['GENERAL AND COMPLETE'],partial_match
634,281035,https://digitallibrary.un.org/record/281035,A/RES/42/38D,"['DISARMAMENT', 'GENERAL AND COMPLETE']",['DISARMAMENT'],['GENERAL AND COMPLETE'],partial_match
635,281036,https://digitallibrary.un.org/record/281036,A/RES/42/38F,"['DISARMAMENT', 'GENERAL AND COMPLETE']",['DISARMAMENT'],['GENERAL AND COMPLETE'],partial_match
636,281037,https://digitallibrary.un.org/record/281037,A/RES/42/38I,"['DISARMAMENT', 'GENERAL AND COMPLETE']",['DISARMAMENT'],['GENERAL AND COMPLETE'],partial_match
637,281038,https://digitallibrary.un.org/record/281038,A/RES/42/38J,"['DISARMAMENT', 'GENERAL AND COMPLETE']",['DISARMAMENT'],['GENERAL AND COMPLETE'],partial_match
638,281039,https://digitallibrary.un.org/record/281039,A/RES/42/38K,"['DISARMAMENT', 'GENERAL AND COMPLETE']",['DISARMAMENT'],['GENERAL AND COMPLETE'],partial_match
639,281040,https://digitallibrary.un.org/record/281040,A/RES/42/38L,"['DISARMAMENT', 'GENERAL AND COMPLETE']",['DISARMAMENT'],['GENERAL AND COMPLETE'],partial_match
640,281041,https://digitallibrary.un.org/record/281041,A/RES/42/38N,"['DISARMAMENT', 'GENERAL AND COMPLETE']",['DISARMAMENT'],['GENERAL AND COMPLETE'],partial_match
641,281042,https://digitallibrary.un.org/record/281042,A/RES/42/39A,"['DISARMAMENT', 'UN. GENERAL ASSEMBLY (12TH SPECIAL SESS. : 1982)', 'RECOMMENDATIONS']","['DISARMAMENT', 'RECOMMENDATIONS']",['UN. GENERAL ASSEMBLY (12TH SPECIAL SESS. : 1982)'],partial_match
642,281043,https://digitallibrary.un.org/record/281043,A/RES/42/39B,"['DISARMAMENT', 'UN. GENERAL ASSEMBLY (12TH SPECIAL SESS. : 1982)', 'RECOMMENDATIONS']","['DISARMAMENT', 'RECOMMENDATIONS']",['UN. GENERAL ASSEMBLY (12TH SPECIAL SESS. : 1982)'],partial_match
643,281044,https://digitallibrary.un.org/record/281044,A/RES/42/39C,"['DISARMAMENT', 'UN. GENERAL ASSEMBLY (12TH SPECIAL SESS. : 1982)', 'RECOMMENDATIONS']","['DISARMAMENT', 'RECOMMENDATIONS']",['UN. GENERAL ASSEMBLY (12TH SPECIAL SESS. : 1982)'],partial_match
644,281045,https://digitallibrary.un.org/record/281045,A/RES/42/39G,"['DISARMAMENT', 'UN. GENERAL ASSEMBLY (12TH SPECIAL SESS. : 1982)', 'RECOMMENDATIONS']","['DISARMAMENT', 'RECOMMENDATIONS']",['UN. GENERAL ASSEMBLY (12TH SPECIAL SESS. : 1982)'],partial_match
645,281046,https://digitallibrary.un.org/record/281046,A/RES/42/39H,"['DISARMAMENT', 'UN. GENERAL ASSEMBLY (12TH SPECIAL SESS. : 1982)', 'RECOMMENDATIONS']","['DISARMAMENT', 'RECOMMENDATIONS']",['UN. GENERAL ASSEMBLY (12TH SPECIAL SESS. : 1982)'],partial_match
646,281047,https://digitallibrary.un.org/record/281047,A/RES/42/39I,"['DISARMAMENT', 'UN. GENERAL ASSEMBLY (12TH SPECIAL SESS. : 1982)', 'RECOMMENDATIONS']","['DISARMAMENT', 'RECOMMENDATIONS']",['UN. GENERAL ASSEMBLY (12TH SPECIAL SESS. : 1982)'],partial_match
647,281048,https://digitallibrary.un.org/record/281048,A/RES/42/42A,"['DISARMAMENT', 'UN. GENERAL ASSEMBLY (10TH SPECIAL SESS. : 1978)', 'RECOMMENDATIONS']","['DISARMAMENT', 'RECOMMENDATIONS']",['UN. GENERAL ASSEMBLY (10TH SPECIAL SESS. : 1978)'],partial_match
648,281049,https://digitallibrary.un.org/record/281049,A/RES/42/42B,"['DISARMAMENT', 'UN. GENERAL ASSEMBLY (10TH SPECIAL SESS. : 1978)', 'RECOMMENDATIONS']","['DISARMAMENT', 'RECOMMENDATIONS']",['UN. GENERAL ASSEMBLY (10TH SPECIAL SESS. : 1978)'],partial_match
649,281050,https://digitallibrary.un.org/record/281050,A/RES/42/42C,"['DISARMAMENT', 'UN. GENERAL ASSEMBLY (10TH SPECIAL SESS. : 1978)', 'RECOMMENDATIONS']","['DISARMAMENT', 'RECOMMENDATIONS']",['UN. GENERAL ASSEMBLY (10TH SPECIAL SESS. : 1978)'],partial_match
650,281051,https://digitallibrary.un.org/record/281051,A/RES/42/42D,"['DISARMAMENT', 'UN. GENERAL ASSEMBLY (10TH SPECIAL SESS. : 1978)', 'RECOMMENDATIONS']","['DISARMAMENT', 'RECOMMENDATIONS']",['UN. GENERAL ASSEMBLY (10TH SPECIAL SESS. : 1978)'],partial_match
651,281052,https://digitallibrary.un.org/record/281052,A/RES/42/42E,"['DISARMAMENT', 'UN. GENERAL ASSEMBLY (10TH SPECIAL SESS. : 1978)', 'RECOMMENDATIONS']","['DISARMAMENT', 'RECOMMENDATIONS']",['UN. GENERAL ASSEMBLY (10TH SPECIAL SESS. : 1978)'],partial_match
652,281053,https://digitallibrary.un.org/record/281053,A/RES/42/42H,"['DISARMAMENT', 'UN. GENERAL ASSEMBLY (10TH SPECIAL SESS. : 1978)', 'RECOMMENDATIONS']","['DISARMAMENT', 'RECOMMENDATIONS']",['UN. GENERAL ASSEMBLY (10TH SPECIAL SESS. : 1978)'],partial_match
653,281054,https://digitallibrary.un.org/record/281054,A/RES/42/42K,"['DISARMAMENT', 'UN. GENERAL ASSEMBLY (10TH SPECIAL SESS. : 1978)', 'RECOMMENDATIONS']","['DISARMAMENT', 'RECOMMENDATIONS']",['UN. GENERAL ASSEMBLY (10TH SPECIAL SESS. : 1978)'],partial_match
654,281055,https://digitallibrary.un.org/record/281055,A/RES/42/42L,"['DISARMAMENT', 'UN. GENERAL ASSEMBLY (10TH SPECIAL SESS. : 1978)', 'RECOMMENDATIONS']","['DISARMAMENT', 'RECOMMENDATIONS']",['UN. GENERAL ASSEMBLY (10TH SPECIAL SESS. : 1978)'],partial_match
655,281056,https://digitallibrary.un.org/record/281056,A/RES/42/42M,"['DISARMAMENT', 'UN. GENERAL ASSEMBLY (10TH SPECIAL SESS. : 1978)', 'RECOMMENDATIONS']","['DISARMAMENT', 'RECOMMENDATIONS']",['UN. GENERAL ASSEMBLY (10TH SPECIAL SESS. : 1978)'],partial_match
656,281057,https://digitallibrary.un.org/record/281057,A/RES/42/42N,"['DISARMAMENT', 'UN. GENERAL ASSEMBLY (10TH SPECIAL SESS. : 1978)', 'RECOMMENDATIONS']","['DISARMAMENT', 'RECOMMENDATIONS']",['UN. GENERAL ASSEMBLY (10TH SPECIAL SESS. : 1978)'],partial_match
657,281058,https://digitallibrary.un.org/record/281058,A/RES/42/44,"['ISRAEL', 'NUCLEAR WEAPONS']","['ISRAEL', 'NUCLEAR WEAPONS']",[],all_match
658,281059,https://digitallibrary.un.org/record/281059,A/RES/42/46A,['ANTARCTICA'],['ANTARCTICA'],[],all_match
659,281060,https://digitallibrary.un.org/record/281060,A/RES/42/46B,['ANTARCTICA'],['ANTARCTICA'],[],all_match
660,281061,https://digitallibrary.un.org/record/281061,A/RES/42/50,['SOCIAL DEVELOPMENT'],['SOCIAL DEVELOPMENT'],[],all_match
661,281062,https://digitallibrary.un.org/record/281062,A/RES/42/52,['YOUTH'],['YOUTH'],[],all_match
662,281063,https://digitallibrary.un.org/record/281063,A/RES/42/56,,[],[],no_subjects
663,281064,https://digitallibrary.un.org/record/281064,A/RES/42/66A,['PALESTINE QUESTION'],['PALESTINE QUESTION'],[],all_match
664,281065,https://digitallibrary.un.org/record/281065,A/RES/42/66B,['PALESTINE QUESTION'],['PALESTINE QUESTION'],[],all_match
665,281066,https://digitallibrary.un.org/record/281066,A/RES/42/66C,['PALESTINE QUESTION'],['PALESTINE QUESTION'],[],all_match
666,281067,https://digitallibrary.un.org/record/281067,A/RES/42/66D,['PALESTINE QUESTION'],['PALESTINE QUESTION'],[],all_match
667,281068,https://digitallibrary.un.org/record/281068,A/RES/42/69A,['UNRWA'],[],['UNRWA'],no_match
668,281069,https://digitallibrary.un.org/record/281069,A/RES/42/69D,['UNRWA'],[],['UNRWA'],no_match
669,281070,https://digitallibrary.un.org/record/281070,A/RES/42/69E,['UNRWA'],[],['UNRWA'],no_match
670,281071,https://digitallibrary.un.org/record/281071,A/RES/42/69F,['UNRWA'],[],['UNRWA'],no_match
671,281072,https://digitallibrary.un.org/record/281072,A/RES/42/69G,['UNRWA'],[],['UNRWA'],no_match
672,281073,https://digitallibrary.un.org/record/281073,A/RES/42/69H,['UNRWA'],[],['UNRWA'],no_match
673,281074,https://digitallibrary.un.org/record/281074,A/RES/42/69I,['UNRWA'],[],['UNRWA'],no_match
674,281075,https://digitallibrary.un.org/record/281075,A/RES/42/69J,['UNRWA'],[],['UNRWA'],no_match
675,281076,https://digitallibrary.un.org/record/281076,A/RES/42/69K,['UNRWA'],[],['UNRWA'],no_match
676,281077,https://digitallibrary.un.org/record/281077,A/RES/42/70,"['UN DISENGAGEMENT OBSERVER FORCE', 'FINANCING']",['FINANCING'],['UN DISENGAGEMENT OBSERVER FORCE'],partial_match
677,281078,https://digitallibrary.un.org/record/281078,A/RES/42/71,['DECOLONIZATION'],['DECOLONIZATION'],[],all_match
678,281079,https://digitallibrary.un.org/record/281079,A/RES/42/72,['DECOLONIZATION'],['DECOLONIZATION'],[],all_match
679,281080,https://digitallibrary.un.org/record/281080,A/RES/42/73,"['NON-SELF-GOVERNING TERRITORIES', 'REPORTS']",['NON-SELF-GOVERNING TERRITORIES'],['REPORTS'],partial_match
680,281081,https://digitallibrary.un.org/record/281081,A/RES/42/74,"['DECOLONIZATION', 'FOREIGN INTERESTS']","['DECOLONIZATION', 'FOREIGN INTERESTS']",[],all_match
681,281082,https://digitallibrary.un.org/record/281082,A/RES/42/75,"['DECOLONIZATION', 'UN SYSTEM', 'UN. ECONOMIC AND SOCIAL COUNCIL', 'REPORTS']",['DECOLONIZATION'],"['UN SYSTEM', 'UN. ECONOMIC AND SOCIAL COUNCIL', 'REPORTS']",partial_match
682,281083,https://digitallibrary.un.org/record/281083,A/RES/42/78,['DECOLONIZATION'],['DECOLONIZATION'],[],all_match
683,281084,https://digitallibrary.un.org/record/281084,A/RES/42/79,['DECOLONIZATION'],['DECOLONIZATION'],[],all_match
684,281085,https://digitallibrary.un.org/record/281085,A/RES/42/91,['INTERNATIONAL SECURITY'],['INTERNATIONAL SECURITY'],[],all_match
685,281086,https://digitallibrary.un.org/record/281086,A/RES/42/92,['INTERNATIONAL SECURITY'],['INTERNATIONAL SECURITY'],[],all_match
686,281087,https://digitallibrary.un.org/record/281087,A/RES/42/93,"['INTERNATIONAL SECURITY', 'COMPREHENSIVE SYSTEM']",['INTERNATIONAL SECURITY'],['COMPREHENSIVE SYSTEM'],partial_match
687,281088,https://digitallibrary.un.org/record/281088,A/RES/42/95,['SELF-DETERMINATION OF PEOPLES'],['SELF-DETERMINATION OF PEOPLES'],[],all_match
688,281089,https://digitallibrary.un.org/record/281089,A/RES/42/96,['SELF-DETERMINATION OF PEOPLES'],['SELF-DETERMINATION OF PEOPLES'],[],all_match
689,281090,https://digitallibrary.un.org/record/281090,A/RES/42/99,"['SCIENCE AND TECHNOLOGY', 'HUMAN RIGHTS']","['SCIENCE AND TECHNOLOGY', 'HUMAN RIGHTS']",[],all_match
690,281091,https://digitallibrary.un.org/record/281091,A/RES/42/100,"['SCIENCE AND TECHNOLOGY', 'HUMAN RIGHTS']","['SCIENCE AND TECHNOLOGY', 'HUMAN RIGHTS']",[],all_match
691,281092,https://digitallibrary.un.org/record/281092,A/RES/42/101,"['RIGHTS OF THE CHILD', 'TREATIES (DRAFT)']",['RIGHTS OF THE CHILD'],['TREATIES (DRAFT)'],partial_match
692,281093,https://digitallibrary.un.org/record/281093,A/RES/42/102,,[],[],no_subjects
693,281094,https://digitallibrary.un.org/record/281094,A/RES/42/115,['HUMAN RIGHTS ADVANCEMENT'],['HUMAN RIGHTS ADVANCEMENT'],[],all_match
694,281095,https://digitallibrary.un.org/record/281095,A/RES/42/119,['HUMAN RIGHTS ADVANCEMENT'],['HUMAN RIGHTS ADVANCEMENT'],[],all_match
695,281096,https://digitallibrary.un.org/record/281096,A/RES/42/134,"['UN. ECONOMIC AND SOCIAL COUNCIL', 'REPORTS']",[],"['UN. ECONOMIC AND SOCIAL COUNCIL', 'REPORTS']",no_match
696,281097,https://digitallibrary.un.org/record/281097,A/RES/42/135,"['UN. ECONOMIC AND SOCIAL COUNCIL', 'REPORTS']",[],"['UN. ECONOMIC AND SOCIAL COUNCIL', 'REPORTS']",no_match
697,281098,https://digitallibrary.un.org/record/281098,A/RES/42/136,"['UN. ECONOMIC AND SOCIAL COUNCIL', 'REPORTS']",[],"['UN. ECONOMIC AND SOCIAL COUNCIL', 'REPORTS']",no_match
698,281099,https://digitallibrary.un.org/record/281099,A/RES/42/139,"['UN. ECONOMIC AND SOCIAL COUNCIL', 'REPORTS']",[],"['UN. ECONOMIC AND SOCIAL COUNCIL', 'REPORTS']",no_match
699,281100,https://digitallibrary.un.org/record/281100,A/RES/42/140,"['UN. ECONOMIC AND SOCIAL COUNCIL', 'REPORTS']",[],"['UN. ECONOMIC AND SOCIAL COUNCIL', 'REPORTS']",no_match
700,281101,https://digitallibrary.un.org/record/281101,A/RES/42/145,"['UN. ECONOMIC AND SOCIAL COUNCIL', 'REPORTS']",[],"['UN. ECONOMIC AND SOCIAL COUNCIL', 'REPORTS']",no_match
701,281102,https://digitallibrary.un.org/record/281102,A/RES/42/146,"['UN. ECONOMIC AND SOCIAL COUNCIL', 'REPORTS']",[],"['UN. ECONOMIC AND SOCIAL COUNCIL', 'REPORTS']",no_match
702,281103,https://digitallibrary.un.org/record/281103,A/RES/42/147,"['UN. ECONOMIC AND SOCIAL COUNCIL', 'REPORTS']",[],"['UN. ECONOMIC AND SOCIAL COUNCIL', 'REPORTS']",no_match
703,281104,https://digitallibrary.un.org/record/281104,A/RES/42/149,"['NEW INTERNATIONAL ECONOMIC ORDER', 'LEGAL ASPECTS']",['LEGAL ASPECTS'],['NEW INTERNATIONAL ECONOMIC ORDER'],partial_match
704,281105,https://digitallibrary.un.org/record/281105,A/RES/42/150,['DISPUTE SETTLEMENT'],['DISPUTE SETTLEMENT'],[],all_match
705,281106,https://digitallibrary.un.org/record/281106,A/RES/42/151,"['INTERNATIONAL SECURITY', 'CODES OF CRIMES (DRAFT)']",['INTERNATIONAL SECURITY'],['CODES OF CRIMES (DRAFT)'],partial_match
706,281107,https://digitallibrary.un.org/record/281107,A/RES/42/153,"['UN COMMISSION ON INTERNATIONAL TRADE LAW', 'REPORTS']",[],"['UN COMMISSION ON INTERNATIONAL TRADE LAW', 'REPORTS']",no_match
707,281108,https://digitallibrary.un.org/record/281108,A/RES/42/158,['GOOD NEIGHBOURLINESS'],['GOOD NEIGHBOURLINESS'],[],all_match
708,281109,https://digitallibrary.un.org/record/281109,A/RES/42/159,,[],[],no_subjects
709,281110,https://digitallibrary.un.org/record/281110,A/RES/42/160A,"['TERRITORIES OCCUPIED BY ISRAEL', 'HUMAN RIGHTS', 'REPORTS']","['TERRITORIES OCCUPIED BY ISRAEL', 'HUMAN RIGHTS']",['REPORTS'],partial_match
710,281111,https://digitallibrary.un.org/record/281111,A/RES/42/160B,"['TERRITORIES OCCUPIED BY ISRAEL', 'HUMAN RIGHTS', 'REPORTS']","['TERRITORIES OCCUPIED BY ISRAEL', 'HUMAN RIGHTS']",['REPORTS'],partial_match
711,281112,https://digitallibrary.un.org/record/281112,A/RES/42/160C,"['TERRITORIES OCCUPIED BY ISRAEL', 'HUMAN RIGHTS', 'REPORTS']","['TERRITORIES OCCUPIED BY ISRAEL', 'HUMAN RIGHTS']",['REPORTS'],partial_match
712,281113,https://digitallibrary.un.org/record/281113,A/RES/42/160D,"['TERRITORIES OCCUPIED BY ISRAEL', 'HUMAN RIGHTS', 'REPORTS']","['TERRITORIES OCCUPIED BY ISRAEL', 'HUMAN RIGHTS']",['REPORTS'],partial_match
713,281114,https://digitallibrary.un.org/record/281114,A/RES/42/160E,"['TERRITORIES OCCUPIED BY ISRAEL', 'HUMAN RIGHTS', 'REPORTS']","['TERRITORIES OCCUPIED BY ISRAEL', 'HUMAN RIGHTS']",['REPORTS'],partial_match
714,281115,https://digitallibrary.un.org/record/281115,A/RES/42/160F,"['TERRITORIES OCCUPIED BY ISRAEL', 'HUMAN RIGHTS', 'REPORTS']","['TERRITORIES OCCUPIED BY ISRAEL', 'HUMAN RIGHTS']",['REPORTS'],partial_match
715,281116,https://digitallibrary.un.org/record/281116,A/RES/42/160G,"['TERRITORIES OCCUPIED BY ISRAEL', 'HUMAN RIGHTS', 'REPORTS']","['TERRITORIES OCCUPIED BY ISRAEL', 'HUMAN RIGHTS']",['REPORTS'],partial_match
716,281117,https://digitallibrary.un.org/record/281117,A/RES/42/162A,['INFORMATION'],['INFORMATION'],[],all_match
717,281118,https://digitallibrary.un.org/record/281118,A/RES/42/162B,['INFORMATION'],['INFORMATION'],[],all_match
718,281119,https://digitallibrary.un.org/record/281119,A/RES/42/165,"['UN. ECONOMIC AND SOCIAL COUNCIL', 'REPORTS']",[],"['UN. ECONOMIC AND SOCIAL COUNCIL', 'REPORTS']",no_match
719,281120,https://digitallibrary.un.org/record/281120,A/RES/42/166,"['UN. ECONOMIC AND SOCIAL COUNCIL', 'REPORTS']",[],"['UN. ECONOMIC AND SOCIAL COUNCIL', 'REPORTS']",no_match
720,281121,https://digitallibrary.un.org/record/281121,A/RES/42/173,['INTERNATIONAL TRADE'],['INTERNATIONAL TRADE'],[],all_match
721,281122,https://digitallibrary.un.org/record/281122,A/RES/42/174,['INTERNATIONAL TRADE'],['INTERNATIONAL TRADE'],[],all_match
722,281123,https://digitallibrary.un.org/record/281123,A/RES/42/176,['INTERNATIONAL TRADE'],['INTERNATIONAL TRADE'],[],all_match
723,281124,https://digitallibrary.un.org/record/281124,A/RES/42/184,['ENVIRONMENT'],['ENVIRONMENT'],[],all_match
724,281125,https://digitallibrary.un.org/record/281125,A/RES/42/190,['HUMAN SETTLEMENTS'],['HUMAN SETTLEMENTS'],[],all_match
725,281126,https://digitallibrary.un.org/record/281126,A/RES/42/198,['EXTERNAL DEBT'],['EXTERNAL DEBT'],[],all_match
726,281127,https://digitallibrary.un.org/record/281127,A/RES/42/199,['ECONOMIC ASSISTANCE'],['ECONOMIC ASSISTANCE'],[],all_match
727,281128,https://digitallibrary.un.org/record/281128,A/RES/42/200,['ECONOMIC ASSISTANCE'],['ECONOMIC ASSISTANCE'],[],all_match
728,281129,https://digitallibrary.un.org/record/281129,A/RES/42/201,['ECONOMIC ASSISTANCE'],['ECONOMIC ASSISTANCE'],[],all_match
729,281130,https://digitallibrary.un.org/record/281130,A/RES/42/202,['ECONOMIC ASSISTANCE'],['ECONOMIC ASSISTANCE'],[],all_match
730,281131,https://digitallibrary.un.org/record/281131,A/RES/42/203,['ECONOMIC ASSISTANCE'],['ECONOMIC ASSISTANCE'],[],all_match
731,281132,https://digitallibrary.un.org/record/281132,A/RES/42/204,['ECONOMIC ASSISTANCE'],['ECONOMIC ASSISTANCE'],[],all_match
732,281133,https://digitallibrary.un.org/record/281133,A/RES/42/205,['ECONOMIC ASSISTANCE'],['ECONOMIC ASSISTANCE'],[],all_match
733,281134,https://digitallibrary.un.org/record/281134,A/RES/42/209A,['MIDDLE EAST SITUATION'],['MIDDLE EAST SITUATION'],[],all_match
734,281135,https://digitallibrary.un.org/record/281135,A/RES/42/209B,['MIDDLE EAST SITUATION'],['MIDDLE EAST SITUATION'],[],all_match
735,281136,https://digitallibrary.un.org/record/281136,A/RES/42/209C,['MIDDLE EAST SITUATION'],['MIDDLE EAST SITUATION'],[],all_match
736,281137,https://digitallibrary.un.org/record/281137,A/RES/42/209D,['MIDDLE EAST SITUATION'],['MIDDLE EAST SITUATION'],[],all_match
737,281138,https://digitallibrary.un.org/record/281138,A/RES/42/210B,"['UN. COMMITTEE ON RELATIONS WITH THE HOST COUNTRY', 'REPORTS']",[],"['UN. COMMITTEE ON RELATIONS WITH THE HOST COUNTRY', 'REPORTS']",no_match
738,281145,https://digitallibrary.un.org/record/281145,A/RES/42/223,"['UN INTERIM FORCE IN LEBANON', 'FINANCING']",['FINANCING'],['UN INTERIM FORCE IN LEBANON'],partial_match
739,281146,https://digitallibrary.un.org/record/281146,A/RES/42/224,"['PEACEKEEPING OPERATIONS', 'REIMBURSEMENT']","['PEACEKEEPING OPERATIONS', 'REIMBURSEMENT']",[],all_match
740,281147,https://digitallibrary.un.org/record/281147,A/RES/42/226A,"['UN', 'BUDGET (1988-1989)']",[],"['UN', 'BUDGET (1988-1989)']",no_match
741,281148,https://digitallibrary.un.org/record/281148,A/RES/42/32,['NON-NUCLEAR-WEAPON STATES'],['NON-NUCLEAR-WEAPON STATES'],[],all_match
742,281330,https://digitallibrary.un.org/record/281330,A/RES/42/229A,"['UN. COMMITTEE ON RELATIONS WITH THE HOST COUNTRY', 'REPORTS']",[],"['UN. COMMITTEE ON RELATIONS WITH THE HOST COUNTRY', 'REPORTS']",no_match
743,281331,https://digitallibrary.un.org/record/281331,A/RES/42/229B,"['UN. COMMITTEE ON RELATIONS WITH THE HOST COUNTRY', 'REPORTS']",[],"['UN. COMMITTEE ON RELATIONS WITH THE HOST COUNTRY', 'REPORTS']",no_match
744,281332,https://digitallibrary.un.org/record/281332,A/RES/42/230,"['UN. COMMITTEE ON RELATIONS WITH THE HOST COUNTRY', 'REPORTS']",[],"['UN. COMMITTEE ON RELATIONS WITH THE HOST COUNTRY', 'REPORTS']",no_match
745,281336,https://digitallibrary.un.org/record/281336,A/RES/42/232,"['UN. COMMITTEE ON RELATIONS WITH THE HOST COUNTRY', 'REPORTS']",[],"['UN. COMMITTEE ON RELATIONS WITH THE HOST COUNTRY', 'REPORTS']",no_match
746,281348,https://digitallibrary.un.org/record/281348,A/RES/43/3,"['LEAGUE OF ARAB STATES', 'UN']",[],"['LEAGUE OF ARAB STATES', 'UN']",no_match
747,281349,https://digitallibrary.un.org/record/281349,A/RES/43/11,"['NICARAGUA', 'UNITED STATES']","['NICARAGUA', 'UNITED STATES']",[],all_match
748,281350,https://digitallibrary.un.org/record/281350,A/RES/43/12,"['OAU', 'UN']",[],"['OAU', 'UN']",no_match
749,281351,https://digitallibrary.un.org/record/281351,A/RES/43/13,['APARTHEID'],['APARTHEID'],[],all_match
750,281352,https://digitallibrary.un.org/record/281352,A/RES/43/14,['COMORIAN ISLAND OF MAYOTTE'],['COMORIAN ISLAND OF MAYOTTE'],[],all_match
751,281353,https://digitallibrary.un.org/record/281353,A/RES/43/18,['LAW OF THE SEA'],['LAW OF THE SEA'],[],all_match
752,281354,https://digitallibrary.un.org/record/281354,A/RES/43/19,['KAMPUCHEA SITUATION'],[],['KAMPUCHEA SITUATION'],no_match
753,281355,https://digitallibrary.un.org/record/281355,A/RES/43/21,"['TERRITORIES OCCUPIED BY ISRAEL', 'HUMAN RIGHTS', 'REPORTS']","['TERRITORIES OCCUPIED BY ISRAEL', 'HUMAN RIGHTS']",['REPORTS'],partial_match
754,281356,https://digitallibrary.un.org/record/281356,A/RES/43/22,['RIGHT TO PEACE'],['RIGHT TO PEACE'],[],all_match
755,281357,https://digitallibrary.un.org/record/281357,A/RES/43/23,"['SOUTH ATLANTIC OCEAN REGION', 'ZONES OF PEACE']","['SOUTH ATLANTIC OCEAN REGION', 'ZONES OF PEACE']",[],all_match
756,281359,https://digitallibrary.un.org/record/281359,A/RES/43/26A,['NAMIBIA QUESTION'],['NAMIBIA QUESTION'],[],all_match
757,281360,https://digitallibrary.un.org/record/281360,A/RES/43/25,['FALKLAND ISLANDS (MALVINAS) QUESTION'],['FALKLAND ISLANDS (MALVINAS) QUESTION'],[],all_match
758,281361,https://digitallibrary.un.org/record/281361,A/RES/43/26B,['NAMIBIA QUESTION'],['NAMIBIA QUESTION'],[],all_match
759,281362,https://digitallibrary.un.org/record/281362,A/RES/43/26C,['NAMIBIA QUESTION'],['NAMIBIA QUESTION'],[],all_match
760,281363,https://digitallibrary.un.org/record/281363,A/RES/43/26D,['NAMIBIA QUESTION'],['NAMIBIA QUESTION'],[],all_match
761,281364,https://digitallibrary.un.org/record/281364,A/RES/43/26E,['NAMIBIA QUESTION'],['NAMIBIA QUESTION'],[],all_match
762,281365,https://digitallibrary.un.org/record/281365,A/RES/43/28,"['NON-SELF-GOVERNING TERRITORIES', 'REPORTS']",['NON-SELF-GOVERNING TERRITORIES'],['REPORTS'],partial_match
763,281366,https://digitallibrary.un.org/record/281366,A/RES/43/29,"['DECOLONIZATION', 'FOREIGN INTERESTS']","['DECOLONIZATION', 'FOREIGN INTERESTS']",[],all_match
764,281367,https://digitallibrary.un.org/record/281367,A/RES/43/30,"['DECOLONIZATION', 'UN SYSTEM', 'UN. ECONOMIC AND SOCIAL COUNCIL', 'REPORTS']",['DECOLONIZATION'],"['UN SYSTEM', 'UN. ECONOMIC AND SOCIAL COUNCIL', 'REPORTS']",partial_match
765,281368,https://digitallibrary.un.org/record/281368,A/RES/43/33,['DECOLONIZATION'],['DECOLONIZATION'],[],all_match
766,281369,https://digitallibrary.un.org/record/281369,A/RES/43/45,['DECOLONIZATION'],['DECOLONIZATION'],[],all_match
767,281370,https://digitallibrary.un.org/record/281370,A/RES/43/46,['DECOLONIZATION'],['DECOLONIZATION'],[],all_match
768,281371,https://digitallibrary.un.org/record/281371,A/RES/43/47,['DECOLONIZATION'],['DECOLONIZATION'],[],all_match
769,281373,https://digitallibrary.un.org/record/281373,A/RES/43/48,"['UN. COMMITTEE ON RELATIONS WITH THE HOST COUNTRY', 'REPORTS']",[],"['UN. COMMITTEE ON RELATIONS WITH THE HOST COUNTRY', 'REPORTS']",no_match
770,281374,https://digitallibrary.un.org/record/281374,A/RES/43/49,"['UN. COMMITTEE ON RELATIONS WITH THE HOST COUNTRY', 'REPORTS', 'UN. GENERAL ASSEMBLY (43RD SESS. : 1988-1989)', 'AGENDA']",['AGENDA'],"['UN. COMMITTEE ON RELATIONS WITH THE HOST COUNTRY', 'REPORTS', 'UN. GENERAL ASSEMBLY (43RD SESS. : 1988-1989)']",partial_match
771,281375,https://digitallibrary.un.org/record/281375,A/RES/43/50A,['APARTHEID'],['APARTHEID'],[],all_match
772,281376,https://digitallibrary.un.org/record/281376,A/RES/43/50B,['APARTHEID'],['APARTHEID'],[],all_match
773,281377,https://digitallibrary.un.org/record/281377,A/RES/43/50C,['APARTHEID'],['APARTHEID'],[],all_match
774,281378,https://digitallibrary.un.org/record/281378,A/RES/43/50D,['APARTHEID'],['APARTHEID'],[],all_match
775,281379,https://digitallibrary.un.org/record/281379,A/RES/43/50E,['APARTHEID'],['APARTHEID'],[],all_match
776,281380,https://digitallibrary.un.org/record/281380,A/RES/43/50F,['APARTHEID'],['APARTHEID'],[],all_match
777,281381,https://digitallibrary.un.org/record/281381,A/RES/43/50H,['APARTHEID'],['APARTHEID'],[],all_match
778,281382,https://digitallibrary.un.org/record/281382,A/RES/43/50J,['APARTHEID'],['APARTHEID'],[],all_match
779,281383,https://digitallibrary.un.org/record/281383,A/RES/43/50K,['APARTHEID'],['APARTHEID'],[],all_match
780,281385,https://digitallibrary.un.org/record/281385,A/RES/43/54A,['MIDDLE EAST SITUATION'],['MIDDLE EAST SITUATION'],[],all_match
781,281386,https://digitallibrary.un.org/record/281386,A/RES/43/54B,['MIDDLE EAST SITUATION'],['MIDDLE EAST SITUATION'],[],all_match
782,281387,https://digitallibrary.un.org/record/281387,A/RES/43/54C,['MIDDLE EAST SITUATION'],['MIDDLE EAST SITUATION'],[],all_match
783,281388,https://digitallibrary.un.org/record/281388,A/RES/43/57A,"['UNRWA', 'ACTIVITIES']",['ACTIVITIES'],['UNRWA'],partial_match
784,281389,https://digitallibrary.un.org/record/281389,A/RES/43/57D,"['UNRWA', 'ACTIVITIES']",['ACTIVITIES'],['UNRWA'],partial_match
785,281390,https://digitallibrary.un.org/record/281390,A/RES/43/57E,"['UNRWA', 'ACTIVITIES']",['ACTIVITIES'],['UNRWA'],partial_match
786,281391,https://digitallibrary.un.org/record/281391,A/RES/43/57F,"['UNRWA', 'ACTIVITIES']",['ACTIVITIES'],['UNRWA'],partial_match
787,281392,https://digitallibrary.un.org/record/281392,A/RES/43/57G,"['UNRWA', 'ACTIVITIES']",['ACTIVITIES'],['UNRWA'],partial_match
788,281393,https://digitallibrary.un.org/record/281393,A/RES/43/57H,"['UNRWA', 'ACTIVITIES']",['ACTIVITIES'],['UNRWA'],partial_match
789,281394,https://digitallibrary.un.org/record/281394,A/RES/43/57I,"['UNRWA', 'ACTIVITIES']",['ACTIVITIES'],['UNRWA'],partial_match
790,281395,https://digitallibrary.un.org/record/281395,A/RES/43/57J,"['UNRWA', 'ACTIVITIES']",['ACTIVITIES'],['UNRWA'],partial_match
791,281396,https://digitallibrary.un.org/record/281396,A/RES/43/58A,"['TERRITORIES OCCUPIED BY ISRAEL', 'HUMAN RIGHTS', 'REPORTS']","['TERRITORIES OCCUPIED BY ISRAEL', 'HUMAN RIGHTS']",['REPORTS'],partial_match
792,281397,https://digitallibrary.un.org/record/281397,A/RES/43/58B,"['TERRITORIES OCCUPIED BY ISRAEL', 'HUMAN RIGHTS', 'REPORTS']","['TERRITORIES OCCUPIED BY ISRAEL', 'HUMAN RIGHTS']",['REPORTS'],partial_match
793,281398,https://digitallibrary.un.org/record/281398,A/RES/43/58C,"['TERRITORIES OCCUPIED BY ISRAEL', 'HUMAN RIGHTS', 'REPORTS']","['TERRITORIES OCCUPIED BY ISRAEL', 'HUMAN RIGHTS']",['REPORTS'],partial_match
794,281399,https://digitallibrary.un.org/record/281399,A/RES/43/58D,"['TERRITORIES OCCUPIED BY ISRAEL', 'HUMAN RIGHTS', 'REPORTS']","['TERRITORIES OCCUPIED BY ISRAEL', 'HUMAN RIGHTS']",['REPORTS'],partial_match
795,281400,https://digitallibrary.un.org/record/281400,A/RES/43/58E,"['TERRITORIES OCCUPIED BY ISRAEL', 'HUMAN RIGHTS', 'REPORTS']","['TERRITORIES OCCUPIED BY ISRAEL', 'HUMAN RIGHTS']",['REPORTS'],partial_match
796,281401,https://digitallibrary.un.org/record/281401,A/RES/43/58F,"['TERRITORIES OCCUPIED BY ISRAEL', 'HUMAN RIGHTS', 'REPORTS']","['TERRITORIES OCCUPIED BY ISRAEL', 'HUMAN RIGHTS']",['REPORTS'],partial_match
797,281402,https://digitallibrary.un.org/record/281402,A/RES/43/58G,"['TERRITORIES OCCUPIED BY ISRAEL', 'HUMAN RIGHTS', 'REPORTS']","['TERRITORIES OCCUPIED BY ISRAEL', 'HUMAN RIGHTS']",['REPORTS'],partial_match
798,281403,https://digitallibrary.un.org/record/281403,A/RES/43/60A,['INFORMATION'],['INFORMATION'],[],all_match
799,281404,https://digitallibrary.un.org/record/281404,A/RES/43/60B,['INFORMATION'],['INFORMATION'],[],all_match
800,281406,https://digitallibrary.un.org/record/281406,A/RES/43/63A,['NUCLEAR WEAPON TESTS'],['NUCLEAR WEAPON TESTS'],[],all_match
801,281407,https://digitallibrary.un.org/record/281407,A/RES/43/63B,['NUCLEAR WEAPON TESTS'],['NUCLEAR WEAPON TESTS'],[],all_match
802,281408,https://digitallibrary.un.org/record/281408,A/RES/43/64,"['NUCLEAR WEAPON TESTS', 'TREATIES']","['NUCLEAR WEAPON TESTS', 'TREATIES']",[],all_match
803,281409,https://digitallibrary.un.org/record/281409,A/RES/43/66,"['SOUTH ASIA', 'NUCLEAR-WEAPON-FREE ZONES']","['SOUTH ASIA', 'NUCLEAR-WEAPON-FREE ZONES']",[],all_match
804,281410,https://digitallibrary.un.org/record/281410,A/RES/43/68,"['NON-NUCLEAR-WEAPON STATES', 'SECURITY']",['NON-NUCLEAR-WEAPON STATES'],['SECURITY'],partial_match
805,281411,https://digitallibrary.un.org/record/281411,A/RES/43/69,"['NON-NUCLEAR-WEAPON STATES', 'SECURITY ASSURANCES']","['NON-NUCLEAR-WEAPON STATES', 'SECURITY ASSURANCES']",[],all_match
806,281412,https://digitallibrary.un.org/record/281412,A/RES/43/70,"['OUTER SPACE', 'ARMS RACE']","['OUTER SPACE', 'ARMS RACE']",[],all_match
807,281413,https://digitallibrary.un.org/record/281413,A/RES/43/71A,"['AFRICA', 'NUCLEAR-WEAPON-FREE ZONES']","['AFRICA', 'NUCLEAR-WEAPON-FREE ZONES']",[],all_match
808,281414,https://digitallibrary.un.org/record/281414,A/RES/43/71B,"['AFRICA', 'NUCLEAR-WEAPON-FREE ZONES']","['AFRICA', 'NUCLEAR-WEAPON-FREE ZONES']",[],all_match
809,281415,https://digitallibrary.un.org/record/281415,A/RES/43/72,['WEAPONS OF MASS DESTRUCTION'],['WEAPONS OF MASS DESTRUCTION'],[],all_match
810,281416,https://digitallibrary.un.org/record/281416,A/RES/43/75A,"['DISARMAMENT', 'GENERAL AND COMPLETE']",['DISARMAMENT'],['GENERAL AND COMPLETE'],partial_match
811,281417,https://digitallibrary.un.org/record/281417,A/RES/43/75G,"['DISARMAMENT', 'GENERAL AND COMPLETE']",['DISARMAMENT'],['GENERAL AND COMPLETE'],partial_match
812,281418,https://digitallibrary.un.org/record/281418,A/RES/43/75H,"['DISARMAMENT', 'GENERAL AND COMPLETE']",['DISARMAMENT'],['GENERAL AND COMPLETE'],partial_match
813,281419,https://digitallibrary.un.org/record/281419,A/RES/43/75I,"['DISARMAMENT', 'GENERAL AND COMPLETE']",['DISARMAMENT'],['GENERAL AND COMPLETE'],partial_match
814,281420,https://digitallibrary.un.org/record/281420,A/RES/43/75J,"['DISARMAMENT', 'GENERAL AND COMPLETE']",['DISARMAMENT'],['GENERAL AND COMPLETE'],partial_match
815,281421,https://digitallibrary.un.org/record/281421,A/RES/43/75K,"['DISARMAMENT', 'GENERAL AND COMPLETE']",['DISARMAMENT'],['GENERAL AND COMPLETE'],partial_match
816,281422,https://digitallibrary.un.org/record/281422,A/RES/43/75L,"['DISARMAMENT', 'GENERAL AND COMPLETE']",['DISARMAMENT'],['GENERAL AND COMPLETE'],partial_match
817,281423,https://digitallibrary.un.org/record/281423,A/RES/43/75N,"['DISARMAMENT', 'GENERAL AND COMPLETE']",['DISARMAMENT'],['GENERAL AND COMPLETE'],partial_match
818,281424,https://digitallibrary.un.org/record/281424,A/RES/43/75O,"['DISARMAMENT', 'GENERAL AND COMPLETE']",['DISARMAMENT'],['GENERAL AND COMPLETE'],partial_match
819,281425,https://digitallibrary.un.org/record/281425,A/RES/43/75Q,"['DISARMAMENT', 'GENERAL AND COMPLETE']",['DISARMAMENT'],['GENERAL AND COMPLETE'],partial_match
820,281426,https://digitallibrary.un.org/record/281426,A/RES/43/75S,"['DISARMAMENT', 'GENERAL AND COMPLETE']",['DISARMAMENT'],['GENERAL AND COMPLETE'],partial_match
821,281427,https://digitallibrary.un.org/record/281427,A/RES/43/75T,"['DISARMAMENT', 'GENERAL AND COMPLETE']",['DISARMAMENT'],['GENERAL AND COMPLETE'],partial_match
822,281428,https://digitallibrary.un.org/record/281428,A/RES/43/76A,,[],[],no_subjects
823,281429,https://digitallibrary.un.org/record/281429,A/RES/43/76B,,[],[],no_subjects
824,281430,https://digitallibrary.un.org/record/281430,A/RES/43/76C,,[],[],no_subjects
825,281431,https://digitallibrary.un.org/record/281431,A/RES/43/76E,,[],[],no_subjects
826,281432,https://digitallibrary.un.org/record/281432,A/RES/43/77A,"['DISARMAMENT', 'UN. GENERAL ASSEMBLY (15TH SPECIAL SESS. : 1988)', 'RECOMMENDATIONS']","['DISARMAMENT', 'RECOMMENDATIONS']",['UN. GENERAL ASSEMBLY (15TH SPECIAL SESS. : 1988)'],partial_match
827,281433,https://digitallibrary.un.org/record/281433,A/RES/43/77B,"['DISARMAMENT', 'UN. GENERAL ASSEMBLY (15TH SPECIAL SESS. : 1988)', 'RECOMMENDATIONS']","['DISARMAMENT', 'RECOMMENDATIONS']",['UN. GENERAL ASSEMBLY (15TH SPECIAL SESS. : 1988)'],partial_match
828,281434,https://digitallibrary.un.org/record/281434,A/RES/43/78B,"['DISARMAMENT', 'UN. GENERAL ASSEMBLY (10TH SPECIAL SESS. : 1978)', 'RECOMMENDATIONS']","['DISARMAMENT', 'RECOMMENDATIONS']",['UN. GENERAL ASSEMBLY (10TH SPECIAL SESS. : 1978)'],partial_match
829,281435,https://digitallibrary.un.org/record/281435,A/RES/43/78C,"['DISARMAMENT', 'UN. GENERAL ASSEMBLY (10TH SPECIAL SESS. : 1978)', 'RECOMMENDATIONS']","['DISARMAMENT', 'RECOMMENDATIONS']",['UN. GENERAL ASSEMBLY (10TH SPECIAL SESS. : 1978)'],partial_match
830,281436,https://digitallibrary.un.org/record/281436,A/RES/43/78D,"['DISARMAMENT', 'UN. GENERAL ASSEMBLY (10TH SPECIAL SESS. : 1978)', 'RECOMMENDATIONS']","['DISARMAMENT', 'RECOMMENDATIONS']",['UN. GENERAL ASSEMBLY (10TH SPECIAL SESS. : 1978)'],partial_match
831,281437,https://digitallibrary.un.org/record/281437,A/RES/43/78E,"['DISARMAMENT', 'UN. GENERAL ASSEMBLY (10TH SPECIAL SESS. : 1978)', 'RECOMMENDATIONS']","['DISARMAMENT', 'RECOMMENDATIONS']",['UN. GENERAL ASSEMBLY (10TH SPECIAL SESS. : 1978)'],partial_match
832,281438,https://digitallibrary.un.org/record/281438,A/RES/43/78F,"['DISARMAMENT', 'UN. GENERAL ASSEMBLY (10TH SPECIAL SESS. : 1978)', 'RECOMMENDATIONS']","['DISARMAMENT', 'RECOMMENDATIONS']",['UN. GENERAL ASSEMBLY (10TH SPECIAL SESS. : 1978)'],partial_match
833,281439,https://digitallibrary.un.org/record/281439,A/RES/43/78I,"['DISARMAMENT', 'UN. GENERAL ASSEMBLY (10TH SPECIAL SESS. : 1978)', 'RECOMMENDATIONS']","['DISARMAMENT', 'RECOMMENDATIONS']",['UN. GENERAL ASSEMBLY (10TH SPECIAL SESS. : 1978)'],partial_match
834,281440,https://digitallibrary.un.org/record/281440,A/RES/43/78J,"['DISARMAMENT', 'UN. GENERAL ASSEMBLY (10TH SPECIAL SESS. : 1978)', 'RECOMMENDATIONS']","['DISARMAMENT', 'RECOMMENDATIONS']",['UN. GENERAL ASSEMBLY (10TH SPECIAL SESS. : 1978)'],partial_match
835,281441,https://digitallibrary.un.org/record/281441,A/RES/43/78M,"['DISARMAMENT', 'UN. GENERAL ASSEMBLY (10TH SPECIAL SESS. : 1978)', 'RECOMMENDATIONS']","['DISARMAMENT', 'RECOMMENDATIONS']",['UN. GENERAL ASSEMBLY (10TH SPECIAL SESS. : 1978)'],partial_match
836,281442,https://digitallibrary.un.org/record/281442,A/RES/43/80,"['ISRAEL', 'NUCLEAR WEAPONS']","['ISRAEL', 'NUCLEAR WEAPONS']",[],all_match
837,281443,https://digitallibrary.un.org/record/281443,A/RES/43/81B,['VERIFICATION'],['VERIFICATION'],[],all_match
838,281444,https://digitallibrary.un.org/record/281444,A/RES/43/82,"['NUCLEAR NON-PROLIFERATION', 'CONFERENCES']","['NUCLEAR NON-PROLIFERATION', 'CONFERENCES']",[],all_match
839,281445,https://digitallibrary.un.org/record/281445,A/RES/43/83A,['ANTARCTICA'],['ANTARCTICA'],[],all_match
840,281446,https://digitallibrary.un.org/record/281446,A/RES/43/83B,['ANTARCTICA'],['ANTARCTICA'],[],all_match
841,281447,https://digitallibrary.un.org/record/281447,A/RES/43/86,,[],[],no_subjects
842,281448,https://digitallibrary.un.org/record/281448,A/RES/43/87,,[],[],no_subjects
843,281449,https://digitallibrary.un.org/record/281449,A/RES/43/88,,[],[],no_subjects
844,281450,https://digitallibrary.un.org/record/281450,A/RES/43/89,"['INTERNATIONAL SECURITY', 'COMPREHENSIVE SYSTEM']",['INTERNATIONAL SECURITY'],['COMPREHENSIVE SYSTEM'],partial_match
845,281451,https://digitallibrary.un.org/record/281451,A/RES/43/92,"['SOUTH AFRICA', 'FOREIGN INTERESTS']","['SOUTH AFRICA', 'FOREIGN INTERESTS']",[],all_match
846,281452,https://digitallibrary.un.org/record/281452,A/RES/43/97,['RACIAL DISCRIMINATION'],['RACIAL DISCRIMINATION'],[],all_match
847,281453,https://digitallibrary.un.org/record/281453,A/RES/43/106,['SELF-DETERMINATION OF PEOPLES'],['SELF-DETERMINATION OF PEOPLES'],[],all_match
848,281454,https://digitallibrary.un.org/record/281454,A/RES/43/107,['SELF-DETERMINATION OF PEOPLES'],['SELF-DETERMINATION OF PEOPLES'],[],all_match
849,281455,https://digitallibrary.un.org/record/281455,A/RES/43/110,"['SCIENCE AND TECHNOLOGY', 'HUMAN RIGHTS']","['SCIENCE AND TECHNOLOGY', 'HUMAN RIGHTS']",[],all_match
850,281456,https://digitallibrary.un.org/record/281456,A/RES/43/113,"['HUMAN RIGHTS', 'TREATIES (1966)']",['HUMAN RIGHTS'],['TREATIES (1966)'],partial_match
851,281457,https://digitallibrary.un.org/record/281457,A/RES/43/124,"['HUMAN RIGHTS ADVANCEMENT', 'UN']",['HUMAN RIGHTS ADVANCEMENT'],['UN'],partial_match
852,281458,https://digitallibrary.un.org/record/281458,A/RES/43/125,"['HUMAN RIGHTS ADVANCEMENT', 'UN']",['HUMAN RIGHTS ADVANCEMENT'],['UN'],partial_match
853,281459,https://digitallibrary.un.org/record/281459,A/RES/43/126,"['HUMAN RIGHTS ADVANCEMENT', 'UN']",['HUMAN RIGHTS ADVANCEMENT'],['UN'],partial_match
854,281460,https://digitallibrary.un.org/record/281460,A/RES/43/137,"['UN. ECONOMIC AND SOCIAL COUNCIL', 'REPORTS']",[],"['UN. ECONOMIC AND SOCIAL COUNCIL', 'REPORTS']",no_match
855,281461,https://digitallibrary.un.org/record/281461,A/RES/43/146,"['UN. ECONOMIC AND SOCIAL COUNCIL', 'REPORTS']",[],"['UN. ECONOMIC AND SOCIAL COUNCIL', 'REPORTS']",no_match
856,281462,https://digitallibrary.un.org/record/281462,A/RES/43/156,"['UN. ECONOMIC AND SOCIAL COUNCIL', 'REPORTS']",[],"['UN. ECONOMIC AND SOCIAL COUNCIL', 'REPORTS']",no_match
857,281463,https://digitallibrary.un.org/record/281463,A/RES/43/158,"['UN. ECONOMIC AND SOCIAL COUNCIL', 'REPORTS']",[],"['UN. ECONOMIC AND SOCIAL COUNCIL', 'REPORTS']",no_match
858,281464,https://digitallibrary.un.org/record/281464,A/RES/43/160A,"['NATIONAL LIBERATION MOVEMENTS', 'OBSERVER STATUS']","['NATIONAL LIBERATION MOVEMENTS', 'OBSERVER STATUS']",[],all_match
859,281465,https://digitallibrary.un.org/record/281465,A/RES/43/160B,"['NATIONAL LIBERATION MOVEMENTS', 'OBSERVER STATUS']","['NATIONAL LIBERATION MOVEMENTS', 'OBSERVER STATUS']",[],all_match
860,281466,https://digitallibrary.un.org/record/281466,A/RES/43/162,['NEW INTERNATIONAL ECONOMIC ORDER'],[],['NEW INTERNATIONAL ECONOMIC ORDER'],no_match
861,281467,https://digitallibrary.un.org/record/281467,A/RES/43/163,['DISPUTE SETTLEMENT'],['DISPUTE SETTLEMENT'],[],all_match
862,281468,https://digitallibrary.un.org/record/281468,A/RES/43/164,"['INTERNATIONAL SECURITY', 'CODE OF CRIMES (DRAFT)']",['INTERNATIONAL SECURITY'],['CODE OF CRIMES (DRAFT)'],partial_match
863,281469,https://digitallibrary.un.org/record/281469,A/RES/43/171A,['GOOD NEIGHBOURLINESS'],['GOOD NEIGHBOURLINESS'],[],all_match
864,281470,https://digitallibrary.un.org/record/281470,A/RES/43/171B,['GOOD NEIGHBOURLINESS'],['GOOD NEIGHBOURLINESS'],[],all_match
865,281472,https://digitallibrary.un.org/record/281472,A/RES/43/178,"['UN. ECONOMIC AND SOCIAL COUNCIL', 'REPORTS']",[],"['UN. ECONOMIC AND SOCIAL COUNCIL', 'REPORTS']",no_match
866,281473,https://digitallibrary.un.org/record/281473,A/RES/43/182,"['DEVELOPMENT', 'INTERNATIONAL DECADES (1991-2000)']",['DEVELOPMENT'],['INTERNATIONAL DECADES (1991-2000)'],partial_match
867,281474,https://digitallibrary.un.org/record/281474,A/RES/43/185,['INTERNATIONAL TRADE'],['INTERNATIONAL TRADE'],[],all_match
868,281475,https://digitallibrary.un.org/record/281475,A/RES/43/187,['INTERNATIONAL TRADE'],['INTERNATIONAL TRADE'],[],all_match
869,281476,https://digitallibrary.un.org/record/281476,A/RES/43/195,['DEVELOPMENT TRENDS'],['DEVELOPMENT TRENDS'],[],all_match
870,281477,https://digitallibrary.un.org/record/281477,A/RES/43/197,"['ECONOMIC COOPERATION', 'DEVELOPMENT']","['ECONOMIC COOPERATION', 'DEVELOPMENT']",[],all_match
871,281478,https://digitallibrary.un.org/record/281478,A/RES/43/198,['EXTERNAL DEBT'],['EXTERNAL DEBT'],[],all_match
872,281479,https://digitallibrary.un.org/record/281479,A/RES/43/209,,[],[],no_subjects
873,281480,https://digitallibrary.un.org/record/281480,A/RES/43/222B,['CONFERENCE AND MEETING SERVICES'],['CONFERENCE AND MEETING SERVICES'],[],all_match
874,281481,https://digitallibrary.un.org/record/281481,A/RES/43/228,"['UN DISENGAGEMENT OBSERVER FORCE', 'FINANCING']",['FINANCING'],['UN DISENGAGEMENT OBSERVER FORCE'],partial_match
875,281482,https://digitallibrary.un.org/record/281482,A/RES/43/229,"['UN INTERIM FORCE IN LEBANON', 'FINANCING']",['FINANCING'],['UN INTERIM FORCE IN LEBANON'],partial_match
876,281673,https://digitallibrary.un.org/record/281673,A/RES/43/175A,['PALESTINE QUESTION'],['PALESTINE QUESTION'],[],all_match
877,281674,https://digitallibrary.un.org/record/281674,A/RES/43/175B,['PALESTINE QUESTION'],['PALESTINE QUESTION'],[],all_match
878,281675,https://digitallibrary.un.org/record/281675,A/RES/43/175C,['PALESTINE QUESTION'],['PALESTINE QUESTION'],[],all_match
879,281676,https://digitallibrary.un.org/record/281676,A/RES/43/176,['PALESTINE QUESTION'],['PALESTINE QUESTION'],[],all_match
880,281677,https://digitallibrary.un.org/record/281677,A/RES/43/177,['PALESTINE QUESTION'],['PALESTINE QUESTION'],[],all_match
881,281687,https://digitallibrary.un.org/record/281687,A/RES/43/233,['PALESTINE QUESTION'],['PALESTINE QUESTION'],[],all_match
882,281697,https://digitallibrary.un.org/record/281697,A/RES/44/1,['APARTHEID'],['APARTHEID'],[],all_match
883,281698,https://digitallibrary.un.org/record/281698,A/RES/44/2,['PALESTINE QUESTION'],['PALESTINE QUESTION'],[],all_match
884,281699,https://digitallibrary.un.org/record/281699,A/RES/44/7,"['LEAGUE OF ARAB STATES', 'UN']",[],"['LEAGUE OF ARAB STATES', 'UN']",no_match
885,281700,https://digitallibrary.un.org/record/281700,A/RES/44/9,['COMORIAN ISLAND OF MAYOTTE'],['COMORIAN ISLAND OF MAYOTTE'],[],all_match
886,281702,https://digitallibrary.un.org/record/281702,A/RES/44/18,['CULTURAL PROPERTY RESTITUTION'],['CULTURAL PROPERTY RESTITUTION'],[],all_match
887,281706,https://digitallibrary.un.org/record/281706,A/RES/44/20,"['SOUTH ATLANTIC OCEAN REGION', 'ZONES OF PEACE']","['SOUTH ATLANTIC OCEAN REGION', 'ZONES OF PEACE']",[],all_match
888,281707,https://digitallibrary.un.org/record/281707,A/RES/44/22,['KAMPUCHEA SITUATION'],[],['KAMPUCHEA SITUATION'],no_match
889,281708,https://digitallibrary.un.org/record/281708,A/RES/44/24,"['AFRICA', 'STRUCTURAL ADJUSTMENT']","['AFRICA', 'STRUCTURAL ADJUSTMENT']",[],all_match
890,281709,https://digitallibrary.un.org/record/281709,A/RES/44/26,['LAW OF THE SEA'],['LAW OF THE SEA'],[],all_match
891,281710,https://digitallibrary.un.org/record/281710,A/RES/44/27A,['APARTHEID'],['APARTHEID'],[],all_match
892,281711,https://digitallibrary.un.org/record/281711,A/RES/44/27C,['APARTHEID'],['APARTHEID'],[],all_match
893,281712,https://digitallibrary.un.org/record/281712,A/RES/44/27D,['APARTHEID'],['APARTHEID'],[],all_match
894,281713,https://digitallibrary.un.org/record/281713,A/RES/44/27E,['APARTHEID'],['APARTHEID'],[],all_match
895,281714,https://digitallibrary.un.org/record/281714,A/RES/44/27F,['APARTHEID'],['APARTHEID'],[],all_match
896,281715,https://digitallibrary.un.org/record/281715,A/RES/44/27G,['APARTHEID'],['APARTHEID'],[],all_match
897,281716,https://digitallibrary.un.org/record/281716,A/RES/44/27H,['APARTHEID'],['APARTHEID'],[],all_match
898,281717,https://digitallibrary.un.org/record/281717,A/RES/44/27I,['APARTHEID'],['APARTHEID'],[],all_match
899,281718,https://digitallibrary.un.org/record/281718,A/RES/44/27K,['APARTHEID'],['APARTHEID'],[],all_match
900,281719,https://digitallibrary.un.org/record/281719,A/RES/44/27L,['APARTHEID'],['APARTHEID'],[],all_match
901,281720,https://digitallibrary.un.org/record/281720,A/RES/44/30,['NEW INTERNATIONAL ECONOMIC ORDER'],[],['NEW INTERNATIONAL ECONOMIC ORDER'],no_match
902,281721,https://digitallibrary.un.org/record/281721,A/RES/44/31,['DISPUTE SETTLEMENT'],['DISPUTE SETTLEMENT'],[],all_match
903,281722,https://digitallibrary.un.org/record/281722,A/RES/44/32,"['INTERNATIONAL SECURITY', 'CODES OF CRIMES']",['INTERNATIONAL SECURITY'],['CODES OF CRIMES'],partial_match
904,281723,https://digitallibrary.un.org/record/281723,A/RES/44/40A,['MIDDLE EAST SITUATION'],['MIDDLE EAST SITUATION'],[],all_match
905,281725,https://digitallibrary.un.org/record/281725,A/RES/44/40B,['MIDDLE EAST SITUATION'],['MIDDLE EAST SITUATION'],[],all_match
906,281726,https://digitallibrary.un.org/record/281726,A/RES/44/40C,['MIDDLE EAST SITUATION'],['MIDDLE EAST SITUATION'],[],all_match
907,281727,https://digitallibrary.un.org/record/281727,A/RES/44/41A,['PALESTINE QUESTION'],['PALESTINE QUESTION'],[],all_match
908,281728,https://digitallibrary.un.org/record/281728,A/RES/44/41B,['PALESTINE QUESTION'],['PALESTINE QUESTION'],[],all_match
909,281729,https://digitallibrary.un.org/record/281729,A/RES/44/41C,['PALESTINE QUESTION'],['PALESTINE QUESTION'],[],all_match
910,281730,https://digitallibrary.un.org/record/281730,A/RES/44/42,['PALESTINE QUESTION'],['PALESTINE QUESTION'],[],all_match
911,281731,https://digitallibrary.un.org/record/281731,A/RES/44/43,"['NICARAGUA', 'UNITED STATES']","['NICARAGUA', 'UNITED STATES']",[],all_match
912,281732,https://digitallibrary.un.org/record/281732,A/RES/44/47A,"['UNRWA', 'ACTIVITIES']",['ACTIVITIES'],['UNRWA'],partial_match
913,281733,https://digitallibrary.un.org/record/281733,A/RES/44/47D,"['UNRWA', 'ACTIVITIES']",['ACTIVITIES'],['UNRWA'],partial_match
914,281734,https://digitallibrary.un.org/record/281734,A/RES/44/47E,"['UNRWA', 'ACTIVITIES']",['ACTIVITIES'],['UNRWA'],partial_match
915,281735,https://digitallibrary.un.org/record/281735,A/RES/44/47F,"['UNRWA', 'ACTIVITIES']",['ACTIVITIES'],['UNRWA'],partial_match
916,281736,https://digitallibrary.un.org/record/281736,A/RES/44/47G,"['UNRWA', 'ACTIVITIES']",['ACTIVITIES'],['UNRWA'],partial_match
917,281737,https://digitallibrary.un.org/record/281737,A/RES/44/47H,"['UNRWA', 'ACTIVITIES']",['ACTIVITIES'],['UNRWA'],partial_match
918,281738,https://digitallibrary.un.org/record/281738,A/RES/44/47I,"['UNRWA', 'ACTIVITIES']",['ACTIVITIES'],['UNRWA'],partial_match
919,281739,https://digitallibrary.un.org/record/281739,A/RES/44/47J,"['UNRWA', 'ACTIVITIES']",['ACTIVITIES'],['UNRWA'],partial_match
920,281740,https://digitallibrary.un.org/record/281740,A/RES/44/47K,"['UNRWA', 'ACTIVITIES']",['ACTIVITIES'],['UNRWA'],partial_match
921,281741,https://digitallibrary.un.org/record/281741,A/RES/44/48A,"['TERRITORIES OCCUPIED BY ISRAEL', 'HUMAN RIGHTS', 'REPORTS']","['TERRITORIES OCCUPIED BY ISRAEL', 'HUMAN RIGHTS']",['REPORTS'],partial_match
922,281742,https://digitallibrary.un.org/record/281742,A/RES/44/48B,"['TERRITORIES OCCUPIED BY ISRAEL', 'HUMAN RIGHTS', 'REPORTS']","['TERRITORIES OCCUPIED BY ISRAEL', 'HUMAN RIGHTS']",['REPORTS'],partial_match
923,281743,https://digitallibrary.un.org/record/281743,A/RES/44/48C,"['TERRITORIES OCCUPIED BY ISRAEL', 'HUMAN RIGHTS', 'REPORTS']","['TERRITORIES OCCUPIED BY ISRAEL', 'HUMAN RIGHTS']",['REPORTS'],partial_match
924,281744,https://digitallibrary.un.org/record/281744,A/RES/44/48D,"['TERRITORIES OCCUPIED BY ISRAEL', 'HUMAN RIGHTS', 'REPORTS']","['TERRITORIES OCCUPIED BY ISRAEL', 'HUMAN RIGHTS']",['REPORTS'],partial_match
925,281746,https://digitallibrary.un.org/record/281746,A/RES/44/48E,"['TERRITORIES OCCUPIED BY ISRAEL', 'HUMAN RIGHTS', 'REPORTS']","['TERRITORIES OCCUPIED BY ISRAEL', 'HUMAN RIGHTS']",['REPORTS'],partial_match
926,281747,https://digitallibrary.un.org/record/281747,A/RES/44/48F,"['TERRITORIES OCCUPIED BY ISRAEL', 'HUMAN RIGHTS', 'REPORTS']","['TERRITORIES OCCUPIED BY ISRAEL', 'HUMAN RIGHTS']",['REPORTS'],partial_match
927,281748,https://digitallibrary.un.org/record/281748,A/RES/44/48G,"['TERRITORIES OCCUPIED BY ISRAEL', 'HUMAN RIGHTS', 'REPORTS']","['TERRITORIES OCCUPIED BY ISRAEL', 'HUMAN RIGHTS']",['REPORTS'],partial_match
928,281749,https://digitallibrary.un.org/record/281749,A/RES/44/50,['INFORMATION'],['INFORMATION'],[],all_match
929,281750,https://digitallibrary.un.org/record/281750,A/RES/44/56,,[],[],no_subjects
930,281751,https://digitallibrary.un.org/record/281751,A/RES/44/63,"['HUMAN RIGHTS ADVANCEMENT', 'UN SYSTEM']",['HUMAN RIGHTS ADVANCEMENT'],['UN SYSTEM'],partial_match
931,281752,https://digitallibrary.un.org/record/281752,A/RES/44/69,['RACIAL DISCRIMINATION'],['RACIAL DISCRIMINATION'],[],all_match
932,281753,https://digitallibrary.un.org/record/281753,A/RES/44/79,['SELF-DETERMINATION OF PEOPLES'],['SELF-DETERMINATION OF PEOPLES'],[],all_match
933,281754,https://digitallibrary.un.org/record/281754,A/RES/44/81,['SELF-DETERMINATION OF PEOPLES'],['SELF-DETERMINATION OF PEOPLES'],[],all_match
934,281755,https://digitallibrary.un.org/record/281755,A/RES/44/83,"['NON-SELF-GOVERNING TERRITORIES', 'REPORTS']",['NON-SELF-GOVERNING TERRITORIES'],['REPORTS'],partial_match
935,281756,https://digitallibrary.un.org/record/281756,A/RES/44/84,"['DECOLONIZATION', 'FOREIGN INTERESTS']","['DECOLONIZATION', 'FOREIGN INTERESTS']",[],all_match
936,281757,https://digitallibrary.un.org/record/281757,A/RES/44/85,"['DECOLONIZATION', 'UN SYSTEM', 'UN. ECONOMIC AND SOCIAL COUNCIL', 'REPORTS']",['DECOLONIZATION'],"['UN SYSTEM', 'UN. ECONOMIC AND SOCIAL COUNCIL', 'REPORTS']",partial_match
937,281758,https://digitallibrary.un.org/record/281758,A/RES/44/100,['DECOLONIZATION'],['DECOLONIZATION'],[],all_match
938,281759,https://digitallibrary.un.org/record/281759,A/RES/44/101,['DECOLONIZATION'],['DECOLONIZATION'],[],all_match
939,281760,https://digitallibrary.un.org/record/281760,A/RES/44/102,['DECOLONIZATION'],['DECOLONIZATION'],[],all_match
940,281761,https://digitallibrary.un.org/record/281761,A/RES/44/104,"['LATIN AMERICA AND THE CARIBBEAN', 'NUCLEAR-WEAPON-FREE ZONES']","['LATIN AMERICA AND THE CARIBBEAN', 'NUCLEAR-WEAPON-FREE ZONES']",[],all_match
941,281762,https://digitallibrary.un.org/record/281762,A/RES/44/105,['NUCLEAR WEAPON TESTS'],['NUCLEAR WEAPON TESTS'],[],all_match
942,281763,https://digitallibrary.un.org/record/281763,A/RES/44/106,"['NUCLEAR WEAPON TESTS', 'TREATIES', 'AMENDMENTS']","['NUCLEAR WEAPON TESTS', 'TREATIES']",['AMENDMENTS'],partial_match
943,281764,https://digitallibrary.un.org/record/281764,A/RES/44/107,"['NUCLEAR WEAPON TESTS', 'TREATIES']","['NUCLEAR WEAPON TESTS', 'TREATIES']",[],all_match
944,281766,https://digitallibrary.un.org/record/281766,A/RES/44/109,"['SOUTH ASIA', 'NUCLEAR-WEAPON-FREE ZONES']","['SOUTH ASIA', 'NUCLEAR-WEAPON-FREE ZONES']",[],all_match
945,281767,https://digitallibrary.un.org/record/281767,A/RES/44/110,"['NON-NUCLEAR-WEAPON STATES', 'SECURITY']",['NON-NUCLEAR-WEAPON STATES'],['SECURITY'],partial_match
946,281768,https://digitallibrary.un.org/record/281768,A/RES/44/111,"['NON-NUCLEAR-WEAPON STATES', 'SECURITY ASSURANCES']","['NON-NUCLEAR-WEAPON STATES', 'SECURITY ASSURANCES']",[],all_match
947,281769,https://digitallibrary.un.org/record/281769,A/RES/44/112,"['OUTER SPACE', 'ARMS RACE']","['OUTER SPACE', 'ARMS RACE']",[],all_match
948,281770,https://digitallibrary.un.org/record/281770,A/RES/44/113A,"['AFRICA', 'NUCLEAR-WEAPON-FREE ZONES']","['AFRICA', 'NUCLEAR-WEAPON-FREE ZONES']",[],all_match
949,281771,https://digitallibrary.un.org/record/281771,A/RES/44/113B,"['AFRICA', 'NUCLEAR-WEAPON-FREE ZONES']","['AFRICA', 'NUCLEAR-WEAPON-FREE ZONES']",[],all_match
950,281772,https://digitallibrary.un.org/record/281772,A/RES/44/114A,['MILITARY BUDGETS'],['MILITARY BUDGETS'],[],all_match
951,281773,https://digitallibrary.un.org/record/281773,A/RES/44/114B,['MILITARY BUDGETS'],['MILITARY BUDGETS'],[],all_match
952,281774,https://digitallibrary.un.org/record/281774,A/RES/44/116A,"['DISARMAMENT', 'GENERAL AND COMPLETE']",['DISARMAMENT'],['GENERAL AND COMPLETE'],partial_match
953,281775,https://digitallibrary.un.org/record/281775,A/RES/44/116B,"['DISARMAMENT', 'GENERAL AND COMPLETE']",['DISARMAMENT'],['GENERAL AND COMPLETE'],partial_match
954,281776,https://digitallibrary.un.org/record/281776,A/RES/44/116E,"['DISARMAMENT', 'GENERAL AND COMPLETE']",['DISARMAMENT'],['GENERAL AND COMPLETE'],partial_match
955,281777,https://digitallibrary.un.org/record/281777,A/RES/44/116G,"['DISARMAMENT', 'GENERAL AND COMPLETE']",['DISARMAMENT'],['GENERAL AND COMPLETE'],partial_match
956,281778,https://digitallibrary.un.org/record/281778,A/RES/44/116H,"['DISARMAMENT', 'GENERAL AND COMPLETE']",['DISARMAMENT'],['GENERAL AND COMPLETE'],partial_match
957,281779,https://digitallibrary.un.org/record/281779,A/RES/44/116J,"['DISARMAMENT', 'GENERAL AND COMPLETE']",['DISARMAMENT'],['GENERAL AND COMPLETE'],partial_match
958,281780,https://digitallibrary.un.org/record/281780,A/RES/44/116K,"['DISARMAMENT', 'GENERAL AND COMPLETE']",['DISARMAMENT'],['GENERAL AND COMPLETE'],partial_match
959,281781,https://digitallibrary.un.org/record/281781,A/RES/44/116M,"['DISARMAMENT', 'GENERAL AND COMPLETE']",['DISARMAMENT'],['GENERAL AND COMPLETE'],partial_match
960,281782,https://digitallibrary.un.org/record/281782,A/RES/44/116N,"['DISARMAMENT', 'GENERAL AND COMPLETE']",['DISARMAMENT'],['GENERAL AND COMPLETE'],partial_match
961,281783,https://digitallibrary.un.org/record/281783,A/RES/44/116P,"['DISARMAMENT', 'GENERAL AND COMPLETE']",['DISARMAMENT'],['GENERAL AND COMPLETE'],partial_match
962,281784,https://digitallibrary.un.org/record/281784,A/RES/44/116R,"['DISARMAMENT', 'GENERAL AND COMPLETE']",['DISARMAMENT'],['GENERAL AND COMPLETE'],partial_match
963,281785,https://digitallibrary.un.org/record/281785,A/RES/44/116S,"['DISARMAMENT', 'GENERAL AND COMPLETE']",['DISARMAMENT'],['GENERAL AND COMPLETE'],partial_match
964,281786,https://digitallibrary.un.org/record/281786,A/RES/44/117A,"['DISARMAMENT', 'UN. GENERAL ASSEMBLY (12TH SPECIAL SESS. : 1982)', 'RECOMMENDATIONS']","['DISARMAMENT', 'RECOMMENDATIONS']",['UN. GENERAL ASSEMBLY (12TH SPECIAL SESS. : 1982)'],partial_match
965,281787,https://digitallibrary.un.org/record/281787,A/RES/44/117C,"['DISARMAMENT', 'UN. GENERAL ASSEMBLY (12TH SPECIAL SESS. : 1982)', 'RECOMMENDATIONS']","['DISARMAMENT', 'RECOMMENDATIONS']",['UN. GENERAL ASSEMBLY (12TH SPECIAL SESS. : 1982)'],partial_match
966,281788,https://digitallibrary.un.org/record/281788,A/RES/44/117D,"['DISARMAMENT', 'UN. GENERAL ASSEMBLY (12TH SPECIAL SESS. : 1982)', 'RECOMMENDATIONS']","['DISARMAMENT', 'RECOMMENDATIONS']",['UN. GENERAL ASSEMBLY (12TH SPECIAL SESS. : 1982)'],partial_match
967,281789,https://digitallibrary.un.org/record/281789,A/RES/44/117F,"['DISARMAMENT', 'UN. GENERAL ASSEMBLY (12TH SPECIAL SESS. : 1982)', 'RECOMMENDATIONS']","['DISARMAMENT', 'RECOMMENDATIONS']",['UN. GENERAL ASSEMBLY (12TH SPECIAL SESS. : 1982)'],partial_match
968,281790,https://digitallibrary.un.org/record/281790,A/RES/44/118A,"['SCIENCE AND TECHNOLOGY', 'INTERNATIONAL SECURITY']","['SCIENCE AND TECHNOLOGY', 'INTERNATIONAL SECURITY']",[],all_match
969,281791,https://digitallibrary.un.org/record/281791,A/RES/44/118B,"['SCIENCE AND TECHNOLOGY', 'INTERNATIONAL SECURITY']","['SCIENCE AND TECHNOLOGY', 'INTERNATIONAL SECURITY']",[],all_match
970,281792,https://digitallibrary.un.org/record/281792,A/RES/44/119A,"['DISARMAMENT', 'UN. GENERAL ASSEMBLY (10TH SPECIAL SESS. : 1978)', 'RECOMMENDATIONS']","['DISARMAMENT', 'RECOMMENDATIONS']",['UN. GENERAL ASSEMBLY (10TH SPECIAL SESS. : 1978)'],partial_match
971,281793,https://digitallibrary.un.org/record/281793,A/RES/44/119B,"['DISARMAMENT', 'UN. GENERAL ASSEMBLY (10TH SPECIAL SESS. : 1978)', 'RECOMMENDATIONS']","['DISARMAMENT', 'RECOMMENDATIONS']",['UN. GENERAL ASSEMBLY (10TH SPECIAL SESS. : 1978)'],partial_match
972,281794,https://digitallibrary.un.org/record/281794,A/RES/44/119D,"['DISARMAMENT', 'UN. GENERAL ASSEMBLY (10TH SPECIAL SESS. : 1978)', 'RECOMMENDATIONS']","['DISARMAMENT', 'RECOMMENDATIONS']",['UN. GENERAL ASSEMBLY (10TH SPECIAL SESS. : 1978)'],partial_match
973,281795,https://digitallibrary.un.org/record/281795,A/RES/44/119E,"['DISARMAMENT', 'UN. GENERAL ASSEMBLY (10TH SPECIAL SESS. : 1978)', 'RECOMMENDATIONS']","['DISARMAMENT', 'RECOMMENDATIONS']",['UN. GENERAL ASSEMBLY (10TH SPECIAL SESS. : 1978)'],partial_match
974,281796,https://digitallibrary.un.org/record/281796,A/RES/44/119F,"['DISARMAMENT', 'UN. GENERAL ASSEMBLY (10TH SPECIAL SESS. : 1978)', 'RECOMMENDATIONS']","['DISARMAMENT', 'RECOMMENDATIONS']",['UN. GENERAL ASSEMBLY (10TH SPECIAL SESS. : 1978)'],partial_match
975,281797,https://digitallibrary.un.org/record/281797,A/RES/44/120,"['INDIAN OCEAN', 'ZONES OF PEACE']","['INDIAN OCEAN', 'ZONES OF PEACE']",[],all_match
976,281798,https://digitallibrary.un.org/record/281798,A/RES/44/121,"['ISRAEL', 'NUCLEAR WEAPONS']","['ISRAEL', 'NUCLEAR WEAPONS']",[],all_match
977,281799,https://digitallibrary.un.org/record/281799,A/RES/44/123,['DISARMAMENT EDUCATION'],['DISARMAMENT EDUCATION'],[],all_match
978,281800,https://digitallibrary.un.org/record/281800,A/RES/44/126,"['INTERNATIONAL SECURITY', 'DECLARATIONS (1970)']",['INTERNATIONAL SECURITY'],['DECLARATIONS (1970)'],partial_match
979,281801,https://digitallibrary.un.org/record/281801,A/RES/44/128,"['HUMAN RIGHTS', 'TREATIES (1966)']",['HUMAN RIGHTS'],['TREATIES (1966)'],partial_match
980,281802,https://digitallibrary.un.org/record/281802,A/RES/44/130,"['HUMAN RIGHTS', 'TREATIES (1966)']",['HUMAN RIGHTS'],['TREATIES (1966)'],partial_match
981,281803,https://digitallibrary.un.org/record/281803,A/RES/44/147,['ELECTIONS'],['ELECTIONS'],[],all_match
982,281804,https://digitallibrary.un.org/record/281804,A/RES/44/166,"['UN. ECONOMIC AND SOCIAL COUNCIL', 'REPORTS']",[],"['UN. ECONOMIC AND SOCIAL COUNCIL', 'REPORTS']",no_match
983,281805,https://digitallibrary.un.org/record/281805,A/RES/44/167,"['UN. ECONOMIC AND SOCIAL COUNCIL', 'REPORTS']",[],"['UN. ECONOMIC AND SOCIAL COUNCIL', 'REPORTS']",no_match
984,281806,https://digitallibrary.un.org/record/281806,A/RES/44/168,"['ANGOLA', 'ECONOMIC ASSISTANCE']","['ANGOLA', 'ECONOMIC ASSISTANCE']",[],all_match
985,281807,https://digitallibrary.un.org/record/281807,A/RES/44/170,['ECONOMIC RIGHTS AND DUTIES OF STATES'],['ECONOMIC RIGHTS AND DUTIES OF STATES'],[],all_match
986,281808,https://digitallibrary.un.org/record/281808,A/RES/44/174,['HUMAN SETTLEMENTS'],['HUMAN SETTLEMENTS'],[],all_match
987,281809,https://digitallibrary.un.org/record/281809,A/RES/44/181,['DISASTER RELIEF'],['DISASTER RELIEF'],[],all_match
988,281810,https://digitallibrary.un.org/record/281810,A/RES/44/205,['EXTERNAL DEBT'],['EXTERNAL DEBT'],[],all_match
989,281811,https://digitallibrary.un.org/record/281811,A/RES/44/214,['INTERNATIONAL TRADE'],['INTERNATIONAL TRADE'],[],all_match
990,281812,https://digitallibrary.un.org/record/281812,A/RES/44/215,['INTERNATIONAL TRADE'],['INTERNATIONAL TRADE'],[],all_match
991,281813,https://digitallibrary.un.org/record/281813,A/RES/44/217,['INTERNATIONAL TRADE'],['INTERNATIONAL TRADE'],[],all_match
992,281814,https://digitallibrary.un.org/record/281814,A/RES/44/218,['INTERNATIONAL TRADE'],['INTERNATIONAL TRADE'],[],all_match
993,281815,https://digitallibrary.un.org/record/281815,A/RES/44/232,"['UN. ECONOMIC AND SOCIAL COUNCIL', 'REPORTS']",[],"['UN. ECONOMIC AND SOCIAL COUNCIL', 'REPORTS']",no_match
994,281816,https://digitallibrary.un.org/record/281816,A/RES/44/235,"['UN. ECONOMIC AND SOCIAL COUNCIL', 'REPORTS']",[],"['UN. ECONOMIC AND SOCIAL COUNCIL', 'REPORTS']",no_match
995,281817,https://digitallibrary.un.org/record/281817,A/RES/44/240,['CENTRAL AMERICA SITUATION'],['CENTRAL AMERICA SITUATION'],[],all_match
996,282037,https://digitallibrary.un.org/record/282037,A/RES/44/124A,['ANTARCTICA'],['ANTARCTICA'],[],all_match
997,282038,https://digitallibrary.un.org/record/282038,A/RES/44/124B,['ANTARCTICA'],['ANTARCTICA'],[],all_match
998,282055,https://digitallibrary.un.org/record/282055,A/RES/S-14/1,['NAMIBIA QUESTION'],['NAMIBIA QUESTION'],[],all_match
999,282083,https://digitallibrary.un.org/record/282083,A/RES/45/11,['COMORIAN ISLAND OF MAYOTTE'],['COMORIAN ISLAND OF MAYOTTE'],[],all_match
1000,282086,https://digitallibrary.un.org/record/282086,A/RES/45/16,"['NON-SELF-GOVERNING TERRITORIES', 'REPORTS']",['NON-SELF-GOVERNING TERRITORIES'],['REPORTS'],partial_match
1001,282087,https://digitallibrary.un.org/record/282087,A/RES/45/17,"['DECOLONIZATION', 'FOREIGN INTERESTS']","['DECOLONIZATION', 'FOREIGN INTERESTS']",[],all_match
1002,282088,https://digitallibrary.un.org/record/282088,A/RES/45/18,"['DECOLONIZATION', 'UN SYSTEM', 'UN. ECONOMIC AND SOCIAL COUNCIL', 'REPORTS']",['DECOLONIZATION'],"['UN SYSTEM', 'UN. ECONOMIC AND SOCIAL COUNCIL', 'REPORTS']",partial_match
1003,282089,https://digitallibrary.un.org/record/282089,A/RES/45/33,['DECOLONIZATION'],['DECOLONIZATION'],[],all_match
1004,282090,https://digitallibrary.un.org/record/282090,A/RES/45/34,['DECOLONIZATION'],['DECOLONIZATION'],[],all_match
1005,282091,https://digitallibrary.un.org/record/282091,A/RES/45/35,['DECOLONIZATION'],['DECOLONIZATION'],[],all_match
1006,282092,https://digitallibrary.un.org/record/282092,A/RES/45/37,"['NATIONAL LIBERATION MOVEMENTS', 'OBSERVER STATUS']","['NATIONAL LIBERATION MOVEMENTS', 'OBSERVER STATUS']",[],all_match
1007,282093,https://digitallibrary.un.org/record/282093,A/RES/45/39,"[""DIPLOMATS' SECURITY""]","[""DIPLOMATS' SECURITY""]",[],all_match
1008,282094,https://digitallibrary.un.org/record/282094,A/RES/45/44,"['UN CHARTER', 'REPORTS']",[],"['UN CHARTER', 'REPORTS']",no_match
1009,282095,https://digitallibrary.un.org/record/282095,A/RES/45/45,"['UN CHARTER', 'REPORTS']",[],"['UN CHARTER', 'REPORTS']",no_match
1010,282096,https://digitallibrary.un.org/record/282096,A/RES/45/36,"['SOUTH ATLANTIC OCEAN REGION', 'ZONES OF PEACE']","['SOUTH ATLANTIC OCEAN REGION', 'ZONES OF PEACE']",[],all_match
1011,282097,https://digitallibrary.un.org/record/282097,A/RES/45/32,['DECOLONIZATION'],['DECOLONIZATION'],[],all_match
1012,282102,https://digitallibrary.un.org/record/282102,A/RES/45/48,"['LATIN AMERICA AND THE CARIBBEAN', 'NUCLEAR-WEAPON-FREE ZONES']","['LATIN AMERICA AND THE CARIBBEAN', 'NUCLEAR-WEAPON-FREE ZONES']",[],all_match
1013,282103,https://digitallibrary.un.org/record/282103,A/RES/45/49,['NUCLEAR WEAPON TESTS'],['NUCLEAR WEAPON TESTS'],[],all_match
1014,282104,https://digitallibrary.un.org/record/282104,A/RES/45/50,"['NUCLEAR WEAPON TESTS', 'TREATIES', 'AMENDMENTS']","['NUCLEAR WEAPON TESTS', 'TREATIES']",['AMENDMENTS'],partial_match
1015,282105,https://digitallibrary.un.org/record/282105,A/RES/45/51,"['NUCLEAR WEAPON TESTS', 'TREATIES']","['NUCLEAR WEAPON TESTS', 'TREATIES']",[],all_match
1016,282106,https://digitallibrary.un.org/record/282106,A/RES/45/53,"['SOUTH ASIA', 'NUCLEAR-WEAPON-FREE ZONES']","['SOUTH ASIA', 'NUCLEAR-WEAPON-FREE ZONES']",[],all_match
1017,282107,https://digitallibrary.un.org/record/282107,A/RES/45/54,"['NON-NUCLEAR-WEAPON STATES', 'SECURITY ASSURANCES']","['NON-NUCLEAR-WEAPON STATES', 'SECURITY ASSURANCES']",[],all_match
1018,282108,https://digitallibrary.un.org/record/282108,A/RES/45/55A,"['OUTER SPACE', 'ARMS RACE']","['OUTER SPACE', 'ARMS RACE']",[],all_match
1019,282109,https://digitallibrary.un.org/record/282109,A/RES/45/55B,"['OUTER SPACE', 'ARMS RACE']","['OUTER SPACE', 'ARMS RACE']",[],all_match
1020,282110,https://digitallibrary.un.org/record/282110,A/RES/45/56A,"['AFRICA', 'NUCLEAR-WEAPON-FREE ZONES']","['AFRICA', 'NUCLEAR-WEAPON-FREE ZONES']",[],all_match
1021,282111,https://digitallibrary.un.org/record/282111,A/RES/45/56B,"['AFRICA', 'NUCLEAR-WEAPON-FREE ZONES']","['AFRICA', 'NUCLEAR-WEAPON-FREE ZONES']",[],all_match
1022,282112,https://digitallibrary.un.org/record/282112,A/RES/45/58B,"['DISARMAMENT', 'GENERAL AND COMPLETE']",['DISARMAMENT'],['GENERAL AND COMPLETE'],partial_match
1023,282113,https://digitallibrary.un.org/record/282113,A/RES/45/58H,"['DISARMAMENT', 'GENERAL AND COMPLETE']",['DISARMAMENT'],['GENERAL AND COMPLETE'],partial_match
1024,282114,https://digitallibrary.un.org/record/282114,A/RES/45/58J,"['DISARMAMENT', 'GENERAL AND COMPLETE']",['DISARMAMENT'],['GENERAL AND COMPLETE'],partial_match
1025,282115,https://digitallibrary.un.org/record/282115,A/RES/45/58K,"['DISARMAMENT', 'GENERAL AND COMPLETE']",['DISARMAMENT'],['GENERAL AND COMPLETE'],partial_match
1026,282116,https://digitallibrary.un.org/record/282116,A/RES/45/58L,"['DISARMAMENT', 'GENERAL AND COMPLETE']",['DISARMAMENT'],['GENERAL AND COMPLETE'],partial_match
1027,282117,https://digitallibrary.un.org/record/282117,A/RES/45/58N,"['DISARMAMENT', 'GENERAL AND COMPLETE']",['DISARMAMENT'],['GENERAL AND COMPLETE'],partial_match
1028,282118,https://digitallibrary.un.org/record/282118,A/RES/45/58O,"['DISARMAMENT', 'GENERAL AND COMPLETE']",['DISARMAMENT'],['GENERAL AND COMPLETE'],partial_match
1029,282119,https://digitallibrary.un.org/record/282119,A/RES/45/58P,"['DISARMAMENT', 'GENERAL AND COMPLETE']",['DISARMAMENT'],['GENERAL AND COMPLETE'],partial_match
1030,282120,https://digitallibrary.un.org/record/282120,A/RES/45/59B,"['DISARMAMENT', 'UN. GENERAL ASSEMBLY (12TH SPECIAL SESS. : 1982)', 'RECOMMENDATIONS']","['DISARMAMENT', 'RECOMMENDATIONS']",['UN. GENERAL ASSEMBLY (12TH SPECIAL SESS. : 1982)'],partial_match
1031,282121,https://digitallibrary.un.org/record/282121,A/RES/45/59D,"['DISARMAMENT', 'UN. GENERAL ASSEMBLY (12TH SPECIAL SESS. : 1982)', 'RECOMMENDATIONS']","['DISARMAMENT', 'RECOMMENDATIONS']",['UN. GENERAL ASSEMBLY (12TH SPECIAL SESS. : 1982)'],partial_match
1032,282122,https://digitallibrary.un.org/record/282122,A/RES/45/60,"['SCIENCE AND TECHNOLOGY', 'INTERNATIONAL SECURITY']","['SCIENCE AND TECHNOLOGY', 'INTERNATIONAL SECURITY']",[],all_match
1033,282123,https://digitallibrary.un.org/record/282123,A/RES/45/62C,"['DISARMAMENT', 'UN. GENERAL ASSEMBLY (10TH SPECIAL SESS. : 1978)', 'RECOMMENDATIONS']","['DISARMAMENT', 'RECOMMENDATIONS']",['UN. GENERAL ASSEMBLY (10TH SPECIAL SESS. : 1978)'],partial_match
1034,282124,https://digitallibrary.un.org/record/282124,A/RES/45/62D,"['DISARMAMENT', 'UN. GENERAL ASSEMBLY (10TH SPECIAL SESS. : 1978)', 'RECOMMENDATIONS']","['DISARMAMENT', 'RECOMMENDATIONS']",['UN. GENERAL ASSEMBLY (10TH SPECIAL SESS. : 1978)'],partial_match
1035,282125,https://digitallibrary.un.org/record/282125,A/RES/45/62E,"['DISARMAMENT', 'UN. GENERAL ASSEMBLY (10TH SPECIAL SESS. : 1978)', 'RECOMMENDATIONS']","['DISARMAMENT', 'RECOMMENDATIONS']",['UN. GENERAL ASSEMBLY (10TH SPECIAL SESS. : 1978)'],partial_match
1036,282126,https://digitallibrary.un.org/record/282126,A/RES/45/63,"['ISRAEL', 'NUCLEAR WEAPONS']","['ISRAEL', 'NUCLEAR WEAPONS']",[],all_match
1037,282127,https://digitallibrary.un.org/record/282127,A/RES/45/67A,['PALESTINE QUESTION'],['PALESTINE QUESTION'],[],all_match
1038,282128,https://digitallibrary.un.org/record/282128,A/RES/45/67B,['PALESTINE QUESTION'],['PALESTINE QUESTION'],[],all_match
1039,282129,https://digitallibrary.un.org/record/282129,A/RES/45/67C,['PALESTINE QUESTION'],['PALESTINE QUESTION'],[],all_match
1040,282130,https://digitallibrary.un.org/record/282130,A/RES/45/68,['PALESTINE QUESTION'],['PALESTINE QUESTION'],[],all_match
1041,282131,https://digitallibrary.un.org/record/282131,A/RES/45/69,['PALESTINE QUESTION'],['PALESTINE QUESTION'],[],all_match
1042,282135,https://digitallibrary.un.org/record/282135,A/RES/45/73A,"['UNRWA', 'ACTIVITIES']",['ACTIVITIES'],['UNRWA'],partial_match
1043,282136,https://digitallibrary.un.org/record/282136,A/RES/45/73D,"['UNRWA', 'ACTIVITIES']",['ACTIVITIES'],['UNRWA'],partial_match
1044,282137,https://digitallibrary.un.org/record/282137,A/RES/45/73E,"['UNRWA', 'ACTIVITIES']",['ACTIVITIES'],['UNRWA'],partial_match
1045,282138,https://digitallibrary.un.org/record/282138,A/RES/45/73F,"['UNRWA', 'ACTIVITIES']",['ACTIVITIES'],['UNRWA'],partial_match
1046,282139,https://digitallibrary.un.org/record/282139,A/RES/45/73G,"['UNRWA', 'ACTIVITIES']",['ACTIVITIES'],['UNRWA'],partial_match
1047,282140,https://digitallibrary.un.org/record/282140,A/RES/45/73H,"['UNRWA', 'ACTIVITIES']",['ACTIVITIES'],['UNRWA'],partial_match
1048,282141,https://digitallibrary.un.org/record/282141,A/RES/45/73I,"['UNRWA', 'ACTIVITIES']",['ACTIVITIES'],['UNRWA'],partial_match
1049,282142,https://digitallibrary.un.org/record/282142,A/RES/45/73J,"['UNRWA', 'ACTIVITIES']",['ACTIVITIES'],['UNRWA'],partial_match
1050,282143,https://digitallibrary.un.org/record/282143,A/RES/45/73K,"['UNRWA', 'ACTIVITIES']",['ACTIVITIES'],['UNRWA'],partial_match
1051,282144,https://digitallibrary.un.org/record/282144,A/RES/45/74A,"['TERRITORIES OCCUPIED BY ISRAEL', 'HUMAN RIGHTS', 'REPORTS']","['TERRITORIES OCCUPIED BY ISRAEL', 'HUMAN RIGHTS']",['REPORTS'],partial_match
1052,282145,https://digitallibrary.un.org/record/282145,A/RES/45/74B,"['TERRITORIES OCCUPIED BY ISRAEL', 'HUMAN RIGHTS', 'REPORTS']","['TERRITORIES OCCUPIED BY ISRAEL', 'HUMAN RIGHTS']",['REPORTS'],partial_match
1053,282146,https://digitallibrary.un.org/record/282146,A/RES/45/74C,"['TERRITORIES OCCUPIED BY ISRAEL', 'HUMAN RIGHTS', 'REPORTS']","['TERRITORIES OCCUPIED BY ISRAEL', 'HUMAN RIGHTS']",['REPORTS'],partial_match
1054,282147,https://digitallibrary.un.org/record/282147,A/RES/45/74D,"['TERRITORIES OCCUPIED BY ISRAEL', 'HUMAN RIGHTS', 'REPORTS']","['TERRITORIES OCCUPIED BY ISRAEL', 'HUMAN RIGHTS']",['REPORTS'],partial_match
1055,282148,https://digitallibrary.un.org/record/282148,A/RES/45/74G,"['TERRITORIES OCCUPIED BY ISRAEL', 'HUMAN RIGHTS', 'REPORTS']","['TERRITORIES OCCUPIED BY ISRAEL', 'HUMAN RIGHTS']",['REPORTS'],partial_match
1056,282149,https://digitallibrary.un.org/record/282149,A/RES/45/74E,"['TERRITORIES OCCUPIED BY ISRAEL', 'HUMAN RIGHTS', 'REPORTS']","['TERRITORIES OCCUPIED BY ISRAEL', 'HUMAN RIGHTS']",['REPORTS'],partial_match
1057,282150,https://digitallibrary.un.org/record/282150,A/RES/45/74F,"['TERRITORIES OCCUPIED BY ISRAEL', 'HUMAN RIGHTS', 'REPORTS']","['TERRITORIES OCCUPIED BY ISRAEL', 'HUMAN RIGHTS']",['REPORTS'],partial_match
1058,282151,https://digitallibrary.un.org/record/282151,A/RES/45/77,"['INDIAN OCEAN', 'ZONES OF PEACE']","['INDIAN OCEAN', 'ZONES OF PEACE']",[],all_match
1059,282152,https://digitallibrary.un.org/record/282152,A/RES/45/80,"['INTERNATIONAL SECURITY', 'DECLARATIONS (1970)']",['INTERNATIONAL SECURITY'],['DECLARATIONS (1970)'],partial_match
1060,282153,https://digitallibrary.un.org/record/282153,A/RES/45/82,"['LEAGUE OF ARAB STATES', 'UN']",[],"['LEAGUE OF ARAB STATES', 'UN']",no_match
1061,282154,https://digitallibrary.un.org/record/282154,A/RES/45/83A,['MIDDLE EAST SITUATION'],['MIDDLE EAST SITUATION'],[],all_match
1062,282155,https://digitallibrary.un.org/record/282155,A/RES/45/83B,['MIDDLE EAST SITUATION'],['MIDDLE EAST SITUATION'],[],all_match
1063,282156,https://digitallibrary.un.org/record/282156,A/RES/45/83C,['MIDDLE EAST SITUATION'],['MIDDLE EAST SITUATION'],[],all_match
1064,282157,https://digitallibrary.un.org/record/282157,A/RES/45/84,"['SOUTH AFRICA', 'FOREIGN INTERESTS']","['SOUTH AFRICA', 'FOREIGN INTERESTS']",[],all_match
1065,282158,https://digitallibrary.un.org/record/282158,A/RES/45/87,['SOCIAL CONDITIONS'],['SOCIAL CONDITIONS'],[],all_match
1066,282159,https://digitallibrary.un.org/record/282159,A/RES/45/78B,['ANTARCTICA'],['ANTARCTICA'],[],all_match
1067,282160,https://digitallibrary.un.org/record/282160,A/RES/45/78A,['ANTARCTICA'],['ANTARCTICA'],[],all_match
1068,282161,https://digitallibrary.un.org/record/282161,A/RES/45/90,['RACIAL DISCRIMINATION'],['RACIAL DISCRIMINATION'],[],all_match
1069,282162,https://digitallibrary.un.org/record/282162,A/RES/45/96,"['HUMAN RIGHTS ADVANCEMENT', 'UN SYSTEM']",['HUMAN RIGHTS ADVANCEMENT'],['UN SYSTEM'],partial_match
1070,282163,https://digitallibrary.un.org/record/282163,A/RES/45/130,['SELF-DETERMINATION OF PEOPLES'],['SELF-DETERMINATION OF PEOPLES'],[],all_match
1071,282164,https://digitallibrary.un.org/record/282164,A/RES/45/132,['SELF-DETERMINATION OF PEOPLES'],['SELF-DETERMINATION OF PEOPLES'],[],all_match
1072,282165,https://digitallibrary.un.org/record/282165,A/RES/45/145,['LAW OF THE SEA'],['LAW OF THE SEA'],[],all_match
1073,282167,https://digitallibrary.un.org/record/282167,A/RES/45/150,['ELECTIONS'],['ELECTIONS'],[],all_match
1074,282168,https://digitallibrary.un.org/record/282168,A/RES/45/151,['ELECTIONS'],['ELECTIONS'],[],all_match
1075,282169,https://digitallibrary.un.org/record/282169,A/RES/45/164,"['UN. ECONOMIC AND SOCIAL COUNCIL', 'REPORTS']",[],"['UN. ECONOMIC AND SOCIAL COUNCIL', 'REPORTS']",no_match
1076,282170,https://digitallibrary.un.org/record/282170,A/RES/45/170,"['UN. ECONOMIC AND SOCIAL COUNCIL', 'REPORTS']",[],"['UN. ECONOMIC AND SOCIAL COUNCIL', 'REPORTS']",no_match
1077,282171,https://digitallibrary.un.org/record/282171,A/RES/45/176B,['APARTHEID'],['APARTHEID'],[],all_match
1078,282172,https://digitallibrary.un.org/record/282172,A/RES/45/176C,['APARTHEID'],['APARTHEID'],[],all_match
1079,282173,https://digitallibrary.un.org/record/282173,A/RES/45/176D,['APARTHEID'],['APARTHEID'],[],all_match
1080,282174,https://digitallibrary.un.org/record/282174,A/RES/45/176E,['APARTHEID'],['APARTHEID'],[],all_match
1081,282175,https://digitallibrary.un.org/record/282175,A/RES/45/176F,['APARTHEID'],['APARTHEID'],[],all_match
1082,282176,https://digitallibrary.un.org/record/282176,A/RES/45/176G,['APARTHEID'],['APARTHEID'],[],all_match
1083,282178,https://digitallibrary.un.org/record/282178,A/RES/45/183,"['UN. ECONOMIC AND SOCIAL COUNCIL', 'REPORTS']",[],"['UN. ECONOMIC AND SOCIAL COUNCIL', 'REPORTS']",no_match
1084,282179,https://digitallibrary.un.org/record/282179,A/RES/45/188,"['UN. ECONOMIC AND SOCIAL COUNCIL', 'REPORTS']",[],"['UN. ECONOMIC AND SOCIAL COUNCIL', 'REPORTS']",no_match
1085,282474,https://digitallibrary.un.org/record/282474,A/RES/46/9,['COMORIAN ISLAND OF MAYOTTE'],['COMORIAN ISLAND OF MAYOTTE'],[],all_match
1086,282476,https://digitallibrary.un.org/record/282476,A/RES/46/10,['CULTURAL PROPERTY RESTITUTION'],['CULTURAL PROPERTY RESTITUTION'],[],all_match
1087,282479,https://digitallibrary.un.org/record/282479,A/RES/46/16,"['IAEA', 'REPORTS']",[],"['IAEA', 'REPORTS']",no_match
1088,282481,https://digitallibrary.un.org/record/282481,A/RES/46/19,"['SOUTH ATLANTIC OCEAN REGION', 'ZONES OF PEACE']","['SOUTH ATLANTIC OCEAN REGION', 'ZONES OF PEACE']",[],all_match
1089,282484,https://digitallibrary.un.org/record/282484,A/RES/46/24,"['LEAGUE OF ARAB STATES', 'UN']",[],"['LEAGUE OF ARAB STATES', 'UN']",no_match
1090,282485,https://digitallibrary.un.org/record/282485,A/RES/46/28,"['NUCLEAR WEAPON TESTS', 'TREATIES', 'AMENDMENTS']","['NUCLEAR WEAPON TESTS', 'TREATIES']",['AMENDMENTS'],partial_match
1091,282486,https://digitallibrary.un.org/record/282486,A/RES/46/29,"['NUCLEAR WEAPON TESTS', 'NUCLEAR WEAPON TESTS', 'TREATIES']","['NUCLEAR WEAPON TESTS', 'NUCLEAR WEAPON TESTS', 'TREATIES']",[],all_match
1092,282487,https://digitallibrary.un.org/record/282487,A/RES/46/31,"['SOUTH ASIA', 'NUCLEAR-WEAPON-FREE ZONES']","['SOUTH ASIA', 'NUCLEAR-WEAPON-FREE ZONES']",[],all_match
1093,282488,https://digitallibrary.un.org/record/282488,A/RES/46/32,"['NON-NUCLEAR-WEAPON STATES', 'SECURITY']",['NON-NUCLEAR-WEAPON STATES'],['SECURITY'],partial_match
1094,282489,https://digitallibrary.un.org/record/282489,A/RES/46/33,"['OUTER SPACE', 'ARMS RACE']","['OUTER SPACE', 'ARMS RACE']",[],all_match
1095,282490,https://digitallibrary.un.org/record/282490,A/RES/46/34A,"['AFRICA', 'NUCLEAR-WEAPON-FREE ZONES']","['AFRICA', 'NUCLEAR-WEAPON-FREE ZONES']",[],all_match
1096,282491,https://digitallibrary.un.org/record/282491,A/RES/46/36I,"['DISARMAMENT', 'GENERAL AND COMPLETE']",['DISARMAMENT'],['GENERAL AND COMPLETE'],partial_match
1097,282492,https://digitallibrary.un.org/record/282492,A/RES/46/36J,"['DISARMAMENT', 'GENERAL AND COMPLETE']",['DISARMAMENT'],['GENERAL AND COMPLETE'],partial_match
1098,282493,https://digitallibrary.un.org/record/282493,A/RES/46/37C,"['DISARMAMENT', 'UN. GENERAL ASSEMBLY (12TH SPECIAL SESS. : 1982)', 'RECOMMENDATIONS']","['DISARMAMENT', 'RECOMMENDATIONS']",['UN. GENERAL ASSEMBLY (12TH SPECIAL SESS. : 1982)'],partial_match
1099,282494,https://digitallibrary.un.org/record/282494,A/RES/46/37D,"['DISARMAMENT', 'UN. GENERAL ASSEMBLY (12TH SPECIAL SESS. : 1982)', 'RECOMMENDATIONS']","['DISARMAMENT', 'RECOMMENDATIONS']",['UN. GENERAL ASSEMBLY (12TH SPECIAL SESS. : 1982)'],partial_match
1100,282495,https://digitallibrary.un.org/record/282495,A/RES/46/38B,"['DISARMAMENT', 'UN. GENERAL ASSEMBLY (10TH SPECIAL SESS. : 1978)', 'RECOMMENDATIONS']","['DISARMAMENT', 'RECOMMENDATIONS']",['UN. GENERAL ASSEMBLY (10TH SPECIAL SESS. : 1978)'],partial_match
1101,282496,https://digitallibrary.un.org/record/282496,A/RES/46/38C,"['DISARMAMENT', 'UN. GENERAL ASSEMBLY (10TH SPECIAL SESS. : 1978)', 'RECOMMENDATIONS']","['DISARMAMENT', 'RECOMMENDATIONS']",['UN. GENERAL ASSEMBLY (10TH SPECIAL SESS. : 1978)'],partial_match
1102,282497,https://digitallibrary.un.org/record/282497,A/RES/46/39,"['NUCLEAR WEAPONS', 'ISRAEL']","['NUCLEAR WEAPONS', 'ISRAEL']",[],all_match
1103,282498,https://digitallibrary.un.org/record/282498,A/RES/46/41A,['ANTARCTICA'],['ANTARCTICA'],[],all_match
1104,282499,https://digitallibrary.un.org/record/282499,A/RES/46/41B,['ANTARCTICA'],['ANTARCTICA'],[],all_match
1105,282500,https://digitallibrary.un.org/record/282500,A/RES/46/36D,"['DISARMAMENT', 'GENERAL AND COMPLETE']",['DISARMAMENT'],['GENERAL AND COMPLETE'],partial_match
1106,282501,https://digitallibrary.un.org/record/282501,A/RES/46/46A,"['UNRWA', 'ACTIVITIES']",['ACTIVITIES'],['UNRWA'],partial_match
1107,282502,https://digitallibrary.un.org/record/282502,A/RES/46/46D,"['UNRWA', 'ACTIVITIES']",['ACTIVITIES'],['UNRWA'],partial_match
1108,282503,https://digitallibrary.un.org/record/282503,A/RES/46/46E,"['UNRWA', 'ACTIVITIES']",['ACTIVITIES'],['UNRWA'],partial_match
1109,282504,https://digitallibrary.un.org/record/282504,A/RES/46/46F,"['UNRWA', 'ACTIVITIES']",['ACTIVITIES'],['UNRWA'],partial_match
1110,282505,https://digitallibrary.un.org/record/282505,A/RES/46/46G,"['UNRWA', 'ACTIVITIES']",['ACTIVITIES'],['UNRWA'],partial_match
1111,282506,https://digitallibrary.un.org/record/282506,A/RES/46/46H,"['UNRWA', 'ACTIVITIES']",['ACTIVITIES'],['UNRWA'],partial_match
1112,282508,https://digitallibrary.un.org/record/282508,A/RES/46/46I,"['UNRWA', 'ACTIVITIES']",['ACTIVITIES'],['UNRWA'],partial_match
1113,282509,https://digitallibrary.un.org/record/282509,A/RES/46/46J,"['UNRWA', 'ACTIVITIES']",['ACTIVITIES'],['UNRWA'],partial_match
1114,282510,https://digitallibrary.un.org/record/282510,A/RES/46/46K,"['UNRWA', 'ACTIVITIES']",['ACTIVITIES'],['UNRWA'],partial_match
1115,282511,https://digitallibrary.un.org/record/282511,A/RES/46/47A,"['TERRITORIES OCCUPIED BY ISRAEL', 'HUMAN RIGHTS', 'REPORTS']","['TERRITORIES OCCUPIED BY ISRAEL', 'HUMAN RIGHTS']",['REPORTS'],partial_match
1116,282512,https://digitallibrary.un.org/record/282512,A/RES/46/47B,"['TERRITORIES OCCUPIED BY ISRAEL', 'HUMAN RIGHTS', 'REPORTS']","['TERRITORIES OCCUPIED BY ISRAEL', 'HUMAN RIGHTS']",['REPORTS'],partial_match
1117,282513,https://digitallibrary.un.org/record/282513,A/RES/46/47C,"['TERRITORIES OCCUPIED BY ISRAEL', 'HUMAN RIGHTS', 'REPORTS']","['TERRITORIES OCCUPIED BY ISRAEL', 'HUMAN RIGHTS']",['REPORTS'],partial_match
1118,282514,https://digitallibrary.un.org/record/282514,A/RES/46/47D,"['TERRITORIES OCCUPIED BY ISRAEL', 'HUMAN RIGHTS', 'REPORTS']","['TERRITORIES OCCUPIED BY ISRAEL', 'HUMAN RIGHTS']",['REPORTS'],partial_match
1119,282515,https://digitallibrary.un.org/record/282515,A/RES/46/47E,"['TERRITORIES OCCUPIED BY ISRAEL', 'HUMAN RIGHTS', 'REPORTS']","['TERRITORIES OCCUPIED BY ISRAEL', 'HUMAN RIGHTS']",['REPORTS'],partial_match
1120,282516,https://digitallibrary.un.org/record/282516,A/RES/46/47F,"['TERRITORIES OCCUPIED BY ISRAEL', 'HUMAN RIGHTS', 'REPORTS']","['TERRITORIES OCCUPIED BY ISRAEL', 'HUMAN RIGHTS']",['REPORTS'],partial_match
1121,282517,https://digitallibrary.un.org/record/282517,A/RES/46/47G,"['TERRITORIES OCCUPIED BY ISRAEL', 'HUMAN RIGHTS', 'REPORTS']","['TERRITORIES OCCUPIED BY ISRAEL', 'HUMAN RIGHTS']",['REPORTS'],partial_match
1122,282518,https://digitallibrary.un.org/record/282518,A/RES/46/36L,"['DISARMAMENT', 'GENERAL AND COMPLETE']",['DISARMAMENT'],['GENERAL AND COMPLETE'],partial_match
1123,282519,https://digitallibrary.un.org/record/282519,A/RES/46/37F,"['DISARMAMENT', 'UN. GENERAL ASSEMBLY (12TH SPECIAL SESS. : 1982)', 'RECOMMENDATIONS']","['DISARMAMENT', 'RECOMMENDATIONS']",['UN. GENERAL ASSEMBLY (12TH SPECIAL SESS. : 1982)'],partial_match
1124,282520,https://digitallibrary.un.org/record/282520,A/RES/46/49,"['INDIAN OCEAN', 'ZONES OF PEACE']","['INDIAN OCEAN', 'ZONES OF PEACE']",[],all_match
1125,282521,https://digitallibrary.un.org/record/282521,A/RES/46/52,"['NEW INTERNATIONAL ECONOMIC ORDER', 'LEGAL ASPECTS']",['LEGAL ASPECTS'],['NEW INTERNATIONAL ECONOMIC ORDER'],partial_match
1126,282522,https://digitallibrary.un.org/record/282522,A/RES/46/63,"['NON-SELF-GOVERNING TERRITORIES', 'REPORTS']",['NON-SELF-GOVERNING TERRITORIES'],['REPORTS'],partial_match
1127,282523,https://digitallibrary.un.org/record/282523,A/RES/46/64,"['DECOLONIZATION', 'FOREIGN INTERESTS']","['DECOLONIZATION', 'FOREIGN INTERESTS']",[],all_match
1128,282524,https://digitallibrary.un.org/record/282524,A/RES/46/65,"['DECOLONIZATION', 'UN SYSTEM', 'UN. ECONOMIC AND SOCIAL COUNCIL', 'REPORTS']",['DECOLONIZATION'],"['UN SYSTEM', 'UN. ECONOMIC AND SOCIAL COUNCIL', 'REPORTS']",partial_match
1129,282525,https://digitallibrary.un.org/record/282525,A/RES/46/71,['DECOLONIZATION'],['DECOLONIZATION'],[],all_match
1130,282527,https://digitallibrary.un.org/record/282527,A/RES/46/72,['DECOLONIZATION'],['DECOLONIZATION'],[],all_match
1131,282528,https://digitallibrary.un.org/record/282528,A/RES/46/74A,['PALESTINE QUESTION'],['PALESTINE QUESTION'],[],all_match
1132,282529,https://digitallibrary.un.org/record/282529,A/RES/46/74B,['PALESTINE QUESTION'],['PALESTINE QUESTION'],[],all_match
1133,282530,https://digitallibrary.un.org/record/282530,A/RES/46/74C,['PALESTINE QUESTION'],['PALESTINE QUESTION'],[],all_match
1134,282531,https://digitallibrary.un.org/record/282531,A/RES/46/75,['PALESTINE QUESTION'],['PALESTINE QUESTION'],[],all_match
1135,282532,https://digitallibrary.un.org/record/282532,A/RES/46/76,['PALESTINE QUESTION'],['PALESTINE QUESTION'],[],all_match
1136,282533,https://digitallibrary.un.org/record/282533,A/RES/46/78,['LAW OF THE SEA'],['LAW OF THE SEA'],[],all_match
1137,282534,https://digitallibrary.un.org/record/282534,A/RES/46/79B,['APARTHEID'],['APARTHEID'],[],all_match
1138,282535,https://digitallibrary.un.org/record/282535,A/RES/46/79C,['APARTHEID'],['APARTHEID'],[],all_match
1139,282536,https://digitallibrary.un.org/record/282536,A/RES/46/79D,['APARTHEID'],['APARTHEID'],[],all_match
1140,282537,https://digitallibrary.un.org/record/282537,A/RES/46/79E,['APARTHEID'],['APARTHEID'],[],all_match
1141,282540,https://digitallibrary.un.org/record/282540,A/RES/46/82A,['MIDDLE EAST SITUATION'],['MIDDLE EAST SITUATION'],[],all_match
1142,282541,https://digitallibrary.un.org/record/282541,A/RES/46/82B,['MIDDLE EAST SITUATION'],['MIDDLE EAST SITUATION'],[],all_match
1143,282542,https://digitallibrary.un.org/record/282542,A/RES/46/84,['RACIAL DISCRIMINATION'],['RACIAL DISCRIMINATION'],[],all_match
1144,282543,https://digitallibrary.un.org/record/282543,A/RES/46/86,['RACIAL DISCRIMINATION'],['RACIAL DISCRIMINATION'],[],all_match
1145,282544,https://digitallibrary.un.org/record/282544,A/RES/46/87,['SELF-DETERMINATION OF PEOPLES'],['SELF-DETERMINATION OF PEOPLES'],[],all_match
1146,282545,https://digitallibrary.un.org/record/282545,A/RES/46/89,['SELF-DETERMINATION OF PEOPLES'],['SELF-DETERMINATION OF PEOPLES'],[],all_match
1147,282546,https://digitallibrary.un.org/record/282546,A/RES/46/95,,[],[],no_subjects
1148,282547,https://digitallibrary.un.org/record/282547,A/RES/46/117,['HUMAN RIGHTS'],['HUMAN RIGHTS'],[],all_match
1149,282548,https://digitallibrary.un.org/record/282548,A/RES/46/130,['HUMAN RIGHTS'],['HUMAN RIGHTS'],[],all_match
1150,282549,https://digitallibrary.un.org/record/282549,A/RES/46/134,['HUMAN RIGHTS'],['HUMAN RIGHTS'],[],all_match
1151,282550,https://digitallibrary.un.org/record/282550,A/RES/46/135,['HUMAN RIGHTS'],['HUMAN RIGHTS'],[],all_match
1152,282551,https://digitallibrary.un.org/record/282551,A/RES/46/137,['HUMAN RIGHTS'],['HUMAN RIGHTS'],[],all_match
1153,282552,https://digitallibrary.un.org/record/282552,A/RES/46/153,['CRIME PREVENTION'],['CRIME PREVENTION'],[],all_match
1154,282553,https://digitallibrary.un.org/record/282553,A/RES/46/162,['HUMAN SETTLEMENTS'],['HUMAN SETTLEMENTS'],[],all_match
1155,282554,https://digitallibrary.un.org/record/282554,A/RES/46/199,"['UN. ECONOMIC AND SOCIAL COUNCIL', 'REPORTS']",[],"['UN. ECONOMIC AND SOCIAL COUNCIL', 'REPORTS']",no_match
1156,282555,https://digitallibrary.un.org/record/282555,A/RES/46/201,"['UN. ECONOMIC AND SOCIAL COUNCIL', 'REPORTS']",[],"['UN. ECONOMIC AND SOCIAL COUNCIL', 'REPORTS']",no_match
1157,282556,https://digitallibrary.un.org/record/282556,A/RES/46/210,['INTERNATIONAL TRADE'],['INTERNATIONAL TRADE'],[],all_match
1158,282557,https://digitallibrary.un.org/record/282557,A/RES/46/216,['ENVIRONMENT'],['ENVIRONMENT'],[],all_match
1159,282811,https://digitallibrary.un.org/record/282811,A/RES/46/242,['BOSNIA AND HERZEGOVINA SITUATION'],['BOSNIA AND HERZEGOVINA SITUATION'],[],all_match
1160,282817,https://digitallibrary.un.org/record/282817,A/RES/47/1,"['UN. GENERAL ASSEMBLY (47TH SESS. : 1992-1993)', 'AGENDA']",['AGENDA'],['UN. GENERAL ASSEMBLY (47TH SESS. : 1992-1993)'],partial_match
1161,282824,https://digitallibrary.un.org/record/282824,A/RES/47/8,"['IAEA', 'REPORTS']",[],"['IAEA', 'REPORTS']",no_match
1162,282825,https://digitallibrary.un.org/record/282825,A/RES/47/9,['COMORIAN ISLAND OF MAYOTTE'],['COMORIAN ISLAND OF MAYOTTE'],[],all_match
1163,282826,https://digitallibrary.un.org/record/282826,A/RES/47/12,"['LEAGUE OF ARAB STATES', 'UN']",[],"['LEAGUE OF ARAB STATES', 'UN']",no_match
1164,282830,https://digitallibrary.un.org/record/282830,A/RES/47/14,"['NON-SELF-GOVERNING TERRITORIES', 'REPORTS']",['NON-SELF-GOVERNING TERRITORIES'],['REPORTS'],partial_match
1165,282831,https://digitallibrary.un.org/record/282831,A/RES/47/15,"['DECOLONIZATION', 'FOREIGN INTERESTS']","['DECOLONIZATION', 'FOREIGN INTERESTS']",[],all_match
1166,282832,https://digitallibrary.un.org/record/282832,A/RES/47/16,"['DECOLONIZATION', 'UN SYSTEM', 'UN. ECONOMIC AND SOCIAL COUNCIL', 'REPORTS']",['DECOLONIZATION'],"['UN SYSTEM', 'UN. ECONOMIC AND SOCIAL COUNCIL', 'REPORTS']",partial_match
1167,282835,https://digitallibrary.un.org/record/282835,A/RES/47/19,"['CUBA', 'UNITED STATES']","['CUBA', 'UNITED STATES']",[],all_match
1168,282836,https://digitallibrary.un.org/record/282836,A/RES/47/23,['DECOLONIZATION'],['DECOLONIZATION'],[],all_match
1169,282837,https://digitallibrary.un.org/record/282837,A/RES/47/24,['DECOLONIZATION'],['DECOLONIZATION'],[],all_match
1170,282838,https://digitallibrary.un.org/record/282838,A/RES/47/29,"['NATIONAL LIBERATION MOVEMENTS', 'OBSERVER STATUS']","['NATIONAL LIBERATION MOVEMENTS', 'OBSERVER STATUS']",[],all_match
1171,282847,https://digitallibrary.un.org/record/282847,A/RES/47/43,"['SCIENCE AND TECHNOLOGY', 'INTERNATIONAL SECURITY']","['SCIENCE AND TECHNOLOGY', 'INTERNATIONAL SECURITY']",[],all_match
1172,282848,https://digitallibrary.un.org/record/282848,A/RES/47/46,"['NUCLEAR WEAPON TESTS', 'TREATIES', 'AMENDMENTS']","['NUCLEAR WEAPON TESTS', 'TREATIES']",['AMENDMENTS'],partial_match
1173,282849,https://digitallibrary.un.org/record/282849,A/RES/47/47,"['NUCLEAR WEAPON TESTS', 'TREATIES']","['NUCLEAR WEAPON TESTS', 'TREATIES']",[],all_match
1174,282850,https://digitallibrary.un.org/record/282850,A/RES/47/49,"['SOUTH ASIA', 'NUCLEAR-WEAPON-FREE ZONES']","['SOUTH ASIA', 'NUCLEAR-WEAPON-FREE ZONES']",[],all_match
1175,282851,https://digitallibrary.un.org/record/282851,A/RES/47/50,"['NON-NUCLEAR-WEAPON STATES', 'SECURITY']",['NON-NUCLEAR-WEAPON STATES'],['SECURITY'],partial_match
1176,282852,https://digitallibrary.un.org/record/282852,A/RES/47/51,"['ARMS RACE', 'OUTER SPACE']","['ARMS RACE', 'OUTER SPACE']",[],all_match
1177,282853,https://digitallibrary.un.org/record/282853,A/RES/47/52A,"['DISARMAMENT', 'GENERAL AND COMPLETE']",['DISARMAMENT'],['GENERAL AND COMPLETE'],partial_match
1178,282854,https://digitallibrary.un.org/record/282854,A/RES/47/52C,"['DISARMAMENT', 'GENERAL AND COMPLETE']",['DISARMAMENT'],['GENERAL AND COMPLETE'],partial_match
1179,282855,https://digitallibrary.un.org/record/282855,A/RES/47/52J,"['DISARMAMENT', 'GENERAL AND COMPLETE']",['DISARMAMENT'],['GENERAL AND COMPLETE'],partial_match
1180,282856,https://digitallibrary.un.org/record/282856,A/RES/47/53C,"['DISARMAMENT', 'UN. GENERAL ASSEMBLY (12TH SPECIAL SESS. : 1982)', 'RECOMMENDATIONS']","['DISARMAMENT', 'RECOMMENDATIONS']",['UN. GENERAL ASSEMBLY (12TH SPECIAL SESS. : 1982)'],partial_match
1181,282857,https://digitallibrary.un.org/record/282857,A/RES/47/53E,"['DISARMAMENT', 'UN. GENERAL ASSEMBLY (12TH SPECIAL SESS. : 1982)', 'RECOMMENDATIONS']","['DISARMAMENT', 'RECOMMENDATIONS']",['UN. GENERAL ASSEMBLY (12TH SPECIAL SESS. : 1982)'],partial_match
1182,282858,https://digitallibrary.un.org/record/282858,A/RES/47/54F,"['DISARMAMENT', 'UN. GENERAL ASSEMBLY (10TH SPECIAL SESS. : 1978)', 'RECOMMENDATIONS']","['DISARMAMENT', 'RECOMMENDATIONS']",['UN. GENERAL ASSEMBLY (10TH SPECIAL SESS. : 1978)'],partial_match
1183,282859,https://digitallibrary.un.org/record/282859,A/RES/47/55,"['ISRAEL', 'NUCLEAR WEAPONS']","['ISRAEL', 'NUCLEAR WEAPONS']",[],all_match
1184,282860,https://digitallibrary.un.org/record/282860,A/RES/47/59,"['INDIAN OCEAN', 'ZONES OF PEACE']","['INDIAN OCEAN', 'ZONES OF PEACE']",[],all_match
1185,282861,https://digitallibrary.un.org/record/282861,A/RES/47/60A,"['INTERNATIONAL SECURITY', 'DECLARATIONS (1970)']",['INTERNATIONAL SECURITY'],['DECLARATIONS (1970)'],partial_match
1186,282862,https://digitallibrary.un.org/record/282862,A/RES/47/60B,"['INTERNATIONAL SECURITY', 'DECLARATIONS (1970)']",['INTERNATIONAL SECURITY'],['DECLARATIONS (1970)'],partial_match
1187,282863,https://digitallibrary.un.org/record/282863,A/RES/47/63A,['MIDDLE EAST SITUATION'],['MIDDLE EAST SITUATION'],[],all_match
1188,282864,https://digitallibrary.un.org/record/282864,A/RES/47/63B,['MIDDLE EAST SITUATION'],['MIDDLE EAST SITUATION'],[],all_match
1189,282865,https://digitallibrary.un.org/record/282865,A/RES/47/64A,['PALESTINE QUESTION'],['PALESTINE QUESTION'],[],all_match
1190,282866,https://digitallibrary.un.org/record/282866,A/RES/47/64B,['PALESTINE QUESTION'],['PALESTINE QUESTION'],[],all_match
1191,282867,https://digitallibrary.un.org/record/282867,A/RES/47/64C,['PALESTINE QUESTION'],['PALESTINE QUESTION'],[],all_match
1192,282868,https://digitallibrary.un.org/record/282868,A/RES/47/64D,['PALESTINE QUESTION'],['PALESTINE QUESTION'],[],all_match
1193,282869,https://digitallibrary.un.org/record/282869,A/RES/47/64E,['PALESTINE QUESTION'],['PALESTINE QUESTION'],[],all_match
1194,282870,https://digitallibrary.un.org/record/282870,A/RES/47/65,['LAW OF THE SEA'],['LAW OF THE SEA'],[],all_match
1195,282871,https://digitallibrary.un.org/record/282871,A/RES/47/69A,"['UNRWA', 'ACTIVITIES']",['ACTIVITIES'],['UNRWA'],partial_match
1196,282872,https://digitallibrary.un.org/record/282872,A/RES/47/69D,"['UNRWA', 'ACTIVITIES']",['ACTIVITIES'],['UNRWA'],partial_match
1197,282873,https://digitallibrary.un.org/record/282873,A/RES/47/69E,"['UNRWA', 'ACTIVITIES']",['ACTIVITIES'],['UNRWA'],partial_match
1198,282874,https://digitallibrary.un.org/record/282874,A/RES/47/69F,"['UNRWA', 'ACTIVITIES']",['ACTIVITIES'],['UNRWA'],partial_match
1199,282875,https://digitallibrary.un.org/record/282875,A/RES/47/69G,"['UNRWA', 'ACTIVITIES']",['ACTIVITIES'],['UNRWA'],partial_match
1200,282876,https://digitallibrary.un.org/record/282876,A/RES/47/69H,"['UNRWA', 'ACTIVITIES']",['ACTIVITIES'],['UNRWA'],partial_match
1201,282877,https://digitallibrary.un.org/record/282877,A/RES/47/69I,"['UNRWA', 'ACTIVITIES']",['ACTIVITIES'],['UNRWA'],partial_match
1202,282878,https://digitallibrary.un.org/record/282878,A/RES/47/69J,"['UNRWA', 'ACTIVITIES']",['ACTIVITIES'],['UNRWA'],partial_match
1203,282879,https://digitallibrary.un.org/record/282879,A/RES/47/69K,"['UNRWA', 'ACTIVITIES']",['ACTIVITIES'],['UNRWA'],partial_match
1204,282880,https://digitallibrary.un.org/record/282880,A/RES/47/70A,"['TERRITORIES OCCUPIED BY ISRAEL', 'HUMAN RIGHTS', 'REPORTS']","['TERRITORIES OCCUPIED BY ISRAEL', 'HUMAN RIGHTS']",['REPORTS'],partial_match
1205,282881,https://digitallibrary.un.org/record/282881,A/RES/47/70B,"['TERRITORIES OCCUPIED BY ISRAEL', 'HUMAN RIGHTS', 'REPORTS']","['TERRITORIES OCCUPIED BY ISRAEL', 'HUMAN RIGHTS']",['REPORTS'],partial_match
1206,282882,https://digitallibrary.un.org/record/282882,A/RES/47/70C,"['TERRITORIES OCCUPIED BY ISRAEL', 'HUMAN RIGHTS', 'REPORTS']","['TERRITORIES OCCUPIED BY ISRAEL', 'HUMAN RIGHTS']",['REPORTS'],partial_match
1207,282883,https://digitallibrary.un.org/record/282883,A/RES/47/70D,"['TERRITORIES OCCUPIED BY ISRAEL', 'HUMAN RIGHTS', 'REPORTS']","['TERRITORIES OCCUPIED BY ISRAEL', 'HUMAN RIGHTS']",['REPORTS'],partial_match
1208,282884,https://digitallibrary.un.org/record/282884,A/RES/47/70E,"['TERRITORIES OCCUPIED BY ISRAEL', 'HUMAN RIGHTS', 'REPORTS']","['TERRITORIES OCCUPIED BY ISRAEL', 'HUMAN RIGHTS']",['REPORTS'],partial_match
1209,282885,https://digitallibrary.un.org/record/282885,A/RES/47/70F,"['TERRITORIES OCCUPIED BY ISRAEL', 'HUMAN RIGHTS', 'REPORTS']","['TERRITORIES OCCUPIED BY ISRAEL', 'HUMAN RIGHTS']",['REPORTS'],partial_match
1210,282886,https://digitallibrary.un.org/record/282886,A/RES/47/70G,"['TERRITORIES OCCUPIED BY ISRAEL', 'HUMAN RIGHTS', 'REPORTS']","['TERRITORIES OCCUPIED BY ISRAEL', 'HUMAN RIGHTS']",['REPORTS'],partial_match
1211,282887,https://digitallibrary.un.org/record/282887,A/RES/47/74,"['SOUTH ATLANTIC OCEAN REGION', 'ZONES OF PEACE']","['SOUTH ATLANTIC OCEAN REGION', 'ZONES OF PEACE']",[],all_match
1212,282888,https://digitallibrary.un.org/record/282888,A/RES/47/53F,"['DISARMAMENT', 'UN. GENERAL ASSEMBLY (12TH SPECIAL SESS. : 1982)', 'RECOMMENDATIONS']","['DISARMAMENT', 'RECOMMENDATIONS']",['UN. GENERAL ASSEMBLY (12TH SPECIAL SESS. : 1982)'],partial_match
1213,282890,https://digitallibrary.un.org/record/282890,A/RES/47/81,['RACIAL DISCRIMINATION'],['RACIAL DISCRIMINATION'],[],all_match
1214,282891,https://digitallibrary.un.org/record/282891,A/RES/47/82,['SELF-DETERMINATION OF PEOPLES'],['SELF-DETERMINATION OF PEOPLES'],[],all_match
1215,282892,https://digitallibrary.un.org/record/282892,A/RES/47/84,['SELF-DETERMINATION OF PEOPLES'],['SELF-DETERMINATION OF PEOPLES'],[],all_match
1216,282893,https://digitallibrary.un.org/record/282893,A/RES/47/89,,[],[],no_subjects
1217,282894,https://digitallibrary.un.org/record/282894,A/RES/47/116D,['APARTHEID'],['APARTHEID'],[],all_match
1218,282895,https://digitallibrary.un.org/record/282895,A/RES/47/116E,['APARTHEID'],['APARTHEID'],[],all_match
1219,282896,https://digitallibrary.un.org/record/282896,A/RES/47/116F,['APARTHEID'],['APARTHEID'],[],all_match
1220,282897,https://digitallibrary.un.org/record/282897,A/RES/47/116G,['APARTHEID'],['APARTHEID'],[],all_match
1221,282898,https://digitallibrary.un.org/record/282898,A/RES/47/121,['BOSNIA AND HERZEGOVINA SITUATION'],['BOSNIA AND HERZEGOVINA SITUATION'],[],all_match
1222,282899,https://digitallibrary.un.org/record/282899,A/RES/47/130,,[],[],no_subjects
1223,282900,https://digitallibrary.un.org/record/282900,A/RES/47/137,,[],[],no_subjects
1224,282901,https://digitallibrary.un.org/record/282901,A/RES/47/138,,[],[],no_subjects
1225,282902,https://digitallibrary.un.org/record/282902,A/RES/47/139,,[],[],no_subjects
1226,282903,https://digitallibrary.un.org/record/282903,A/RES/47/142,,[],[],no_subjects
1227,282904,https://digitallibrary.un.org/record/282904,A/RES/47/145,,[],[],no_subjects
1228,282905,https://digitallibrary.un.org/record/282905,A/RES/47/146,,[],[],no_subjects
1229,282906,https://digitallibrary.un.org/record/282906,A/RES/47/151,"['ECONOMIC COOPERATION', 'DEVELOPMENT']","['ECONOMIC COOPERATION', 'DEVELOPMENT']",[],all_match
1230,282909,https://digitallibrary.un.org/record/282909,A/RES/47/170,"['UN. ECONOMIC AND SOCIAL COUNCIL', 'REPORTS']",[],"['UN. ECONOMIC AND SOCIAL COUNCIL', 'REPORTS']",no_match
1231,282910,https://digitallibrary.un.org/record/282910,A/RES/47/172,"['UN. ECONOMIC AND SOCIAL COUNCIL', 'REPORTS']",[],"['UN. ECONOMIC AND SOCIAL COUNCIL', 'REPORTS']",no_match
1232,282911,https://digitallibrary.un.org/record/282911,A/RES/47/198,['EXTERNAL DEBT'],['EXTERNAL DEBT'],[],all_match
1233,283166,https://digitallibrary.un.org/record/283166,A/RES/47/57,['ANTARCTICA'],['ANTARCTICA'],[],all_match
1234,283200,https://digitallibrary.un.org/record/283200,A/RES/47/229,"['UN. GENERAL ASSEMBLY (47TH SESS. : 1992-1993)', 'AGENDA']",['AGENDA'],['UN. GENERAL ASSEMBLY (47TH SESS. : 1992-1993)'],partial_match
1235,283233,https://digitallibrary.un.org/record/283233,A/RES/48/14,"['IAEA', 'REPORTS']",[],"['IAEA', 'REPORTS']",no_match
1236,283234,https://digitallibrary.un.org/record/283234,A/RES/48/15,['CULTURAL PROPERTY RESTITUTION'],['CULTURAL PROPERTY RESTITUTION'],[],all_match
1237,283235,https://digitallibrary.un.org/record/283235,A/RES/48/16,"['CUBA', 'UNITED STATES']","['CUBA', 'UNITED STATES']",[],all_match
1238,283246,https://digitallibrary.un.org/record/283246,A/RES/48/23,"['SOUTH ATLANTIC OCEAN REGION', 'ZONES OF PEACE']","['SOUTH ATLANTIC OCEAN REGION', 'ZONES OF PEACE']",[],all_match
1239,283272,https://digitallibrary.un.org/record/283272,A/RES/48/28,['LAW OF THE SEA'],['LAW OF THE SEA'],[],all_match
1240,283273,https://digitallibrary.un.org/record/283273,A/RES/48/40A,"['UNRWA', 'ACTIVITIES']",['ACTIVITIES'],['UNRWA'],partial_match
1241,283274,https://digitallibrary.un.org/record/283274,A/RES/48/40D,"['UNRWA', 'ACTIVITIES']",['ACTIVITIES'],['UNRWA'],partial_match
1242,283275,https://digitallibrary.un.org/record/283275,A/RES/48/40E,"['UNRWA', 'ACTIVITIES']",['ACTIVITIES'],['UNRWA'],partial_match
1243,283276,https://digitallibrary.un.org/record/283276,A/RES/48/40F,"['UNRWA', 'ACTIVITIES']",['ACTIVITIES'],['UNRWA'],partial_match
1244,283277,https://digitallibrary.un.org/record/283277,A/RES/48/40G,"['UNRWA', 'ACTIVITIES']",['ACTIVITIES'],['UNRWA'],partial_match
1245,283278,https://digitallibrary.un.org/record/283278,A/RES/48/40H,"['UNRWA', 'ACTIVITIES']",['ACTIVITIES'],['UNRWA'],partial_match
1246,283279,https://digitallibrary.un.org/record/283279,A/RES/48/40I,"['UNRWA', 'ACTIVITIES']",['ACTIVITIES'],['UNRWA'],partial_match
1247,283280,https://digitallibrary.un.org/record/283280,A/RES/48/40J,"['UNRWA', 'ACTIVITIES']",['ACTIVITIES'],['UNRWA'],partial_match
1248,283281,https://digitallibrary.un.org/record/283281,A/RES/48/41A,"['TERRITORIES OCCUPIED BY ISRAEL', 'HUMAN RIGHTS', 'REPORTS']","['TERRITORIES OCCUPIED BY ISRAEL', 'HUMAN RIGHTS']",['REPORTS'],partial_match
1249,283282,https://digitallibrary.un.org/record/283282,A/RES/48/41B,"['TERRITORIES OCCUPIED BY ISRAEL', 'HUMAN RIGHTS', 'REPORTS']","['TERRITORIES OCCUPIED BY ISRAEL', 'HUMAN RIGHTS']",['REPORTS'],partial_match
1250,283283,https://digitallibrary.un.org/record/283283,A/RES/48/41C,"['TERRITORIES OCCUPIED BY ISRAEL', 'HUMAN RIGHTS', 'REPORTS']","['TERRITORIES OCCUPIED BY ISRAEL', 'HUMAN RIGHTS']",['REPORTS'],partial_match
1251,283284,https://digitallibrary.un.org/record/283284,A/RES/48/41D,"['TERRITORIES OCCUPIED BY ISRAEL', 'HUMAN RIGHTS', 'REPORTS']","['TERRITORIES OCCUPIED BY ISRAEL', 'HUMAN RIGHTS']",['REPORTS'],partial_match
1252,283285,https://digitallibrary.un.org/record/283285,A/RES/48/45,"['NON-SELF-GOVERNING TERRITORIES', 'REPORTS']",['NON-SELF-GOVERNING TERRITORIES'],['REPORTS'],partial_match
1253,283286,https://digitallibrary.un.org/record/283286,A/RES/48/46,"['DECOLONIZATION', 'FOREIGN INTERESTS', 'DECOLONIZATION']","['DECOLONIZATION', 'FOREIGN INTERESTS', 'DECOLONIZATION']",[],all_match
1254,283287,https://digitallibrary.un.org/record/283287,A/RES/48/47,"['DECOLONIZATION', 'UN SYSTEM', 'UN. ECONOMIC AND SOCIAL COUNCIL', 'REPORTS']",['DECOLONIZATION'],"['UN SYSTEM', 'UN. ECONOMIC AND SOCIAL COUNCIL', 'REPORTS']",partial_match
1255,283288,https://digitallibrary.un.org/record/283288,A/RES/48/52,['DECOLONIZATION'],['DECOLONIZATION'],[],all_match
1256,283289,https://digitallibrary.un.org/record/283289,A/RES/48/53,['DECOLONIZATION'],['DECOLONIZATION'],[],all_match
1257,283290,https://digitallibrary.un.org/record/283290,A/RES/48/56,['COMORIAN ISLAND OF MAYOTTE'],['COMORIAN ISLAND OF MAYOTTE'],[],all_match
1258,283291,https://digitallibrary.un.org/record/283291,A/RES/48/59A,['MIDDLE EAST SITUATION'],['MIDDLE EAST SITUATION'],[],all_match
1259,283292,https://digitallibrary.un.org/record/283292,A/RES/48/59B,['MIDDLE EAST SITUATION'],['MIDDLE EAST SITUATION'],[],all_match
1260,283293,https://digitallibrary.un.org/record/283293,A/RES/48/58,['MIDDLE EAST SITUATION'],['MIDDLE EAST SITUATION'],[],all_match
1261,283294,https://digitallibrary.un.org/record/283294,A/RES/48/66,"['SCIENCE AND TECHNOLOGY', 'INTERNATIONAL SECURITY']","['SCIENCE AND TECHNOLOGY', 'INTERNATIONAL SECURITY']",[],all_match
1262,283295,https://digitallibrary.un.org/record/283295,A/RES/48/67,"['SCIENCE AND TECHNOLOGY', 'DISARMAMENT']","['SCIENCE AND TECHNOLOGY', 'DISARMAMENT']",[],all_match
1263,283296,https://digitallibrary.un.org/record/283296,A/RES/48/68,['VERIFICATION'],['VERIFICATION'],[],all_match
1264,283297,https://digitallibrary.un.org/record/283297,A/RES/48/69,"['NUCLEAR WEAPON TESTS', 'TREATIES', 'AMENDMENTS']","['NUCLEAR WEAPON TESTS', 'TREATIES']",['AMENDMENTS'],partial_match
1265,283298,https://digitallibrary.un.org/record/283298,A/RES/48/74A,"['ARMS RACE', 'OUTER SPACE']","['ARMS RACE', 'OUTER SPACE']",[],all_match
1266,283299,https://digitallibrary.un.org/record/283299,A/RES/48/75C,"['DISARMAMENT', 'GENERAL AND COMPLETE']",['DISARMAMENT'],['GENERAL AND COMPLETE'],partial_match
1267,283300,https://digitallibrary.un.org/record/283300,A/RES/48/75H,"['DISARMAMENT', 'GENERAL AND COMPLETE']",['DISARMAMENT'],['GENERAL AND COMPLETE'],partial_match
1268,283301,https://digitallibrary.un.org/record/283301,A/RES/48/75I,"['DISARMAMENT', 'GENERAL AND COMPLETE']",['DISARMAMENT'],['GENERAL AND COMPLETE'],partial_match
1269,283302,https://digitallibrary.un.org/record/283302,A/RES/48/75J,"['DISARMAMENT', 'GENERAL AND COMPLETE']",['DISARMAMENT'],['GENERAL AND COMPLETE'],partial_match
1270,283303,https://digitallibrary.un.org/record/283303,A/RES/48/72,"['SOUTH ASIA', 'NUCLEAR-WEAPON-FREE ZONES']","['SOUTH ASIA', 'NUCLEAR-WEAPON-FREE ZONES']",[],all_match
1271,283304,https://digitallibrary.un.org/record/283304,A/RES/48/79,"['CONVENTIONAL WEAPONS', 'TREATIES']","['CONVENTIONAL WEAPONS', 'TREATIES']",[],all_match
1272,283305,https://digitallibrary.un.org/record/283305,A/RES/48/82,"['INDIAN OCEAN', 'ZONES OF PEACE']","['INDIAN OCEAN', 'ZONES OF PEACE']",[],all_match
1273,283306,https://digitallibrary.un.org/record/283306,A/RES/48/83,"['INTERNATIONAL SECURITY', 'DECLARATIONS (1970)']",['INTERNATIONAL SECURITY'],['DECLARATIONS (1970)'],partial_match
1274,283307,https://digitallibrary.un.org/record/283307,A/RES/48/84A,['INTERNATIONAL SECURITY'],['INTERNATIONAL SECURITY'],[],all_match
1275,283308,https://digitallibrary.un.org/record/283308,A/RES/48/76A,"['DISARMAMENT', 'UN. GENERAL ASSEMBLY (12TH SPECIAL SESS. : 1982)', 'RECOMMENDATIONS']","['DISARMAMENT', 'RECOMMENDATIONS']",['UN. GENERAL ASSEMBLY (12TH SPECIAL SESS. : 1982)'],partial_match
1276,283309,https://digitallibrary.un.org/record/283309,A/RES/48/76B,"['DISARMAMENT', 'UN. GENERAL ASSEMBLY (12TH SPECIAL SESS. : 1982)', 'RECOMMENDATIONS']","['DISARMAMENT', 'RECOMMENDATIONS']",['UN. GENERAL ASSEMBLY (12TH SPECIAL SESS. : 1982)'],partial_match
1277,283311,https://digitallibrary.un.org/record/283311,A/RES/48/78,"['ISRAEL', 'NUCLEAR WEAPONS']","['ISRAEL', 'NUCLEAR WEAPONS']",[],all_match
1278,283312,https://digitallibrary.un.org/record/283312,A/RES/48/73,"['NON-NUCLEAR-WEAPON STATES', 'SECURITY']",['NON-NUCLEAR-WEAPON STATES'],['SECURITY'],partial_match
1279,283315,https://digitallibrary.un.org/record/283315,A/RES/48/88,['BOSNIA AND HERZEGOVINA SITUATION'],['BOSNIA AND HERZEGOVINA SITUATION'],[],all_match
1280,283316,https://digitallibrary.un.org/record/283316,A/RES/48/89,['RACIAL DISCRIMINATION'],['RACIAL DISCRIMINATION'],[],all_match
1281,283317,https://digitallibrary.un.org/record/283317,A/RES/48/92,['SELF-DETERMINATION OF PEOPLES'],['SELF-DETERMINATION OF PEOPLES'],[],all_match
1282,283318,https://digitallibrary.un.org/record/283318,A/RES/48/94,['SELF-DETERMINATION OF PEOPLES'],['SELF-DETERMINATION OF PEOPLES'],[],all_match
1283,283319,https://digitallibrary.un.org/record/283319,A/RES/48/101,['CRIME PREVENTION'],['CRIME PREVENTION'],[],all_match
1284,283320,https://digitallibrary.un.org/record/283320,A/RES/48/123,['HUMAN RIGHTS ADVANCEMENT'],['HUMAN RIGHTS ADVANCEMENT'],[],all_match
1285,283321,https://digitallibrary.un.org/record/283321,A/RES/48/124,['HUMAN RIGHTS ADVANCEMENT'],['HUMAN RIGHTS ADVANCEMENT'],[],all_match
1286,283322,https://digitallibrary.un.org/record/283322,A/RES/48/131,['HUMAN RIGHTS ADVANCEMENT'],['HUMAN RIGHTS ADVANCEMENT'],[],all_match
1287,283323,https://digitallibrary.un.org/record/283323,A/RES/48/142,"['HUMAN RIGHTS', 'REPORTS']",['HUMAN RIGHTS'],['REPORTS'],partial_match
1288,283324,https://digitallibrary.un.org/record/283324,A/RES/48/144,"['HUMAN RIGHTS', 'REPORTS']",['HUMAN RIGHTS'],['REPORTS'],partial_match
1289,283325,https://digitallibrary.un.org/record/283325,A/RES/48/145,"['HUMAN RIGHTS', 'REPORTS']",['HUMAN RIGHTS'],['REPORTS'],partial_match
1290,283326,https://digitallibrary.un.org/record/283326,A/RES/48/147,"['HUMAN RIGHTS', 'REPORTS']",['HUMAN RIGHTS'],['REPORTS'],partial_match
1291,283327,https://digitallibrary.un.org/record/283327,A/RES/48/158A,['PALESTINE QUESTION'],['PALESTINE QUESTION'],[],all_match
1292,283328,https://digitallibrary.un.org/record/283328,A/RES/48/158B,['PALESTINE QUESTION'],['PALESTINE QUESTION'],[],all_match
1293,283329,https://digitallibrary.un.org/record/283329,A/RES/48/158C,['PALESTINE QUESTION'],['PALESTINE QUESTION'],[],all_match
1294,283330,https://digitallibrary.un.org/record/283330,A/RES/48/158D,['PALESTINE QUESTION'],['PALESTINE QUESTION'],[],all_match
1295,283331,https://digitallibrary.un.org/record/283331,A/RES/48/168,['INTERNATIONAL TRADE'],['INTERNATIONAL TRADE'],[],all_match
1296,283332,https://digitallibrary.un.org/record/283332,A/RES/48/182,['EXTERNAL DEBT'],['EXTERNAL DEBT'],[],all_match
1297,283333,https://digitallibrary.un.org/record/283333,A/RES/48/212,"['UN. ECONOMIC AND SOCIAL COUNCIL', 'REPORTS']",[],"['UN. ECONOMIC AND SOCIAL COUNCIL', 'REPORTS']",no_match
1298,283556,https://digitallibrary.un.org/record/283556,A/RES/48/80,['ANTARCTICA'],['ANTARCTICA'],[],all_match
1299,283566,https://digitallibrary.un.org/record/283566,A/RES/48/263,['LAW OF THE SEA'],['LAW OF THE SEA'],[],all_match
1300,283584,https://digitallibrary.un.org/record/283584,A/RES/49/9,"['CUBA', 'UNITED STATES']","['CUBA', 'UNITED STATES']",[],all_match
1301,283587,https://digitallibrary.un.org/record/283587,A/RES/49/10,['BOSNIA AND HERZEGOVINA SITUATION'],['BOSNIA AND HERZEGOVINA SITUATION'],[],all_match
1302,283588,https://digitallibrary.un.org/record/283588,A/RES/50/38[B],['DECOLONIZATION'],['DECOLONIZATION'],[],all_match
1303,283594,https://digitallibrary.un.org/record/283594,A/RES/49/18,['COMORIAN ISLAND OF MAYOTTE'],['COMORIAN ISLAND OF MAYOTTE'],[],all_match
1304,283601,https://digitallibrary.un.org/record/283601,A/RES/49/26,"['SOUTH ATLANTIC OCEAN REGION', 'ZONES OF PEACE']","['SOUTH ATLANTIC OCEAN REGION', 'ZONES OF PEACE']",[],all_match
1305,283602,https://digitallibrary.un.org/record/283602,A/RES/49/28,['LAW OF THE SEA'],['LAW OF THE SEA'],[],all_match
1306,283604,https://digitallibrary.un.org/record/283604,A/RES/49/33,"['OUTER SPACE', 'PEACEFUL USES', 'MOON', 'TREATY REVIEW']","['OUTER SPACE', 'MOON', 'TREATY REVIEW']",['PEACEFUL USES'],partial_match
1307,283605,https://digitallibrary.un.org/record/283605,A/RES/49/35A,"['UNRWA', 'ACTIVITIES']",['ACTIVITIES'],['UNRWA'],partial_match
1308,283606,https://digitallibrary.un.org/record/283606,A/RES/49/35C,"['UNRWA', 'ACTIVITIES']",['ACTIVITIES'],['UNRWA'],partial_match
1309,283607,https://digitallibrary.un.org/record/283607,A/RES/49/35D,"['UNRWA', 'ACTIVITIES']",['ACTIVITIES'],['UNRWA'],partial_match
1310,283608,https://digitallibrary.un.org/record/283608,A/RES/49/35E,"['UNRWA', 'ACTIVITIES']",['ACTIVITIES'],['UNRWA'],partial_match
1311,283609,https://digitallibrary.un.org/record/283609,A/RES/49/35F,"['UNRWA', 'ACTIVITIES']",['ACTIVITIES'],['UNRWA'],partial_match
1312,283610,https://digitallibrary.un.org/record/283610,A/RES/49/35G,"['UNRWA', 'ACTIVITIES']",['ACTIVITIES'],['UNRWA'],partial_match
1313,283611,https://digitallibrary.un.org/record/283611,A/RES/49/36A,"['TERRITORIES OCCUPIED BY ISRAEL', 'HUMAN RIGHTS', 'REPORTS']","['TERRITORIES OCCUPIED BY ISRAEL', 'HUMAN RIGHTS']",['REPORTS'],partial_match
1314,283612,https://digitallibrary.un.org/record/283612,A/RES/49/36B,"['TERRITORIES OCCUPIED BY ISRAEL', 'HUMAN RIGHTS', 'REPORTS']","['TERRITORIES OCCUPIED BY ISRAEL', 'HUMAN RIGHTS']",['REPORTS'],partial_match
1315,283613,https://digitallibrary.un.org/record/283613,A/RES/49/36C,"['TERRITORIES OCCUPIED BY ISRAEL', 'HUMAN RIGHTS', 'REPORTS']","['TERRITORIES OCCUPIED BY ISRAEL', 'HUMAN RIGHTS']",['REPORTS'],partial_match
1316,283614,https://digitallibrary.un.org/record/283614,A/RES/49/36D,"['TERRITORIES OCCUPIED BY ISRAEL', 'HUMAN RIGHTS', 'REPORTS']","['TERRITORIES OCCUPIED BY ISRAEL', 'HUMAN RIGHTS']",['REPORTS'],partial_match
1317,283615,https://digitallibrary.un.org/record/283615,A/RES/49/39,"['NON-SELF-GOVERNING TERRITORIES', 'REPORTS']",['NON-SELF-GOVERNING TERRITORIES'],['REPORTS'],partial_match
1318,283616,https://digitallibrary.un.org/record/283616,A/RES/49/40,"['DECOLONIZATION', 'FOREIGN INTERESTS', 'DECOLONIZATION']","['DECOLONIZATION', 'FOREIGN INTERESTS', 'DECOLONIZATION']",[],all_match
1319,283617,https://digitallibrary.un.org/record/283617,A/RES/49/41,"['DECOLONIZATION', 'UN SYSTEM', 'UN. ECONOMIC AND SOCIAL COUNCIL', 'REPORTS']",['DECOLONIZATION'],"['UN SYSTEM', 'UN. ECONOMIC AND SOCIAL COUNCIL', 'REPORTS']",partial_match
1320,283618,https://digitallibrary.un.org/record/283618,A/RES/49/43,"['CROATIA', 'OCCUPIED TERRITORIES']",['CROATIA'],['OCCUPIED TERRITORIES'],partial_match
1321,283619,https://digitallibrary.un.org/record/283619,A/RES/49/52,"['UN. INTERNATIONAL LAW COMMISSION', 'REPORTS']",[],"['UN. INTERNATIONAL LAW COMMISSION', 'REPORTS']",no_match
1322,283620,https://digitallibrary.un.org/record/283620,A/RES/49/58,"['UN CHARTER', 'REPORTS']",[],"['UN CHARTER', 'REPORTS']",no_match
1323,283621,https://digitallibrary.un.org/record/283621,A/RES/49/62A,['PALESTINE QUESTION'],['PALESTINE QUESTION'],[],all_match
1324,283622,https://digitallibrary.un.org/record/283622,A/RES/49/62B,['PALESTINE QUESTION'],['PALESTINE QUESTION'],[],all_match
1325,283623,https://digitallibrary.un.org/record/283623,A/RES/49/62C,['PALESTINE QUESTION'],['PALESTINE QUESTION'],[],all_match
1326,283624,https://digitallibrary.un.org/record/283624,A/RES/49/62D,['PALESTINE QUESTION'],['PALESTINE QUESTION'],[],all_match
1327,283625,https://digitallibrary.un.org/record/283625,A/RES/49/65,"['IAEA', 'REPORTS']",[],"['IAEA', 'REPORTS']",no_match
1328,283626,https://digitallibrary.un.org/record/283626,A/RES/49/67,"['SCIENCE AND TECHNOLOGY', 'INTERNATIONAL SECURITY']","['SCIENCE AND TECHNOLOGY', 'INTERNATIONAL SECURITY']",[],all_match
1329,283627,https://digitallibrary.un.org/record/283627,A/RES/49/68,"['SCIENCE AND TECHNOLOGY', 'DISARMAMENT']","['SCIENCE AND TECHNOLOGY', 'DISARMAMENT']",[],all_match
1330,283628,https://digitallibrary.un.org/record/283628,A/RES/49/69,"['NUCLEAR WEAPON TESTS', 'TREATIES', 'AMENDMENTS']","['NUCLEAR WEAPON TESTS', 'TREATIES']",['AMENDMENTS'],partial_match
1331,283629,https://digitallibrary.un.org/record/283629,A/RES/49/72,"['SOUTH ASIA', 'NUCLEAR-WEAPON-FREE ZONES']","['SOUTH ASIA', 'NUCLEAR-WEAPON-FREE ZONES']",[],all_match
1332,283630,https://digitallibrary.un.org/record/283630,A/RES/49/73,"['NON-NUCLEAR-WEAPON STATES', 'SECURITY']",['NON-NUCLEAR-WEAPON STATES'],['SECURITY'],partial_match
1333,283631,https://digitallibrary.un.org/record/283631,A/RES/49/74,"['ARMS RACE', 'OUTER SPACE']","['ARMS RACE', 'OUTER SPACE']",[],all_match
1334,283632,https://digitallibrary.un.org/record/283632,A/RES/49/75B,"['DISARMAMENT', 'GENERAL AND COMPLETE']",['DISARMAMENT'],['GENERAL AND COMPLETE'],partial_match
1335,283633,https://digitallibrary.un.org/record/283633,A/RES/49/75C,"['DISARMAMENT', 'GENERAL AND COMPLETE']",['DISARMAMENT'],['GENERAL AND COMPLETE'],partial_match
1336,283634,https://digitallibrary.un.org/record/283634,A/RES/49/75E,"['DISARMAMENT', 'GENERAL AND COMPLETE']",['DISARMAMENT'],['GENERAL AND COMPLETE'],partial_match
1337,283635,https://digitallibrary.un.org/record/283635,A/RES/49/75F,"['DISARMAMENT', 'GENERAL AND COMPLETE']",['DISARMAMENT'],['GENERAL AND COMPLETE'],partial_match
1338,283636,https://digitallibrary.un.org/record/283636,A/RES/49/75G,"['DISARMAMENT', 'GENERAL AND COMPLETE']",['DISARMAMENT'],['GENERAL AND COMPLETE'],partial_match
1339,283637,https://digitallibrary.un.org/record/283637,A/RES/49/75H,"['DISARMAMENT', 'GENERAL AND COMPLETE']",['DISARMAMENT'],['GENERAL AND COMPLETE'],partial_match
1340,283638,https://digitallibrary.un.org/record/283638,A/RES/49/75K,"['DISARMAMENT', 'GENERAL AND COMPLETE']",['DISARMAMENT'],['GENERAL AND COMPLETE'],partial_match
1341,283639,https://digitallibrary.un.org/record/283639,A/RES/49/75N,"['DISARMAMENT', 'GENERAL AND COMPLETE']",['DISARMAMENT'],['GENERAL AND COMPLETE'],partial_match
1342,283640,https://digitallibrary.un.org/record/283640,A/RES/49/75O,"['DISARMAMENT', 'GENERAL AND COMPLETE']",['DISARMAMENT'],['GENERAL AND COMPLETE'],partial_match
1343,283641,https://digitallibrary.un.org/record/283641,A/RES/49/75P,"['DISARMAMENT', 'GENERAL AND COMPLETE']",['DISARMAMENT'],['GENERAL AND COMPLETE'],partial_match
1344,283642,https://digitallibrary.un.org/record/283642,A/RES/49/76E,"['DISARMAMENT', 'UN. GENERAL ASSEMBLY (12TH SPECIAL SESS. : 1982)', 'RECOMMENDATIONS']","['DISARMAMENT', 'RECOMMENDATIONS']",['UN. GENERAL ASSEMBLY (12TH SPECIAL SESS. : 1982)'],partial_match
1345,283643,https://digitallibrary.un.org/record/283643,A/RES/49/77D,"['DISARMAMENT', 'UN. GENERAL ASSEMBLY (10TH SPECIAL SESS. : 1978)', 'RECOMMENDATIONS']","['DISARMAMENT', 'RECOMMENDATIONS']",['UN. GENERAL ASSEMBLY (10TH SPECIAL SESS. : 1978)'],partial_match
1346,283644,https://digitallibrary.un.org/record/283644,A/RES/49/78,"['ISRAEL', 'NUCLEAR WEAPONS']","['ISRAEL', 'NUCLEAR WEAPONS']",[],all_match
1347,283645,https://digitallibrary.un.org/record/283645,A/RES/49/82,"['INDIAN OCEAN', 'ZONES OF PEACE']","['INDIAN OCEAN', 'ZONES OF PEACE']",[],all_match
1348,283646,https://digitallibrary.un.org/record/283646,A/RES/49/84,"['AFRICA', 'NUCLEAR-WEAPON-FREE ZONES']","['AFRICA', 'NUCLEAR-WEAPON-FREE ZONES']",[],all_match
1349,283647,https://digitallibrary.un.org/record/283647,A/RES/49/87A,['MIDDLE EAST SITUATION'],['MIDDLE EAST SITUATION'],[],all_match
1350,283648,https://digitallibrary.un.org/record/283648,A/RES/49/87B,['MIDDLE EAST SITUATION'],['MIDDLE EAST SITUATION'],[],all_match
1351,283649,https://digitallibrary.un.org/record/283649,A/RES/49/88,['MIDDLE EAST SITUATION'],['MIDDLE EAST SITUATION'],[],all_match
1352,283650,https://digitallibrary.un.org/record/283650,A/RES/49/89,['DECOLONIZATION'],['DECOLONIZATION'],[],all_match
1353,283651,https://digitallibrary.un.org/record/283651,A/RES/49/90,['DECOLONIZATION'],['DECOLONIZATION'],[],all_match
1354,283669,https://digitallibrary.un.org/record/283669,A/RES/49/132,"['UN. ECONOMIC AND SOCIAL COUNCIL', 'REPORTS']",[],"['UN. ECONOMIC AND SOCIAL COUNCIL', 'REPORTS']",no_match
1355,283671,https://digitallibrary.un.org/record/283671,A/RES/49/149,['SELF-DETERMINATION OF PEOPLES'],['SELF-DETERMINATION OF PEOPLES'],[],all_match
1356,283672,https://digitallibrary.un.org/record/283672,A/RES/49/150,['SELF-DETERMINATION OF PEOPLES'],['SELF-DETERMINATION OF PEOPLES'],[],all_match
1357,283673,https://digitallibrary.un.org/record/283673,A/RES/49/151,['SELF-DETERMINATION OF PEOPLES'],['SELF-DETERMINATION OF PEOPLES'],[],all_match
1358,283674,https://digitallibrary.un.org/record/283674,A/RES/49/180,['HUMAN RIGHTS ADVANCEMENT'],['HUMAN RIGHTS ADVANCEMENT'],[],all_match
1359,283675,https://digitallibrary.un.org/record/283675,A/RES/49/182,['HUMAN RIGHTS ADVANCEMENT'],['HUMAN RIGHTS ADVANCEMENT'],[],all_match
1360,283676,https://digitallibrary.un.org/record/283676,A/RES/49/186,['HUMAN RIGHTS ADVANCEMENT'],['HUMAN RIGHTS ADVANCEMENT'],[],all_match
1361,283677,https://digitallibrary.un.org/record/283677,A/RES/49/190,['HUMAN RIGHTS ADVANCEMENT'],['HUMAN RIGHTS ADVANCEMENT'],[],all_match
1362,283678,https://digitallibrary.un.org/record/283678,A/RES/49/196,"['HUMAN RIGHTS', 'REPORTS']",['HUMAN RIGHTS'],['REPORTS'],partial_match
1363,283679,https://digitallibrary.un.org/record/283679,A/RES/49/198,"['HUMAN RIGHTS', 'REPORTS']",['HUMAN RIGHTS'],['REPORTS'],partial_match
1364,283680,https://digitallibrary.un.org/record/283680,A/RES/49/200,"['HUMAN RIGHTS', 'REPORTS']",['HUMAN RIGHTS'],['REPORTS'],partial_match
1365,283681,https://digitallibrary.un.org/record/283681,A/RES/49/202,"['HUMAN RIGHTS', 'REPORTS']",['HUMAN RIGHTS'],['REPORTS'],partial_match
1366,283682,https://digitallibrary.un.org/record/283682,A/RES/49/203,"['HUMAN RIGHTS', 'REPORTS']",['HUMAN RIGHTS'],['REPORTS'],partial_match
1367,283683,https://digitallibrary.un.org/record/283683,A/RES/49/204,"['HUMAN RIGHTS', 'REPORTS']",['HUMAN RIGHTS'],['REPORTS'],partial_match
1368,283917,https://digitallibrary.un.org/record/283917,A/RES/49/243,"[""WOMEN'S ADVANCEMENT""]","[""WOMEN'S ADVANCEMENT""]",[],all_match
1369,284059,https://digitallibrary.un.org/record/284059,A/RES/50/9,"['IAEA', 'REPORTS']",[],"['IAEA', 'REPORTS']",no_match
1370,284060,https://digitallibrary.un.org/record/284060,A/RES/50/10,"['CUBA', 'UNITED STATES']","['CUBA', 'UNITED STATES']",[],all_match
1371,284061,https://digitallibrary.un.org/record/284061,A/RES/50/11,"['MULTILINGUALISM', 'UN']",['MULTILINGUALISM'],['UN'],partial_match
1372,284062,https://digitallibrary.un.org/record/284062,A/RES/50/18,"['SOUTH ATLANTIC OCEAN REGION', 'ZONES OF PEACE']","['SOUTH ATLANTIC OCEAN REGION', 'ZONES OF PEACE']",[],all_match
1373,284093,https://digitallibrary.un.org/record/284093,A/RES/50/21,['MIDDLE EAST SITUATION'],['MIDDLE EAST SITUATION'],[],all_match
1374,284094,https://digitallibrary.un.org/record/284094,A/RES/50/22A,['MIDDLE EAST SITUATION'],['MIDDLE EAST SITUATION'],[],all_match
1375,284095,https://digitallibrary.un.org/record/284095,A/RES/50/22B,['MIDDLE EAST SITUATION'],['MIDDLE EAST SITUATION'],[],all_match
1376,284096,https://digitallibrary.un.org/record/284096,A/RES/50/23,['LAW OF THE SEA'],['LAW OF THE SEA'],[],all_match
1377,284097,https://digitallibrary.un.org/record/284097,A/RES/50/28A,"['UNRWA', 'ACTIVITIES']",['ACTIVITIES'],['UNRWA'],partial_match
1378,284098,https://digitallibrary.un.org/record/284098,A/RES/50/28C,"['UNRWA', 'ACTIVITIES']",['ACTIVITIES'],['UNRWA'],partial_match
1379,284099,https://digitallibrary.un.org/record/284099,A/RES/50/28D,"['UNRWA', 'ACTIVITIES']",['ACTIVITIES'],['UNRWA'],partial_match
1380,284100,https://digitallibrary.un.org/record/284100,A/RES/50/28E,"['UNRWA', 'ACTIVITIES']",['ACTIVITIES'],['UNRWA'],partial_match
1381,284101,https://digitallibrary.un.org/record/284101,A/RES/50/28F,"['UNRWA', 'ACTIVITIES']",['ACTIVITIES'],['UNRWA'],partial_match
1382,284102,https://digitallibrary.un.org/record/284102,A/RES/50/28G,"['UNRWA', 'ACTIVITIES']",['ACTIVITIES'],['UNRWA'],partial_match
1383,284103,https://digitallibrary.un.org/record/284103,A/RES/50/29A,"['TERRITORIES OCCUPIED BY ISRAEL', 'HUMAN RIGHTS', 'REPORTS']","['TERRITORIES OCCUPIED BY ISRAEL', 'HUMAN RIGHTS']",['REPORTS'],partial_match
1384,284104,https://digitallibrary.un.org/record/284104,A/RES/50/29B,"['TERRITORIES OCCUPIED BY ISRAEL', 'HUMAN RIGHTS', 'REPORTS']","['TERRITORIES OCCUPIED BY ISRAEL', 'HUMAN RIGHTS']",['REPORTS'],partial_match
1385,284105,https://digitallibrary.un.org/record/284105,A/RES/50/29C,"['TERRITORIES OCCUPIED BY ISRAEL', 'HUMAN RIGHTS', 'REPORTS']","['TERRITORIES OCCUPIED BY ISRAEL', 'HUMAN RIGHTS']",['REPORTS'],partial_match
1386,284106,https://digitallibrary.un.org/record/284106,A/RES/50/29D,"['TERRITORIES OCCUPIED BY ISRAEL', 'HUMAN RIGHTS', 'REPORTS']","['TERRITORIES OCCUPIED BY ISRAEL', 'HUMAN RIGHTS']",['REPORTS'],partial_match
1387,284107,https://digitallibrary.un.org/record/284107,A/RES/50/32,"['NON-SELF-GOVERNING TERRITORIES', 'REPORTS']",['NON-SELF-GOVERNING TERRITORIES'],['REPORTS'],partial_match
1388,284108,https://digitallibrary.un.org/record/284108,A/RES/50/33,"['DECOLONIZATION', 'FOREIGN INTERESTS', 'DECOLONIZATION']","['DECOLONIZATION', 'FOREIGN INTERESTS', 'DECOLONIZATION']",[],all_match
1389,284109,https://digitallibrary.un.org/record/284109,A/RES/50/34,"['DECOLONIZATION', 'UN SYSTEM', 'UN. ECONOMIC AND SOCIAL COUNCIL', 'REPORTS']",['DECOLONIZATION'],"['UN SYSTEM', 'UN. ECONOMIC AND SOCIAL COUNCIL', 'REPORTS']",partial_match
1390,284110,https://digitallibrary.un.org/record/284110,A/RES/50/38[A],['DECOLONIZATION'],['DECOLONIZATION'],[],all_match
1391,284111,https://digitallibrary.un.org/record/284111,A/RES/50/39,['DECOLONIZATION'],['DECOLONIZATION'],[],all_match
1392,284112,https://digitallibrary.un.org/record/284112,A/RES/50/40,['DECOLONIZATION'],['DECOLONIZATION'],[],all_match
1393,284118,https://digitallibrary.un.org/record/284118,A/RES/50/52,"['UN CHARTER', 'REPORTS']",[],"['UN CHARTER', 'REPORTS']",no_match
1394,284119,https://digitallibrary.un.org/record/284119,A/RES/50/56,['CULTURAL PROPERTY RESTITUTION'],['CULTURAL PROPERTY RESTITUTION'],[],all_match
1395,284123,https://digitallibrary.un.org/record/284123,A/RES/50/61,['VERIFICATION'],['VERIFICATION'],[],all_match
1396,284124,https://digitallibrary.un.org/record/284124,A/RES/50/63,"['SCIENCE AND TECHNOLOGY', 'DISARMAMENT']","['SCIENCE AND TECHNOLOGY', 'DISARMAMENT']",[],all_match
1397,284125,https://digitallibrary.un.org/record/284125,A/RES/50/64,"['NUCLEAR WEAPON TESTS', 'TREATIES', 'AMENDMENTS']","['NUCLEAR WEAPON TESTS', 'TREATIES']",['AMENDMENTS'],partial_match
1398,284126,https://digitallibrary.un.org/record/284126,A/RES/50/67,"['SOUTH ASIA', 'NUCLEAR-WEAPON-FREE ZONES']","['SOUTH ASIA', 'NUCLEAR-WEAPON-FREE ZONES']",[],all_match
1399,284127,https://digitallibrary.un.org/record/284127,A/RES/50/68,"['NON-NUCLEAR-WEAPON STATES', 'SECURITY']",['NON-NUCLEAR-WEAPON STATES'],['SECURITY'],partial_match
1400,284128,https://digitallibrary.un.org/record/284128,A/RES/50/70A,"['DISARMAMENT', 'GENERAL AND COMPLETE']",['DISARMAMENT'],['GENERAL AND COMPLETE'],partial_match
1401,284129,https://digitallibrary.un.org/record/284129,A/RES/50/70B,"['DISARMAMENT', 'GENERAL AND COMPLETE']",['DISARMAMENT'],['GENERAL AND COMPLETE'],partial_match
1402,284130,https://digitallibrary.un.org/record/284130,A/RES/50/70C,"['DISARMAMENT', 'GENERAL AND COMPLETE']",['DISARMAMENT'],['GENERAL AND COMPLETE'],partial_match
1403,284132,https://digitallibrary.un.org/record/284132,A/RES/50/70D,"['DISARMAMENT', 'GENERAL AND COMPLETE']",['DISARMAMENT'],['GENERAL AND COMPLETE'],partial_match
1404,284133,https://digitallibrary.un.org/record/284133,A/RES/50/70F,"['DISARMAMENT', 'GENERAL AND COMPLETE']",['DISARMAMENT'],['GENERAL AND COMPLETE'],partial_match
1405,284134,https://digitallibrary.un.org/record/284134,A/RES/50/70I,"['DISARMAMENT', 'GENERAL AND COMPLETE']",['DISARMAMENT'],['GENERAL AND COMPLETE'],partial_match
1406,284135,https://digitallibrary.un.org/record/284135,A/RES/50/70K,"['DISARMAMENT', 'GENERAL AND COMPLETE']",['DISARMAMENT'],['GENERAL AND COMPLETE'],partial_match
1407,284136,https://digitallibrary.un.org/record/284136,A/RES/50/70L,"['DISARMAMENT', 'GENERAL AND COMPLETE']",['DISARMAMENT'],['GENERAL AND COMPLETE'],partial_match
1408,284137,https://digitallibrary.un.org/record/284137,A/RES/50/70M,"['DISARMAMENT', 'GENERAL AND COMPLETE']",['DISARMAMENT'],['GENERAL AND COMPLETE'],partial_match
1409,284138,https://digitallibrary.un.org/record/284138,A/RES/50/70N,"['DISARMAMENT', 'GENERAL AND COMPLETE']",['DISARMAMENT'],['GENERAL AND COMPLETE'],partial_match
1410,284139,https://digitallibrary.un.org/record/284139,A/RES/50/70P,"['DISARMAMENT', 'GENERAL AND COMPLETE']",['DISARMAMENT'],['GENERAL AND COMPLETE'],partial_match
1411,284140,https://digitallibrary.un.org/record/284140,A/RES/50/70Q,"['DISARMAMENT', 'GENERAL AND COMPLETE']",['DISARMAMENT'],['GENERAL AND COMPLETE'],partial_match
1412,284141,https://digitallibrary.un.org/record/284141,A/RES/50/71E,"['DISARMAMENT', 'UN. GENERAL ASSEMBLY (12TH SPECIAL SESS. : 1982)', 'RECOMMENDATIONS']","['DISARMAMENT', 'RECOMMENDATIONS']",['UN. GENERAL ASSEMBLY (12TH SPECIAL SESS. : 1982)'],partial_match
1413,284142,https://digitallibrary.un.org/record/284142,A/RES/50/73,"['NUCLEAR WEAPONS', 'MIDDLE EAST']","['NUCLEAR WEAPONS', 'MIDDLE EAST']",[],all_match
1414,284143,https://digitallibrary.un.org/record/284143,A/RES/50/76,"['INDIAN OCEAN', 'ZONES OF PEACE']","['INDIAN OCEAN', 'ZONES OF PEACE']",[],all_match
1415,284145,https://digitallibrary.un.org/record/284145,A/RES/50/84A,['PALESTINE QUESTION'],['PALESTINE QUESTION'],[],all_match
1416,284146,https://digitallibrary.un.org/record/284146,A/RES/50/84B,['PALESTINE QUESTION'],['PALESTINE QUESTION'],[],all_match
1417,284147,https://digitallibrary.un.org/record/284147,A/RES/50/84C,['PALESTINE QUESTION'],['PALESTINE QUESTION'],[],all_match
1418,284148,https://digitallibrary.un.org/record/284148,A/RES/50/84D,['PALESTINE QUESTION'],['PALESTINE QUESTION'],[],all_match
1419,284151,https://digitallibrary.un.org/record/284151,A/RES/50/96,['INTERNATIONAL TRADE'],['INTERNATIONAL TRADE'],[],all_match
1420,284152,https://digitallibrary.un.org/record/284152,A/RES/50/129,"['UN. ECONOMIC AND SOCIAL COUNCIL', 'REPORTS']",[],"['UN. ECONOMIC AND SOCIAL COUNCIL', 'REPORTS']",no_match
1421,284155,https://digitallibrary.un.org/record/284155,A/RES/50/138,['SELF-DETERMINATION OF PEOPLES'],['SELF-DETERMINATION OF PEOPLES'],[],all_match
1422,284156,https://digitallibrary.un.org/record/284156,A/RES/50/140,['SELF-DETERMINATION OF PEOPLES'],['SELF-DETERMINATION OF PEOPLES'],[],all_match
1423,284157,https://digitallibrary.un.org/record/284157,A/RES/50/172,['HUMAN RIGHTS ADVANCEMENT'],['HUMAN RIGHTS ADVANCEMENT'],[],all_match
1424,284158,https://digitallibrary.un.org/record/284158,A/RES/50/175,['HUMAN RIGHTS ADVANCEMENT'],['HUMAN RIGHTS ADVANCEMENT'],[],all_match
1425,284159,https://digitallibrary.un.org/record/284159,A/RES/50/185,['HUMAN RIGHTS ADVANCEMENT'],['HUMAN RIGHTS ADVANCEMENT'],[],all_match
1426,284160,https://digitallibrary.un.org/record/284160,A/RES/50/188,"['HUMAN RIGHTS', 'REPORTS']",['HUMAN RIGHTS'],['REPORTS'],partial_match
1427,284161,https://digitallibrary.un.org/record/284161,A/RES/50/190,"['HUMAN RIGHTS', 'REPORTS']",['HUMAN RIGHTS'],['REPORTS'],partial_match
1428,284162,https://digitallibrary.un.org/record/284162,A/RES/50/191,"['HUMAN RIGHTS', 'REPORTS']",['HUMAN RIGHTS'],['REPORTS'],partial_match
1429,284163,https://digitallibrary.un.org/record/284163,A/RES/50/193,"['HUMAN RIGHTS', 'REPORTS']",['HUMAN RIGHTS'],['REPORTS'],partial_match
1430,284164,https://digitallibrary.un.org/record/284164,A/RES/50/197,"['HUMAN RIGHTS', 'REPORTS']",['HUMAN RIGHTS'],['REPORTS'],partial_match
1431,284165,https://digitallibrary.un.org/record/284165,A/RES/50/198,"['HUMAN RIGHTS', 'REPORTS']",['HUMAN RIGHTS'],['REPORTS'],partial_match
1432,284166,https://digitallibrary.un.org/record/284166,A/RES/50/199,"['HUMAN RIGHTS', 'REPORTS']",['HUMAN RIGHTS'],['REPORTS'],partial_match
1433,284470,https://digitallibrary.un.org/record/284470,A/RES/50/62,"['SCIENCE AND TECHNOLOGY', 'INTERNATIONAL SECURITY']","['SCIENCE AND TECHNOLOGY', 'INTERNATIONAL SECURITY']",[],all_match
1434,284471,https://digitallibrary.un.org/record/284471,A/RES/50/69,"['ARMS RACE', 'OUTER SPACE']","['ARMS RACE', 'OUTER SPACE']",[],all_match
1435,284472,https://digitallibrary.un.org/record/284472,A/RES/50/22C,['MIDDLE EAST SITUATION'],['MIDDLE EAST SITUATION'],[],all_match
1436,284473,https://digitallibrary.un.org/record/284473,A/RES/50/89B,"['UN INTERIM FORCE IN LEBANON', 'FINANCING']",['FINANCING'],['UN INTERIM FORCE IN LEBANON'],partial_match
1437,284474,https://digitallibrary.un.org/record/284474,A/RES/51/10,"['IAEA', 'REPORTS']",[],"['IAEA', 'REPORTS']",no_match
1438,284475,https://digitallibrary.un.org/record/284475,A/RES/51/19,"['SOUTH ATLANTIC OCEAN REGION', 'ZONES OF PEACE']","['SOUTH ATLANTIC OCEAN REGION', 'ZONES OF PEACE']",[],all_match
1439,284476,https://digitallibrary.un.org/record/284476,A/RES/51/17,"['CUBA', 'UNITED STATES']","['CUBA', 'UNITED STATES']",[],all_match
1440,284477,https://digitallibrary.un.org/record/284477,A/RES/50/245,['NUCLEAR WEAPON TESTS'],['NUCLEAR WEAPON TESTS'],[],all_match
1441,284496,https://digitallibrary.un.org/record/284496,A/RES/51/22,"['ECONOMIC SANCTIONS', 'INTERNATIONAL RELATIONS']",['INTERNATIONAL RELATIONS'],['ECONOMIC SANCTIONS'],partial_match
1442,284502,https://digitallibrary.un.org/record/284502,A/RES/51/23,['PALESTINE QUESTION'],['PALESTINE QUESTION'],[],all_match
1443,284503,https://digitallibrary.un.org/record/284503,A/RES/51/24,['PALESTINE QUESTION'],['PALESTINE QUESTION'],[],all_match
1444,284504,https://digitallibrary.un.org/record/284504,A/RES/51/25,['PALESTINE QUESTION'],['PALESTINE QUESTION'],[],all_match
1445,284505,https://digitallibrary.un.org/record/284505,A/RES/51/26,['PALESTINE QUESTION'],['PALESTINE QUESTION'],[],all_match
1446,284506,https://digitallibrary.un.org/record/284506,A/RES/51/27,['MIDDLE EAST SITUATION'],['MIDDLE EAST SITUATION'],[],all_match
1447,284507,https://digitallibrary.un.org/record/284507,A/RES/51/28,['MIDDLE EAST SITUATION'],['MIDDLE EAST SITUATION'],[],all_match
1448,284508,https://digitallibrary.un.org/record/284508,A/RES/51/29,['MIDDLE EAST SITUATION'],['MIDDLE EAST SITUATION'],[],all_match
1449,284510,https://digitallibrary.un.org/record/284510,A/RES/51/34,['LAW OF THE SEA'],['LAW OF THE SEA'],[],all_match
1450,284512,https://digitallibrary.un.org/record/284512,A/RES/51/39,"['SCIENCE AND TECHNOLOGY', 'INTERNATIONAL SECURITY']","['SCIENCE AND TECHNOLOGY', 'INTERNATIONAL SECURITY']",[],all_match
1451,284513,https://digitallibrary.un.org/record/284513,A/RES/51/40,"['SCIENCE AND TECHNOLOGY', 'DISARMAMENT']","['SCIENCE AND TECHNOLOGY', 'DISARMAMENT']",[],all_match
1452,284514,https://digitallibrary.un.org/record/284514,A/RES/51/42,"['SOUTH ASIA', 'NUCLEAR-WEAPON-FREE ZONES']","['SOUTH ASIA', 'NUCLEAR-WEAPON-FREE ZONES']",[],all_match
1453,284515,https://digitallibrary.un.org/record/284515,A/RES/51/43,"['NON-NUCLEAR-WEAPON STATES', 'SECURITY']",['NON-NUCLEAR-WEAPON STATES'],['SECURITY'],partial_match
1454,284516,https://digitallibrary.un.org/record/284516,A/RES/51/44,"['ARMS RACE', 'OUTER SPACE']","['ARMS RACE', 'OUTER SPACE']",[],all_match
1455,284517,https://digitallibrary.un.org/record/284517,A/RES/51/45A,"['DISARMAMENT', 'GENERAL AND COMPLETE']",['DISARMAMENT'],['GENERAL AND COMPLETE'],partial_match
1456,284518,https://digitallibrary.un.org/record/284518,A/RES/51/45B,"['DISARMAMENT', 'GENERAL AND COMPLETE']",['DISARMAMENT'],['GENERAL AND COMPLETE'],partial_match
1457,284519,https://digitallibrary.un.org/record/284519,A/RES/51/45C,"['DISARMAMENT', 'GENERAL AND COMPLETE']",['DISARMAMENT'],['GENERAL AND COMPLETE'],partial_match
1458,284520,https://digitallibrary.un.org/record/284520,A/RES/51/45E,"['DISARMAMENT', 'GENERAL AND COMPLETE']",['DISARMAMENT'],['GENERAL AND COMPLETE'],partial_match
1459,284521,https://digitallibrary.un.org/record/284521,A/RES/51/45G,"['DISARMAMENT', 'GENERAL AND COMPLETE']",['DISARMAMENT'],['GENERAL AND COMPLETE'],partial_match
1460,284522,https://digitallibrary.un.org/record/284522,A/RES/51/45H,"['DISARMAMENT', 'GENERAL AND COMPLETE']",['DISARMAMENT'],['GENERAL AND COMPLETE'],partial_match
1461,284523,https://digitallibrary.un.org/record/284523,A/RES/51/45I,"['DISARMAMENT', 'GENERAL AND COMPLETE']",['DISARMAMENT'],['GENERAL AND COMPLETE'],partial_match
1462,284524,https://digitallibrary.un.org/record/284524,A/RES/51/45K,"['DISARMAMENT', 'GENERAL AND COMPLETE']",['DISARMAMENT'],['GENERAL AND COMPLETE'],partial_match
1463,284525,https://digitallibrary.un.org/record/284525,A/RES/51/45M,"['DISARMAMENT', 'GENERAL AND COMPLETE']",['DISARMAMENT'],['GENERAL AND COMPLETE'],partial_match
1464,284526,https://digitallibrary.un.org/record/284526,A/RES/51/45O,"['DISARMAMENT', 'GENERAL AND COMPLETE']",['DISARMAMENT'],['GENERAL AND COMPLETE'],partial_match
1465,284527,https://digitallibrary.un.org/record/284527,A/RES/51/45P,"['DISARMAMENT', 'GENERAL AND COMPLETE']",['DISARMAMENT'],['GENERAL AND COMPLETE'],partial_match
1466,284528,https://digitallibrary.un.org/record/284528,A/RES/51/45Q,"['DISARMAMENT', 'GENERAL AND COMPLETE']",['DISARMAMENT'],['GENERAL AND COMPLETE'],partial_match
1467,284529,https://digitallibrary.un.org/record/284529,A/RES/51/45R,"['DISARMAMENT', 'GENERAL AND COMPLETE']",['DISARMAMENT'],['GENERAL AND COMPLETE'],partial_match
1468,284530,https://digitallibrary.un.org/record/284530,A/RES/51/45S,"['DISARMAMENT', 'GENERAL AND COMPLETE']",['DISARMAMENT'],['GENERAL AND COMPLETE'],partial_match
1469,284531,https://digitallibrary.un.org/record/284531,A/RES/51/46D,"['DISARMAMENT', 'UN. GENERAL ASSEMBLY (12TH SPECIAL SESS. : 1982)', 'RECOMMENDATIONS']","['DISARMAMENT', 'RECOMMENDATIONS']",['UN. GENERAL ASSEMBLY (12TH SPECIAL SESS. : 1982)'],partial_match
1470,284532,https://digitallibrary.un.org/record/284532,A/RES/51/47A,"['DISARMAMENT', 'UN. GENERAL ASSEMBLY (10TH SPECIAL SESS. : 1978)', 'RECOMMENDATIONS']","['DISARMAMENT', 'RECOMMENDATIONS']",['UN. GENERAL ASSEMBLY (10TH SPECIAL SESS. : 1978)'],partial_match
1471,284533,https://digitallibrary.un.org/record/284533,A/RES/51/48,"['NUCLEAR WEAPONS', 'MIDDLE EAST']","['NUCLEAR WEAPONS', 'MIDDLE EAST']",[],all_match
1472,284534,https://digitallibrary.un.org/record/284534,A/RES/51/51,"['INDIAN OCEAN', 'ZONES OF PEACE']","['INDIAN OCEAN', 'ZONES OF PEACE']",[],all_match
1473,284535,https://digitallibrary.un.org/record/284535,A/RES/51/55,"['INTERNATIONAL SECURITY', 'DECLARATIONS (1960)']",['INTERNATIONAL SECURITY'],['DECLARATIONS (1960)'],partial_match
1474,284545,https://digitallibrary.un.org/record/284545,A/RES/51/57,"['ORGANIZATION FOR SECURITY AND COOPERATION IN EUROPE', 'UN']",[],"['ORGANIZATION FOR SECURITY AND COOPERATION IN EUROPE', 'UN']",no_match
1475,284548,https://digitallibrary.un.org/record/284548,A/RES/51/82,['SELF-DETERMINATION OF PEOPLES'],['SELF-DETERMINATION OF PEOPLES'],[],all_match
1476,284549,https://digitallibrary.un.org/record/284549,A/RES/51/83,['SELF-DETERMINATION OF PEOPLES'],['SELF-DETERMINATION OF PEOPLES'],[],all_match
1477,284550,https://digitallibrary.un.org/record/284550,A/RES/51/89,['HUMAN RIGHTS ADVANCEMENT'],['HUMAN RIGHTS ADVANCEMENT'],[],all_match
1478,284552,https://digitallibrary.un.org/record/284552,A/RES/51/100,['HUMAN RIGHTS ADVANCEMENT'],['HUMAN RIGHTS ADVANCEMENT'],[],all_match
1479,284553,https://digitallibrary.un.org/record/284553,A/RES/51/103,['HUMAN RIGHTS ADVANCEMENT'],['HUMAN RIGHTS ADVANCEMENT'],[],all_match
1480,284554,https://digitallibrary.un.org/record/284554,A/RES/51/106,"['HUMAN RIGHTS', 'REPORTS']",['HUMAN RIGHTS'],['REPORTS'],partial_match
1481,284556,https://digitallibrary.un.org/record/284556,A/RES/51/107,"['HUMAN RIGHTS', 'REPORTS']",['HUMAN RIGHTS'],['REPORTS'],partial_match
1482,284557,https://digitallibrary.un.org/record/284557,A/RES/51/109,"['HUMAN RIGHTS', 'REPORTS']",['HUMAN RIGHTS'],['REPORTS'],partial_match
1483,284558,https://digitallibrary.un.org/record/284558,A/RES/51/111,"['HUMAN RIGHTS', 'REPORTS']",['HUMAN RIGHTS'],['REPORTS'],partial_match
1484,284560,https://digitallibrary.un.org/record/284560,A/RES/51/112,"['HUMAN RIGHTS', 'REPORTS']",['HUMAN RIGHTS'],['REPORTS'],partial_match
1485,284561,https://digitallibrary.un.org/record/284561,A/RES/51/113,"['HUMAN RIGHTS', 'REPORTS']",['HUMAN RIGHTS'],['REPORTS'],partial_match
1486,284563,https://digitallibrary.un.org/record/284563,A/RES/51/116,"['HUMAN RIGHTS', 'REPORTS']",['HUMAN RIGHTS'],['REPORTS'],partial_match
1487,284564,https://digitallibrary.un.org/record/284564,A/RES/51/124,"['UNRWA', 'ACTIVITIES']",['ACTIVITIES'],['UNRWA'],partial_match
1488,284565,https://digitallibrary.un.org/record/284565,A/RES/51/126,"['UNRWA', 'ACTIVITIES']",['ACTIVITIES'],['UNRWA'],partial_match
1489,284566,https://digitallibrary.un.org/record/284566,A/RES/51/127,"['UNRWA', 'ACTIVITIES']",['ACTIVITIES'],['UNRWA'],partial_match
1490,284567,https://digitallibrary.un.org/record/284567,A/RES/51/128,"['UNRWA', 'ACTIVITIES']",['ACTIVITIES'],['UNRWA'],partial_match
1491,284568,https://digitallibrary.un.org/record/284568,A/RES/51/129,"['UNRWA', 'ACTIVITIES']",['ACTIVITIES'],['UNRWA'],partial_match
1492,284569,https://digitallibrary.un.org/record/284569,A/RES/51/130,"['UNRWA', 'ACTIVITIES']",['ACTIVITIES'],['UNRWA'],partial_match
1493,284570,https://digitallibrary.un.org/record/284570,A/RES/51/131,"['TERRITORIES OCCUPIED BY ISRAEL', 'HUMAN RIGHTS', 'REPORTS']","['TERRITORIES OCCUPIED BY ISRAEL', 'HUMAN RIGHTS']",['REPORTS'],partial_match
1494,284571,https://digitallibrary.un.org/record/284571,A/RES/51/132,"['TERRITORIES OCCUPIED BY ISRAEL', 'HUMAN RIGHTS', 'REPORTS']","['TERRITORIES OCCUPIED BY ISRAEL', 'HUMAN RIGHTS']",['REPORTS'],partial_match
1495,284572,https://digitallibrary.un.org/record/284572,A/RES/51/133,"['TERRITORIES OCCUPIED BY ISRAEL', 'HUMAN RIGHTS', 'REPORTS']","['TERRITORIES OCCUPIED BY ISRAEL', 'HUMAN RIGHTS']",['REPORTS'],partial_match
1496,284573,https://digitallibrary.un.org/record/284573,A/RES/51/134,"['TERRITORIES OCCUPIED BY ISRAEL', 'HUMAN RIGHTS', 'REPORTS']","['TERRITORIES OCCUPIED BY ISRAEL', 'HUMAN RIGHTS']",['REPORTS'],partial_match
1497,284574,https://digitallibrary.un.org/record/284574,A/RES/51/135,"['TERRITORIES OCCUPIED BY ISRAEL', 'HUMAN RIGHTS', 'REPORTS']","['TERRITORIES OCCUPIED BY ISRAEL', 'HUMAN RIGHTS']",['REPORTS'],partial_match
1498,284575,https://digitallibrary.un.org/record/284575,A/RES/51/136,['PEACEKEEPING OPERATIONS'],['PEACEKEEPING OPERATIONS'],[],all_match
1499,284576,https://digitallibrary.un.org/record/284576,A/RES/51/138B,['INFORMATION'],['INFORMATION'],[],all_match
1500,284577,https://digitallibrary.un.org/record/284577,A/RES/51/139,"['NON-SELF-GOVERNING TERRITORIES', 'REPORTS']",['NON-SELF-GOVERNING TERRITORIES'],['REPORTS'],partial_match
1501,284578,https://digitallibrary.un.org/record/284578,A/RES/51/140,"['DECOLONIZATION', 'FOREIGN INTERESTS', 'DECOLONIZATION']","['DECOLONIZATION', 'FOREIGN INTERESTS', 'DECOLONIZATION']",[],all_match
1502,284579,https://digitallibrary.un.org/record/284579,A/RES/51/141,"['DECOLONIZATION', 'UN SYSTEM', 'UN. ECONOMIC AND SOCIAL COUNCIL', 'REPORTS']",['DECOLONIZATION'],"['UN SYSTEM', 'UN. ECONOMIC AND SOCIAL COUNCIL', 'REPORTS']",partial_match
1503,284580,https://digitallibrary.un.org/record/284580,A/RES/51/146,['DECOLONIZATION'],['DECOLONIZATION'],[],all_match
1504,284581,https://digitallibrary.un.org/record/284581,A/RES/51/147,['DECOLONIZATION'],['DECOLONIZATION'],[],all_match
1505,284599,https://digitallibrary.un.org/record/284599,A/RES/51/190,"['UN. ECONOMIC AND SOCIAL COUNCIL', 'REPORTS']",[],"['UN. ECONOMIC AND SOCIAL COUNCIL', 'REPORTS']",no_match
1506,284607,https://digitallibrary.un.org/record/284607,A/RES/51/193,"['UN. SECURITY COUNCIL', 'REPORTS']",[],"['UN. SECURITY COUNCIL', 'REPORTS']",no_match
1507,284609,https://digitallibrary.un.org/record/284609,A/RES/51/30I,['ECONOMIC ASSISTANCE'],['ECONOMIC ASSISTANCE'],[],all_match
1508,284610,https://digitallibrary.un.org/record/284610,A/RES/51/203,['BOSNIA AND HERZEGOVINA SITUATION'],['BOSNIA AND HERZEGOVINA SITUATION'],[],all_match
1509,284611,https://digitallibrary.un.org/record/284611,A/RES/51/205,"['TELEVISION', 'INTERNATIONAL DAYS (21 NOV.)']",['TELEVISION'],['INTERNATIONAL DAYS (21 NOV.)'],partial_match
1510,284612,https://digitallibrary.un.org/record/284612,A/RES/51/217,"['UN SYSTEM', 'PENSIONS']",['PENSIONS'],['UN SYSTEM'],partial_match
1511,284771,https://digitallibrary.un.org/record/284771,A/RES/51/223,"['MIDDLE EAST SITUATION', 'PALESTINE QUESTION']","['MIDDLE EAST SITUATION', 'PALESTINE QUESTION']",[],all_match
1512,284784,https://digitallibrary.un.org/record/284784,A/RES/ES-10/2,"['TERRITORIES OCCUPIED BY ISRAEL', 'SETTLEMENT POLICY']","['TERRITORIES OCCUPIED BY ISRAEL', 'SETTLEMENT POLICY']",[],all_match
1513,284828,https://digitallibrary.un.org/record/284828,A/RES/ES-10/3,"['TERRITORIES OCCUPIED BY ISRAEL', 'SETTLEMENT POLICY']","['TERRITORIES OCCUPIED BY ISRAEL', 'SETTLEMENT POLICY']",[],all_match
1514,284833,https://digitallibrary.un.org/record/284833,A/RES/51/229,['INTERNATIONAL WATERCOURSES'],['INTERNATIONAL WATERCOURSES'],[],all_match
1515,284834,https://digitallibrary.un.org/record/284834,A/RES/51/233,"['UN INTERIM FORCE IN LEBANON', 'FINANCING']",['FINANCING'],['UN INTERIM FORCE IN LEBANON'],partial_match
1516,284860,https://digitallibrary.un.org/record/284860,A/RES/52/10,"['CUBA', 'UNITED STATES']","['CUBA', 'UNITED STATES']",[],all_match
1517,284862,https://digitallibrary.un.org/record/284862,A/RES/52/11,"['IAEA', 'REPORTS']",[],"['IAEA', 'REPORTS']",no_match
1518,284863,https://digitallibrary.un.org/record/284863,A/RES/ES-10/4,"['TERRITORIES OCCUPIED BY ISRAEL', 'SETTLEMENT POLICY']","['TERRITORIES OCCUPIED BY ISRAEL', 'SETTLEMENT POLICY']",[],all_match
1519,284868,https://digitallibrary.un.org/record/284868,A/RES/52/14,"['SOUTH ATLANTIC OCEAN REGION', 'ZONES OF PEACE']","['SOUTH ATLANTIC OCEAN REGION', 'ZONES OF PEACE']",[],all_match
1520,284872,https://digitallibrary.un.org/record/284872,A/RES/52/22,"['ORGANIZATION FOR SECURITY AND COOPERATION IN EUROPE', 'UN']",[],"['ORGANIZATION FOR SECURITY AND COOPERATION IN EUROPE', 'UN']",no_match
1521,284873,https://digitallibrary.un.org/record/284873,A/RES/52/24,['CULTURAL PROPERTY RESTITUTION'],['CULTURAL PROPERTY RESTITUTION'],[],all_match
1522,284874,https://digitallibrary.un.org/record/284874,A/RES/52/26,['LAW OF THE SEA'],['LAW OF THE SEA'],[],all_match
1523,284893,https://digitallibrary.un.org/record/284893,A/RES/52/33,"['SCIENCE AND TECHNOLOGY', 'INTERNATIONAL SECURITY']","['SCIENCE AND TECHNOLOGY', 'INTERNATIONAL SECURITY']",[],all_match
1524,284894,https://digitallibrary.un.org/record/284894,A/RES/52/35,"['SOUTH ASIA', 'NUCLEAR-WEAPON-FREE ZONES']","['SOUTH ASIA', 'NUCLEAR-WEAPON-FREE ZONES']",[],all_match
1525,284895,https://digitallibrary.un.org/record/284895,A/RES/52/36,"['NON-NUCLEAR-WEAPON STATES', 'SECURITY']",['NON-NUCLEAR-WEAPON STATES'],['SECURITY'],partial_match
1526,284896,https://digitallibrary.un.org/record/284896,A/RES/52/37,"['ARMS RACE', 'OUTER SPACE']","['ARMS RACE', 'OUTER SPACE']",[],all_match
1527,284897,https://digitallibrary.un.org/record/284897,A/RES/52/38A,"['DISARMAMENT', 'GENERAL AND COMPLETE']",['DISARMAMENT'],['GENERAL AND COMPLETE'],partial_match
1528,284898,https://digitallibrary.un.org/record/284898,A/RES/52/38B,"['DISARMAMENT', 'GENERAL AND COMPLETE']",['DISARMAMENT'],['GENERAL AND COMPLETE'],partial_match
1529,284899,https://digitallibrary.un.org/record/284899,A/RES/52/38E,"['DISARMAMENT', 'GENERAL AND COMPLETE']",['DISARMAMENT'],['GENERAL AND COMPLETE'],partial_match
1530,284900,https://digitallibrary.un.org/record/284900,A/RES/52/38H,"['DISARMAMENT', 'GENERAL AND COMPLETE']",['DISARMAMENT'],['GENERAL AND COMPLETE'],partial_match
1531,284901,https://digitallibrary.un.org/record/284901,A/RES/52/38J,"['DISARMAMENT', 'GENERAL AND COMPLETE']",['DISARMAMENT'],['GENERAL AND COMPLETE'],partial_match
1532,284902,https://digitallibrary.un.org/record/284902,A/RES/52/38K,"['DISARMAMENT', 'GENERAL AND COMPLETE']",['DISARMAMENT'],['GENERAL AND COMPLETE'],partial_match
1533,284903,https://digitallibrary.un.org/record/284903,A/RES/52/38L,"['DISARMAMENT', 'GENERAL AND COMPLETE']",['DISARMAMENT'],['GENERAL AND COMPLETE'],partial_match
1534,284904,https://digitallibrary.un.org/record/284904,A/RES/52/38M,"['DISARMAMENT', 'GENERAL AND COMPLETE']",['DISARMAMENT'],['GENERAL AND COMPLETE'],partial_match
1535,284905,https://digitallibrary.un.org/record/284905,A/RES/52/38N,"['DISARMAMENT', 'GENERAL AND COMPLETE']",['DISARMAMENT'],['GENERAL AND COMPLETE'],partial_match
1536,284906,https://digitallibrary.un.org/record/284906,A/RES/52/38O,"['DISARMAMENT', 'GENERAL AND COMPLETE']",['DISARMAMENT'],['GENERAL AND COMPLETE'],partial_match
1537,284907,https://digitallibrary.un.org/record/284907,A/RES/52/38Q,"['DISARMAMENT', 'GENERAL AND COMPLETE']",['DISARMAMENT'],['GENERAL AND COMPLETE'],partial_match
1538,284908,https://digitallibrary.un.org/record/284908,A/RES/52/38R,"['DISARMAMENT', 'GENERAL AND COMPLETE']",['DISARMAMENT'],['GENERAL AND COMPLETE'],partial_match
1539,284909,https://digitallibrary.un.org/record/284909,A/RES/52/39C,"['DISARMAMENT', 'UN. GENERAL ASSEMBLY (12TH SPECIAL SESS. : 1982)']",['DISARMAMENT'],['UN. GENERAL ASSEMBLY (12TH SPECIAL SESS. : 1982)'],partial_match
1540,284910,https://digitallibrary.un.org/record/284910,A/RES/52/40C,"['DISARMAMENT', 'UN. GENERAL ASSEMBLY (10TH SPECIAL SESS. : 1978)']",['DISARMAMENT'],['UN. GENERAL ASSEMBLY (10TH SPECIAL SESS. : 1978)'],partial_match
1541,284911,https://digitallibrary.un.org/record/284911,A/RES/52/41,"['NUCLEAR WEAPONS', 'MIDDLE EAST']","['NUCLEAR WEAPONS', 'MIDDLE EAST']",[],all_match
1542,284913,https://digitallibrary.un.org/record/284913,A/RES/52/44,"['INDIAN OCEAN', 'ZONES OF PEACE']","['INDIAN OCEAN', 'ZONES OF PEACE']",[],all_match
1543,284914,https://digitallibrary.un.org/record/284914,A/RES/52/49,['PALESTINE QUESTION'],['PALESTINE QUESTION'],[],all_match
1544,284915,https://digitallibrary.un.org/record/284915,A/RES/52/50,['PALESTINE QUESTION'],['PALESTINE QUESTION'],[],all_match
1545,284916,https://digitallibrary.un.org/record/284916,A/RES/52/51,['PALESTINE QUESTION'],['PALESTINE QUESTION'],[],all_match
1546,284917,https://digitallibrary.un.org/record/284917,A/RES/52/52,['PALESTINE QUESTION'],['PALESTINE QUESTION'],[],all_match
1547,284918,https://digitallibrary.un.org/record/284918,A/RES/52/53,['MIDDLE EAST SITUATION'],['MIDDLE EAST SITUATION'],[],all_match
1548,284919,https://digitallibrary.un.org/record/284919,A/RES/52/54,['MIDDLE EAST SITUATION'],['MIDDLE EAST SITUATION'],[],all_match
1549,284920,https://digitallibrary.un.org/record/284920,A/RES/52/57,"['UNRWA', 'ACTIVITIES']",['ACTIVITIES'],['UNRWA'],partial_match
1550,284921,https://digitallibrary.un.org/record/284921,A/RES/52/59,"['UNRWA', 'ACTIVITIES']",['ACTIVITIES'],['UNRWA'],partial_match
1551,284922,https://digitallibrary.un.org/record/284922,A/RES/52/60,"['UNRWA', 'ACTIVITIES']",['ACTIVITIES'],['UNRWA'],partial_match
1552,284923,https://digitallibrary.un.org/record/284923,A/RES/52/61,"['UNRWA', 'ACTIVITIES']",['ACTIVITIES'],['UNRWA'],partial_match
1553,284924,https://digitallibrary.un.org/record/284924,A/RES/52/62,"['UNRWA', 'ACTIVITIES']",['ACTIVITIES'],['UNRWA'],partial_match
1554,284925,https://digitallibrary.un.org/record/284925,A/RES/52/63,"['UNRWA', 'ACTIVITIES']",['ACTIVITIES'],['UNRWA'],partial_match
1555,284926,https://digitallibrary.un.org/record/284926,A/RES/52/64,"['TERRITORIES OCCUPIED BY ISRAEL', 'HUMAN RIGHTS', 'REPORTS']","['TERRITORIES OCCUPIED BY ISRAEL', 'HUMAN RIGHTS']",['REPORTS'],partial_match
1556,284927,https://digitallibrary.un.org/record/284927,A/RES/52/65,"['TERRITORIES OCCUPIED BY ISRAEL', 'HUMAN RIGHTS', 'REPORTS']","['TERRITORIES OCCUPIED BY ISRAEL', 'HUMAN RIGHTS']",['REPORTS'],partial_match
1557,284928,https://digitallibrary.un.org/record/284928,A/RES/52/66,"['TERRITORIES OCCUPIED BY ISRAEL', 'HUMAN RIGHTS', 'REPORTS']","['TERRITORIES OCCUPIED BY ISRAEL', 'HUMAN RIGHTS']",['REPORTS'],partial_match
1558,284929,https://digitallibrary.un.org/record/284929,A/RES/52/67,"['TERRITORIES OCCUPIED BY ISRAEL', 'HUMAN RIGHTS', 'REPORTS']","['TERRITORIES OCCUPIED BY ISRAEL', 'HUMAN RIGHTS']",['REPORTS'],partial_match
1559,284930,https://digitallibrary.un.org/record/284930,A/RES/52/68,"['TERRITORIES OCCUPIED BY ISRAEL', 'HUMAN RIGHTS', 'REPORTS']","['TERRITORIES OCCUPIED BY ISRAEL', 'HUMAN RIGHTS']",['REPORTS'],partial_match
1560,284931,https://digitallibrary.un.org/record/284931,A/RES/52/71,"['NON-SELF-GOVERNING TERRITORIES', 'REPORTS']",['NON-SELF-GOVERNING TERRITORIES'],['REPORTS'],partial_match
1561,284932,https://digitallibrary.un.org/record/284932,A/RES/52/72,"['DECOLONIZATION', 'FOREIGN INTERESTS', 'DECOLONIZATION']","['DECOLONIZATION', 'FOREIGN INTERESTS', 'DECOLONIZATION']",[],all_match
1562,284933,https://digitallibrary.un.org/record/284933,A/RES/52/73,"['DECOLONIZATION', 'UN SYSTEM', 'UN. ECONOMIC AND SOCIAL COUNCIL', 'REPORTS']",['DECOLONIZATION'],"['UN SYSTEM', 'UN. ECONOMIC AND SOCIAL COUNCIL', 'REPORTS']",partial_match
1563,284934,https://digitallibrary.un.org/record/284934,A/RES/52/78,['DECOLONIZATION'],['DECOLONIZATION'],[],all_match
1564,284935,https://digitallibrary.un.org/record/284935,A/RES/52/79,['DECOLONIZATION'],['DECOLONIZATION'],[],all_match
1565,284937,https://digitallibrary.un.org/record/284937,A/RES/52/112,['SELF-DETERMINATION OF PEOPLES'],['SELF-DETERMINATION OF PEOPLES'],[],all_match
1566,284938,https://digitallibrary.un.org/record/284938,A/RES/52/114,['SELF-DETERMINATION OF PEOPLES'],['SELF-DETERMINATION OF PEOPLES'],[],all_match
1567,284939,https://digitallibrary.un.org/record/284939,A/RES/52/119,['HUMAN RIGHTS ADVANCEMENT'],['HUMAN RIGHTS ADVANCEMENT'],[],all_match
1568,284940,https://digitallibrary.un.org/record/284940,A/RES/52/120,['HUMAN RIGHTS ADVANCEMENT'],['HUMAN RIGHTS ADVANCEMENT'],[],all_match
1569,284941,https://digitallibrary.un.org/record/284941,A/RES/52/121,['HUMAN RIGHTS ADVANCEMENT'],['HUMAN RIGHTS ADVANCEMENT'],[],all_match
1570,284942,https://digitallibrary.un.org/record/284942,A/RES/52/129,['HUMAN RIGHTS ADVANCEMENT'],['HUMAN RIGHTS ADVANCEMENT'],[],all_match
1571,284943,https://digitallibrary.un.org/record/284943,A/RES/52/131,['HUMAN RIGHTS ADVANCEMENT'],['HUMAN RIGHTS ADVANCEMENT'],[],all_match
1572,284944,https://digitallibrary.un.org/record/284944,A/RES/52/133,['HUMAN RIGHTS ADVANCEMENT'],['HUMAN RIGHTS ADVANCEMENT'],[],all_match
1573,284945,https://digitallibrary.un.org/record/284945,A/RES/52/136,['HUMAN RIGHTS ADVANCEMENT'],['HUMAN RIGHTS ADVANCEMENT'],[],all_match
1574,284946,https://digitallibrary.un.org/record/284946,A/RES/52/139,"['HUMAN RIGHTS', 'REPORTS']",['HUMAN RIGHTS'],['REPORTS'],partial_match
1575,284947,https://digitallibrary.un.org/record/284947,A/RES/52/140,"['HUMAN RIGHTS', 'REPORTS']",['HUMAN RIGHTS'],['REPORTS'],partial_match
1576,284948,https://digitallibrary.un.org/record/284948,A/RES/52/141,"['HUMAN RIGHTS', 'REPORTS']",['HUMAN RIGHTS'],['REPORTS'],partial_match
1577,284949,https://digitallibrary.un.org/record/284949,A/RES/52/142,"['HUMAN RIGHTS', 'REPORTS']",['HUMAN RIGHTS'],['REPORTS'],partial_match
1578,284950,https://digitallibrary.un.org/record/284950,A/RES/52/143,"['HUMAN RIGHTS', 'REPORTS']",['HUMAN RIGHTS'],['REPORTS'],partial_match
1579,284951,https://digitallibrary.un.org/record/284951,A/RES/52/144,"['HUMAN RIGHTS', 'REPORTS']",['HUMAN RIGHTS'],['REPORTS'],partial_match
1580,284952,https://digitallibrary.un.org/record/284952,A/RES/52/147,"['HUMAN RIGHTS', 'REPORTS']",['HUMAN RIGHTS'],['REPORTS'],partial_match
1581,284953,https://digitallibrary.un.org/record/284953,A/RES/52/169F,['ECONOMIC ASSISTANCE'],['ECONOMIC ASSISTANCE'],[],all_match
1582,284954,https://digitallibrary.un.org/record/284954,A/RES/52/181,['INTERNATIONAL TRADE'],['INTERNATIONAL TRADE'],[],all_match
1583,284955,https://digitallibrary.un.org/record/284955,A/RES/52/207,"['TERRITORIES OCCUPIED BY ISRAEL', 'NATURAL RESOURCES']","['TERRITORIES OCCUPIED BY ISRAEL', 'NATURAL RESOURCES']",[],all_match
1584,285234,https://digitallibrary.un.org/record/285234,A/RES/53/21,"['IAEA', 'REPORTS']",[],"['IAEA', 'REPORTS']",no_match
1585,285260,https://digitallibrary.un.org/record/285260,A/RES/53/34,"['SOUTH ATLANTIC OCEAN REGION', 'ZONES OF PEACE']","['SOUTH ATLANTIC OCEAN REGION', 'ZONES OF PEACE']",[],all_match
1586,285263,https://digitallibrary.un.org/record/285263,A/RES/53/37,['MIDDLE EAST SITUATION'],['MIDDLE EAST SITUATION'],[],all_match
1587,285264,https://digitallibrary.un.org/record/285264,A/RES/53/38,['MIDDLE EAST SITUATION'],['MIDDLE EAST SITUATION'],[],all_match
1588,285265,https://digitallibrary.un.org/record/285265,A/RES/53/39,['PALESTINE QUESTION'],['PALESTINE QUESTION'],[],all_match
1589,285266,https://digitallibrary.un.org/record/285266,A/RES/53/40,['PALESTINE QUESTION'],['PALESTINE QUESTION'],[],all_match
1590,285267,https://digitallibrary.un.org/record/285267,A/RES/53/41,['PALESTINE QUESTION'],['PALESTINE QUESTION'],[],all_match
1591,285268,https://digitallibrary.un.org/record/285268,A/RES/53/42,['PALESTINE QUESTION'],['PALESTINE QUESTION'],[],all_match
1592,285269,https://digitallibrary.un.org/record/285269,A/RES/53/46,"['UNRWA', 'ACTIVITIES']",['ACTIVITIES'],['UNRWA'],partial_match
1593,285270,https://digitallibrary.un.org/record/285270,A/RES/53/48,"['UNRWA', 'ACTIVITIES']",['ACTIVITIES'],['UNRWA'],partial_match
1594,285271,https://digitallibrary.un.org/record/285271,A/RES/53/49,"['UNRWA', 'ACTIVITIES']",['ACTIVITIES'],['UNRWA'],partial_match
1595,285272,https://digitallibrary.un.org/record/285272,A/RES/53/50,"['UNRWA', 'ACTIVITIES']",['ACTIVITIES'],['UNRWA'],partial_match
1596,285273,https://digitallibrary.un.org/record/285273,A/RES/53/51,"['UNRWA', 'ACTIVITIES']",['ACTIVITIES'],['UNRWA'],partial_match
1597,285274,https://digitallibrary.un.org/record/285274,A/RES/53/52,"['UNRWA', 'ACTIVITIES']",['ACTIVITIES'],['UNRWA'],partial_match
1598,285275,https://digitallibrary.un.org/record/285275,A/RES/53/53,"['TERRITORIES OCCUPIED BY ISRAEL', 'HUMAN RIGHTS', 'REPORTS']","['TERRITORIES OCCUPIED BY ISRAEL', 'HUMAN RIGHTS']",['REPORTS'],partial_match
1599,285276,https://digitallibrary.un.org/record/285276,A/RES/53/54,"['TERRITORIES OCCUPIED BY ISRAEL', 'HUMAN RIGHTS', 'REPORTS']","['TERRITORIES OCCUPIED BY ISRAEL', 'HUMAN RIGHTS']",['REPORTS'],partial_match
1600,285277,https://digitallibrary.un.org/record/285277,A/RES/53/55,"['TERRITORIES OCCUPIED BY ISRAEL', 'HUMAN RIGHTS', 'REPORTS']","['TERRITORIES OCCUPIED BY ISRAEL', 'HUMAN RIGHTS']",['REPORTS'],partial_match
1601,285278,https://digitallibrary.un.org/record/285278,A/RES/53/56,"['TERRITORIES OCCUPIED BY ISRAEL', 'HUMAN RIGHTS', 'REPORTS']","['TERRITORIES OCCUPIED BY ISRAEL', 'HUMAN RIGHTS']",['REPORTS'],partial_match
1602,285279,https://digitallibrary.un.org/record/285279,A/RES/53/57,"['TERRITORIES OCCUPIED BY ISRAEL', 'HUMAN RIGHTS', 'REPORTS']","['TERRITORIES OCCUPIED BY ISRAEL', 'HUMAN RIGHTS']",['REPORTS'],partial_match
1603,285280,https://digitallibrary.un.org/record/285280,A/RES/53/60,"['NON-SELF-GOVERNING TERRITORIES', 'REPORTS']",['NON-SELF-GOVERNING TERRITORIES'],['REPORTS'],partial_match
1604,285281,https://digitallibrary.un.org/record/285281,A/RES/53/61,"['NON-SELF-GOVERNING TERRITORIES', 'ECONOMIC INTERESTS', 'DECOLONIZATION']","['NON-SELF-GOVERNING TERRITORIES', 'DECOLONIZATION']",['ECONOMIC INTERESTS'],partial_match
1605,285282,https://digitallibrary.un.org/record/285282,A/RES/53/62,"['DECOLONIZATION', 'UN SYSTEM', 'UN. ECONOMIC AND SOCIAL COUNCIL', 'REPORTS']",['DECOLONIZATION'],"['UN SYSTEM', 'UN. ECONOMIC AND SOCIAL COUNCIL', 'REPORTS']",partial_match
1606,285283,https://digitallibrary.un.org/record/285283,A/RES/53/68,['DECOLONIZATION'],['DECOLONIZATION'],[],all_match
1607,285284,https://digitallibrary.un.org/record/285284,A/RES/53/69,['DECOLONIZATION'],['DECOLONIZATION'],[],all_match
1608,285287,https://digitallibrary.un.org/record/285287,A/RES/53/71,['INTERNATIONAL SECURITY'],['INTERNATIONAL SECURITY'],[],all_match
1609,285288,https://digitallibrary.un.org/record/285288,A/RES/53/73,"['SCIENCE AND TECHNOLOGY', 'DISARMAMENT']","['SCIENCE AND TECHNOLOGY', 'DISARMAMENT']",[],all_match
1610,285289,https://digitallibrary.un.org/record/285289,A/RES/53/75,"['NON-NUCLEAR-WEAPON STATES', 'SECURITY']",['NON-NUCLEAR-WEAPON STATES'],['SECURITY'],partial_match
1611,285290,https://digitallibrary.un.org/record/285290,A/RES/53/76,"['ARMS RACE', 'OUTER SPACE']","['ARMS RACE', 'OUTER SPACE']",[],all_match
1612,285291,https://digitallibrary.un.org/record/285291,A/RES/53/77E,"['DISARMAMENT', 'GENERAL AND COMPLETE']",['DISARMAMENT'],['GENERAL AND COMPLETE'],partial_match
1613,285292,https://digitallibrary.un.org/record/285292,A/RES/53/77F,"['DISARMAMENT', 'GENERAL AND COMPLETE']",['DISARMAMENT'],['GENERAL AND COMPLETE'],partial_match
1614,285293,https://digitallibrary.un.org/record/285293,A/RES/53/77G,"['DISARMAMENT', 'GENERAL AND COMPLETE']",['DISARMAMENT'],['GENERAL AND COMPLETE'],partial_match
1615,285294,https://digitallibrary.un.org/record/285294,A/RES/53/77H,"['DISARMAMENT', 'GENERAL AND COMPLETE']",['DISARMAMENT'],['GENERAL AND COMPLETE'],partial_match
1616,285295,https://digitallibrary.un.org/record/285295,A/RES/53/77J,"['DISARMAMENT', 'GENERAL AND COMPLETE']",['DISARMAMENT'],['GENERAL AND COMPLETE'],partial_match
1617,285296,https://digitallibrary.un.org/record/285296,A/RES/53/77L,"['DISARMAMENT', 'GENERAL AND COMPLETE']",['DISARMAMENT'],['GENERAL AND COMPLETE'],partial_match
1618,285297,https://digitallibrary.un.org/record/285297,A/RES/53/77N,"['DISARMAMENT', 'GENERAL AND COMPLETE']",['DISARMAMENT'],['GENERAL AND COMPLETE'],partial_match
1619,285298,https://digitallibrary.un.org/record/285298,A/RES/53/77P,"['DISARMAMENT', 'GENERAL AND COMPLETE']",['DISARMAMENT'],['GENERAL AND COMPLETE'],partial_match
1620,285299,https://digitallibrary.un.org/record/285299,A/RES/53/77Q,"['DISARMAMENT', 'GENERAL AND COMPLETE']",['DISARMAMENT'],['GENERAL AND COMPLETE'],partial_match
1621,285300,https://digitallibrary.un.org/record/285300,A/RES/53/77S,"['DISARMAMENT', 'GENERAL AND COMPLETE']",['DISARMAMENT'],['GENERAL AND COMPLETE'],partial_match
1622,285301,https://digitallibrary.un.org/record/285301,A/RES/53/77U,"['DISARMAMENT', 'GENERAL AND COMPLETE']",['DISARMAMENT'],['GENERAL AND COMPLETE'],partial_match
1623,285302,https://digitallibrary.un.org/record/285302,A/RES/53/77V,"['DISARMAMENT', 'GENERAL AND COMPLETE']",['DISARMAMENT'],['GENERAL AND COMPLETE'],partial_match
1624,285303,https://digitallibrary.un.org/record/285303,A/RES/53/77W,"['DISARMAMENT', 'GENERAL AND COMPLETE']",['DISARMAMENT'],['GENERAL AND COMPLETE'],partial_match
1625,285304,https://digitallibrary.un.org/record/285304,A/RES/53/77X,"['DISARMAMENT', 'GENERAL AND COMPLETE']",['DISARMAMENT'],['GENERAL AND COMPLETE'],partial_match
1626,285305,https://digitallibrary.un.org/record/285305,A/RES/53/77Y,"['DISARMAMENT', 'GENERAL AND COMPLETE']",['DISARMAMENT'],['GENERAL AND COMPLETE'],partial_match
1627,285306,https://digitallibrary.un.org/record/285306,A/RES/53/77Z,"['DISARMAMENT', 'GENERAL AND COMPLETE']",['DISARMAMENT'],['GENERAL AND COMPLETE'],partial_match
1628,285307,https://digitallibrary.un.org/record/285307,A/RES/53/78[D],"['DISARMAMENT', 'UN. GENERAL ASSEMBLY (12TH SPECIAL SESS. : 1982)']",['DISARMAMENT'],['UN. GENERAL ASSEMBLY (12TH SPECIAL SESS. : 1982)'],partial_match
1629,285308,https://digitallibrary.un.org/record/285308,A/RES/53/80,"['MIDDLE EAST', 'NUCLEAR PROLIFERATION']",['MIDDLE EAST'],['NUCLEAR PROLIFERATION'],partial_match
1630,285309,https://digitallibrary.un.org/record/285309,A/RES/53/85,"['ORGANIZATION FOR SECURITY AND COOPERATION IN EUROPE', 'UN']",[],"['ORGANIZATION FOR SECURITY AND COOPERATION IN EUROPE', 'UN']",no_match
1631,285318,https://digitallibrary.un.org/record/285318,A/RES/53/135,"['SELF-DETERMINATION OF PEOPLES', 'HUMAN RIGHTS']","['SELF-DETERMINATION OF PEOPLES', 'HUMAN RIGHTS']",[],all_match
1632,285319,https://digitallibrary.un.org/record/285319,A/RES/53/136,"['SELF-DETERMINATION OF PEOPLES', 'HUMAN RIGHTS']","['SELF-DETERMINATION OF PEOPLES', 'HUMAN RIGHTS']",[],all_match
1633,285320,https://digitallibrary.un.org/record/285320,A/RES/53/141,['HUMAN RIGHTS ADVANCEMENT'],['HUMAN RIGHTS ADVANCEMENT'],[],all_match
1634,285321,https://digitallibrary.un.org/record/285321,A/RES/53/143,['HUMAN RIGHTS ADVANCEMENT'],['HUMAN RIGHTS ADVANCEMENT'],[],all_match
1635,285322,https://digitallibrary.un.org/record/285322,A/RES/53/155,['HUMAN RIGHTS ADVANCEMENT'],['HUMAN RIGHTS ADVANCEMENT'],[],all_match
1636,285323,https://digitallibrary.un.org/record/285323,A/RES/53/157,"['HUMAN RIGHTS', 'REPORTS']",['HUMAN RIGHTS'],['REPORTS'],partial_match
1637,285324,https://digitallibrary.un.org/record/285324,A/RES/53/158,"['HUMAN RIGHTS', 'REPORTS']",['HUMAN RIGHTS'],['REPORTS'],partial_match
1638,285325,https://digitallibrary.un.org/record/285325,A/RES/53/163,"['HUMAN RIGHTS', 'REPORTS']",['HUMAN RIGHTS'],['REPORTS'],partial_match
1639,285326,https://digitallibrary.un.org/record/285326,A/RES/53/164,"['HUMAN RIGHTS', 'REPORTS']",['HUMAN RIGHTS'],['REPORTS'],partial_match
1640,285330,https://digitallibrary.un.org/record/285330,A/RES/53/196,"['TERRITORIES OCCUPIED BY ISRAEL', 'NATURAL RESOURCES']","['TERRITORIES OCCUPIED BY ISRAEL', 'NATURAL RESOURCES']",[],all_match
1641,285523,https://digitallibrary.un.org/record/285523,A/RES/52/237,"['UN INTERIM FORCE IN LEBANON', 'FINANCING']",['FINANCING'],['UN INTERIM FORCE IN LEBANON'],partial_match
1642,285524,https://digitallibrary.un.org/record/285524,A/RES/52/250,['PALESTINE QUESTION'],['PALESTINE QUESTION'],[],all_match
1643,285525,https://digitallibrary.un.org/record/285525,A/RES/53/4,"['CUBA', 'UNITED STATES']","['CUBA', 'UNITED STATES']",[],all_match
1644,285526,https://digitallibrary.un.org/record/285526,A/RES/53/10,"['ECONOMIC SANCTIONS', 'INTERNATIONAL RELATIONS']",['INTERNATIONAL RELATIONS'],['ECONOMIC SANCTIONS'],partial_match
1645,285527,https://digitallibrary.un.org/record/285527,A/RES/53/32,['LAW OF THE SEA'],['LAW OF THE SEA'],[],all_match
1646,285559,https://digitallibrary.un.org/record/285559,A/RES/53/227,"['UN INTERIM FORCE IN LEBANON', 'FINANCING']",['FINANCING'],['UN INTERIM FORCE IN LEBANON'],partial_match
1647,404018,https://digitallibrary.un.org/record/404018,A/RES/54/31,['LAW OF THE SEA'],['LAW OF THE SEA'],[],all_match
1648,404019,https://digitallibrary.un.org/record/404019,A/RES/54/35,"['SOUTH ATLANTIC OCEAN REGION', 'ZONES OF PEACE']","['SOUTH ATLANTIC OCEAN REGION', 'ZONES OF PEACE']",[],all_match
1649,404021,https://digitallibrary.un.org/record/404021,A/RES/54/26,"['IAEA', 'REPORTS']",[],"['IAEA', 'REPORTS']",no_match
1650,404022,https://digitallibrary.un.org/record/404022,A/RES/54/37,['MIDDLE EAST SITUATION'],['MIDDLE EAST SITUATION'],[],all_match
1651,404023,https://digitallibrary.un.org/record/404023,A/RES/54/38,['MIDDLE EAST SITUATION'],['MIDDLE EAST SITUATION'],[],all_match
1652,404024,https://digitallibrary.un.org/record/404024,A/RES/54/39,['PALESTINE QUESTION'],['PALESTINE QUESTION'],[],all_match
1653,404025,https://digitallibrary.un.org/record/404025,A/RES/54/40,['PALESTINE QUESTION'],['PALESTINE QUESTION'],[],all_match
1654,404026,https://digitallibrary.un.org/record/404026,A/RES/54/41,['PALESTINE QUESTION'],['PALESTINE QUESTION'],[],all_match
1655,404028,https://digitallibrary.un.org/record/404028,A/RES/54/42,['PALESTINE QUESTION'],['PALESTINE QUESTION'],[],all_match
1656,404029,https://digitallibrary.un.org/record/404029,A/RES/54/47,"['INDIAN OCEAN', 'ZONES OF PEACE']","['INDIAN OCEAN', 'ZONES OF PEACE']",[],all_match
1657,404030,https://digitallibrary.un.org/record/404030,A/RES/54/50,"['SCIENCE AND TECHNOLOGY', 'INTERNATIONAL SECURITY']","['SCIENCE AND TECHNOLOGY', 'INTERNATIONAL SECURITY']",[],all_match
1658,404031,https://digitallibrary.un.org/record/404031,A/RES/54/52,"['NON-NUCLEAR-WEAPON STATES', 'SECURITY']",['NON-NUCLEAR-WEAPON STATES'],['SECURITY'],partial_match
1659,404032,https://digitallibrary.un.org/record/404032,A/RES/54/53,"['ARMS RACE', 'OUTER SPACE']","['ARMS RACE', 'OUTER SPACE']",[],all_match
1660,404033,https://digitallibrary.un.org/record/404033,A/RES/54/54A,"['DISARMAMENT', 'GENERAL AND COMPLETE']",['DISARMAMENT'],['GENERAL AND COMPLETE'],partial_match
1661,404034,https://digitallibrary.un.org/record/404034,A/RES/54/54B,"['DISARMAMENT', 'GENERAL AND COMPLETE']",['DISARMAMENT'],['GENERAL AND COMPLETE'],partial_match
1662,404035,https://digitallibrary.un.org/record/404035,A/RES/54/54D,"['DISARMAMENT', 'GENERAL AND COMPLETE']",['DISARMAMENT'],['GENERAL AND COMPLETE'],partial_match
1663,404036,https://digitallibrary.un.org/record/404036,A/RES/54/54F,"['DISARMAMENT', 'GENERAL AND COMPLETE']",['DISARMAMENT'],['GENERAL AND COMPLETE'],partial_match
1664,404037,https://digitallibrary.un.org/record/404037,A/RES/54/54G,"['DISARMAMENT', 'GENERAL AND COMPLETE']",['DISARMAMENT'],['GENERAL AND COMPLETE'],partial_match
1665,404038,https://digitallibrary.un.org/record/404038,A/RES/54/54I,"['DISARMAMENT', 'GENERAL AND COMPLETE']",['DISARMAMENT'],['GENERAL AND COMPLETE'],partial_match
1666,404039,https://digitallibrary.un.org/record/404039,A/RES/54/54K,"['DISARMAMENT', 'GENERAL AND COMPLETE']",['DISARMAMENT'],['GENERAL AND COMPLETE'],partial_match
1667,404040,https://digitallibrary.un.org/record/404040,A/RES/54/54L,"['DISARMAMENT', 'GENERAL AND COMPLETE']",['DISARMAMENT'],['GENERAL AND COMPLETE'],partial_match
1668,404041,https://digitallibrary.un.org/record/404041,A/RES/54/54M,"['DISARMAMENT', 'GENERAL AND COMPLETE']",['DISARMAMENT'],['GENERAL AND COMPLETE'],partial_match
1669,404042,https://digitallibrary.un.org/record/404042,A/RES/54/54O,"['DISARMAMENT', 'GENERAL AND COMPLETE']",['DISARMAMENT'],['GENERAL AND COMPLETE'],partial_match
1670,404043,https://digitallibrary.un.org/record/404043,A/RES/54/54P,"['DISARMAMENT', 'GENERAL AND COMPLETE']",['DISARMAMENT'],['GENERAL AND COMPLETE'],partial_match
1671,404044,https://digitallibrary.un.org/record/404044,A/RES/54/54Q,"['DISARMAMENT', 'GENERAL AND COMPLETE']",['DISARMAMENT'],['GENERAL AND COMPLETE'],partial_match
1672,404045,https://digitallibrary.un.org/record/404045,A/RES/54/54S,"['DISARMAMENT', 'GENERAL AND COMPLETE']",['DISARMAMENT'],['GENERAL AND COMPLETE'],partial_match
1673,404046,https://digitallibrary.un.org/record/404046,A/RES/54/55D,"['DISARMAMENT', 'UN. GENERAL ASSEMBLY (12TH SPECIAL SESS. : 1982)']",['DISARMAMENT'],['UN. GENERAL ASSEMBLY (12TH SPECIAL SESS. : 1982)'],partial_match
1674,404047,https://digitallibrary.un.org/record/404047,A/RES/54/57,"['MIDDLE EAST', 'NUCLEAR PROLIFERATION']",['MIDDLE EAST'],['NUCLEAR PROLIFERATION'],partial_match
1675,404048,https://digitallibrary.un.org/record/404048,A/RES/54/62,"['INTERNATIONAL SECURITY', 'DECLARATIONS (1960)']",['INTERNATIONAL SECURITY'],['DECLARATIONS (1960)'],partial_match
1676,404049,https://digitallibrary.un.org/record/404049,A/RES/54/63,"['NUCLEAR WEAPON TESTS', 'TREATIES']","['NUCLEAR WEAPON TESTS', 'TREATIES']",[],all_match
1677,404052,https://digitallibrary.un.org/record/404052,A/RES/54/21,"['CUBA', 'UNITED STATES']","['CUBA', 'UNITED STATES']",[],all_match
1678,404054,https://digitallibrary.un.org/record/404054,A/RES/54/69,"['UNRWA', 'ACTIVITIES']",['ACTIVITIES'],['UNRWA'],partial_match
1679,404055,https://digitallibrary.un.org/record/404055,A/RES/54/71,"['UNRWA', 'ACTIVITIES']",['ACTIVITIES'],['UNRWA'],partial_match
1680,404056,https://digitallibrary.un.org/record/404056,A/RES/54/72,"['UNRWA', 'ACTIVITIES']",['ACTIVITIES'],['UNRWA'],partial_match
1681,404057,https://digitallibrary.un.org/record/404057,A/RES/54/73,"['UNRWA', 'ACTIVITIES']",['ACTIVITIES'],['UNRWA'],partial_match
1682,404058,https://digitallibrary.un.org/record/404058,A/RES/54/74,"['UNRWA', 'ACTIVITIES']",['ACTIVITIES'],['UNRWA'],partial_match
1683,404059,https://digitallibrary.un.org/record/404059,A/RES/54/75,"['UNRWA', 'ACTIVITIES']",['ACTIVITIES'],['UNRWA'],partial_match
1684,404060,https://digitallibrary.un.org/record/404060,A/RES/54/76,"['TERRITORIES OCCUPIED BY ISRAEL', 'HUMAN RIGHTS', 'REPORTS']","['TERRITORIES OCCUPIED BY ISRAEL', 'HUMAN RIGHTS']",['REPORTS'],partial_match
1685,404061,https://digitallibrary.un.org/record/404061,A/RES/54/77,"['TERRITORIES OCCUPIED BY ISRAEL', 'HUMAN RIGHTS', 'REPORTS']","['TERRITORIES OCCUPIED BY ISRAEL', 'HUMAN RIGHTS']",['REPORTS'],partial_match
1686,404062,https://digitallibrary.un.org/record/404062,A/RES/54/78,"['TERRITORIES OCCUPIED BY ISRAEL', 'HUMAN RIGHTS', 'REPORTS']","['TERRITORIES OCCUPIED BY ISRAEL', 'HUMAN RIGHTS']",['REPORTS'],partial_match
1687,404063,https://digitallibrary.un.org/record/404063,A/RES/54/79,"['TERRITORIES OCCUPIED BY ISRAEL', 'HUMAN RIGHTS', 'REPORTS']","['TERRITORIES OCCUPIED BY ISRAEL', 'HUMAN RIGHTS']",['REPORTS'],partial_match
1688,404064,https://digitallibrary.un.org/record/404064,A/RES/54/80,"['TERRITORIES OCCUPIED BY ISRAEL', 'HUMAN RIGHTS', 'REPORTS']","['TERRITORIES OCCUPIED BY ISRAEL', 'HUMAN RIGHTS']",['REPORTS'],partial_match
1689,404065,https://digitallibrary.un.org/record/404065,A/RES/54/83,"['NON-SELF-GOVERNING TERRITORIES', 'REPORTS']",['NON-SELF-GOVERNING TERRITORIES'],['REPORTS'],partial_match
1690,404066,https://digitallibrary.un.org/record/404066,A/RES/54/84,"['NON-SELF-GOVERNING TERRITORIES', 'ECONOMIC INTERESTS', 'DECOLONIZATION']","['NON-SELF-GOVERNING TERRITORIES', 'DECOLONIZATION']",['ECONOMIC INTERESTS'],partial_match
1691,404067,https://digitallibrary.un.org/record/404067,A/RES/54/85,"['DECOLONIZATION', 'UN SYSTEM', 'UN. ECONOMIC AND SOCIAL COUNCIL', 'REPORTS']",['DECOLONIZATION'],"['UN SYSTEM', 'UN. ECONOMIC AND SOCIAL COUNCIL', 'REPORTS']",partial_match
1692,404068,https://digitallibrary.un.org/record/404068,A/RES/54/91,['DECOLONIZATION'],['DECOLONIZATION'],[],all_match
1693,404069,https://digitallibrary.un.org/record/404069,A/RES/54/92,['DECOLONIZATION'],['DECOLONIZATION'],[],all_match
1694,404531,https://digitallibrary.un.org/record/404531,A/RES/54/117,"['ORGANIZATION FOR SECURITY AND COOPERATION IN EUROPE', 'UN']",[],"['ORGANIZATION FOR SECURITY AND COOPERATION IN EUROPE', 'UN']",no_match
1695,404532,https://digitallibrary.un.org/record/404532,A/RES/54/54V,"['DISARMAMENT', 'GENERAL AND COMPLETE']",['DISARMAMENT'],['GENERAL AND COMPLETE'],partial_match
1696,404565,https://digitallibrary.un.org/record/404565,A/RES/54/151,['SELF-DETERMINATION OF PEOPLES'],['SELF-DETERMINATION OF PEOPLES'],[],all_match
1697,404566,https://digitallibrary.un.org/record/404566,A/RES/54/152,['SELF-DETERMINATION OF PEOPLES'],['SELF-DETERMINATION OF PEOPLES'],[],all_match
1698,404567,https://digitallibrary.un.org/record/404567,A/RES/54/164,['HUMAN RIGHTS ADVANCEMENT'],['HUMAN RIGHTS ADVANCEMENT'],[],all_match
1699,404568,https://digitallibrary.un.org/record/404568,A/RES/54/165,['HUMAN RIGHTS ADVANCEMENT'],['HUMAN RIGHTS ADVANCEMENT'],[],all_match
1700,404569,https://digitallibrary.un.org/record/404569,A/RES/54/168,['HUMAN RIGHTS ADVANCEMENT'],['HUMAN RIGHTS ADVANCEMENT'],[],all_match
1701,404570,https://digitallibrary.un.org/record/404570,A/RES/54/169,['HUMAN RIGHTS ADVANCEMENT'],['HUMAN RIGHTS ADVANCEMENT'],[],all_match
1702,404571,https://digitallibrary.un.org/record/404571,A/RES/54/172,['HUMAN RIGHTS ADVANCEMENT'],['HUMAN RIGHTS ADVANCEMENT'],[],all_match
1703,404580,https://digitallibrary.un.org/record/404580,A/RES/54/173,['HUMAN RIGHTS ADVANCEMENT'],['HUMAN RIGHTS ADVANCEMENT'],[],all_match
1704,404581,https://digitallibrary.un.org/record/404581,A/RES/54/175,['HUMAN RIGHTS ADVANCEMENT'],['HUMAN RIGHTS ADVANCEMENT'],[],all_match
1705,404582,https://digitallibrary.un.org/record/404582,A/RES/54/177,"['HUMAN RIGHTS', 'REPORTS']",['HUMAN RIGHTS'],['REPORTS'],partial_match
1706,404583,https://digitallibrary.un.org/record/404583,A/RES/54/178,"['HUMAN RIGHTS', 'REPORTS']",['HUMAN RIGHTS'],['REPORTS'],partial_match
1707,404584,https://digitallibrary.un.org/record/404584,A/RES/54/179,"['HUMAN RIGHTS', 'REPORTS']",['HUMAN RIGHTS'],['REPORTS'],partial_match
1708,404585,https://digitallibrary.un.org/record/404585,A/RES/54/182,"['HUMAN RIGHTS', 'REPORTS']",['HUMAN RIGHTS'],['REPORTS'],partial_match
1709,404586,https://digitallibrary.un.org/record/404586,A/RES/54/183,"['HUMAN RIGHTS', 'REPORTS']",['HUMAN RIGHTS'],['REPORTS'],partial_match
1710,404587,https://digitallibrary.un.org/record/404587,A/RES/54/184,"['HUMAN RIGHTS', 'REPORTS']",['HUMAN RIGHTS'],['REPORTS'],partial_match
1711,404946,https://digitallibrary.un.org/record/404946,A/RES/54/197,['DEVELOPMENT FINANCE'],['DEVELOPMENT FINANCE'],[],all_match
1712,404978,https://digitallibrary.un.org/record/404978,A/RES/54/200,['INTERNATIONAL TRADE'],['INTERNATIONAL TRADE'],[],all_match
1713,404979,https://digitallibrary.un.org/record/404979,A/RES/54/230,"['TERRITORIES OCCUPIED BY ISRAEL', 'NATURAL RESOURCES']","['TERRITORIES OCCUPIED BY ISRAEL', 'NATURAL RESOURCES']",[],all_match
1714,405168,https://digitallibrary.un.org/record/405168,A/RES/54/110,['TERRORISM'],['TERRORISM'],[],all_match
1715,422519,https://digitallibrary.un.org/record/422519,A/RES/54/267,"['UN INTERIM FORCE IN LEBANON', 'FINANCING']",['FINANCING'],['UN INTERIM FORCE IN LEBANON'],partial_match
1716,426078,https://digitallibrary.un.org/record/426078,A/RES/ES-10/6,"['TERRITORIES OCCUPIED BY ISRAEL', 'SETTLEMENT POLICY']","['TERRITORIES OCCUPIED BY ISRAEL', 'SETTLEMENT POLICY']",[],all_match
1717,426217,https://digitallibrary.un.org/record/426217,A/RES/55/20,"['CUBA', 'UNITED STATES']","['CUBA', 'UNITED STATES']",[],all_match
1718,426984,https://digitallibrary.un.org/record/426984,A/RES/55/6,"['ECONOMIC SANCTIONS', 'INTERNATIONAL RELATIONS']",['INTERNATIONAL RELATIONS'],['ECONOMIC SANCTIONS'],partial_match
1719,426989,https://digitallibrary.un.org/record/426989,A/RES/55/7,['LAW OF THE SEA'],['LAW OF THE SEA'],[],all_match
1720,426997,https://digitallibrary.un.org/record/426997,A/RES/55/8,['DRIFT-NET FISHING'],['DRIFT-NET FISHING'],[],all_match
1721,427081,https://digitallibrary.un.org/record/427081,A/RES/ES-10/7,"['TERRITORIES OCCUPIED BY ISRAEL', 'SETTLEMENT POLICY']","['TERRITORIES OCCUPIED BY ISRAEL', 'SETTLEMENT POLICY']",[],all_match
1722,427247,https://digitallibrary.un.org/record/427247,A/RES/ES-10/5,"['TERRITORIES OCCUPIED BY ISRAEL', 'SETTLEMENT POLICY']","['TERRITORIES OCCUPIED BY ISRAEL', 'SETTLEMENT POLICY']",[],all_match
1723,427520,https://digitallibrary.un.org/record/427520,A/RES/55/29,"['SCIENCE AND TECHNOLOGY', 'INTERNATIONAL SECURITY']","['SCIENCE AND TECHNOLOGY', 'INTERNATIONAL SECURITY']",[],all_match
1724,427521,https://digitallibrary.un.org/record/427521,A/RES/55/31,"['NON-NUCLEAR-WEAPON STATES', 'SECURITY']",['NON-NUCLEAR-WEAPON STATES'],['SECURITY'],partial_match
1725,427522,https://digitallibrary.un.org/record/427522,A/RES/55/32,"['ARMS RACE', 'OUTER SPACE']","['ARMS RACE', 'OUTER SPACE']",[],all_match
1726,427523,https://digitallibrary.un.org/record/427523,A/RES/55/33[A],"['DISARMAMENT', 'GENERAL AND COMPLETE']",['DISARMAMENT'],['GENERAL AND COMPLETE'],partial_match
1727,427524,https://digitallibrary.un.org/record/427524,A/RES/55/33[B],"['DISARMAMENT', 'GENERAL AND COMPLETE']",['DISARMAMENT'],['GENERAL AND COMPLETE'],partial_match
1728,427525,https://digitallibrary.un.org/record/427525,A/RES/55/33[C],"['DISARMAMENT', 'GENERAL AND COMPLETE']",['DISARMAMENT'],['GENERAL AND COMPLETE'],partial_match
1729,427526,https://digitallibrary.un.org/record/427526,A/RES/55/33[D],"['DISARMAMENT', 'GENERAL AND COMPLETE']",['DISARMAMENT'],['GENERAL AND COMPLETE'],partial_match
1730,427527,https://digitallibrary.un.org/record/427527,A/RES/55/33[I],"['DISARMAMENT', 'GENERAL AND COMPLETE']",['DISARMAMENT'],['GENERAL AND COMPLETE'],partial_match
1731,427528,https://digitallibrary.un.org/record/427528,A/RES/55/33[J],"['DISARMAMENT', 'GENERAL AND COMPLETE']",['DISARMAMENT'],['GENERAL AND COMPLETE'],partial_match
1732,427529,https://digitallibrary.un.org/record/427529,A/RES/55/33[K],"['DISARMAMENT', 'GENERAL AND COMPLETE']",['DISARMAMENT'],['GENERAL AND COMPLETE'],partial_match
1733,427530,https://digitallibrary.un.org/record/427530,A/RES/55/33[N],"['DISARMAMENT', 'GENERAL AND COMPLETE']",['DISARMAMENT'],['GENERAL AND COMPLETE'],partial_match
1734,427531,https://digitallibrary.un.org/record/427531,A/RES/55/33[P],"['DISARMAMENT', 'GENERAL AND COMPLETE']",['DISARMAMENT'],['GENERAL AND COMPLETE'],partial_match
1735,427532,https://digitallibrary.un.org/record/427532,A/RES/55/33[R],"['DISARMAMENT', 'GENERAL AND COMPLETE']",['DISARMAMENT'],['GENERAL AND COMPLETE'],partial_match
1736,427533,https://digitallibrary.un.org/record/427533,A/RES/55/33[T],"['DISARMAMENT', 'GENERAL AND COMPLETE']",['DISARMAMENT'],['GENERAL AND COMPLETE'],partial_match
1737,427534,https://digitallibrary.un.org/record/427534,A/RES/55/33[U],"['DISARMAMENT', 'GENERAL AND COMPLETE']",['DISARMAMENT'],['GENERAL AND COMPLETE'],partial_match
1738,427535,https://digitallibrary.un.org/record/427535,A/RES/55/33[V],"['DISARMAMENT', 'GENERAL AND COMPLETE']",['DISARMAMENT'],['GENERAL AND COMPLETE'],partial_match
1739,427536,https://digitallibrary.un.org/record/427536,A/RES/55/33[X],"['DISARMAMENT', 'GENERAL AND COMPLETE']",['DISARMAMENT'],['GENERAL AND COMPLETE'],partial_match
1740,427537,https://digitallibrary.un.org/record/427537,A/RES/55/34[G],"['NUCLEAR WEAPONS USE', 'TREATIES']","['NUCLEAR WEAPONS USE', 'TREATIES']",[],all_match
1741,427538,https://digitallibrary.un.org/record/427538,A/RES/55/36,"['MIDDLE EAST', 'NUCLEAR PROLIFERATION']",['MIDDLE EAST'],['NUCLEAR PROLIFERATION'],partial_match
1742,427539,https://digitallibrary.un.org/record/427539,A/RES/55/41,"['NUCLEAR WEAPON TESTS', 'TREATIES']","['NUCLEAR WEAPON TESTS', 'TREATIES']",[],all_match
1743,428379,https://digitallibrary.un.org/record/428379,A/RES/55/49,"['SOUTH ATLANTIC OCEAN REGION', 'ZONES OF PEACE']","['SOUTH ATLANTIC OCEAN REGION', 'ZONES OF PEACE']",[],all_match
1744,428568,https://digitallibrary.un.org/record/428568,A/RES/55/50,['MIDDLE EAST SITUATION'],['MIDDLE EAST SITUATION'],[],all_match
1745,428569,https://digitallibrary.un.org/record/428569,A/RES/55/51,['MIDDLE EAST SITUATION'],['MIDDLE EAST SITUATION'],[],all_match
1746,428570,https://digitallibrary.un.org/record/428570,A/RES/55/52,['PALESTINE QUESTION'],['PALESTINE QUESTION'],[],all_match
1747,428571,https://digitallibrary.un.org/record/428571,A/RES/55/53,['PALESTINE QUESTION'],['PALESTINE QUESTION'],[],all_match
1748,428572,https://digitallibrary.un.org/record/428572,A/RES/55/54,['PALESTINE QUESTION'],['PALESTINE QUESTION'],[],all_match
1749,428573,https://digitallibrary.un.org/record/428573,A/RES/55/55,['PALESTINE QUESTION'],['PALESTINE QUESTION'],[],all_match
1750,428793,https://digitallibrary.un.org/record/428793,A/RES/55/66,"[""WOMEN'S ADVANCEMENT""]","[""WOMEN'S ADVANCEMENT""]",[],all_match
1751,428794,https://digitallibrary.un.org/record/428794,A/RES/55/86,['SELF-DETERMINATION OF PEOPLES'],['SELF-DETERMINATION OF PEOPLES'],[],all_match
1752,428795,https://digitallibrary.un.org/record/428795,A/RES/55/87,['SELF-DETERMINATION OF PEOPLES'],['SELF-DETERMINATION OF PEOPLES'],[],all_match
1753,428797,https://digitallibrary.un.org/record/428797,A/RES/55/92,"['MIGRANTS', 'PROTECTION', 'HUMAN RIGHTS ADVANCEMENT']","['MIGRANTS', 'HUMAN RIGHTS ADVANCEMENT']",['PROTECTION'],partial_match
1754,428798,https://digitallibrary.un.org/record/428798,A/RES/55/96,['HUMAN RIGHTS ADVANCEMENT'],['HUMAN RIGHTS ADVANCEMENT'],[],all_match
1755,428799,https://digitallibrary.un.org/record/428799,A/RES/55/100,['HUMAN RIGHTS ADVANCEMENT'],['HUMAN RIGHTS ADVANCEMENT'],[],all_match
1756,428800,https://digitallibrary.un.org/record/428800,A/RES/55/101,['HUMAN RIGHTS ADVANCEMENT'],['HUMAN RIGHTS ADVANCEMENT'],[],all_match
1757,428801,https://digitallibrary.un.org/record/428801,A/RES/55/102,['HUMAN RIGHTS ADVANCEMENT'],['HUMAN RIGHTS ADVANCEMENT'],[],all_match
1758,428802,https://digitallibrary.un.org/record/428802,A/RES/55/107,['HUMAN RIGHTS ADVANCEMENT'],['HUMAN RIGHTS ADVANCEMENT'],[],all_match
1759,428803,https://digitallibrary.un.org/record/428803,A/RES/55/110,"['HUMAN RIGHTS ADVANCEMENT', 'SANCTIONS', 'INTERNATIONAL RELATIONS']","['HUMAN RIGHTS ADVANCEMENT', 'SANCTIONS', 'INTERNATIONAL RELATIONS']",[],all_match
1760,428804,https://digitallibrary.un.org/record/428804,A/RES/55/114,"['HUMAN RIGHTS', 'REPORTS', 'HUMAN RIGHTS', 'IRAN (ISLAMIC REPUBLIC OF)']","['HUMAN RIGHTS', 'HUMAN RIGHTS', 'IRAN (ISLAMIC REPUBLIC OF)']",['REPORTS'],partial_match
1761,428805,https://digitallibrary.un.org/record/428805,A/RES/55/115,"['HUMAN RIGHTS', 'REPORTS', 'HUMAN RIGHTS', 'IRAQ']","['HUMAN RIGHTS', 'HUMAN RIGHTS', 'IRAQ']",['REPORTS'],partial_match
1762,428806,https://digitallibrary.un.org/record/428806,A/RES/55/116,"['HUMAN RIGHTS', 'REPORTS', 'HUMAN RIGHTS', 'SUDAN']","['HUMAN RIGHTS', 'HUMAN RIGHTS', 'SUDAN']",['REPORTS'],partial_match
1763,428807,https://digitallibrary.un.org/record/428807,A/RES/55/117,"['HUMAN RIGHTS', 'REPORTS', 'HUMAN RIGHTS', 'DEMOCRATIC REPUBLIC OF THE CONGO']","['HUMAN RIGHTS', 'HUMAN RIGHTS', 'DEMOCRATIC REPUBLIC OF THE CONGO']",['REPORTS'],partial_match
1764,429139,https://digitallibrary.un.org/record/429139,A/RES/55/123,"['UNRWA', 'ACTIVITIES']",['ACTIVITIES'],['UNRWA'],partial_match
1765,429140,https://digitallibrary.un.org/record/429140,A/RES/55/125,"['UNRWA', 'ACTIVITIES']",['ACTIVITIES'],['UNRWA'],partial_match
1766,429141,https://digitallibrary.un.org/record/429141,A/RES/55/126,"['UNRWA', 'ACTIVITIES']",['ACTIVITIES'],['UNRWA'],partial_match
1767,429142,https://digitallibrary.un.org/record/429142,A/RES/55/127,"['UNRWA', 'ACTIVITIES']",['ACTIVITIES'],['UNRWA'],partial_match
1768,429143,https://digitallibrary.un.org/record/429143,A/RES/55/128,"['UNRWA', 'ACTIVITIES']",['ACTIVITIES'],['UNRWA'],partial_match
1769,429144,https://digitallibrary.un.org/record/429144,A/RES/55/129,"['UNRWA', 'ACTIVITIES']",['ACTIVITIES'],['UNRWA'],partial_match
1770,429145,https://digitallibrary.un.org/record/429145,A/RES/55/130,"['TERRITORIES OCCUPIED BY ISRAEL', 'HUMAN RIGHTS', 'REPORTS']","['TERRITORIES OCCUPIED BY ISRAEL', 'HUMAN RIGHTS']",['REPORTS'],partial_match
1771,429146,https://digitallibrary.un.org/record/429146,A/RES/55/131,"['TERRITORIES OCCUPIED BY ISRAEL', 'HUMAN RIGHTS', 'REPORTS']","['TERRITORIES OCCUPIED BY ISRAEL', 'HUMAN RIGHTS']",['REPORTS'],partial_match
1772,429147,https://digitallibrary.un.org/record/429147,A/RES/55/132,"['TERRITORIES OCCUPIED BY ISRAEL', 'HUMAN RIGHTS', 'REPORTS']","['TERRITORIES OCCUPIED BY ISRAEL', 'HUMAN RIGHTS']",['REPORTS'],partial_match
1773,429148,https://digitallibrary.un.org/record/429148,A/RES/55/133,"['TERRITORIES OCCUPIED BY ISRAEL', 'HUMAN RIGHTS', 'REPORTS']","['TERRITORIES OCCUPIED BY ISRAEL', 'HUMAN RIGHTS']",['REPORTS'],partial_match
1774,429149,https://digitallibrary.un.org/record/429149,A/RES/55/134,"['TERRITORIES OCCUPIED BY ISRAEL', 'HUMAN RIGHTS', 'REPORTS']","['TERRITORIES OCCUPIED BY ISRAEL', 'HUMAN RIGHTS']",['REPORTS'],partial_match
1775,429150,https://digitallibrary.un.org/record/429150,A/RES/55/137,"['NON-SELF-GOVERNING TERRITORIES', 'REPORTS']",['NON-SELF-GOVERNING TERRITORIES'],['REPORTS'],partial_match
1776,429151,https://digitallibrary.un.org/record/429151,A/RES/55/138,"['NON-SELF-GOVERNING TERRITORIES', 'ECONOMIC INTERESTS', 'DECOLONIZATION']","['NON-SELF-GOVERNING TERRITORIES', 'DECOLONIZATION']",['ECONOMIC INTERESTS'],partial_match
1777,429152,https://digitallibrary.un.org/record/429152,A/RES/55/139,"['DECOLONIZATION', 'UN SYSTEM', 'UN. ECONOMIC AND SOCIAL COUNCIL', 'REPORTS']",['DECOLONIZATION'],"['UN SYSTEM', 'UN. ECONOMIC AND SOCIAL COUNCIL', 'REPORTS']",partial_match
1778,429153,https://digitallibrary.un.org/record/429153,A/RES/55/145,['DECOLONIZATION'],['DECOLONIZATION'],[],all_match
1779,429154,https://digitallibrary.un.org/record/429154,A/RES/55/146,['DECOLONIZATION'],['DECOLONIZATION'],[],all_match
1780,429155,https://digitallibrary.un.org/record/429155,A/RES/55/147,['DECOLONIZATION'],['DECOLONIZATION'],[],all_match
1781,429344,https://digitallibrary.un.org/record/429344,A/RES/55/158,['TERRORISM'],['TERRORISM'],[],all_match
1782,429857,https://digitallibrary.un.org/record/429857,A/RES/55/179,"['ORGANIZATION FOR SECURITY AND COOPERATION IN EUROPE', 'UN']",[],"['ORGANIZATION FOR SECURITY AND COOPERATION IN EUROPE', 'UN']",no_match
1783,429858,https://digitallibrary.un.org/record/429858,A/RES/55/180A,"['UN INTERIM FORCE IN LEBANON', 'FINANCING']",['FINANCING'],['UN INTERIM FORCE IN LEBANON'],partial_match
1784,429936,https://digitallibrary.un.org/record/429936,A/RES/55/209,"['TERRITORIES OCCUPIED BY ISRAEL', 'NATURAL RESOURCES']","['TERRITORIES OCCUPIED BY ISRAEL', 'NATURAL RESOURCES']",[],all_match
1785,442961,https://digitallibrary.un.org/record/442961,A/RES/55/180B,"['UN INTERIM FORCE IN LEBANON', 'FINANCING']",['FINANCING'],['UN INTERIM FORCE IN LEBANON'],partial_match
1786,453666,https://digitallibrary.un.org/record/453666,A/RES/56/16,"['INDIAN OCEAN', 'ZONES OF PEACE']","['INDIAN OCEAN', 'ZONES OF PEACE']",[],all_match
1787,453671,https://digitallibrary.un.org/record/453671,A/RES/56/12,['LAW OF THE SEA'],['LAW OF THE SEA'],[],all_match
1788,453713,https://digitallibrary.un.org/record/453713,A/RES/56/22,"['NON-NUCLEAR-WEAPON STATES', 'SECURITY']",['NON-NUCLEAR-WEAPON STATES'],['SECURITY'],partial_match
1789,453721,https://digitallibrary.un.org/record/453721,A/RES/56/20,"['SCIENCE AND TECHNOLOGY', 'INTERNATIONAL SECURITY']","['SCIENCE AND TECHNOLOGY', 'INTERNATIONAL SECURITY']",[],all_match
1790,453722,https://digitallibrary.un.org/record/453722,A/RES/56/23,"['ARMS RACE', 'OUTER SPACE']","['ARMS RACE', 'OUTER SPACE']",[],all_match
1791,453723,https://digitallibrary.un.org/record/453723,A/RES/56/24[A],['ANTI-MISSILE MISSILES'],['ANTI-MISSILE MISSILES'],[],all_match
1792,453724,https://digitallibrary.un.org/record/453724,A/RES/56/24[B],['BALLISTIC MISSILES'],['BALLISTIC MISSILES'],[],all_match
1793,453725,https://digitallibrary.un.org/record/453725,A/RES/56/24[C],['NUCLEAR NON-PROLIFERATION'],['NUCLEAR NON-PROLIFERATION'],[],all_match
1794,453726,https://digitallibrary.un.org/record/453726,A/RES/56/24[F],"['DISARMAMENT AGREEMENTS', 'ENVIRONMENT']","['DISARMAMENT AGREEMENTS', 'ENVIRONMENT']",[],all_match
1795,453727,https://digitallibrary.un.org/record/453727,A/RES/56/24[G],"['SOUTHERN HEMISPHERE', 'NUCLEAR-WEAPON-FREE ZONES']",['NUCLEAR-WEAPON-FREE ZONES'],['SOUTHERN HEMISPHERE'],partial_match
1796,453728,https://digitallibrary.un.org/record/453728,A/RES/56/24[I],"['CONVENTIONAL ARMS', 'REGIONAL PROGRAMMES']",['REGIONAL PROGRAMMES'],['CONVENTIONAL ARMS'],partial_match
1797,453731,https://digitallibrary.un.org/record/453731,A/RES/56/24[M],"['LANDMINES', 'TREATIES']","['LANDMINES', 'TREATIES']",[],all_match
1798,453733,https://digitallibrary.un.org/record/453733,A/RES/56/24[N],"['DISARMAMENT', 'GENERAL AND COMPLETE']",['DISARMAMENT'],['GENERAL AND COMPLETE'],partial_match
1799,453735,https://digitallibrary.un.org/record/453735,A/RES/56/24[O],"['DISARMAMENT', 'GENERAL AND COMPLETE']",['DISARMAMENT'],['GENERAL AND COMPLETE'],partial_match
1800,453736,https://digitallibrary.un.org/record/453736,A/RES/56/24[Q],"['ARMS TRANSFERS', 'TRANSPARENCY']",['ARMS TRANSFERS'],['TRANSPARENCY'],partial_match
1801,453738,https://digitallibrary.un.org/record/453738,A/RES/56/24[R],['NUCLEAR DISARMAMENT'],['NUCLEAR DISARMAMENT'],[],all_match
1802,453740,https://digitallibrary.un.org/record/453740,A/RES/56/24[S],"['NUCLEAR WEAPONS USE', 'UN. INTERNATIONAL COURT OF JUSTICE OPINION']",['NUCLEAR WEAPONS USE'],['UN. INTERNATIONAL COURT OF JUSTICE OPINION'],partial_match
1803,453747,https://digitallibrary.un.org/record/453747,A/RES/56/25B,"['NUCLEAR WEAPONS USE', 'TREATIES']","['NUCLEAR WEAPONS USE', 'TREATIES']",[],all_match
1804,453748,https://digitallibrary.un.org/record/453748,A/RES/56/27,"['MIDDLE EAST', 'NUCLEAR PROLIFERATION']",['MIDDLE EAST'],['NUCLEAR PROLIFERATION'],partial_match
1805,453749,https://digitallibrary.un.org/record/453749,A/RES/56/31,['MIDDLE EAST SITUATION'],['MIDDLE EAST SITUATION'],[],all_match
1806,453750,https://digitallibrary.un.org/record/453750,A/RES/56/32,['MIDDLE EAST SITUATION'],['MIDDLE EAST SITUATION'],[],all_match
1807,453751,https://digitallibrary.un.org/record/453751,A/RES/56/33,['PALESTINE QUESTION'],['PALESTINE QUESTION'],[],all_match
1808,453753,https://digitallibrary.un.org/record/453753,A/RES/56/34,['PALESTINE QUESTION'],['PALESTINE QUESTION'],[],all_match
1809,453754,https://digitallibrary.un.org/record/453754,A/RES/56/35,['PALESTINE QUESTION'],['PALESTINE QUESTION'],[],all_match
1810,453755,https://digitallibrary.un.org/record/453755,A/RES/56/36,['PALESTINE QUESTION'],['PALESTINE QUESTION'],[],all_match
1811,454252,https://digitallibrary.un.org/record/454252,A/RES/56/49,"['PREPARATORY COMMISSION FOR THE COMPREHENSIVE NUCLEAR-TEST-BAN TREATY ORGANIZATION', 'UN']",[],"['PREPARATORY COMMISSION FOR THE COMPREHENSIVE NUCLEAR-TEST-BAN TREATY ORGANIZATION', 'UN']",no_match
1812,454253,https://digitallibrary.un.org/record/454253,A/RES/56/52,"['UNRWA', 'ACTIVITIES']",['ACTIVITIES'],['UNRWA'],partial_match
1813,454254,https://digitallibrary.un.org/record/454254,A/RES/56/54,"['UNRWA', 'ACTIVITIES']",['ACTIVITIES'],['UNRWA'],partial_match
1814,454255,https://digitallibrary.un.org/record/454255,A/RES/56/55,"['UNRWA', 'ACTIVITIES']",['ACTIVITIES'],['UNRWA'],partial_match
1815,454256,https://digitallibrary.un.org/record/454256,A/RES/56/56,"['UNRWA', 'ACTIVITIES']",['ACTIVITIES'],['UNRWA'],partial_match
1816,454257,https://digitallibrary.un.org/record/454257,A/RES/56/57,"['UNRWA', 'ACTIVITIES']",['ACTIVITIES'],['UNRWA'],partial_match
1817,454263,https://digitallibrary.un.org/record/454263,A/RES/56/58,"['UNRWA', 'ACTIVITIES']",['ACTIVITIES'],['UNRWA'],partial_match
1818,454271,https://digitallibrary.un.org/record/454271,A/RES/56/59,"['TERRITORIES OCCUPIED BY ISRAEL', 'HUMAN RIGHTS', 'REPORTS']","['TERRITORIES OCCUPIED BY ISRAEL', 'HUMAN RIGHTS']",['REPORTS'],partial_match
1819,454275,https://digitallibrary.un.org/record/454275,A/RES/56/60,"['TERRITORIES OCCUPIED BY ISRAEL', 'HUMAN RIGHTS', 'REPORTS']","['TERRITORIES OCCUPIED BY ISRAEL', 'HUMAN RIGHTS']",['REPORTS'],partial_match
1820,454280,https://digitallibrary.un.org/record/454280,A/RES/56/61,"['TERRITORIES OCCUPIED BY ISRAEL', 'HUMAN RIGHTS', 'REPORTS']","['TERRITORIES OCCUPIED BY ISRAEL', 'HUMAN RIGHTS']",['REPORTS'],partial_match
1821,454283,https://digitallibrary.un.org/record/454283,A/RES/56/62,"['TERRITORIES OCCUPIED BY ISRAEL', 'HUMAN RIGHTS', 'REPORTS']","['TERRITORIES OCCUPIED BY ISRAEL', 'HUMAN RIGHTS']",['REPORTS'],partial_match
1822,454287,https://digitallibrary.un.org/record/454287,A/RES/56/63,"['TERRITORIES OCCUPIED BY ISRAEL', 'HUMAN RIGHTS', 'REPORTS']","['TERRITORIES OCCUPIED BY ISRAEL', 'HUMAN RIGHTS']",['REPORTS'],partial_match
1823,454290,https://digitallibrary.un.org/record/454290,A/RES/56/65,"['NON-SELF-GOVERNING TERRITORIES', 'REPORTS']",['NON-SELF-GOVERNING TERRITORIES'],['REPORTS'],partial_match
1824,454291,https://digitallibrary.un.org/record/454291,A/RES/56/66,"['NON-SELF-GOVERNING TERRITORIES', 'ECONOMIC INTERESTS', 'DECOLONIZATION']","['NON-SELF-GOVERNING TERRITORIES', 'DECOLONIZATION']",['ECONOMIC INTERESTS'],partial_match
1825,454294,https://digitallibrary.un.org/record/454294,A/RES/56/67,"['DECOLONIZATION', 'UN SYSTEM', 'UN. ECONOMIC AND SOCIAL COUNCIL', 'REPORTS']",['DECOLONIZATION'],"['UN SYSTEM', 'UN. ECONOMIC AND SOCIAL COUNCIL', 'REPORTS']",partial_match
1826,454296,https://digitallibrary.un.org/record/454296,A/RES/56/73,['DECOLONIZATION'],['DECOLONIZATION'],[],all_match
1827,454297,https://digitallibrary.un.org/record/454297,A/RES/56/74,['DECOLONIZATION'],['DECOLONIZATION'],[],all_match
1828,454728,https://digitallibrary.un.org/record/454728,A/RES/56/94,"['IAEA', 'REPORTS']",[],"['IAEA', 'REPORTS']",no_match
1829,454775,https://digitallibrary.un.org/record/454775,A/RES/56/142,['SELF-DETERMINATION OF PEOPLES'],['SELF-DETERMINATION OF PEOPLES'],[],all_match
1830,454776,https://digitallibrary.un.org/record/454776,A/RES/56/146,"['HUMAN RIGHTS', 'INTERNATIONAL INSTRUMENTS']","['HUMAN RIGHTS', 'INTERNATIONAL INSTRUMENTS']",[],all_match
1831,454777,https://digitallibrary.un.org/record/454777,A/RES/56/148,"['SANCTIONS', 'INTERNATIONAL RELATIONS', 'HUMAN RIGHTS ADVANCEMENT']","['SANCTIONS', 'INTERNATIONAL RELATIONS', 'HUMAN RIGHTS ADVANCEMENT']",[],all_match
1832,454778,https://digitallibrary.un.org/record/454778,A/RES/56/150,"['HUMAN RIGHTS ADVANCEMENT', 'RIGHT TO DEVELOPMENT']","['HUMAN RIGHTS ADVANCEMENT', 'RIGHT TO DEVELOPMENT']",[],all_match
1833,454779,https://digitallibrary.un.org/record/454779,A/RES/56/151,['HUMAN RIGHTS ADVANCEMENT'],['HUMAN RIGHTS ADVANCEMENT'],[],all_match
1834,454783,https://digitallibrary.un.org/record/454783,A/RES/56/152,['HUMAN RIGHTS ADVANCEMENT'],['HUMAN RIGHTS ADVANCEMENT'],[],all_match
1835,454789,https://digitallibrary.un.org/record/454789,A/RES/56/154,['HUMAN RIGHTS ADVANCEMENT'],['HUMAN RIGHTS ADVANCEMENT'],[],all_match
1836,454814,https://digitallibrary.un.org/record/454814,A/RES/56/155,['HUMAN RIGHTS ADVANCEMENT'],['HUMAN RIGHTS ADVANCEMENT'],[],all_match
1837,454821,https://digitallibrary.un.org/record/454821,A/RES/56/159,"['HUMAN RIGHTS ADVANCEMENT', 'ELECTION VERIFICATION', 'UN']","['HUMAN RIGHTS ADVANCEMENT', 'ELECTION VERIFICATION']",['UN'],partial_match
1838,454822,https://digitallibrary.un.org/record/454822,A/RES/56/160,"['HUMAN RIGHTS ADVANCEMENT', 'HUMAN RIGHTS', 'TERRORISM']","['HUMAN RIGHTS ADVANCEMENT', 'HUMAN RIGHTS', 'TERRORISM']",[],all_match
1839,454825,https://digitallibrary.un.org/record/454825,A/RES/56/165,['HUMAN RIGHTS ADVANCEMENT'],['HUMAN RIGHTS ADVANCEMENT'],[],all_match
1840,454826,https://digitallibrary.un.org/record/454826,A/RES/56/171,"['HUMAN RIGHTS', 'IRAN (ISLAMIC REPUBLIC OF)', 'HUMAN RIGHTS', 'REPORTS']","['HUMAN RIGHTS', 'IRAN (ISLAMIC REPUBLIC OF)', 'HUMAN RIGHTS']",['REPORTS'],partial_match
1841,454829,https://digitallibrary.un.org/record/454829,A/RES/56/173,"['HUMAN RIGHTS', 'REPORTS', 'HUMAN RIGHTS', 'DEMOCRATIC REPUBLIC OF THE CONGO']","['HUMAN RIGHTS', 'HUMAN RIGHTS', 'DEMOCRATIC REPUBLIC OF THE CONGO']",['REPORTS'],partial_match
1842,454845,https://digitallibrary.un.org/record/454845,A/RES/56/174,"['HUMAN RIGHTS', 'REPORTS', 'HUMAN RIGHTS', 'IRAQ']","['HUMAN RIGHTS', 'HUMAN RIGHTS', 'IRAQ']",['REPORTS'],partial_match
1843,454848,https://digitallibrary.un.org/record/454848,A/RES/56/175,"['HUMAN RIGHTS', 'REPORTS', 'HUMAN RIGHTS', 'SUDAN']","['HUMAN RIGHTS', 'HUMAN RIGHTS', 'SUDAN']",['REPORTS'],partial_match
1844,455251,https://digitallibrary.un.org/record/455251,A/RES/ES-10/8,"['TERRITORIES OCCUPIED BY ISRAEL', 'SETTLEMENT POLICY']","['TERRITORIES OCCUPIED BY ISRAEL', 'SETTLEMENT POLICY']",[],all_match
1845,455262,https://digitallibrary.un.org/record/455262,A/RES/ES-10/9,"['TERRITORIES OCCUPIED BY ISRAEL', 'SETTLEMENT POLICY']","['TERRITORIES OCCUPIED BY ISRAEL', 'SETTLEMENT POLICY']",[],all_match
1846,455673,https://digitallibrary.un.org/record/455673,A/RES/56/179,['INTERNATIONAL TRADE'],['INTERNATIONAL TRADE'],[],all_match
1847,455676,https://digitallibrary.un.org/record/455676,A/RES/56/204,"['TERRITORIES OCCUPIED BY ISRAEL', 'NATURAL RESOURCES']","['TERRITORIES OCCUPIED BY ISRAEL', 'NATURAL RESOURCES']",[],all_match
1848,455678,https://digitallibrary.un.org/record/455678,A/RES/56/214A,"['UN INTERIM FORCE IN LEBANON', 'FINANCING']",['FINANCING'],['UN INTERIM FORCE IN LEBANON'],partial_match
1849,455679,https://digitallibrary.un.org/record/455679,A/RES/56/216,"['ORGANIZATION FOR SECURITY AND COOPERATION IN EUROPE', 'UN']",[],"['ORGANIZATION FOR SECURITY AND COOPERATION IN EUROPE', 'UN']",no_match
1850,455680,https://digitallibrary.un.org/record/455680,A/RES/56/232,['SELF-DETERMINATION OF PEOPLES'],['SELF-DETERMINATION OF PEOPLES'],[],all_match
1851,462340,https://digitallibrary.un.org/record/462340,A/RES/56/266,['RACIAL DISCRIMINATION'],['RACIAL DISCRIMINATION'],[],all_match
1852,464215,https://digitallibrary.un.org/record/464215,A/RES/ES-10/10,"['TERRITORIES OCCUPIED BY ISRAEL', 'SETTLEMENT POLICY']","['TERRITORIES OCCUPIED BY ISRAEL', 'SETTLEMENT POLICY']",[],all_match
1853,464310,https://digitallibrary.un.org/record/464310,A/RES/56/7,"['SOUTH ATLANTIC OCEAN REGION', 'ZONES OF PEACE']","['SOUTH ATLANTIC OCEAN REGION', 'ZONES OF PEACE']",[],all_match
1854,464314,https://digitallibrary.un.org/record/464314,A/RES/56/9,"['CUBA', 'UNITED STATES']","['CUBA', 'UNITED STATES']",[],all_match
1855,468522,https://digitallibrary.un.org/record/468522,A/RES/56/214B,"['UN INTERIM FORCE IN LEBANON', 'FINANCING']",['FINANCING'],['UN INTERIM FORCE IN LEBANON'],partial_match
1856,470868,https://digitallibrary.un.org/record/470868,A/RES/ES-10/11,"['TERRITORIES OCCUPIED BY ISRAEL', 'SETTLEMENT POLICY']","['TERRITORIES OCCUPIED BY ISRAEL', 'SETTLEMENT POLICY']",[],all_match
1857,476195,https://digitallibrary.un.org/record/476195,A/RES/57/5,"['ECONOMIC SANCTIONS', 'INTERNATIONAL RELATIONS']",['INTERNATIONAL RELATIONS'],['ECONOMIC SANCTIONS'],partial_match
1858,478298,https://digitallibrary.un.org/record/478298,A/RES/57/9,"['IAEA', 'REPORTS']",[],"['IAEA', 'REPORTS']",no_match
1859,478356,https://digitallibrary.un.org/record/478356,A/RES/57/11,"['CUBA', 'UNITED STATES']","['CUBA', 'UNITED STATES']",[],all_match
1860,479322,https://digitallibrary.un.org/record/479322,A/RES/57/49,"['PREPARATORY COMMISSION FOR THE COMPREHENSIVE NUCLEAR-TEST-BAN TREATY ORGANIZATION', 'UN']",[],"['PREPARATORY COMMISSION FOR THE COMPREHENSIVE NUCLEAR-TEST-BAN TREATY ORGANIZATION', 'UN']",no_match
1861,479323,https://digitallibrary.un.org/record/479323,A/RES/57/54,"['SCIENCE AND TECHNOLOGY', 'INTERNATIONAL SECURITY']","['SCIENCE AND TECHNOLOGY', 'INTERNATIONAL SECURITY']",[],all_match
1862,479325,https://digitallibrary.un.org/record/479325,A/RES/57/56,"['NON-NUCLEAR-WEAPON STATES', 'SECURITY']",['NON-NUCLEAR-WEAPON STATES'],['SECURITY'],partial_match
1863,479326,https://digitallibrary.un.org/record/479326,A/RES/57/57,"['ARMS RACE', 'OUTER SPACE']","['ARMS RACE', 'OUTER SPACE']",[],all_match
1864,479327,https://digitallibrary.un.org/record/479327,A/RES/57/58,"['DISARMAMENT', 'GENERAL AND COMPLETE']",['DISARMAMENT'],['GENERAL AND COMPLETE'],partial_match
1865,479328,https://digitallibrary.un.org/record/479328,A/RES/57/59,"['NUCLEAR-WEAPON-FREE ZONES', 'AGENDA']","['NUCLEAR-WEAPON-FREE ZONES', 'AGENDA']",[],all_match
1866,479329,https://digitallibrary.un.org/record/479329,A/RES/57/62,"['CHEMICAL AND BIOLOGICAL WARFARE', 'TREATIES']","['CHEMICAL AND BIOLOGICAL WARFARE', 'TREATIES']",[],all_match
1867,479330,https://digitallibrary.un.org/record/479330,A/RES/57/63,"['DISARMAMENT', 'GENERAL AND COMPLETE']",['DISARMAMENT'],['GENERAL AND COMPLETE'],partial_match
1868,479331,https://digitallibrary.un.org/record/479331,A/RES/57/64,"['DISARMAMENT AGREEMENTS', 'ENVIRONMENT']","['DISARMAMENT AGREEMENTS', 'ENVIRONMENT']",[],all_match
1869,479332,https://digitallibrary.un.org/record/479332,A/RES/57/65,['DISARMAMENT-DEVELOPMENT LINK'],['DISARMAMENT-DEVELOPMENT LINK'],[],all_match
1870,479334,https://digitallibrary.un.org/record/479334,A/RES/57/66,"['DISARMAMENT', 'GENERAL AND COMPLETE']",['DISARMAMENT'],['GENERAL AND COMPLETE'],partial_match
1871,479335,https://digitallibrary.un.org/record/479335,A/RES/57/71,['BALLISTIC MISSILES'],['BALLISTIC MISSILES'],[],all_match
1872,479336,https://digitallibrary.un.org/record/479336,A/RES/57/73,"['SOUTHERN HEMISPHERE', 'NUCLEAR-WEAPON-FREE ZONES']",['NUCLEAR-WEAPON-FREE ZONES'],['SOUTHERN HEMISPHERE'],partial_match
1873,479337,https://digitallibrary.un.org/record/479337,A/RES/57/74,"['LANDMINES', 'TREATIES']","['LANDMINES', 'TREATIES']",[],all_match
1874,479339,https://digitallibrary.un.org/record/479339,A/RES/57/75,"['ARMS TRANSFERS', 'TRANSPARENCY']",['ARMS TRANSFERS'],['TRANSPARENCY'],partial_match
1875,479340,https://digitallibrary.un.org/record/479340,A/RES/57/77,"['CONVENTIONAL ARMS', 'REGIONAL PROGRAMMES']",['REGIONAL PROGRAMMES'],['CONVENTIONAL ARMS'],partial_match
1876,479341,https://digitallibrary.un.org/record/479341,A/RES/57/78,"['DISARMAMENT', 'GENERAL AND COMPLETE']",['DISARMAMENT'],['GENERAL AND COMPLETE'],partial_match
1877,479343,https://digitallibrary.un.org/record/479343,A/RES/57/79,['NUCLEAR DISARMAMENT'],['NUCLEAR DISARMAMENT'],[],all_match
1878,479344,https://digitallibrary.un.org/record/479344,A/RES/57/84,['NUCLEAR NON-PROLIFERATION'],['NUCLEAR NON-PROLIFERATION'],[],all_match
1879,479345,https://digitallibrary.un.org/record/479345,A/RES/57/85,"['NUCLEAR WEAPONS USE', 'UN. INTERNATIONAL COURT OF JUSTICE OPINION', 'DISARMAMENT', 'GENERAL AND COMPLETE']","['NUCLEAR WEAPONS USE', 'DISARMAMENT']","['UN. INTERNATIONAL COURT OF JUSTICE OPINION', 'GENERAL AND COMPLETE']",partial_match
1880,479346,https://digitallibrary.un.org/record/479346,A/RES/57/94,"['NUCLEAR WEAPONS USE', 'TREATIES']","['NUCLEAR WEAPONS USE', 'TREATIES']",[],all_match
1881,479347,https://digitallibrary.un.org/record/479347,A/RES/57/97,"['MIDDLE EAST', 'NUCLEAR PROLIFERATION']",['MIDDLE EAST'],['NUCLEAR PROLIFERATION'],partial_match
1882,479348,https://digitallibrary.un.org/record/479348,A/RES/57/100,"['NUCLEAR WEAPON TESTS', 'TREATIES']","['NUCLEAR WEAPON TESTS', 'TREATIES']",[],all_match
1883,480138,https://digitallibrary.un.org/record/480138,A/RES/57/107,['PALESTINE QUESTION'],['PALESTINE QUESTION'],[],all_match
1884,480140,https://digitallibrary.un.org/record/480140,A/RES/57/108,['PALESTINE QUESTION'],['PALESTINE QUESTION'],[],all_match
1885,480141,https://digitallibrary.un.org/record/480141,A/RES/57/109,['PALESTINE QUESTION'],['PALESTINE QUESTION'],[],all_match
1886,480142,https://digitallibrary.un.org/record/480142,A/RES/57/110,['PALESTINE QUESTION'],['PALESTINE QUESTION'],[],all_match
1887,480148,https://digitallibrary.un.org/record/480148,A/RES/57/111,['MIDDLE EAST SITUATION'],['MIDDLE EAST SITUATION'],[],all_match
1888,480150,https://digitallibrary.un.org/record/480150,A/RES/57/112,['MIDDLE EAST SITUATION'],['MIDDLE EAST SITUATION'],[],all_match
1889,482346,https://digitallibrary.un.org/record/482346,A/RES/57/117,"['UNRWA', 'ACTIVITIES']",['ACTIVITIES'],['UNRWA'],partial_match
1890,482348,https://digitallibrary.un.org/record/482348,A/RES/57/119,"['UNRWA', 'ACTIVITIES']",['ACTIVITIES'],['UNRWA'],partial_match
1891,482349,https://digitallibrary.un.org/record/482349,A/RES/57/120,"['UNRWA', 'ACTIVITIES']",['ACTIVITIES'],['UNRWA'],partial_match
1892,482375,https://digitallibrary.un.org/record/482375,A/RES/57/121,"['UNRWA', 'ACTIVITIES']",['ACTIVITIES'],['UNRWA'],partial_match
1893,482376,https://digitallibrary.un.org/record/482376,A/RES/57/122,"['UNRWA', 'ACTIVITIES']",['ACTIVITIES'],['UNRWA'],partial_match
1894,482377,https://digitallibrary.un.org/record/482377,A/RES/57/123,"['UNRWA', 'ACTIVITIES']",['ACTIVITIES'],['UNRWA'],partial_match
1895,482378,https://digitallibrary.un.org/record/482378,A/RES/57/124,"['TERRITORIES OCCUPIED BY ISRAEL', 'HUMAN RIGHTS', 'REPORTS']","['TERRITORIES OCCUPIED BY ISRAEL', 'HUMAN RIGHTS']",['REPORTS'],partial_match
1896,482379,https://digitallibrary.un.org/record/482379,A/RES/57/125,"['TERRITORIES OCCUPIED BY ISRAEL', 'HUMAN RIGHTS', 'REPORTS']","['TERRITORIES OCCUPIED BY ISRAEL', 'HUMAN RIGHTS']",['REPORTS'],partial_match
1897,482382,https://digitallibrary.un.org/record/482382,A/RES/57/126,"['TERRITORIES OCCUPIED BY ISRAEL', 'HUMAN RIGHTS', 'REPORTS']","['TERRITORIES OCCUPIED BY ISRAEL', 'HUMAN RIGHTS']",['REPORTS'],partial_match
1898,482383,https://digitallibrary.un.org/record/482383,A/RES/57/127,"['TERRITORIES OCCUPIED BY ISRAEL', 'HUMAN RIGHTS', 'REPORTS']","['TERRITORIES OCCUPIED BY ISRAEL', 'HUMAN RIGHTS']",['REPORTS'],partial_match
1899,482386,https://digitallibrary.un.org/record/482386,A/RES/57/128,"['TERRITORIES OCCUPIED BY ISRAEL', 'HUMAN RIGHTS', 'REPORTS']","['TERRITORIES OCCUPIED BY ISRAEL', 'HUMAN RIGHTS']",['REPORTS'],partial_match
1900,482388,https://digitallibrary.un.org/record/482388,A/RES/57/131,"['NON-SELF-GOVERNING TERRITORIES', 'REPORTS']",['NON-SELF-GOVERNING TERRITORIES'],['REPORTS'],partial_match
1901,482389,https://digitallibrary.un.org/record/482389,A/RES/57/132,"['NON-SELF-GOVERNING TERRITORIES', 'ECONOMIC INTERESTS', 'DECOLONIZATION']","['NON-SELF-GOVERNING TERRITORIES', 'DECOLONIZATION']",['ECONOMIC INTERESTS'],partial_match
1902,482390,https://digitallibrary.un.org/record/482390,A/RES/57/133,"['DECOLONIZATION', 'UN SYSTEM', 'UN. ECONOMIC AND SOCIAL COUNCIL', 'REPORTS']",['DECOLONIZATION'],"['UN SYSTEM', 'UN. ECONOMIC AND SOCIAL COUNCIL', 'REPORTS']",partial_match
1903,482391,https://digitallibrary.un.org/record/482391,A/RES/57/139,['DECOLONIZATION'],['DECOLONIZATION'],[],all_match
1904,482392,https://digitallibrary.un.org/record/482392,A/RES/57/140,['DECOLONIZATION'],['DECOLONIZATION'],[],all_match
1905,482393,https://digitallibrary.un.org/record/482393,A/RES/57/141,['LAW OF THE SEA'],['LAW OF THE SEA'],[],all_match
1906,482398,https://digitallibrary.un.org/record/482398,A/RES/57/156,"['COUNCIL OF EUROPE', 'UN']",[],"['COUNCIL OF EUROPE', 'UN']",no_match
1907,482399,https://digitallibrary.un.org/record/482399,A/RES/57/175,"[""WOMEN'S ADVANCEMENT""]","[""WOMEN'S ADVANCEMENT""]",[],all_match
1908,482400,https://digitallibrary.un.org/record/482400,A/RES/57/188,['RIGHTS OF THE CHILD'],['RIGHTS OF THE CHILD'],[],all_match
1909,482402,https://digitallibrary.un.org/record/482402,A/RES/57/190,['RIGHTS OF THE CHILD'],['RIGHTS OF THE CHILD'],[],all_match
1910,482404,https://digitallibrary.un.org/record/482404,A/RES/57/195,"['RACIAL DISCRIMINATION', 'ELIMINATION']",['RACIAL DISCRIMINATION'],['ELIMINATION'],partial_match
1911,482406,https://digitallibrary.un.org/record/482406,A/RES/57/196,['SELF-DETERMINATION OF PEOPLES'],['SELF-DETERMINATION OF PEOPLES'],[],all_match
1912,482407,https://digitallibrary.un.org/record/482407,A/RES/57/198,['SELF-DETERMINATION OF PEOPLES'],['SELF-DETERMINATION OF PEOPLES'],[],all_match
1913,482408,https://digitallibrary.un.org/record/482408,A/RES/57/199,"['HUMAN RIGHTS', 'INTERNATIONAL INSTRUMENTS', 'TORTURE AND OTHER CRUEL TREATMENT']","['HUMAN RIGHTS', 'INTERNATIONAL INSTRUMENTS', 'TORTURE AND OTHER CRUEL TREATMENT']",[],all_match
1914,482409,https://digitallibrary.un.org/record/482409,A/RES/57/205,['HUMAN RIGHTS ADVANCEMENT'],['HUMAN RIGHTS ADVANCEMENT'],[],all_match
1915,482410,https://digitallibrary.un.org/record/482410,A/RES/57/213,['HUMAN RIGHTS ADVANCEMENT'],['HUMAN RIGHTS ADVANCEMENT'],[],all_match
1916,482411,https://digitallibrary.un.org/record/482411,A/RES/57/214,"['HUMAN RIGHTS ADVANCEMENT', 'SUMMARY EXECUTIONS']","['HUMAN RIGHTS ADVANCEMENT', 'SUMMARY EXECUTIONS']",[],all_match
1917,482518,https://digitallibrary.un.org/record/482518,A/RES/57/216,['HUMAN RIGHTS ADVANCEMENT'],['HUMAN RIGHTS ADVANCEMENT'],[],all_match
1918,482520,https://digitallibrary.un.org/record/482520,A/RES/57/217,['HUMAN RIGHTS ADVANCEMENT'],['HUMAN RIGHTS ADVANCEMENT'],[],all_match
1919,482521,https://digitallibrary.un.org/record/482521,A/RES/57/222,"['HUMAN RIGHTS ADVANCEMENT', 'SANCTIONS', 'INTERNATIONAL RELATIONS']","['HUMAN RIGHTS ADVANCEMENT', 'SANCTIONS', 'INTERNATIONAL RELATIONS']",[],all_match
1920,482522,https://digitallibrary.un.org/record/482522,A/RES/57/223,"['HUMAN RIGHTS ADVANCEMENT', 'RIGHT TO DEVELOPMENT']","['HUMAN RIGHTS ADVANCEMENT', 'RIGHT TO DEVELOPMENT']",[],all_match
1921,482533,https://digitallibrary.un.org/record/482533,A/RES/57/226,['HUMAN RIGHTS ADVANCEMENT'],['HUMAN RIGHTS ADVANCEMENT'],[],all_match
1922,482534,https://digitallibrary.un.org/record/482534,A/RES/57/227,['HUMAN RIGHTS ADVANCEMENT'],['HUMAN RIGHTS ADVANCEMENT'],[],all_match
1923,482535,https://digitallibrary.un.org/record/482535,A/RES/57/228A,"['HUMAN RIGHTS ADVANCEMENT', 'HUMAN RIGHTS ADVANCEMENT', 'CAMBODIA']","['HUMAN RIGHTS ADVANCEMENT', 'HUMAN RIGHTS ADVANCEMENT', 'CAMBODIA']",[],all_match
1924,482536,https://digitallibrary.un.org/record/482536,A/RES/57/232,"['HUMAN RIGHTS', 'REPORTS', 'HUMAN RIGHTS', 'IRAQ']","['HUMAN RIGHTS', 'HUMAN RIGHTS', 'IRAQ']",['REPORTS'],partial_match
1925,482537,https://digitallibrary.un.org/record/482537,A/RES/57/233,"['HUMAN RIGHTS', 'REPORTS', 'HUMAN RIGHTS', 'DEMOCRATIC REPUBLIC OF THE CONGO']","['HUMAN RIGHTS', 'HUMAN RIGHTS', 'DEMOCRATIC REPUBLIC OF THE CONGO']",['REPORTS'],partial_match
1926,482538,https://digitallibrary.un.org/record/482538,A/RES/57/269,"['TERRITORIES OCCUPIED BY ISRAEL', 'NATURAL RESOURCES']","['TERRITORIES OCCUPIED BY ISRAEL', 'NATURAL RESOURCES']",[],all_match
1927,482539,https://digitallibrary.un.org/record/482539,A/RES/57/298,"['ORGANIZATION FOR SECURITY AND COOPERATION IN EUROPE', 'UN']",[],"['ORGANIZATION FOR SECURITY AND COOPERATION IN EUROPE', 'UN']",no_match
1928,482541,https://digitallibrary.un.org/record/482541,A/RES/57/230,"['HUMAN RIGHTS', 'SUDAN', 'HUMAN RIGHTS', 'REPORTS']","['HUMAN RIGHTS', 'SUDAN', 'HUMAN RIGHTS']",['REPORTS'],partial_match
1929,497742,https://digitallibrary.un.org/record/497742,A/RES/57/325,"['UN INTERIM FORCE IN LEBANON', 'FINANCING']",['FINANCING'],['UN INTERIM FORCE IN LEBANON'],partial_match
1930,504164,https://digitallibrary.un.org/record/504164,A/RES/ES-10/12,"['TERRITORIES OCCUPIED BY ISRAEL', 'SETTLEMENT POLICY']","['TERRITORIES OCCUPIED BY ISRAEL', 'SETTLEMENT POLICY']",[],all_match
1931,504508,https://digitallibrary.un.org/record/504508,A/RES/ES-10/13,"['TERRITORIES OCCUPIED BY ISRAEL', 'SETTLEMENT POLICY']","['TERRITORIES OCCUPIED BY ISRAEL', 'SETTLEMENT POLICY']",[],all_match
1932,505386,https://digitallibrary.un.org/record/505386,A/RES/58/7,"['CUBA', 'UNITED STATES']","['CUBA', 'UNITED STATES']",[],all_match
1933,505387,https://digitallibrary.un.org/record/505387,A/RES/58/8,"['IAEA', 'REPORTS']",[],"['IAEA', 'REPORTS']",no_match
1934,507405,https://digitallibrary.un.org/record/507405,A/RES/58/18,['PALESTINE QUESTION'],['PALESTINE QUESTION'],[],all_match
1935,507406,https://digitallibrary.un.org/record/507406,A/RES/58/19,['PALESTINE QUESTION'],['PALESTINE QUESTION'],[],all_match
1936,507407,https://digitallibrary.un.org/record/507407,A/RES/58/20,['PALESTINE QUESTION'],['PALESTINE QUESTION'],[],all_match
1937,507408,https://digitallibrary.un.org/record/507408,A/RES/58/21,['PALESTINE QUESTION'],['PALESTINE QUESTION'],[],all_match
1938,507409,https://digitallibrary.un.org/record/507409,A/RES/58/22,['MIDDLE EAST SITUATION'],['MIDDLE EAST SITUATION'],[],all_match
1939,507410,https://digitallibrary.un.org/record/507410,A/RES/58/23,['MIDDLE EAST SITUATION'],['MIDDLE EAST SITUATION'],[],all_match
1940,507717,https://digitallibrary.un.org/record/507717,A/RES/ES-10/14,"['TERRITORIES OCCUPIED BY ISRAEL', 'SETTLEMENT POLICY']","['TERRITORIES OCCUPIED BY ISRAEL', 'SETTLEMENT POLICY']",[],all_match
1941,508001,https://digitallibrary.un.org/record/508001,A/RES/58/33,"['SCIENCE AND TECHNOLOGY', 'INTERNATIONAL SECURITY']","['SCIENCE AND TECHNOLOGY', 'INTERNATIONAL SECURITY']",[],all_match
1942,508002,https://digitallibrary.un.org/record/508002,A/RES/58/35,"['NON-NUCLEAR-WEAPON STATES', 'SECURITY']",['NON-NUCLEAR-WEAPON STATES'],['SECURITY'],partial_match
1943,508005,https://digitallibrary.un.org/record/508005,A/RES/58/36,"['ARMS RACE', 'OUTER SPACE']","['ARMS RACE', 'OUTER SPACE']",[],all_match
1944,508006,https://digitallibrary.un.org/record/508006,A/RES/58/37,['BALLISTIC MISSILES'],['BALLISTIC MISSILES'],[],all_match
1945,508007,https://digitallibrary.un.org/record/508007,A/RES/58/39,"['CONVENTIONAL ARMS', 'REGIONAL PROGRAMMES']",['REGIONAL PROGRAMMES'],['CONVENTIONAL ARMS'],partial_match
1946,508008,https://digitallibrary.un.org/record/508008,A/RES/58/43,"['DISARMAMENT', 'GENERAL AND COMPLETE']",['DISARMAMENT'],['GENERAL AND COMPLETE'],partial_match
1947,508010,https://digitallibrary.un.org/record/508010,A/RES/58/44,"['MULTILATERALISM', 'DISARMAMENT']","['MULTILATERALISM', 'DISARMAMENT']",[],all_match
1948,508011,https://digitallibrary.un.org/record/508011,A/RES/58/45,"['DISARMAMENT AGREEMENTS', 'ENVIRONMENT']","['DISARMAMENT AGREEMENTS', 'ENVIRONMENT']",[],all_match
1949,508014,https://digitallibrary.un.org/record/508014,A/RES/58/47,['NUCLEAR NON-PROLIFERATION'],['NUCLEAR NON-PROLIFERATION'],[],all_match
1950,508016,https://digitallibrary.un.org/record/508016,A/RES/58/49,"['SOUTHERN HEMISPHERE', 'NUCLEAR-WEAPON-FREE ZONES']",['NUCLEAR-WEAPON-FREE ZONES'],['SOUTHERN HEMISPHERE'],partial_match
1951,508018,https://digitallibrary.un.org/record/508018,A/RES/58/50,['TACTICAL NUCLEAR WEAPONS'],['TACTICAL NUCLEAR WEAPONS'],[],all_match
1952,508021,https://digitallibrary.un.org/record/508021,A/RES/58/53,"['LANDMINES', 'TREATIES']","['LANDMINES', 'TREATIES']",[],all_match
1953,508023,https://digitallibrary.un.org/record/508023,A/RES/58/54,"['ARMS TRANSFERS', 'TRANSPARENCY']",['ARMS TRANSFERS'],['TRANSPARENCY'],partial_match
1954,508024,https://digitallibrary.un.org/record/508024,A/RES/58/56,['NUCLEAR DISARMAMENT'],['NUCLEAR DISARMAMENT'],[],all_match
1955,508027,https://digitallibrary.un.org/record/508027,A/RES/58/59,"['DISARMAMENT', 'GENERAL AND COMPLETE']",['DISARMAMENT'],['GENERAL AND COMPLETE'],partial_match
1956,508028,https://digitallibrary.un.org/record/508028,A/RES/58/64,"['NUCLEAR WEAPONS USE', 'TREATIES']","['NUCLEAR WEAPONS USE', 'TREATIES']",[],all_match
1957,508030,https://digitallibrary.un.org/record/508030,A/RES/58/68,"['MIDDLE EAST', 'NUCLEAR PROLIFERATION']",['MIDDLE EAST'],['NUCLEAR PROLIFERATION'],partial_match
1958,508032,https://digitallibrary.un.org/record/508032,A/RES/58/71,"['NUCLEAR WEAPON TESTS', 'TREATIES']","['NUCLEAR WEAPON TESTS', 'TREATIES']",[],all_match
1959,508075,https://digitallibrary.un.org/record/508075,A/RES/58/29,"['INDIAN OCEAN', 'ZONES OF PEACE']","['INDIAN OCEAN', 'ZONES OF PEACE']",[],all_match
1960,508079,https://digitallibrary.un.org/record/508079,A/RES/58/91,"['UNRWA', 'ACTIVITIES']",['ACTIVITIES'],['UNRWA'],partial_match
1961,508084,https://digitallibrary.un.org/record/508084,A/RES/58/92,"['UNRWA', 'ACTIVITIES']",['ACTIVITIES'],['UNRWA'],partial_match
1962,508085,https://digitallibrary.un.org/record/508085,A/RES/58/93,"['UNRWA', 'ACTIVITIES']",['ACTIVITIES'],['UNRWA'],partial_match
1963,508087,https://digitallibrary.un.org/record/508087,A/RES/58/94,"['UNRWA', 'ACTIVITIES']",['ACTIVITIES'],['UNRWA'],partial_match
1964,508100,https://digitallibrary.un.org/record/508100,A/RES/58/95,"['UNRWA', 'ACTIVITIES']",['ACTIVITIES'],['UNRWA'],partial_match
1965,508109,https://digitallibrary.un.org/record/508109,A/RES/58/96,"['TERRITORIES OCCUPIED BY ISRAEL', 'HUMAN RIGHTS', 'REPORTS']","['TERRITORIES OCCUPIED BY ISRAEL', 'HUMAN RIGHTS']",['REPORTS'],partial_match
1966,508117,https://digitallibrary.un.org/record/508117,A/RES/58/97,"['TERRITORIES OCCUPIED BY ISRAEL', 'HUMAN RIGHTS', 'REPORTS']","['TERRITORIES OCCUPIED BY ISRAEL', 'HUMAN RIGHTS']",['REPORTS'],partial_match
1967,508121,https://digitallibrary.un.org/record/508121,A/RES/58/98,"['TERRITORIES OCCUPIED BY ISRAEL', 'HUMAN RIGHTS', 'REPORTS']","['TERRITORIES OCCUPIED BY ISRAEL', 'HUMAN RIGHTS']",['REPORTS'],partial_match
1968,508126,https://digitallibrary.un.org/record/508126,A/RES/58/99,"['TERRITORIES OCCUPIED BY ISRAEL', 'HUMAN RIGHTS', 'REPORTS']","['TERRITORIES OCCUPIED BY ISRAEL', 'HUMAN RIGHTS']",['REPORTS'],partial_match
1969,508130,https://digitallibrary.un.org/record/508130,A/RES/58/100,"['TERRITORIES OCCUPIED BY ISRAEL', 'HUMAN RIGHTS', 'REPORTS']","['TERRITORIES OCCUPIED BY ISRAEL', 'HUMAN RIGHTS']",['REPORTS'],partial_match
1970,508133,https://digitallibrary.un.org/record/508133,A/RES/58/102,"['NON-SELF-GOVERNING TERRITORIES', 'REPORTS']",['NON-SELF-GOVERNING TERRITORIES'],['REPORTS'],partial_match
1971,508136,https://digitallibrary.un.org/record/508136,A/RES/58/103,"['NON-SELF-GOVERNING TERRITORIES', 'ECONOMIC INTERESTS']",['NON-SELF-GOVERNING TERRITORIES'],['ECONOMIC INTERESTS'],partial_match
1972,508172,https://digitallibrary.un.org/record/508172,A/RES/58/104,"['DECOLONIZATION', 'UN SYSTEM', 'UN. ECONOMIC AND SOCIAL COUNCIL', 'REPORTS']",['DECOLONIZATION'],"['UN SYSTEM', 'UN. ECONOMIC AND SOCIAL COUNCIL', 'REPORTS']",partial_match
1973,508173,https://digitallibrary.un.org/record/508173,A/RES/58/110,['DECOLONIZATION'],['DECOLONIZATION'],[],all_match
1974,508174,https://digitallibrary.un.org/record/508174,A/RES/58/111,['DECOLONIZATION'],['DECOLONIZATION'],[],all_match
1975,508289,https://digitallibrary.un.org/record/508289,A/RES/58/46,"['NUCLEAR WEAPONS USE', 'UN. INTERNATIONAL COURT OF JUSTICE OPINION']",['NUCLEAR WEAPONS USE'],['UN. INTERNATIONAL COURT OF JUSTICE OPINION'],partial_match
1976,508317,https://digitallibrary.un.org/record/508317,A/RES/58/51,"['NUCLEAR-WEAPON-FREE ZONES', 'AGENDA']","['NUCLEAR-WEAPON-FREE ZONES', 'AGENDA']",[],all_match
1977,508874,https://digitallibrary.un.org/record/508874,A/RES/58/113,"['PALESTINIANS', 'ASSISTANCE']",['PALESTINIANS'],['ASSISTANCE'],partial_match
1978,508875,https://digitallibrary.un.org/record/508875,A/RES/58/123,"['ECONOMIC ASSISTANCE', 'ECONOMIC ASSISTANCE', 'DEMOCRATIC REPUBLIC OF THE CONGO']","['ECONOMIC ASSISTANCE', 'ECONOMIC ASSISTANCE', 'DEMOCRATIC REPUBLIC OF THE CONGO']",[],all_match
1979,509151,https://digitallibrary.un.org/record/509151,A/RES/58/155,['RIGHTS OF THE CHILD'],['RIGHTS OF THE CHILD'],[],all_match
1980,509153,https://digitallibrary.un.org/record/509153,A/RES/58/157,['RIGHTS OF THE CHILD'],['RIGHTS OF THE CHILD'],[],all_match
1981,509154,https://digitallibrary.un.org/record/509154,A/RES/58/161,['SELF-DETERMINATION OF PEOPLES'],['SELF-DETERMINATION OF PEOPLES'],[],all_match
1982,509155,https://digitallibrary.un.org/record/509155,A/RES/58/162,['SELF-DETERMINATION OF PEOPLES'],['SELF-DETERMINATION OF PEOPLES'],[],all_match
1983,509156,https://digitallibrary.un.org/record/509156,A/RES/58/171,"['SANCTIONS', 'INTERNATIONAL RELATIONS', 'HUMAN RIGHTS ADVANCEMENT']","['SANCTIONS', 'INTERNATIONAL RELATIONS', 'HUMAN RIGHTS ADVANCEMENT']",[],all_match
1984,509158,https://digitallibrary.un.org/record/509158,A/RES/58/172,"['RIGHT TO DEVELOPMENT', 'HUMAN RIGHTS ADVANCEMENT']","['RIGHT TO DEVELOPMENT', 'HUMAN RIGHTS ADVANCEMENT']",[],all_match
1985,509171,https://digitallibrary.un.org/record/509171,A/RES/58/173,['HUMAN RIGHTS ADVANCEMENT'],['HUMAN RIGHTS ADVANCEMENT'],[],all_match
1986,509173,https://digitallibrary.un.org/record/509173,A/RES/58/174,"['HUMAN RIGHTS', 'TERRORISM', 'HUMAN RIGHTS ADVANCEMENT']","['HUMAN RIGHTS', 'TERRORISM', 'HUMAN RIGHTS ADVANCEMENT']",[],all_match
1987,509174,https://digitallibrary.un.org/record/509174,A/RES/58/179,['HUMAN RIGHTS ADVANCEMENT'],['HUMAN RIGHTS ADVANCEMENT'],[],all_match
1988,509176,https://digitallibrary.un.org/record/509176,A/RES/58/180,"['ELECTION VERIFICATION', 'UN', 'HUMAN RIGHTS ADVANCEMENT']","['ELECTION VERIFICATION', 'HUMAN RIGHTS ADVANCEMENT']",['UN'],partial_match
1989,509177,https://digitallibrary.un.org/record/509177,A/RES/58/184,"['RELIGIOUS INTOLERANCE', 'HUMAN RIGHTS ADVANCEMENT']","['RELIGIOUS INTOLERANCE', 'HUMAN RIGHTS ADVANCEMENT']",[],all_match
1990,509179,https://digitallibrary.un.org/record/509179,A/RES/58/186,"['RIGHT TO FOOD', 'HUMAN RIGHTS ADVANCEMENT']","['RIGHT TO FOOD', 'HUMAN RIGHTS ADVANCEMENT']",[],all_match
1991,509180,https://digitallibrary.un.org/record/509180,A/RES/58/187,"['HUMAN RIGHTS', 'TERRORISM', 'HUMAN RIGHTS ADVANCEMENT']","['HUMAN RIGHTS', 'TERRORISM', 'HUMAN RIGHTS ADVANCEMENT']",[],all_match
1992,509181,https://digitallibrary.un.org/record/509181,A/RES/58/188,['HUMAN RIGHTS ADVANCEMENT'],['HUMAN RIGHTS ADVANCEMENT'],[],all_match
1993,509182,https://digitallibrary.un.org/record/509182,A/RES/58/189,['HUMAN RIGHTS ADVANCEMENT'],['HUMAN RIGHTS ADVANCEMENT'],[],all_match
1994,509183,https://digitallibrary.un.org/record/509183,A/RES/58/192,['HUMAN RIGHTS ADVANCEMENT'],['HUMAN RIGHTS ADVANCEMENT'],[],all_match
1995,509184,https://digitallibrary.un.org/record/509184,A/RES/58/193,['HUMAN RIGHTS ADVANCEMENT'],['HUMAN RIGHTS ADVANCEMENT'],[],all_match
1996,509185,https://digitallibrary.un.org/record/509185,A/RES/58/194,"['HUMAN RIGHTS', 'TURKMENISTAN', 'HUMAN RIGHTS', 'REPORTS']","['HUMAN RIGHTS', 'TURKMENISTAN', 'HUMAN RIGHTS']",['REPORTS'],partial_match
1997,509186,https://digitallibrary.un.org/record/509186,A/RES/58/195,"['HUMAN RIGHTS', 'IRAN (ISLAMIC REPUBLIC OF)', 'HUMAN RIGHTS', 'REPORTS']","['HUMAN RIGHTS', 'IRAN (ISLAMIC REPUBLIC OF)', 'HUMAN RIGHTS']",['REPORTS'],partial_match
1998,509188,https://digitallibrary.un.org/record/509188,A/RES/58/196,"['HUMAN RIGHTS', 'DEMOCRATIC REPUBLIC OF THE CONGO', 'HUMAN RIGHTS', 'REPORTS']","['HUMAN RIGHTS', 'DEMOCRATIC REPUBLIC OF THE CONGO', 'HUMAN RIGHTS']",['REPORTS'],partial_match
1999,509375,https://digitallibrary.un.org/record/509375,A/RES/58/163,['SELF-DETERMINATION OF PEOPLES'],['SELF-DETERMINATION OF PEOPLES'],[],all_match
2000,509380,https://digitallibrary.un.org/record/509380,A/RES/58/160,"['RACIAL DISCRIMINATION', 'PROGRAMMES OF ACTION']","['RACIAL DISCRIMINATION', 'PROGRAMMES OF ACTION']",[],all_match
2001,509418,https://digitallibrary.un.org/record/509418,A/RES/58/198,['INTERNATIONAL TRADE'],['INTERNATIONAL TRADE'],[],all_match
2002,509419,https://digitallibrary.un.org/record/509419,A/RES/58/229,"['TERRITORIES OCCUPIED BY ISRAEL', 'NATURAL RESOURCES']","['TERRITORIES OCCUPIED BY ISRAEL', 'NATURAL RESOURCES']",[],all_match
2003,509420,https://digitallibrary.un.org/record/509420,A/RES/58/240,['LAW OF THE SEA'],['LAW OF THE SEA'],[],all_match
2004,509421,https://digitallibrary.un.org/record/509421,A/RES/58/244,"[""WOMEN'S ADVANCEMENT""]","[""WOMEN'S ADVANCEMENT""]",[],all_match
2005,509429,https://digitallibrary.un.org/record/509429,A/RES/58/245,['RIGHTS OF THE CHILD'],['RIGHTS OF THE CHILD'],[],all_match
2006,521431,https://digitallibrary.un.org/record/521431,A/RES/58/292,['PALESTINE QUESTION'],['PALESTINE QUESTION'],[],all_match
2007,524030,https://digitallibrary.un.org/record/524030,A/RES/58/307,"['UN INTERIM FORCE IN LEBANON', 'FINANCING']",['FINANCING'],['UN INTERIM FORCE IN LEBANON'],partial_match
2008,526686,https://digitallibrary.un.org/record/526686,A/RES/ES-10/15,"['TERRITORIES OCCUPIED BY ISRAEL', 'SETTLEMENT POLICY']","['TERRITORIES OCCUPIED BY ISRAEL', 'SETTLEMENT POLICY']",[],all_match
2009,527352,https://digitallibrary.un.org/record/527352,A/RES/58/317,"['UN SYSTEM', 'STRENGTHENING']",[],"['UN SYSTEM', 'STRENGTHENING']",no_match
2010,534121,https://digitallibrary.un.org/record/534121,A/RES/59/11,"['CUBA', 'UNITED STATES']","['CUBA', 'UNITED STATES']",[],all_match
2011,534130,https://digitallibrary.un.org/record/534130,A/RES/59/6,"['PREPARATORY COMMISSION FOR THE COMPREHENSIVE NUCLEAR-TEST-BAN TREATY ORGANIZATION', 'UN']",[],"['PREPARATORY COMMISSION FOR THE COMPREHENSIVE NUCLEAR-TEST-BAN TREATY ORGANIZATION', 'UN']",no_match
2012,534386,https://digitallibrary.un.org/record/534386,A/RES/59/18,"['IAEA', 'REPORTS']",[],"['IAEA', 'REPORTS']",no_match
2013,535326,https://digitallibrary.un.org/record/535326,A/RES/59/24,['LAW OF THE SEA'],['LAW OF THE SEA'],[],all_match
2014,536082,https://digitallibrary.un.org/record/536082,A/RES/59/28,['PALESTINE QUESTION'],['PALESTINE QUESTION'],[],all_match
2015,536083,https://digitallibrary.un.org/record/536083,A/RES/59/29,['PALESTINE QUESTION'],['PALESTINE QUESTION'],[],all_match
2016,536087,https://digitallibrary.un.org/record/536087,A/RES/59/31,['PALESTINE QUESTION'],['PALESTINE QUESTION'],[],all_match
2017,536088,https://digitallibrary.un.org/record/536088,A/RES/59/32,['MIDDLE EAST SITUATION'],['MIDDLE EAST SITUATION'],[],all_match
2018,536089,https://digitallibrary.un.org/record/536089,A/RES/59/33,['MIDDLE EAST SITUATION'],['MIDDLE EAST SITUATION'],[],all_match
2019,536120,https://digitallibrary.un.org/record/536120,A/RES/59/30,['PALESTINE QUESTION'],['PALESTINE QUESTION'],[],all_match
2020,536203,https://digitallibrary.un.org/record/536203,A/RES/59/62,"['SCIENCE AND TECHNOLOGY', 'INTERNATIONAL SECURITY']","['SCIENCE AND TECHNOLOGY', 'INTERNATIONAL SECURITY']",[],all_match
2021,536205,https://digitallibrary.un.org/record/536205,A/RES/59/64,"['NON-NUCLEAR-WEAPON STATES', 'SECURITY']",['NON-NUCLEAR-WEAPON STATES'],['SECURITY'],partial_match
2022,536206,https://digitallibrary.un.org/record/536206,A/RES/59/65,"['ARMS RACE', 'OUTER SPACE']","['ARMS RACE', 'OUTER SPACE']",[],all_match
2023,536207,https://digitallibrary.un.org/record/536207,A/RES/59/67,['BALLISTIC MISSILES'],['BALLISTIC MISSILES'],[],all_match
2024,536209,https://digitallibrary.un.org/record/536209,A/RES/59/68,"['DISARMAMENT AGREEMENTS', 'ENVIRONMENT']","['DISARMAMENT AGREEMENTS', 'ENVIRONMENT']",[],all_match
2025,536211,https://digitallibrary.un.org/record/536211,A/RES/59/69,"['MULTILATERALISM', 'DISARMAMENT']","['MULTILATERALISM', 'DISARMAMENT']",[],all_match
2026,536213,https://digitallibrary.un.org/record/536213,A/RES/59/70,"['CHEMICAL AND BIOLOGICAL WARFARE', 'TREATIES']","['CHEMICAL AND BIOLOGICAL WARFARE', 'TREATIES']",[],all_match
2027,536217,https://digitallibrary.un.org/record/536217,A/RES/59/75,"['NUCLEAR-WEAPON-FREE ZONES', 'AGENDA']","['NUCLEAR-WEAPON-FREE ZONES', 'AGENDA']",[],all_match
2028,536218,https://digitallibrary.un.org/record/536218,A/RES/59/77,['NUCLEAR DISARMAMENT'],['NUCLEAR DISARMAMENT'],[],all_match
2029,536220,https://digitallibrary.un.org/record/536220,A/RES/59/78,['DISARMAMENT-DEVELOPMENT LINK'],['DISARMAMENT-DEVELOPMENT LINK'],[],all_match
2030,536223,https://digitallibrary.un.org/record/536223,A/RES/59/79,['NUCLEAR NON-PROLIFERATION'],['NUCLEAR NON-PROLIFERATION'],[],all_match
2031,536228,https://digitallibrary.un.org/record/536228,A/RES/59/81,"['DISARMAMENT', 'GENERAL AND COMPLETE']",['DISARMAMENT'],['GENERAL AND COMPLETE'],partial_match
2032,536236,https://digitallibrary.un.org/record/536236,A/RES/59/83,"['NUCLEAR WEAPONS USE', 'UN. INTERNATIONAL COURT OF JUSTICE OPINION']",['NUCLEAR WEAPONS USE'],['UN. INTERNATIONAL COURT OF JUSTICE OPINION'],partial_match
2033,536241,https://digitallibrary.un.org/record/536241,A/RES/59/84,"['LANDMINES', 'TREATIES']","['LANDMINES', 'TREATIES']",[],all_match
2034,536245,https://digitallibrary.un.org/record/536245,A/RES/59/85,"['SOUTHERN HEMISPHERE', 'NUCLEAR-WEAPON-FREE ZONES']",['NUCLEAR-WEAPON-FREE ZONES'],['SOUTHERN HEMISPHERE'],partial_match
2035,536248,https://digitallibrary.un.org/record/536248,A/RES/59/88,"['CONVENTIONAL ARMS', 'REGIONAL PROGRAMMES']",['REGIONAL PROGRAMMES'],['CONVENTIONAL ARMS'],partial_match
2036,536251,https://digitallibrary.un.org/record/536251,A/RES/59/91,"['DISARMAMENT', 'GENERAL AND COMPLETE']",['DISARMAMENT'],['GENERAL AND COMPLETE'],partial_match
2037,536255,https://digitallibrary.un.org/record/536255,A/RES/59/102,"['NUCLEAR WEAPONS USE', 'TREATIES']","['NUCLEAR WEAPONS USE', 'TREATIES']",[],all_match
2038,536256,https://digitallibrary.un.org/record/536256,A/RES/59/106,"['MIDDLE EAST', 'NUCLEAR PROLIFERATION']",['MIDDLE EAST'],['NUCLEAR PROLIFERATION'],partial_match
2039,536259,https://digitallibrary.un.org/record/536259,A/RES/59/109,"['NUCLEAR WEAPON TESTS', 'TREATIES']","['NUCLEAR WEAPON TESTS', 'TREATIES']",[],all_match
2040,536958,https://digitallibrary.un.org/record/536958,A/RES/59/76,['NUCLEAR DISARMAMENT'],['NUCLEAR DISARMAMENT'],[],all_match
2041,537015,https://digitallibrary.un.org/record/537015,A/RES/59/117,"['UNRWA', 'ACTIVITIES']",['ACTIVITIES'],['UNRWA'],partial_match
2042,537018,https://digitallibrary.un.org/record/537018,A/RES/59/118,"['UNRWA', 'ACTIVITIES']",['ACTIVITIES'],['UNRWA'],partial_match
2043,537019,https://digitallibrary.un.org/record/537019,A/RES/59/119,"['UNRWA', 'ACTIVITIES']",['ACTIVITIES'],['UNRWA'],partial_match
2044,537020,https://digitallibrary.un.org/record/537020,A/RES/59/120,"['UNRWA', 'ACTIVITIES']",['ACTIVITIES'],['UNRWA'],partial_match
2045,537021,https://digitallibrary.un.org/record/537021,A/RES/59/121,"['TERRITORIES OCCUPIED BY ISRAEL', 'HUMAN RIGHTS', 'REPORTS']","['TERRITORIES OCCUPIED BY ISRAEL', 'HUMAN RIGHTS']",['REPORTS'],partial_match
2046,537022,https://digitallibrary.un.org/record/537022,A/RES/59/122,"['TERRITORIES OCCUPIED BY ISRAEL', 'HUMAN RIGHTS', 'REPORTS']","['TERRITORIES OCCUPIED BY ISRAEL', 'HUMAN RIGHTS']",['REPORTS'],partial_match
2047,537023,https://digitallibrary.un.org/record/537023,A/RES/59/123,"['TERRITORIES OCCUPIED BY ISRAEL', 'HUMAN RIGHTS', 'REPORTS']","['TERRITORIES OCCUPIED BY ISRAEL', 'HUMAN RIGHTS']",['REPORTS'],partial_match
2048,537024,https://digitallibrary.un.org/record/537024,A/RES/59/124,"['TERRITORIES OCCUPIED BY ISRAEL', 'HUMAN RIGHTS', 'REPORTS']","['TERRITORIES OCCUPIED BY ISRAEL', 'HUMAN RIGHTS']",['REPORTS'],partial_match
2049,537025,https://digitallibrary.un.org/record/537025,A/RES/59/125,"['TERRITORIES OCCUPIED BY ISRAEL', 'HUMAN RIGHTS', 'REPORTS']","['TERRITORIES OCCUPIED BY ISRAEL', 'HUMAN RIGHTS']",['REPORTS'],partial_match
2050,537026,https://digitallibrary.un.org/record/537026,A/RES/59/128,"['NON-SELF-GOVERNING TERRITORIES', 'ECONOMIC INTERESTS']",['NON-SELF-GOVERNING TERRITORIES'],['ECONOMIC INTERESTS'],partial_match
2051,537028,https://digitallibrary.un.org/record/537028,A/RES/59/127,"['NON-SELF-GOVERNING TERRITORIES', 'REPORTS']",['NON-SELF-GOVERNING TERRITORIES'],['REPORTS'],partial_match
2052,537030,https://digitallibrary.un.org/record/537030,A/RES/59/129,"['DECOLONIZATION', 'UN SYSTEM']",['DECOLONIZATION'],['UN SYSTEM'],partial_match
2053,537031,https://digitallibrary.un.org/record/537031,A/RES/59/131,"['DECOLONIZATION', 'WESTERN SAHARA QUESTION']","['DECOLONIZATION', 'WESTERN SAHARA QUESTION']",[],all_match
2054,537033,https://digitallibrary.un.org/record/537033,A/RES/59/135,['DECOLONIZATION'],['DECOLONIZATION'],[],all_match
2055,537038,https://digitallibrary.un.org/record/537038,A/RES/59/136,['DECOLONIZATION'],['DECOLONIZATION'],[],all_match
2056,537669,https://digitallibrary.un.org/record/537669,A/RES/59/173,['RIGHTS OF THE CHILD'],['RIGHTS OF THE CHILD'],[],all_match
2057,537671,https://digitallibrary.un.org/record/537671,A/RES/59/177,"['RACIAL DISCRIMINATION', 'PROGRAMMES OF ACTION']","['RACIAL DISCRIMINATION', 'PROGRAMMES OF ACTION']",[],all_match
2058,537673,https://digitallibrary.un.org/record/537673,A/RES/59/178,['SELF-DETERMINATION OF PEOPLES'],['SELF-DETERMINATION OF PEOPLES'],[],all_match
2059,537675,https://digitallibrary.un.org/record/537675,A/RES/59/179,['SELF-DETERMINATION OF PEOPLES'],['SELF-DETERMINATION OF PEOPLES'],[],all_match
2060,537676,https://digitallibrary.un.org/record/537676,A/RES/59/181,"['HUMAN RIGHTS', 'INTERNATIONAL INSTRUMENTS', 'HUMAN RIGHTS', 'TREATIES (1966)']","['HUMAN RIGHTS', 'INTERNATIONAL INSTRUMENTS', 'HUMAN RIGHTS']",['TREATIES (1966)'],partial_match
2061,537677,https://digitallibrary.un.org/record/537677,A/RES/59/184,"['HUMAN RIGHTS ADVANCEMENT', 'GLOBALIZATION', 'HUMAN RIGHTS']","['HUMAN RIGHTS ADVANCEMENT', 'GLOBALIZATION', 'HUMAN RIGHTS']",[],all_match
2062,537679,https://digitallibrary.un.org/record/537679,A/RES/59/185,"['HUMAN RIGHTS ADVANCEMENT', 'RIGHT TO DEVELOPMENT']","['HUMAN RIGHTS ADVANCEMENT', 'RIGHT TO DEVELOPMENT']",[],all_match
2063,537703,https://digitallibrary.un.org/record/537703,A/RES/59/193,['HUMAN RIGHTS ADVANCEMENT'],['HUMAN RIGHTS ADVANCEMENT'],[],all_match
2064,537711,https://digitallibrary.un.org/record/537711,A/RES/59/195,"['HUMAN RIGHTS ADVANCEMENT', 'HUMAN RIGHTS', 'TERRORISM']","['HUMAN RIGHTS ADVANCEMENT', 'HUMAN RIGHTS', 'TERRORISM']",[],all_match
2065,537717,https://digitallibrary.un.org/record/537717,A/RES/59/188,['HUMAN RIGHTS ADVANCEMENT'],['HUMAN RIGHTS ADVANCEMENT'],[],all_match
2066,537719,https://digitallibrary.un.org/record/537719,A/RES/59/197,"['HUMAN RIGHTS ADVANCEMENT', 'SUMMARY EXECUTIONS']","['HUMAN RIGHTS ADVANCEMENT', 'SUMMARY EXECUTIONS']",[],all_match
2067,537720,https://digitallibrary.un.org/record/537720,A/RES/59/199,"['HUMAN RIGHTS ADVANCEMENT', 'RELIGIOUS INTOLERANCE']","['HUMAN RIGHTS ADVANCEMENT', 'RELIGIOUS INTOLERANCE']",[],all_match
2068,537722,https://digitallibrary.un.org/record/537722,A/RES/59/201,['HUMAN RIGHTS ADVANCEMENT'],['HUMAN RIGHTS ADVANCEMENT'],[],all_match
2069,537724,https://digitallibrary.un.org/record/537724,A/RES/59/202,"['HUMAN RIGHTS ADVANCEMENT', 'RIGHT TO FOOD']","['HUMAN RIGHTS ADVANCEMENT', 'RIGHT TO FOOD']",[],all_match
2070,537725,https://digitallibrary.un.org/record/537725,A/RES/59/203,"['HUMAN RIGHTS ADVANCEMENT', 'FREEDOM OF MOVEMENT', 'FAMILY REUNIFICATION']","['HUMAN RIGHTS ADVANCEMENT', 'FREEDOM OF MOVEMENT', 'FAMILY REUNIFICATION']",[],all_match
2071,537726,https://digitallibrary.un.org/record/537726,A/RES/59/204,['HUMAN RIGHTS ADVANCEMENT'],['HUMAN RIGHTS ADVANCEMENT'],[],all_match
2072,537728,https://digitallibrary.un.org/record/537728,A/RES/59/205,"['HUMAN RIGHTS', 'REPORTS', 'HUMAN RIGHTS', 'IRAN (ISLAMIC REPUBLIC OF)']","['HUMAN RIGHTS', 'HUMAN RIGHTS', 'IRAN (ISLAMIC REPUBLIC OF)']",['REPORTS'],partial_match
2073,537730,https://digitallibrary.un.org/record/537730,A/RES/59/206,"['HUMAN RIGHTS', 'REPORTS', 'HUMAN RIGHTS', 'TURKMENISTAN']","['HUMAN RIGHTS', 'HUMAN RIGHTS', 'TURKMENISTAN']",['REPORTS'],partial_match
2074,537731,https://digitallibrary.un.org/record/537731,A/RES/59/207,"['HUMAN RIGHTS', 'REPORTS', 'HUMAN RIGHTS', 'DEMOCRATIC REPUBLIC OF THE CONGO']","['HUMAN RIGHTS', 'HUMAN RIGHTS', 'DEMOCRATIC REPUBLIC OF THE CONGO']",['REPORTS'],partial_match
2075,538026,https://digitallibrary.un.org/record/538026,A/RES/59/221,['INTERNATIONAL TRADE'],['INTERNATIONAL TRADE'],[],all_match
2076,538027,https://digitallibrary.un.org/record/538027,A/RES/59/251,"['TERRITORIES OCCUPIED BY ISRAEL', 'NATURAL RESOURCES']","['TERRITORIES OCCUPIED BY ISRAEL', 'NATURAL RESOURCES']",[],all_match
2077,538295,https://digitallibrary.un.org/record/538295,A/RES/59/260,"[""WOMEN'S ADVANCEMENT""]","[""WOMEN'S ADVANCEMENT""]",[],all_match
2078,538364,https://digitallibrary.un.org/record/538364,A/RES/59/261,['RIGHTS OF THE CHILD'],['RIGHTS OF THE CHILD'],[],all_match
2079,543081,https://digitallibrary.un.org/record/543081,A/RES/59/280,"['CLONING OF HUMAN BEINGS', 'TREATIES (PROPOSED)']",[],"['CLONING OF HUMAN BEINGS', 'TREATIES (PROPOSED)']",no_match
2080,551967,https://digitallibrary.un.org/record/551967,A/RES/59/307,"['UN INTERIM FORCE IN LEBANON', 'FINANCING']",['FINANCING'],['UN INTERIM FORCE IN LEBANON'],partial_match
2081,560077,https://digitallibrary.un.org/record/560077,A/RES/60/6,"['IAEA', 'REPORTS']",[],"['IAEA', 'REPORTS']",no_match
2082,560083,https://digitallibrary.un.org/record/560083,A/RES/60/12,"['CUBA', 'UNITED STATES']","['CUBA', 'UNITED STATES']",[],all_match
2083,561604,https://digitallibrary.un.org/record/561604,A/RES/60/30,['LAW OF THE SEA'],['LAW OF THE SEA'],[],all_match
2084,561747,https://digitallibrary.un.org/record/561747,A/RES/60/36,['PALESTINE QUESTION'],['PALESTINE QUESTION'],[],all_match
2085,561748,https://digitallibrary.un.org/record/561748,A/RES/60/37,['PALESTINE QUESTION'],['PALESTINE QUESTION'],[],all_match
2086,561751,https://digitallibrary.un.org/record/561751,A/RES/60/38,['PALESTINE QUESTION'],['PALESTINE QUESTION'],[],all_match
2087,561753,https://digitallibrary.un.org/record/561753,A/RES/60/39,['PALESTINE QUESTION'],['PALESTINE QUESTION'],[],all_match
2088,561754,https://digitallibrary.un.org/record/561754,A/RES/60/40,['MIDDLE EAST SITUATION'],['MIDDLE EAST SITUATION'],[],all_match
2089,561756,https://digitallibrary.un.org/record/561756,A/RES/60/41,['MIDDLE EAST SITUATION'],['MIDDLE EAST SITUATION'],[],all_match
2090,562360,https://digitallibrary.un.org/record/562360,A/RES/60/45,"['INFORMATION', 'INTERNATIONAL SECURITY']","['INFORMATION', 'INTERNATIONAL SECURITY']",[],all_match
2091,562361,https://digitallibrary.un.org/record/562361,A/RES/60/46,['WEAPONS OF MASS DESTRUCTION'],['WEAPONS OF MASS DESTRUCTION'],[],all_match
2092,562362,https://digitallibrary.un.org/record/562362,A/RES/60/48,"['INDIAN OCEAN', 'ZONES OF PEACE']","['INDIAN OCEAN', 'ZONES OF PEACE']",[],all_match
2093,562363,https://digitallibrary.un.org/record/562363,A/RES/60/51,"['SCIENCE AND TECHNOLOGY', 'INTERNATIONAL SECURITY']","['SCIENCE AND TECHNOLOGY', 'INTERNATIONAL SECURITY']",[],all_match
2094,562388,https://digitallibrary.un.org/record/562388,A/RES/60/53,"['NON-NUCLEAR-WEAPON STATES', 'SECURITY']",['NON-NUCLEAR-WEAPON STATES'],['SECURITY'],partial_match
2095,562391,https://digitallibrary.un.org/record/562391,A/RES/60/54,"['ARMS RACE', 'OUTER SPACE']","['ARMS RACE', 'OUTER SPACE']",[],all_match
2096,562392,https://digitallibrary.un.org/record/562392,A/RES/60/55,"['DISARMAMENT', 'GENERAL AND COMPLETE']",['DISARMAMENT'],['GENERAL AND COMPLETE'],partial_match
2097,562396,https://digitallibrary.un.org/record/562396,A/RES/60/56,"['DISARMAMENT', 'GENERAL AND COMPLETE']",['DISARMAMENT'],['GENERAL AND COMPLETE'],partial_match
2098,562398,https://digitallibrary.un.org/record/562398,A/RES/60/58,"['DISARMAMENT', 'GENERAL AND COMPLETE']",['DISARMAMENT'],['GENERAL AND COMPLETE'],partial_match
2099,562400,https://digitallibrary.un.org/record/562400,A/RES/60/59,"['DISARMAMENT', 'GENERAL AND COMPLETE']",['DISARMAMENT'],['GENERAL AND COMPLETE'],partial_match
2100,562402,https://digitallibrary.un.org/record/562402,A/RES/60/60,"['DISARMAMENT', 'GENERAL AND COMPLETE']",['DISARMAMENT'],['GENERAL AND COMPLETE'],partial_match
2101,562404,https://digitallibrary.un.org/record/562404,A/RES/60/61,"['DISARMAMENT', 'GENERAL AND COMPLETE']",['DISARMAMENT'],['GENERAL AND COMPLETE'],partial_match
2102,562405,https://digitallibrary.un.org/record/562405,A/RES/60/62,"['DISARMAMENT', 'GENERAL AND COMPLETE']",['DISARMAMENT'],['GENERAL AND COMPLETE'],partial_match
2103,562408,https://digitallibrary.un.org/record/562408,A/RES/60/65,"['DISARMAMENT', 'GENERAL AND COMPLETE']",['DISARMAMENT'],['GENERAL AND COMPLETE'],partial_match
2104,562412,https://digitallibrary.un.org/record/562412,A/RES/60/66,"['DISARMAMENT', 'GENERAL AND COMPLETE']",['DISARMAMENT'],['GENERAL AND COMPLETE'],partial_match
2105,562423,https://digitallibrary.un.org/record/562423,A/RES/60/68,"['DISARMAMENT', 'GENERAL AND COMPLETE']",['DISARMAMENT'],['GENERAL AND COMPLETE'],partial_match
2106,562427,https://digitallibrary.un.org/record/562427,A/RES/60/70,"['DISARMAMENT', 'GENERAL AND COMPLETE']",['DISARMAMENT'],['GENERAL AND COMPLETE'],partial_match
2107,562433,https://digitallibrary.un.org/record/562433,A/RES/60/72,"['DISARMAMENT', 'GENERAL AND COMPLETE']",['DISARMAMENT'],['GENERAL AND COMPLETE'],partial_match
2108,562434,https://digitallibrary.un.org/record/562434,A/RES/60/75,"['DISARMAMENT', 'GENERAL AND COMPLETE']",['DISARMAMENT'],['GENERAL AND COMPLETE'],partial_match
2109,562436,https://digitallibrary.un.org/record/562436,A/RES/60/76,"['DISARMAMENT', 'GENERAL AND COMPLETE']",['DISARMAMENT'],['GENERAL AND COMPLETE'],partial_match
2110,562500,https://digitallibrary.un.org/record/562500,A/RES/60/79,"['DISARMAMENT', 'GENERAL AND COMPLETE']",['DISARMAMENT'],['GENERAL AND COMPLETE'],partial_match
2111,562501,https://digitallibrary.un.org/record/562501,A/RES/60/80,"['DISARMAMENT', 'GENERAL AND COMPLETE']",['DISARMAMENT'],['GENERAL AND COMPLETE'],partial_match
2112,562504,https://digitallibrary.un.org/record/562504,A/RES/60/88,"['DISARMAMENT', 'UN. GENERAL ASSEMBLY (12TH SPECIAL SESS. : 1982)']",['DISARMAMENT'],['UN. GENERAL ASSEMBLY (12TH SPECIAL SESS. : 1982)'],partial_match
2113,562506,https://digitallibrary.un.org/record/562506,A/RES/60/92,"['MIDDLE EAST', 'NUCLEAR PROLIFERATION']",['MIDDLE EAST'],['NUCLEAR PROLIFERATION'],partial_match
2114,562507,https://digitallibrary.un.org/record/562507,A/RES/60/95,"['NUCLEAR WEAPON TESTS', 'TREATIES']","['NUCLEAR WEAPON TESTS', 'TREATIES']",[],all_match
2115,562599,https://digitallibrary.un.org/record/562599,A/RES/60/100,"['UNRWA', 'ACTIVITIES']",['ACTIVITIES'],['UNRWA'],partial_match
2116,562602,https://digitallibrary.un.org/record/562602,A/RES/60/101,"['UNRWA', 'ACTIVITIES']",['ACTIVITIES'],['UNRWA'],partial_match
2117,562864,https://digitallibrary.un.org/record/562864,A/RES/60/103,"['UNRWA', 'ACTIVITIES']",['ACTIVITIES'],['UNRWA'],partial_match
2118,562869,https://digitallibrary.un.org/record/562869,A/RES/60/104,"['TERRITORIES OCCUPIED BY ISRAEL', 'HUMAN RIGHTS', 'REPORTS']","['TERRITORIES OCCUPIED BY ISRAEL', 'HUMAN RIGHTS']",['REPORTS'],partial_match
2119,562870,https://digitallibrary.un.org/record/562870,A/RES/60/105,"['TERRITORIES OCCUPIED BY ISRAEL', 'HUMAN RIGHTS', 'REPORTS']","['TERRITORIES OCCUPIED BY ISRAEL', 'HUMAN RIGHTS']",['REPORTS'],partial_match
2120,562872,https://digitallibrary.un.org/record/562872,A/RES/60/106,"['TERRITORIES OCCUPIED BY ISRAEL', 'HUMAN RIGHTS', 'REPORTS']","['TERRITORIES OCCUPIED BY ISRAEL', 'HUMAN RIGHTS']",['REPORTS'],partial_match
2121,562873,https://digitallibrary.un.org/record/562873,A/RES/60/107,"['TERRITORIES OCCUPIED BY ISRAEL', 'HUMAN RIGHTS', 'REPORTS']","['TERRITORIES OCCUPIED BY ISRAEL', 'HUMAN RIGHTS']",['REPORTS'],partial_match
2122,562876,https://digitallibrary.un.org/record/562876,A/RES/60/108,"['TERRITORIES OCCUPIED BY ISRAEL', 'HUMAN RIGHTS', 'REPORTS']","['TERRITORIES OCCUPIED BY ISRAEL', 'HUMAN RIGHTS']",['REPORTS'],partial_match
2123,562877,https://digitallibrary.un.org/record/562877,A/RES/60/110,"['NON-SELF-GOVERNING TERRITORIES', 'REPORTS']",['NON-SELF-GOVERNING TERRITORIES'],['REPORTS'],partial_match
2124,562879,https://digitallibrary.un.org/record/562879,A/RES/60/111,"['NON-SELF-GOVERNING TERRITORIES', 'ECONOMIC INTERESTS']",['NON-SELF-GOVERNING TERRITORIES'],['ECONOMIC INTERESTS'],partial_match
2125,562929,https://digitallibrary.un.org/record/562929,A/RES/60/112,"['DECOLONIZATION', 'UN SYSTEM']",['DECOLONIZATION'],['UN SYSTEM'],partial_match
2126,562933,https://digitallibrary.un.org/record/562933,A/RES/60/118,['DECOLONIZATION'],['DECOLONIZATION'],[],all_match
2127,562935,https://digitallibrary.un.org/record/562935,A/RES/60/119,['DECOLONIZATION'],['DECOLONIZATION'],[],all_match
2128,562938,https://digitallibrary.un.org/record/562938,A/RES/60/120,['DECOLONIZATION'],['DECOLONIZATION'],[],all_match
2129,563423,https://digitallibrary.un.org/record/563423,A/RES/60/143,['RACIAL DISCRIMINATION'],['RACIAL DISCRIMINATION'],[],all_match
2130,563431,https://digitallibrary.un.org/record/563431,A/RES/60/144,['RACIAL DISCRIMINATION'],['RACIAL DISCRIMINATION'],[],all_match
2131,563432,https://digitallibrary.un.org/record/563432,A/RES/60/146,['SELF-DETERMINATION OF PEOPLES'],['SELF-DETERMINATION OF PEOPLES'],[],all_match
2132,563434,https://digitallibrary.un.org/record/563434,A/RES/60/150,['HUMAN RIGHTS ADVANCEMENT'],['HUMAN RIGHTS ADVANCEMENT'],[],all_match
2133,563436,https://digitallibrary.un.org/record/563436,A/RES/60/152,['HUMAN RIGHTS ADVANCEMENT'],['HUMAN RIGHTS ADVANCEMENT'],[],all_match
2134,563437,https://digitallibrary.un.org/record/563437,A/RES/60/155,['HUMAN RIGHTS ADVANCEMENT'],['HUMAN RIGHTS ADVANCEMENT'],[],all_match
2135,563438,https://digitallibrary.un.org/record/563438,A/RES/60/157,['HUMAN RIGHTS ADVANCEMENT'],['HUMAN RIGHTS ADVANCEMENT'],[],all_match
2136,563440,https://digitallibrary.un.org/record/563440,A/RES/60/162,['HUMAN RIGHTS ADVANCEMENT'],['HUMAN RIGHTS ADVANCEMENT'],[],all_match
2137,563457,https://digitallibrary.un.org/record/563457,A/RES/60/163,['HUMAN RIGHTS ADVANCEMENT'],['HUMAN RIGHTS ADVANCEMENT'],[],all_match
2138,563459,https://digitallibrary.un.org/record/563459,A/RES/60/164,['HUMAN RIGHTS ADVANCEMENT'],['HUMAN RIGHTS ADVANCEMENT'],[],all_match
2139,563460,https://digitallibrary.un.org/record/563460,A/RES/60/165,['HUMAN RIGHTS ADVANCEMENT'],['HUMAN RIGHTS ADVANCEMENT'],[],all_match
2140,563461,https://digitallibrary.un.org/record/563461,A/RES/60/171,"['HUMAN RIGHTS', 'REPORTS']",['HUMAN RIGHTS'],['REPORTS'],partial_match
2141,563463,https://digitallibrary.un.org/record/563463,A/RES/60/172,"['HUMAN RIGHTS', 'REPORTS']",['HUMAN RIGHTS'],['REPORTS'],partial_match
2142,563464,https://digitallibrary.un.org/record/563464,A/RES/60/173,"['HUMAN RIGHTS', 'REPORTS']",['HUMAN RIGHTS'],['REPORTS'],partial_match
2143,563465,https://digitallibrary.un.org/record/563465,A/RES/60/174,"['HUMAN RIGHTS', 'REPORTS']",['HUMAN RIGHTS'],['REPORTS'],partial_match
2144,563466,https://digitallibrary.un.org/record/563466,A/RES/60/170,"['HUMAN RIGHTS', 'REPORTS']",['HUMAN RIGHTS'],['REPORTS'],partial_match
2145,563614,https://digitallibrary.un.org/record/563614,A/RES/60/102,"['UNRWA', 'ACTIVITIES']",['ACTIVITIES'],['UNRWA'],partial_match
2146,563797,https://digitallibrary.un.org/record/563797,A/RES/60/183,"['TERRITORIES OCCUPIED BY ISRAEL', 'NATURAL RESOURCES']","['TERRITORIES OCCUPIED BY ISRAEL', 'NATURAL RESOURCES']",[],all_match
2147,563799,https://digitallibrary.un.org/record/563799,A/RES/60/184,['INTERNATIONAL TRADE'],['INTERNATIONAL TRADE'],[],all_match
2148,563800,https://digitallibrary.un.org/record/563800,A/RES/60/185,['INTERNATIONAL TRADE'],['INTERNATIONAL TRADE'],[],all_match
2149,563801,https://digitallibrary.un.org/record/563801,A/RES/60/200,"['DESERTIFICATION', 'TREATIES']","['DESERTIFICATION', 'TREATIES']",[],all_match
2150,563978,https://digitallibrary.un.org/record/563978,A/RES/60/226,"['DISARMAMENT', 'GENERAL AND COMPLETE']",['DISARMAMENT'],['GENERAL AND COMPLETE'],partial_match
2151,563979,https://digitallibrary.un.org/record/563979,A/RES/60/229,"[""WOMEN'S ADVANCEMENT""]","[""WOMEN'S ADVANCEMENT""]",[],all_match
2152,563980,https://digitallibrary.un.org/record/563980,A/RES/60/230,"[""WOMEN'S ADVANCEMENT""]","[""WOMEN'S ADVANCEMENT""]",[],all_match
2153,563982,https://digitallibrary.un.org/record/563982,A/RES/60/231,['RIGHTS OF THE CHILD'],['RIGHTS OF THE CHILD'],[],all_match
2154,571955,https://digitallibrary.un.org/record/571955,A/RES/60/251,"['UN CONFERENCES', 'MILLENNIUM SUMMIT', 'CONFERENCES']",['CONFERENCES'],"['UN CONFERENCES', 'MILLENNIUM SUMMIT']",partial_match
2155,574516,https://digitallibrary.un.org/record/574516,A/RES/60/260,"['UN', 'ADMINISTRATION', 'UN', 'BUDGET (2006-2007)', 'UN', 'BUDGET CONTRIBUTIONS', 'UN', 'HUMAN RESOURCES MANAGEMENT', 'PEACEKEEPING OPERATIONS', 'FINANCING']","['ADMINISTRATION', 'BUDGET CONTRIBUTIONS', 'PEACEKEEPING OPERATIONS', 'FINANCING']","['UN', 'UN', 'BUDGET (2006-2007)', 'UN', 'UN', 'HUMAN RESOURCES MANAGEMENT']",partial_match
2156,578375,https://digitallibrary.un.org/record/578375,A/RES/60/278,"['UN INTERIM FORCE IN LEBANON', 'FINANCING']",['FINANCING'],['UN INTERIM FORCE IN LEBANON'],partial_match
2157,587480,https://digitallibrary.un.org/record/587480,A/RES/61/8,"['IAEA', 'REPORTS']",[],"['IAEA', 'REPORTS']",no_match
2158,587505,https://digitallibrary.un.org/record/587505,A/RES/61/11,"['CUBA', 'UNITED STATES']","['CUBA', 'UNITED STATES']",[],all_match
2159,587673,https://digitallibrary.un.org/record/587673,A/RES/61/22,['PALESTINE QUESTION'],['PALESTINE QUESTION'],[],all_match
2160,587685,https://digitallibrary.un.org/record/587685,A/RES/61/23,['PALESTINE QUESTION'],['PALESTINE QUESTION'],[],all_match
2161,587707,https://digitallibrary.un.org/record/587707,A/RES/61/24,['PALESTINE QUESTION'],['PALESTINE QUESTION'],[],all_match
2162,587737,https://digitallibrary.un.org/record/587737,A/RES/61/26,"['MIDDLE EAST SITUATION', 'PALESTINE QUESTION']","['MIDDLE EAST SITUATION', 'PALESTINE QUESTION']",[],all_match
2163,587738,https://digitallibrary.un.org/record/587738,A/RES/61/25,['PALESTINE QUESTION'],['PALESTINE QUESTION'],[],all_match
2164,587749,https://digitallibrary.un.org/record/587749,A/RES/61/27,['MIDDLE EAST SITUATION'],['MIDDLE EAST SITUATION'],[],all_match
2165,587912,https://digitallibrary.un.org/record/587912,A/RES/61/47,"['PREPARATORY COMMISSION FOR THE COMPREHENSIVE NUCLEAR-TEST-BAN TREATY ORGANIZATION', 'UN']",[],"['PREPARATORY COMMISSION FOR THE COMPREHENSIVE NUCLEAR-TEST-BAN TREATY ORGANIZATION', 'UN']",no_match
2166,588079,https://digitallibrary.un.org/record/588079,A/RES/61/54,"['INFORMATION', 'INTERNATIONAL SECURITY']","['INFORMATION', 'INTERNATIONAL SECURITY']",[],all_match
2167,588082,https://digitallibrary.un.org/record/588082,A/RES/61/55,"['SCIENCE AND TECHNOLOGY', 'INTERNATIONAL SECURITY']","['SCIENCE AND TECHNOLOGY', 'INTERNATIONAL SECURITY']",[],all_match
2168,588085,https://digitallibrary.un.org/record/588085,A/RES/61/57,"['NON-NUCLEAR-WEAPON STATES', 'SECURITY']",['NON-NUCLEAR-WEAPON STATES'],['SECURITY'],partial_match
2169,588086,https://digitallibrary.un.org/record/588086,A/RES/61/58,"['ARMS RACE', 'OUTER SPACE']","['ARMS RACE', 'OUTER SPACE']",[],all_match
2170,588088,https://digitallibrary.un.org/record/588088,A/RES/61/59,['BALLISTIC MISSILES'],['BALLISTIC MISSILES'],[],all_match
2171,588089,https://digitallibrary.un.org/record/588089,A/RES/61/60,"['DISARMAMENT', 'UN. GENERAL ASSEMBLY (4TH SPECIAL SESS. ON DISARMAMENT : xxxx)']",['DISARMAMENT'],['UN. GENERAL ASSEMBLY (4TH SPECIAL SESS. ON DISARMAMENT : xxxx)'],partial_match
2172,588092,https://digitallibrary.un.org/record/588092,A/RES/61/61,"['CHEMICAL AND BIOLOGICAL WARFARE', 'TREATIES']","['CHEMICAL AND BIOLOGICAL WARFARE', 'TREATIES']",[],all_match
2173,588117,https://digitallibrary.un.org/record/588117,A/RES/61/62,"['MULTILATERALISM', 'DISARMAMENT']","['MULTILATERALISM', 'DISARMAMENT']",[],all_match
2174,588126,https://digitallibrary.un.org/record/588126,A/RES/61/63,"['DISARMAMENT AGREEMENTS', 'ENVIRONMENT']","['DISARMAMENT AGREEMENTS', 'ENVIRONMENT']",[],all_match
2175,588127,https://digitallibrary.un.org/record/588127,A/RES/61/64,['DISARMAMENT-DEVELOPMENT LINK'],['DISARMAMENT-DEVELOPMENT LINK'],[],all_match
2176,588139,https://digitallibrary.un.org/record/588139,A/RES/61/65,"['NUCLEAR DISARMAMENT', 'TREATY COMPLIANCE']","['NUCLEAR DISARMAMENT', 'TREATY COMPLIANCE']",[],all_match
2177,588140,https://digitallibrary.un.org/record/588140,A/RES/61/66,"['SMALL ARMS', 'ILLICIT TRAFFIC']","['SMALL ARMS', 'ILLICIT TRAFFIC']",[],all_match
2178,588141,https://digitallibrary.un.org/record/588141,A/RES/61/67,"['DISARMAMENT', 'GENERAL AND COMPLETE']",['DISARMAMENT'],['GENERAL AND COMPLETE'],partial_match
2179,588156,https://digitallibrary.un.org/record/588156,A/RES/61/69,"['SOUTHERN HEMISPHERE', 'NUCLEAR-WEAPON-FREE ZONES']",['NUCLEAR-WEAPON-FREE ZONES'],['SOUTHERN HEMISPHERE'],partial_match
2180,588161,https://digitallibrary.un.org/record/588161,A/RES/61/70,"['DISARMAMENT', 'GENERAL AND COMPLETE', 'NUCLEAR NON-PROLIFERATION']","['DISARMAMENT', 'NUCLEAR NON-PROLIFERATION']",['GENERAL AND COMPLETE'],partial_match
2181,588168,https://digitallibrary.un.org/record/588168,A/RES/61/72,['CONVENTIONAL WEAPONS'],['CONVENTIONAL WEAPONS'],[],all_match
2182,588175,https://digitallibrary.un.org/record/588175,A/RES/61/74,"['DISARMAMENT', 'GENERAL AND COMPLETE', 'NUCLEAR DISARMAMENT']","['DISARMAMENT', 'NUCLEAR DISARMAMENT']",['GENERAL AND COMPLETE'],partial_match
2183,588176,https://digitallibrary.un.org/record/588176,A/RES/61/75,"['OUTER SPACE', 'CONFIDENCE-BUILDING MEASURES']","['OUTER SPACE', 'CONFIDENCE-BUILDING MEASURES']",[],all_match
2184,588177,https://digitallibrary.un.org/record/588177,A/RES/61/76,"['PEACE', 'CONVENTIONAL DISARMAMENT']","['PEACE', 'CONVENTIONAL DISARMAMENT']",[],all_match
2185,588181,https://digitallibrary.un.org/record/588181,A/RES/61/77,"['ARMS TRANSFERS', 'TRANSPARENCY']",['ARMS TRANSFERS'],['TRANSPARENCY'],partial_match
2186,588186,https://digitallibrary.un.org/record/588186,A/RES/61/78,['NUCLEAR DISARMAMENT'],['NUCLEAR DISARMAMENT'],[],all_match
2187,588201,https://digitallibrary.un.org/record/588201,A/RES/61/82,"['CONVENTIONAL ARMS', 'REGIONAL PROGRAMMES']",['REGIONAL PROGRAMMES'],['CONVENTIONAL ARMS'],partial_match
2188,588207,https://digitallibrary.un.org/record/588207,A/RES/61/83,"['NUCLEAR WEAPONS USE', 'UN. INTERNATIONAL COURT OF JUSTICE OPINION']",['NUCLEAR WEAPONS USE'],['UN. INTERNATIONAL COURT OF JUSTICE OPINION'],partial_match
2189,588224,https://digitallibrary.un.org/record/588224,A/RES/61/84,"['LANDMINES', 'TREATIES']","['LANDMINES', 'TREATIES']",[],all_match
2190,588237,https://digitallibrary.un.org/record/588237,A/RES/61/85,['NUCLEAR NON-PROLIFERATION'],['NUCLEAR NON-PROLIFERATION'],[],all_match
2191,588251,https://digitallibrary.un.org/record/588251,A/RES/61/88,"['CENTRAL ASIAN', 'UCLEAR-WEAPON-FREE ZONE']",[],"['CENTRAL ASIAN', 'UCLEAR-WEAPON-FREE ZONE']",no_match
2192,588253,https://digitallibrary.un.org/record/588253,A/RES/61/89,"['DISARMAMENT', 'GENERAL AND COMPLETE']",['DISARMAMENT'],['GENERAL AND COMPLETE'],partial_match
2193,588269,https://digitallibrary.un.org/record/588269,A/RES/61/97,"['NUCLEAR WEAPONS USE', 'TREATIES']","['NUCLEAR WEAPONS USE', 'TREATIES']",[],all_match
2194,588854,https://digitallibrary.un.org/record/588854,A/RES/61/112,"['UNRWA', 'ACTIVITIES']",['ACTIVITIES'],['UNRWA'],partial_match
2195,588859,https://digitallibrary.un.org/record/588859,A/RES/61/113,"['UNRWA', 'ACTIVITIES']",['ACTIVITIES'],['UNRWA'],partial_match
2196,588875,https://digitallibrary.un.org/record/588875,A/RES/61/114,"['UNRWA', 'ACTIVITIES']",['ACTIVITIES'],['UNRWA'],partial_match
2197,588889,https://digitallibrary.un.org/record/588889,A/RES/61/115,"['UNRWA', 'ACTIVITIES']",['ACTIVITIES'],['UNRWA'],partial_match
2198,588895,https://digitallibrary.un.org/record/588895,A/RES/61/116,"['TERRITORIES OCCUPIED BY ISRAEL', 'HUMAN RIGHTS', 'REPORTS']","['TERRITORIES OCCUPIED BY ISRAEL', 'HUMAN RIGHTS']",['REPORTS'],partial_match
2199,588902,https://digitallibrary.un.org/record/588902,A/RES/61/117,"['TERRITORIES OCCUPIED BY ISRAEL', 'HUMAN RIGHTS', 'REPORTS']","['TERRITORIES OCCUPIED BY ISRAEL', 'HUMAN RIGHTS']",['REPORTS'],partial_match
2200,588908,https://digitallibrary.un.org/record/588908,A/RES/61/118,"['TERRITORIES OCCUPIED BY ISRAEL', 'HUMAN RIGHTS', 'REPORTS']","['TERRITORIES OCCUPIED BY ISRAEL', 'HUMAN RIGHTS']",['REPORTS'],partial_match
2201,588911,https://digitallibrary.un.org/record/588911,A/RES/61/119,"['TERRITORIES OCCUPIED BY ISRAEL', 'HUMAN RIGHTS', 'REPORTS']","['TERRITORIES OCCUPIED BY ISRAEL', 'HUMAN RIGHTS']",['REPORTS'],partial_match
2202,588920,https://digitallibrary.un.org/record/588920,A/RES/61/120,"['TERRITORIES OCCUPIED BY ISRAEL', 'HUMAN RIGHTS', 'REPORTS']","['TERRITORIES OCCUPIED BY ISRAEL', 'HUMAN RIGHTS']",['REPORTS'],partial_match
2203,588928,https://digitallibrary.un.org/record/588928,A/RES/61/122,"['NON-SELF-GOVERNING TERRITORIES', 'REPORTS']",['NON-SELF-GOVERNING TERRITORIES'],['REPORTS'],partial_match
2204,588934,https://digitallibrary.un.org/record/588934,A/RES/61/123,"['NON-SELF-GOVERNING TERRITORIES', 'ECONOMIC INTERESTS']",['NON-SELF-GOVERNING TERRITORIES'],['ECONOMIC INTERESTS'],partial_match
2205,588948,https://digitallibrary.un.org/record/588948,A/RES/61/125,"['DECOLONIZATION', 'WESTERN SAHARA QUESTION']","['DECOLONIZATION', 'WESTERN SAHARA QUESTION']",[],all_match
2206,588952,https://digitallibrary.un.org/record/588952,A/RES/61/128A-B,['DECOLONIZATION'],['DECOLONIZATION'],[],all_match
2207,588953,https://digitallibrary.un.org/record/588953,A/RES/61/129,['DECOLONIZATION'],['DECOLONIZATION'],[],all_match
2208,588954,https://digitallibrary.un.org/record/588954,A/RES/61/130,['DECOLONIZATION'],['DECOLONIZATION'],[],all_match
2209,588959,https://digitallibrary.un.org/record/588959,A/RES/61/135,"['PALESTINIANS', 'ASSISTANCE']",['PALESTINIANS'],['ASSISTANCE'],partial_match
2210,589951,https://digitallibrary.un.org/record/589951,A/RES/61/146,,[],[],no_subjects
2211,590162,https://digitallibrary.un.org/record/590162,A/RES/61/147,"['RACIAL DISCRIMINATION', 'ELIMINATION']",['RACIAL DISCRIMINATION'],['ELIMINATION'],partial_match
2212,590164,https://digitallibrary.un.org/record/590164,A/RES/61/149,"['RACIAL DISCRIMINATION', 'RACIAL DISCRIMINATION', 'PROGRAMMES OF ACTION']","['RACIAL DISCRIMINATION', 'RACIAL DISCRIMINATION', 'PROGRAMMES OF ACTION']",[],all_match
2213,590170,https://digitallibrary.un.org/record/590170,A/RES/61/151,['SELF-DETERMINATION OF PEOPLES'],['SELF-DETERMINATION OF PEOPLES'],[],all_match
2214,590174,https://digitallibrary.un.org/record/590174,A/RES/61/152,['SELF-DETERMINATION OF PEOPLES'],['SELF-DETERMINATION OF PEOPLES'],[],all_match
2215,590183,https://digitallibrary.un.org/record/590183,A/RES/61/154,"['HUMAN RIGHTS ADVANCEMENT', 'HUMAN RIGHTS', 'LEBANON']","['HUMAN RIGHTS ADVANCEMENT', 'HUMAN RIGHTS', 'LEBANON']",[],all_match
2216,590195,https://digitallibrary.un.org/record/590195,A/RES/61/156,"['HUMAN RIGHTS ADVANCEMENT', 'GLOBALIZATION', 'HUMAN RIGHTS']","['HUMAN RIGHTS ADVANCEMENT', 'GLOBALIZATION', 'HUMAN RIGHTS']",[],all_match
2217,590198,https://digitallibrary.un.org/record/590198,A/RES/61/159,"['HUMAN RIGHTS ADVANCEMENT', 'UN. OFFICE OF THE HIGH COMMISSIONER FOR HUMAN RIGHTS', 'STAFF COMPOSITION']","['HUMAN RIGHTS ADVANCEMENT', 'STAFF COMPOSITION']",['UN. OFFICE OF THE HIGH COMMISSIONER FOR HUMAN RIGHTS'],partial_match
2218,590199,https://digitallibrary.un.org/record/590199,A/RES/61/160,['HUMAN RIGHTS ADVANCEMENT'],['HUMAN RIGHTS ADVANCEMENT'],[],all_match
2219,590200,https://digitallibrary.un.org/record/590200,A/RES/61/162,"['HUMAN RIGHTS ADVANCEMENT', 'FREEDOM OF MOVEMENT', 'FAMILY REUNIFICATION']","['HUMAN RIGHTS ADVANCEMENT', 'FREEDOM OF MOVEMENT', 'FAMILY REUNIFICATION']",[],all_match
2220,590215,https://digitallibrary.un.org/record/590215,A/RES/61/163,"['HUMAN RIGHTS ADVANCEMENT', 'RIGHT TO FOOD']","['HUMAN RIGHTS ADVANCEMENT', 'RIGHT TO FOOD']",[],all_match
2221,590216,https://digitallibrary.un.org/record/590216,A/RES/61/164,"['HUMAN RIGHTS ADVANCEMENT', 'RELIGIOUS INTOLERANCE']","['HUMAN RIGHTS ADVANCEMENT', 'RELIGIOUS INTOLERANCE']",[],all_match
2222,590229,https://digitallibrary.un.org/record/590229,A/RES/61/166,['HUMAN RIGHTS ADVANCEMENT'],['HUMAN RIGHTS ADVANCEMENT'],[],all_match
2223,590279,https://digitallibrary.un.org/record/590279,A/RES/61/169,"['HUMAN RIGHTS ADVANCEMENT', 'RIGHT TO DEVELOPMENT']","['HUMAN RIGHTS ADVANCEMENT', 'RIGHT TO DEVELOPMENT']",[],all_match
2224,590294,https://digitallibrary.un.org/record/590294,A/RES/61/170,"['HUMAN RIGHTS ADVANCEMENT', 'SANCTIONS', 'INTERNATIONAL RELATIONS']","['HUMAN RIGHTS ADVANCEMENT', 'SANCTIONS', 'INTERNATIONAL RELATIONS']",[],all_match
2225,590297,https://digitallibrary.un.org/record/590297,A/RES/61/173,"['HUMAN RIGHTS ADVANCEMENT', 'SUMMARY EXECUTIONS']","['HUMAN RIGHTS ADVANCEMENT', 'SUMMARY EXECUTIONS']",[],all_match
2226,590298,https://digitallibrary.un.org/record/590298,A/RES/61/174,"['HUMAN RIGHTS', 'REPORTS', 'HUMAN RIGHTS', ""DEMOCRATIC PEOPLE'S REPUBLIC OF KOREA""]","['HUMAN RIGHTS', 'HUMAN RIGHTS', ""DEMOCRATIC PEOPLE'S REPUBLIC OF KOREA""]",['REPORTS'],partial_match
2227,590299,https://digitallibrary.un.org/record/590299,A/RES/61/175,"['HUMAN RIGHTS', 'REPORTS', 'HUMAN RIGHTS', 'BELARUS']","['HUMAN RIGHTS', 'HUMAN RIGHTS', 'BELARUS']",['REPORTS'],partial_match
2228,590300,https://digitallibrary.un.org/record/590300,A/RES/61/176,"['HUMAN RIGHTS', 'REPORTS', 'HUMAN RIGHTS', 'IRAN (ISLAMIC REPUBLIC OF)']","['HUMAN RIGHTS', 'HUMAN RIGHTS', 'IRAN (ISLAMIC REPUBLIC OF)']",['REPORTS'],partial_match
2229,590303,https://digitallibrary.un.org/record/590303,A/RES/61/178,"['UN. HUMAN RIGHTS COUNCIL', 'REPORTS']",[],"['UN. HUMAN RIGHTS COUNCIL', 'REPORTS']",no_match
2230,590310,https://digitallibrary.un.org/record/590310,A/RES/61/184,"['TERRITORIES OCCUPIED BY ISRAEL', 'NATURAL RESOURCES']","['TERRITORIES OCCUPIED BY ISRAEL', 'NATURAL RESOURCES']",[],all_match
2231,590311,https://digitallibrary.un.org/record/590311,A/RES/61/186,['INTERNATIONAL TRADE'],['INTERNATIONAL TRADE'],[],all_match
2232,590380,https://digitallibrary.un.org/record/590380,A/RES/61/194,"['AGENDA 21', 'PROGRAMME IMPLEMENTATION']",['PROGRAMME IMPLEMENTATION'],['AGENDA 21'],partial_match
2233,590394,https://digitallibrary.un.org/record/590394,A/RES/61/201,['CLIMATE'],['CLIMATE'],[],all_match
2234,590428,https://digitallibrary.un.org/record/590428,A/RES/61/222,['LAW OF THE SEA'],['LAW OF THE SEA'],[],all_match
2235,590464,https://digitallibrary.un.org/record/590464,A/RES/61/231,"['DECOLONIZATION', 'UN SYSTEM']",['DECOLONIZATION'],['UN SYSTEM'],partial_match
2236,590466,https://digitallibrary.un.org/record/590466,A/RES/61/232,"['HUMAN RIGHTS', 'REPORTS', 'HUMAN RIGHTS', 'MYANMAR']","['HUMAN RIGHTS', 'HUMAN RIGHTS', 'MYANMAR']",['REPORTS'],partial_match
2237,590543,https://digitallibrary.un.org/record/590543,A/RES/61/250A,"['UN INTERIM FORCE IN LEBANON', 'FINANCING']",['FINANCING'],['UN INTERIM FORCE IN LEBANON'],partial_match
2238,596019,https://digitallibrary.un.org/record/596019,A/RES/61/103,"['MIDDLE EAST', 'NUCLEAR PROLIFERATION']",['MIDDLE EAST'],['NUCLEAR PROLIFERATION'],partial_match
2239,596023,https://digitallibrary.un.org/record/596023,A/RES/61/104,"['NUCLEAR WEAPON TESTS', 'TREATIES']","['NUCLEAR WEAPON TESTS', 'TREATIES']",[],all_match
2240,602411,https://digitallibrary.un.org/record/602411,A/RES/37/1,,[],[],no_subjects
2241,602429,https://digitallibrary.un.org/record/602429,A/RES/37/2,,[],[],no_subjects
2242,605273,https://digitallibrary.un.org/record/605273,A/RES/37/3,,[],[],no_subjects
2243,605488,https://digitallibrary.un.org/record/605488,A/RES/37/18,,[],[],no_subjects
2244,605494,https://digitallibrary.un.org/record/605494,A/RES/37/13,,[],[],no_subjects
2245,607133,https://digitallibrary.un.org/record/607133,A/RES/37/11,,[],[],no_subjects
2246,609112,https://digitallibrary.un.org/record/609112,A/RES/37/6,,[],[],no_subjects
2247,609117,https://digitallibrary.un.org/record/609117,A/RES/37/9,,[],[],no_subjects
2248,609197,https://digitallibrary.un.org/record/609197,A/RES/61/295,"['UN. HUMAN RIGHTS COUNCIL', 'REPORTS']",[],"['UN. HUMAN RIGHTS COUNCIL', 'REPORTS']",no_match
2249,609285,https://digitallibrary.un.org/record/609285,A/RES/37/7,,[],[],no_subjects
2250,609389,https://digitallibrary.un.org/record/609389,A/RES/61/250B,"['UN INTERIM FORCE IN LEBANON', 'FINANCING']",['FINANCING'],['UN INTERIM FORCE IN LEBANON'],partial_match
2251,609394,https://digitallibrary.un.org/record/609394,A/RES/61/250C,"['UN INTERIM FORCE IN LEBANON', 'FINANCING']",['FINANCING'],['UN INTERIM FORCE IN LEBANON'],partial_match
2252,609404,https://digitallibrary.un.org/record/609404,A/RES/37/19,,[],[],no_subjects
2253,609462,https://digitallibrary.un.org/record/609462,A/RES/37/28,,[],[],no_subjects
2254,609492,https://digitallibrary.un.org/record/609492,A/RES/37/29,,[],[],no_subjects
2255,609711,https://digitallibrary.un.org/record/609711,A/RES/37/30,,[],[],no_subjects
2256,609712,https://digitallibrary.un.org/record/609712,A/RES/37/31,,[],[],no_subjects
2257,610102,https://digitallibrary.un.org/record/610102,A/RES/37/32,,[],[],no_subjects
2258,610124,https://digitallibrary.un.org/record/610124,A/RES/37/35,,[],[],no_subjects
2259,610129,https://digitallibrary.un.org/record/610129,A/RES/37/36,,[],[],no_subjects
2260,610134,https://digitallibrary.un.org/record/610134,A/RES/37/37,,[],[],no_subjects
2261,610150,https://digitallibrary.un.org/record/610150,A/RES/37/38A,,[],[],no_subjects
2262,610328,https://digitallibrary.un.org/record/610328,A/RES/37/39,,[],[],no_subjects
2263,610331,https://digitallibrary.un.org/record/610331,A/RES/37/38B,,[],[],no_subjects
2264,611242,https://digitallibrary.un.org/record/611242,A/RES/36/235XIII,,[],[],no_subjects
2265,611786,https://digitallibrary.un.org/record/611786,A/RES/35/152I,,[],[],no_subjects
2266,611967,https://digitallibrary.un.org/record/611967,A/RES/35/136,,[],[],no_subjects
2267,612921,https://digitallibrary.un.org/record/612921,A/RES/ES-9/1,,[],[],no_subjects
2268,612987,https://digitallibrary.un.org/record/612987,A/RES/ES-7/2,,[],[],no_subjects
2269,613000,https://digitallibrary.un.org/record/613000,A/RES/ES-7/3,,[],[],no_subjects
2270,613049,https://digitallibrary.un.org/record/613049,A/RES/ES-7/4,,[],[],no_subjects
2271,613050,https://digitallibrary.un.org/record/613050,A/RES/ES-7/5,,[],[],no_subjects
2272,613051,https://digitallibrary.un.org/record/613051,A/RES/ES-7/6,,[],[],no_subjects
2273,613058,https://digitallibrary.un.org/record/613058,A/RES/ES-7/7,,[],[],no_subjects
2274,613060,https://digitallibrary.un.org/record/613060,A/RES/ES-7/8,,[],[],no_subjects
2275,613066,https://digitallibrary.un.org/record/613066,A/RES/ES-7/9,,[],[],no_subjects
2276,613302,https://digitallibrary.un.org/record/613302,A/RES/62/3,"['CUBA', 'UNITED STATES']","['CUBA', 'UNITED STATES']",[],all_match
2277,613360,https://digitallibrary.un.org/record/613360,A/RES/62/14,"['INDIAN OCEAN', 'ZONES OF PEACE']","['INDIAN OCEAN', 'ZONES OF PEACE']",[],all_match
2278,613363,https://digitallibrary.un.org/record/613363,A/RES/62/17,"['INFORMATION', 'INTERNATIONAL SECURITY']","['INFORMATION', 'INTERNATIONAL SECURITY']",[],all_match
2279,613369,https://digitallibrary.un.org/record/613369,A/RES/62/19,"['NON-NUCLEAR-WEAPON STATES', 'SECURITY']",['NON-NUCLEAR-WEAPON STATES'],['SECURITY'],partial_match
2280,613384,https://digitallibrary.un.org/record/613384,A/RES/62/20,"['ARMS RACE', 'OUTER SPACE']","['ARMS RACE', 'OUTER SPACE']",[],all_match
2281,613394,https://digitallibrary.un.org/record/613394,A/RES/62/24,"['NUCLEAR NON-PROLIFERATION', 'INTERNATIONAL OBLIGATIONS']","['NUCLEAR NON-PROLIFERATION', 'INTERNATIONAL OBLIGATIONS']",[],all_match
2282,613409,https://digitallibrary.un.org/record/613409,A/RES/62/25,"['NUCLEAR DISARMAMENT', 'TREATY COMPLIANCE']","['NUCLEAR DISARMAMENT', 'TREATY COMPLIANCE']",[],all_match
2283,613414,https://digitallibrary.un.org/record/613414,A/RES/62/27,"['MULTILATERALISM', 'DISARMAMENT']","['MULTILATERALISM', 'DISARMAMENT']",[],all_match
2284,613417,https://digitallibrary.un.org/record/613417,A/RES/62/28,"['DISARMAMENT AGREEMENTS', 'ENVIRONMENT']","['DISARMAMENT AGREEMENTS', 'ENVIRONMENT']",[],all_match
2285,613418,https://digitallibrary.un.org/record/613418,A/RES/62/29,"['DISARMAMENT', 'UN. GENERAL ASSEMBLY (4TH SPECIAL SESS. ON DISARMAMENT : xxxx)']",['DISARMAMENT'],['UN. GENERAL ASSEMBLY (4TH SPECIAL SESS. ON DISARMAMENT : xxxx)'],partial_match
2286,613419,https://digitallibrary.un.org/record/613419,A/RES/62/30,"['DISARMAMENT', 'GENERAL AND COMPLETE']",['DISARMAMENT'],['GENERAL AND COMPLETE'],partial_match
2287,613420,https://digitallibrary.un.org/record/613420,A/RES/62/31,"['DISARMAMENT', 'GENERAL AND COMPLETE']",['DISARMAMENT'],['GENERAL AND COMPLETE'],partial_match
2288,613421,https://digitallibrary.un.org/record/613421,A/RES/62/32,['NUCLEAR NON-PROLIFERATION'],['NUCLEAR NON-PROLIFERATION'],[],all_match
2289,613425,https://digitallibrary.un.org/record/613425,A/RES/62/35,"['SOUTHERN HEMISPHERE', 'NUCLEAR-WEAPON-FREE ZONES']",['NUCLEAR-WEAPON-FREE ZONES'],['SOUTHERN HEMISPHERE'],partial_match
2290,613895,https://digitallibrary.un.org/record/613895,A/RES/62/36,"['DISARMAMENT', 'GENERAL AND COMPLETE']",['DISARMAMENT'],['GENERAL AND COMPLETE'],partial_match
2291,613897,https://digitallibrary.un.org/record/613897,A/RES/62/37,"['DISARMAMENT', 'GENERAL AND COMPLETE']",['DISARMAMENT'],['GENERAL AND COMPLETE'],partial_match
2292,613901,https://digitallibrary.un.org/record/613901,A/RES/62/39,"['NUCLEAR WEAPONS USE', 'UN. INTERNATIONAL COURT OF JUSTICE OPINION']",['NUCLEAR WEAPONS USE'],['UN. INTERNATIONAL COURT OF JUSTICE OPINION'],partial_match
2293,613902,https://digitallibrary.un.org/record/613902,A/RES/62/41,"['LANDMINES', 'TREATIES']","['LANDMINES', 'TREATIES']",[],all_match
2294,613903,https://digitallibrary.un.org/record/613903,A/RES/62/42,['NUCLEAR DISARMAMENT'],['NUCLEAR DISARMAMENT'],[],all_match
2295,613904,https://digitallibrary.un.org/record/613904,A/RES/62/43,"['OUTER SPACE', 'CONFIDENCE-BUILDING MEASURES']","['OUTER SPACE', 'CONFIDENCE-BUILDING MEASURES']",[],all_match
2296,613909,https://digitallibrary.un.org/record/613909,A/RES/62/44,"['CONVENTIONAL ARMS', 'REGIONAL PROGRAMMES']",['REGIONAL PROGRAMMES'],['CONVENTIONAL ARMS'],partial_match
2297,613913,https://digitallibrary.un.org/record/613913,A/RES/62/47,"['SMALL ARMS', 'ILLICIT TRAFFIC']","['SMALL ARMS', 'ILLICIT TRAFFIC']",[],all_match
2298,613920,https://digitallibrary.un.org/record/613920,A/RES/62/48,['DISARMAMENT-DEVELOPMENT LINK'],['DISARMAMENT-DEVELOPMENT LINK'],[],all_match
2299,613927,https://digitallibrary.un.org/record/613927,A/RES/62/51,['SICKLE CELL ANAEMIA'],['SICKLE CELL ANAEMIA'],[],all_match
2300,614124,https://digitallibrary.un.org/record/614124,A/RES/62/56,"['MIDDLE EAST', 'NUCLEAR PROLIFERATION']",['MIDDLE EAST'],['NUCLEAR PROLIFERATION'],partial_match
2301,614125,https://digitallibrary.un.org/record/614125,A/RES/62/59,"['NUCLEAR WEAPON TESTS', 'TREATIES']","['NUCLEAR WEAPON TESTS', 'TREATIES']",[],all_match
2302,614165,https://digitallibrary.un.org/record/614165,A/RES/62/80,['PALESTINE QUESTION'],['PALESTINE QUESTION'],[],all_match
2303,614166,https://digitallibrary.un.org/record/614166,A/RES/62/81,['PALESTINE QUESTION'],['PALESTINE QUESTION'],[],all_match
2304,614177,https://digitallibrary.un.org/record/614177,A/RES/62/82,['PALESTINE QUESTION'],['PALESTINE QUESTION'],[],all_match
2305,614178,https://digitallibrary.un.org/record/614178,A/RES/62/83,['PALESTINE QUESTION'],['PALESTINE QUESTION'],[],all_match
2306,614179,https://digitallibrary.un.org/record/614179,A/RES/62/84,"['MIDDLE EAST SITUATION', 'PALESTINE QUESTION']","['MIDDLE EAST SITUATION', 'PALESTINE QUESTION']",[],all_match
2307,614180,https://digitallibrary.un.org/record/614180,A/RES/62/85,['MIDDLE EAST SITUATION'],['MIDDLE EAST SITUATION'],[],all_match
2308,614214,https://digitallibrary.un.org/record/614214,A/RES/62/102,"['UNRWA', 'ACTIVITIES']",['ACTIVITIES'],['UNRWA'],partial_match
2309,614524,https://digitallibrary.un.org/record/614524,A/RES/62/103,"['UNRWA', 'ACTIVITIES']",['ACTIVITIES'],['UNRWA'],partial_match
2310,614525,https://digitallibrary.un.org/record/614525,A/RES/62/104,"['UNRWA', 'ACTIVITIES']",['ACTIVITIES'],['UNRWA'],partial_match
2311,614526,https://digitallibrary.un.org/record/614526,A/RES/62/105,"['UNRWA', 'ACTIVITIES']",['ACTIVITIES'],['UNRWA'],partial_match
2312,614527,https://digitallibrary.un.org/record/614527,A/RES/62/106,"['TERRITORIES OCCUPIED BY ISRAEL', 'HUMAN RIGHTS', 'REPORTS']","['TERRITORIES OCCUPIED BY ISRAEL', 'HUMAN RIGHTS']",['REPORTS'],partial_match
2313,614528,https://digitallibrary.un.org/record/614528,A/RES/62/107,"['TERRITORIES OCCUPIED BY ISRAEL', 'HUMAN RIGHTS', 'REPORTS']","['TERRITORIES OCCUPIED BY ISRAEL', 'HUMAN RIGHTS']",['REPORTS'],partial_match
2314,614529,https://digitallibrary.un.org/record/614529,A/RES/62/108,"['TERRITORIES OCCUPIED BY ISRAEL', 'HUMAN RIGHTS', 'REPORTS']","['TERRITORIES OCCUPIED BY ISRAEL', 'HUMAN RIGHTS']",['REPORTS'],partial_match
2315,614530,https://digitallibrary.un.org/record/614530,A/RES/62/109,"['TERRITORIES OCCUPIED BY ISRAEL', 'HUMAN RIGHTS', 'REPORTS']","['TERRITORIES OCCUPIED BY ISRAEL', 'HUMAN RIGHTS']",['REPORTS'],partial_match
2316,614531,https://digitallibrary.un.org/record/614531,A/RES/62/110,"['TERRITORIES OCCUPIED BY ISRAEL', 'HUMAN RIGHTS', 'REPORTS']","['TERRITORIES OCCUPIED BY ISRAEL', 'HUMAN RIGHTS']",['REPORTS'],partial_match
2317,614532,https://digitallibrary.un.org/record/614532,A/RES/62/112,"['NON-SELF-GOVERNING TERRITORIES', 'REPORTS']",['NON-SELF-GOVERNING TERRITORIES'],['REPORTS'],partial_match
2318,614533,https://digitallibrary.un.org/record/614533,A/RES/62/113,"['NON-SELF-GOVERNING TERRITORIES', 'ECONOMIC INTERESTS']",['NON-SELF-GOVERNING TERRITORIES'],['ECONOMIC INTERESTS'],partial_match
2319,614534,https://digitallibrary.un.org/record/614534,A/RES/62/114,"['DECOLONIZATION', 'UN SYSTEM']",['DECOLONIZATION'],['UN SYSTEM'],partial_match
2320,614535,https://digitallibrary.un.org/record/614535,A/RES/62/119,['DECOLONIZATION'],['DECOLONIZATION'],[],all_match
2321,614536,https://digitallibrary.un.org/record/614536,A/RES/62/120,['DECOLONIZATION'],['DECOLONIZATION'],[],all_match
2322,614666,https://digitallibrary.un.org/record/614666,A/RES/62/141,['RIGHTS OF THE CHILD'],['RIGHTS OF THE CHILD'],[],all_match
2323,614669,https://digitallibrary.un.org/record/614669,A/RES/62/142,"['RACIAL DISCRIMINATION', 'ELIMINATION']",['RACIAL DISCRIMINATION'],['ELIMINATION'],partial_match
2324,614671,https://digitallibrary.un.org/record/614671,A/RES/62/143,"['RACIAL DISCRIMINATION', 'PROGRAMMES OF ACTION']","['RACIAL DISCRIMINATION', 'PROGRAMMES OF ACTION']",[],all_match
2325,614674,https://digitallibrary.un.org/record/614674,A/RES/62/145,"['SELF-DETERMINATION OF PEOPLES', 'MERCENARIES']","['SELF-DETERMINATION OF PEOPLES', 'MERCENARIES']",[],all_match
2326,614675,https://digitallibrary.un.org/record/614675,A/RES/62/146,['SELF-DETERMINATION OF PEOPLES'],['SELF-DETERMINATION OF PEOPLES'],[],all_match
2327,614676,https://digitallibrary.un.org/record/614676,A/RES/62/149,"['HUMAN RIGHTS ADVANCEMENT', 'CAPITAL PUNISHMENT']","['HUMAN RIGHTS ADVANCEMENT', 'CAPITAL PUNISHMENT']",[],all_match
2328,614679,https://digitallibrary.un.org/record/614679,A/RES/62/150,"['HUMAN RIGHTS ADVANCEMENT', 'ELECTION VERIFICATION', 'UN']","['HUMAN RIGHTS ADVANCEMENT', 'ELECTION VERIFICATION']",['UN'],partial_match
2329,614680,https://digitallibrary.un.org/record/614680,A/RES/62/151,"['HUMAN RIGHTS ADVANCEMENT', 'GLOBALIZATION', 'HUMAN RIGHTS']","['HUMAN RIGHTS ADVANCEMENT', 'GLOBALIZATION', 'HUMAN RIGHTS']",[],all_match
2330,614903,https://digitallibrary.un.org/record/614903,A/RES/62/154,"['HUMAN RIGHTS ADVANCEMENT', 'RELIGIOUS INTOLERANCE']","['HUMAN RIGHTS ADVANCEMENT', 'RELIGIOUS INTOLERANCE']",[],all_match
2331,614906,https://digitallibrary.un.org/record/614906,A/RES/62/161,"['HUMAN RIGHTS ADVANCEMENT', 'RIGHT TO DEVELOPMENT']","['HUMAN RIGHTS ADVANCEMENT', 'RIGHT TO DEVELOPMENT']",[],all_match
2332,614909,https://digitallibrary.un.org/record/614909,A/RES/62/162,"['HUMAN RIGHTS ADVANCEMENT', 'SANCTIONS', 'INTERNATIONAL RELATIONS']","['HUMAN RIGHTS ADVANCEMENT', 'SANCTIONS', 'INTERNATIONAL RELATIONS']",[],all_match
2333,614918,https://digitallibrary.un.org/record/614918,A/RES/62/163,['HUMAN RIGHTS ADVANCEMENT'],['HUMAN RIGHTS ADVANCEMENT'],[],all_match
2334,615009,https://digitallibrary.un.org/record/615009,A/RES/62/164,"['HUMAN RIGHTS ADVANCEMENT', 'RIGHT TO FOOD']","['HUMAN RIGHTS ADVANCEMENT', 'RIGHT TO FOOD']",[],all_match
2335,615015,https://digitallibrary.un.org/record/615015,A/RES/62/166,['HUMAN RIGHTS ADVANCEMENT'],['HUMAN RIGHTS ADVANCEMENT'],[],all_match
2336,615020,https://digitallibrary.un.org/record/615020,A/RES/62/167,"['HUMAN RIGHTS', 'REPORTS', 'HUMAN RIGHTS', ""DEMOCRATIC PEOPLE'S REPUBLIC OF KOREA""]","['HUMAN RIGHTS', 'HUMAN RIGHTS', ""DEMOCRATIC PEOPLE'S REPUBLIC OF KOREA""]",['REPORTS'],partial_match
2337,615027,https://digitallibrary.un.org/record/615027,A/RES/62/168,"['HUMAN RIGHTS', 'REPORTS', 'HUMAN RIGHTS', 'IRAN (ISLAMIC REPUBLIC OF)']","['HUMAN RIGHTS', 'HUMAN RIGHTS', 'IRAN (ISLAMIC REPUBLIC OF)']",['REPORTS'],partial_match
2338,615032,https://digitallibrary.un.org/record/615032,A/RES/62/169,"['HUMAN RIGHTS', 'REPORTS', 'HUMAN RIGHTS', 'BELARUS']","['HUMAN RIGHTS', 'HUMAN RIGHTS', 'BELARUS']",['REPORTS'],partial_match
2339,615088,https://digitallibrary.un.org/record/615088,A/RES/62/181,"['TERRITORIES OCCUPIED BY ISRAEL', 'NATURAL RESOURCES']","['TERRITORIES OCCUPIED BY ISRAEL', 'NATURAL RESOURCES']",[],all_match
2340,615093,https://digitallibrary.un.org/record/615093,A/RES/62/183,['INTERNATIONAL TRADE'],['INTERNATIONAL TRADE'],[],all_match
2341,615099,https://digitallibrary.un.org/record/615099,A/RES/62/184,['INTERNATIONAL TRADE'],['INTERNATIONAL TRADE'],[],all_match
2342,615103,https://digitallibrary.un.org/record/615103,A/RES/62/188,['SUSTAINABLE DEVELOPMENT'],['SUSTAINABLE DEVELOPMENT'],[],all_match
2343,615131,https://digitallibrary.un.org/record/615131,A/RES/62/190,"['AGENDA 21', 'PROGRAMME IMPLEMENTATION']",['PROGRAMME IMPLEMENTATION'],['AGENDA 21'],partial_match
2344,615158,https://digitallibrary.un.org/record/615158,A/RES/62/215,['LAW OF THE SEA'],['LAW OF THE SEA'],[],all_match
2345,615159,https://digitallibrary.un.org/record/615159,A/RES/62/216,"['DISARMAMENT', 'UN. GENERAL ASSEMBLY (12TH SPECIAL SESS. : 1982)']",['DISARMAMENT'],['UN. GENERAL ASSEMBLY (12TH SPECIAL SESS. : 1982)'],partial_match
2346,615161,https://digitallibrary.un.org/record/615161,A/RES/62/218,"[""WOMEN'S ADVANCEMENT""]","[""WOMEN'S ADVANCEMENT""]",[],all_match
2347,615162,https://digitallibrary.un.org/record/615162,A/RES/62/219,"['UN. HUMAN RIGHTS COUNCIL', 'REPORTS']",[],"['UN. HUMAN RIGHTS COUNCIL', 'REPORTS']",no_match
2348,615163,https://digitallibrary.un.org/record/615163,A/RES/62/220,"['RACIAL DISCRIMINATION', 'PROGRAMMES OF ACTION']","['RACIAL DISCRIMINATION', 'PROGRAMMES OF ACTION']",[],all_match
2349,615165,https://digitallibrary.un.org/record/615165,A/RES/62/222,"['HUMAN RIGHTS', 'REPORTS', 'HUMAN RIGHTS', 'MYANMAR']","['HUMAN RIGHTS', 'HUMAN RIGHTS', 'MYANMAR']",['REPORTS'],partial_match
2350,615197,https://digitallibrary.un.org/record/615197,A/RES/62/236,"['UN', 'BUDGET (2008-2009)']",[],"['UN', 'BUDGET (2008-2009)']",no_match
2351,615330,https://digitallibrary.un.org/record/615330,A/RES/37/40,,[],[],no_subjects
2352,615709,https://digitallibrary.un.org/record/615709,A/RES/37/43,,[],[],no_subjects
2353,615931,https://digitallibrary.un.org/record/615931,A/RES/37/46,,[],[],no_subjects
2354,616327,https://digitallibrary.un.org/record/616327,A/RES/106(S-1),,[],[],no_subjects
2355,616375,https://digitallibrary.un.org/record/616375,A/RES/104(S-1),,[],[],no_subjects
2356,616392,https://digitallibrary.un.org/record/616392,A/RES/189(S-2),,[],[],no_subjects
2357,616402,https://digitallibrary.un.org/record/616402,A/RES/1622(S-III),,[],[],no_subjects
2358,616483,https://digitallibrary.un.org/record/616483,A/RES/37/47,,[],[],no_subjects
2359,616495,https://digitallibrary.un.org/record/616495,A/RES/37/51,,[],[],no_subjects
2360,616501,https://digitallibrary.un.org/record/616501,A/RES/37/65,,[],[],no_subjects
2361,616593,https://digitallibrary.un.org/record/616593,A/RES/1875(S-IV),,[],[],no_subjects
2362,616597,https://digitallibrary.un.org/record/616597,A/RES/1876(S-IV),,[],[],no_subjects
2363,616599,https://digitallibrary.un.org/record/616599,A/RES/1877(S-IV),,[],[],no_subjects
2364,616734,https://digitallibrary.un.org/record/616734,A/RES/37/66,,[],[],no_subjects
2365,616735,https://digitallibrary.un.org/record/616735,A/RES/37/68,,[],[],no_subjects
2366,616776,https://digitallibrary.un.org/record/616776,A/RES/2248(S-V),,[],[],no_subjects
2367,616829,https://digitallibrary.un.org/record/616829,A/RES/3200(S-VI),,[],[],no_subjects
2368,616906,https://digitallibrary.un.org/record/616906,A/RES/S-8/2,,[],[],no_subjects
2369,616908,https://digitallibrary.un.org/record/616908,A/RES/S-9/2,,[],[],no_subjects
2370,616935,https://digitallibrary.un.org/record/616935,A/RES/ES-6/2,,[],[],no_subjects
2371,616993,https://digitallibrary.un.org/record/616993,A/RES/2252(ES-V),['MIDDLE EAST SITUATION'],['MIDDLE EAST SITUATION'],[],all_match
2372,617000,https://digitallibrary.un.org/record/617000,A/RES/2253(ES-V),['MIDDLE EAST SITUATION'],['MIDDLE EAST SITUATION'],[],all_match
2373,617003,https://digitallibrary.un.org/record/617003,A/RES/2254(ES-V),['MIDDLE EAST SITUATION'],['MIDDLE EAST SITUATION'],[],all_match
2374,617008,https://digitallibrary.un.org/record/617008,A/RES/2256(ES-V),['MIDDLE EAST SITUATION'],['MIDDLE EAST SITUATION'],[],all_match
2375,617025,https://digitallibrary.un.org/record/617025,A/RES/ES-8/1A,,[],[],no_subjects
2376,617249,https://digitallibrary.un.org/record/617249,A/RES/37/69A,,[],[],no_subjects
2377,617254,https://digitallibrary.un.org/record/617254,A/RES/37/69B,,[],[],no_subjects
2378,617300,https://digitallibrary.un.org/record/617300,A/RES/37/69C,,[],[],no_subjects
2379,617425,https://digitallibrary.un.org/record/617425,A/RES/1474(ES-IV),,[],[],no_subjects
2380,617426,https://digitallibrary.un.org/record/617426,A/RES/1004(ES-II),,[],[],no_subjects
2381,617433,https://digitallibrary.un.org/record/617433,A/RES/1005(ES-II),,[],[],no_subjects
2382,617441,https://digitallibrary.un.org/record/617441,A/RES/1006(ES-II),,[],[],no_subjects
2383,617442,https://digitallibrary.un.org/record/617442,A/RES/1007(ES-II),,[],[],no_subjects
2384,617455,https://digitallibrary.un.org/record/617455,A/RES/997(ES-I),,[],[],no_subjects
2385,617461,https://digitallibrary.un.org/record/617461,A/RES/998(ES-I),,[],[],no_subjects
2386,617462,https://digitallibrary.un.org/record/617462,A/RES/999(ES-I),,[],[],no_subjects
2387,617463,https://digitallibrary.un.org/record/617463,A/RES/1000(ES-I),,[],[],no_subjects
2388,617520,https://digitallibrary.un.org/record/617520,A/RES/1001(ES-I),,[],[],no_subjects
2389,617522,https://digitallibrary.un.org/record/617522,A/RES/1002(ES-I),,[],[],no_subjects
2390,617539,https://digitallibrary.un.org/record/617539,A/RES/37/69D,,[],[],no_subjects
2391,617554,https://digitallibrary.un.org/record/617554,A/RES/37/69E,,[],[],no_subjects
2392,617562,https://digitallibrary.un.org/record/617562,A/RES/37/69F,,[],[],no_subjects
2393,617620,https://digitallibrary.un.org/record/617620,A/RES/37/69G,,[],[],no_subjects
2394,617784,https://digitallibrary.un.org/record/617784,A/RES/ES-8/2,,[],[],no_subjects
2395,617994,https://digitallibrary.un.org/record/617994,A/RES/37/69H,,[],[],no_subjects
2396,618004,https://digitallibrary.un.org/record/618004,A/RES/37/69J,,[],[],no_subjects
2397,618006,https://digitallibrary.un.org/record/618006,A/RES/37/71,,[],[],no_subjects
2398,618065,https://digitallibrary.un.org/record/618065,A/RES/37/72,,[],[],no_subjects
2399,618076,https://digitallibrary.un.org/record/618076,A/RES/37/73,,[],[],no_subjects
2400,618095,https://digitallibrary.un.org/record/618095,A/RES/37/74B,,[],[],no_subjects
2401,618105,https://digitallibrary.un.org/record/618105,A/RES/37/74A,,[],[],no_subjects
2402,618576,https://digitallibrary.un.org/record/618576,A/RES/37/77B,,[],[],no_subjects
2403,618665,https://digitallibrary.un.org/record/618665,A/RES/37/77A,,[],[],no_subjects
2404,618673,https://digitallibrary.un.org/record/618673,A/RES/37/76,,[],[],no_subjects
2405,618924,https://digitallibrary.un.org/record/618924,A/RES/37/78A,,[],[],no_subjects
2406,618945,https://digitallibrary.un.org/record/618945,A/RES/37/78B,,[],[],no_subjects
2407,619243,https://digitallibrary.un.org/record/619243,A/RES/37/78C,,[],[],no_subjects
2408,619294,https://digitallibrary.un.org/record/619294,A/RES/37/78E,,[],[],no_subjects
2409,619308,https://digitallibrary.un.org/record/619308,A/RES/37/78F,,[],[],no_subjects
2410,619310,https://digitallibrary.un.org/record/619310,A/RES/37/78G,,[],[],no_subjects
2411,619580,https://digitallibrary.un.org/record/619580,A/RES/37/78I,,[],[],no_subjects
2412,619581,https://digitallibrary.un.org/record/619581,A/RES/37/78J,,[],[],no_subjects
2413,619681,https://digitallibrary.un.org/record/619681,A/RES/37/78K,,[],[],no_subjects
2414,619683,https://digitallibrary.un.org/record/619683,A/RES/37/80,,[],[],no_subjects
2415,620115,https://digitallibrary.un.org/record/620115,A/RES/37/81,,[],[],no_subjects
2416,620121,https://digitallibrary.un.org/record/620121,A/RES/37/82,,[],[],no_subjects
2417,620159,https://digitallibrary.un.org/record/620159,A/RES/37/83,,[],[],no_subjects
2418,620167,https://digitallibrary.un.org/record/620167,A/RES/37/84,,[],[],no_subjects
2419,620182,https://digitallibrary.un.org/record/620182,A/RES/37/85,,[],[],no_subjects
2420,620226,https://digitallibrary.un.org/record/620226,A/RES/37/86A,,[],[],no_subjects
2421,620375,https://digitallibrary.un.org/record/620375,A/RES/37/86B,,[],[],no_subjects
2422,620380,https://digitallibrary.un.org/record/620380,A/RES/37/86C,,[],[],no_subjects
2423,620383,https://digitallibrary.un.org/record/620383,A/RES/37/86D,,[],[],no_subjects
2424,620665,https://digitallibrary.un.org/record/620665,A/RES/37/88A,,[],[],no_subjects
2425,620679,https://digitallibrary.un.org/record/620679,A/RES/37/88B,,[],[],no_subjects
2426,620768,https://digitallibrary.un.org/record/620768,A/RES/37/88C,,[],[],no_subjects
2427,620809,https://digitallibrary.un.org/record/620809,A/RES/37/88D,,[],[],no_subjects
2428,620822,https://digitallibrary.un.org/record/620822,A/RES/37/88E,,[],[],no_subjects
2429,620825,https://digitallibrary.un.org/record/620825,A/RES/37/88F,,[],[],no_subjects
2430,620838,https://digitallibrary.un.org/record/620838,A/RES/37/88G,,[],[],no_subjects
2431,621276,https://digitallibrary.un.org/record/621276,A/RES/37/86E,,[],[],no_subjects
2432,621443,https://digitallibrary.un.org/record/621443,A/RES/37/94B,,[],[],no_subjects
2433,621451,https://digitallibrary.un.org/record/621451,A/RES/37/95B,,[],[],no_subjects
2434,621604,https://digitallibrary.un.org/record/621604,A/RES/37/98A,,[],[],no_subjects
2435,621630,https://digitallibrary.un.org/record/621630,A/RES/37/98C,,[],[],no_subjects
2436,621706,https://digitallibrary.un.org/record/621706,A/RES/37/98D,,[],[],no_subjects
2437,621712,https://digitallibrary.un.org/record/621712,A/RES/37/98E,,[],[],no_subjects
2438,622108,https://digitallibrary.un.org/record/622108,A/RES/37/99A,,[],[],no_subjects
2439,622478,https://digitallibrary.un.org/record/622478,A/RES/31/4,,[],[],no_subjects
2440,622838,https://digitallibrary.un.org/record/622838,A/RES/37/99D,,[],[],no_subjects
2441,623453,https://digitallibrary.un.org/record/623453,A/RES/36/235XVII,,[],[],no_subjects
2442,623769,https://digitallibrary.un.org/record/623769,A/RES/37/99E,,[],[],no_subjects
2443,623776,https://digitallibrary.un.org/record/623776,A/RES/37/99F,,[],[],no_subjects
2444,623800,https://digitallibrary.un.org/record/623800,A/RES/37/99G,,[],[],no_subjects
2445,623801,https://digitallibrary.un.org/record/623801,A/RES/37/99I,,[],[],no_subjects
2446,624048,https://digitallibrary.un.org/record/624048,A/RES/37/99J,,[],[],no_subjects
2447,624065,https://digitallibrary.un.org/record/624065,A/RES/37/100A,,[],[],no_subjects
2448,624136,https://digitallibrary.un.org/record/624136,A/RES/37/102,,[],[],no_subjects
2449,624138,https://digitallibrary.un.org/record/624138,A/RES/37/103,,[],[],no_subjects
2450,624139,https://digitallibrary.un.org/record/624139,A/RES/37/104,,[],[],no_subjects
2451,624141,https://digitallibrary.un.org/record/624141,A/RES/37/105,,[],[],no_subjects
2452,624143,https://digitallibrary.un.org/record/624143,A/RES/37/114,,[],[],no_subjects
2453,624214,https://digitallibrary.un.org/record/624214,A/RES/37/100B,,[],[],no_subjects
2454,624216,https://digitallibrary.un.org/record/624216,A/RES/37/100C,,[],[],no_subjects
2455,624217,https://digitallibrary.un.org/record/624217,A/RES/37/100E,,[],[],no_subjects
2456,624219,https://digitallibrary.un.org/record/624219,A/RES/37/100H,,[],[],no_subjects
2457,624318,https://digitallibrary.un.org/record/624318,A/RES/37/118,,[],[],no_subjects
2458,624319,https://digitallibrary.un.org/record/624319,A/RES/37/120C,,[],[],no_subjects
2459,624320,https://digitallibrary.un.org/record/624320,A/RES/37/120D,,[],[],no_subjects
2460,624490,https://digitallibrary.un.org/record/624490,A/RES/34/219[I],,[],[],no_subjects
2461,624540,https://digitallibrary.un.org/record/624540,A/RES/37/120E,,[],[],no_subjects
2462,624541,https://digitallibrary.un.org/record/624541,A/RES/37/120F,,[],[],no_subjects
2463,624542,https://digitallibrary.un.org/record/624542,A/RES/37/120G,,[],[],no_subjects
2464,624543,https://digitallibrary.un.org/record/624543,A/RES/37/120H,,[],[],no_subjects
2465,624544,https://digitallibrary.un.org/record/624544,A/RES/37/120I,,[],[],no_subjects
2466,624554,https://digitallibrary.un.org/record/624554,A/RES/37/120J,,[],[],no_subjects
2467,624574,https://digitallibrary.un.org/record/624574,A/RES/37/120K,,[],[],no_subjects
2468,624717,https://digitallibrary.un.org/record/624717,A/RES/62/241,"['UN', 'BUDGET (2008-2009)']",[],"['UN', 'BUDGET (2008-2009)']",no_match
2469,625079,https://digitallibrary.un.org/record/625079,A/RES/37/122,,[],[],no_subjects
2470,625084,https://digitallibrary.un.org/record/625084,A/RES/37/123A,,[],[],no_subjects
2471,625090,https://digitallibrary.un.org/record/625090,A/RES/37/123B,,[],[],no_subjects
2472,625092,https://digitallibrary.un.org/record/625092,A/RES/37/123C,,[],[],no_subjects
2473,625097,https://digitallibrary.un.org/record/625097,A/RES/37/123D,,[],[],no_subjects
2474,625101,https://digitallibrary.un.org/record/625101,A/RES/37/123E,,[],[],no_subjects
2475,625107,https://digitallibrary.un.org/record/625107,A/RES/37/123F,,[],[],no_subjects
2476,625213,https://digitallibrary.un.org/record/625213,A/RES/37/125A,,[],[],no_subjects
2477,625215,https://digitallibrary.un.org/record/625215,A/RES/37/126,,[],[],no_subjects
2478,625216,https://digitallibrary.un.org/record/625216,A/RES/37/127A,,[],[],no_subjects
2479,625217,https://digitallibrary.un.org/record/625217,A/RES/37/127B,,[],[],no_subjects
2480,625218,https://digitallibrary.un.org/record/625218,A/RES/37/130,,[],[],no_subjects
2481,625219,https://digitallibrary.un.org/record/625219,A/RES/37/131,,[],[],no_subjects
2482,625413,https://digitallibrary.un.org/record/625413,A/RES/37/134,,[],[],no_subjects
2483,625419,https://digitallibrary.un.org/record/625419,A/RES/37/135,,[],[],no_subjects
2484,625420,https://digitallibrary.un.org/record/625420,A/RES/37/137,,[],[],no_subjects
2485,625433,https://digitallibrary.un.org/record/625433,A/RES/37/138,,[],[],no_subjects
2486,625435,https://digitallibrary.un.org/record/625435,A/RES/37/140,,[],[],no_subjects
2487,625436,https://digitallibrary.un.org/record/625436,A/RES/37/142,,[],[],no_subjects
2488,625437,https://digitallibrary.un.org/record/625437,A/RES/37/144,,[],[],no_subjects
2489,625439,https://digitallibrary.un.org/record/625439,A/RES/37/167,,[],[],no_subjects
2490,625453,https://digitallibrary.un.org/record/625453,A/RES/37/183,,[],[],no_subjects
2491,625464,https://digitallibrary.un.org/record/625464,A/RES/37/184,,[],[],no_subjects
2492,625467,https://digitallibrary.un.org/record/625467,A/RES/37/185,,[],[],no_subjects
2493,625468,https://digitallibrary.un.org/record/625468,A/RES/37/189A,,[],[],no_subjects
2494,625469,https://digitallibrary.un.org/record/625469,A/RES/37/189B,,[],[],no_subjects
2495,625470,https://digitallibrary.un.org/record/625470,A/RES/37/199,,[],[],no_subjects
2496,625693,https://digitallibrary.un.org/record/625693,A/RES/37/200,,[],[],no_subjects
2497,625695,https://digitallibrary.un.org/record/625695,A/RES/37/204,,[],[],no_subjects
2498,625696,https://digitallibrary.un.org/record/625696,A/RES/37/207,,[],[],no_subjects
2499,625698,https://digitallibrary.un.org/record/625698,A/RES/37/212,,[],[],no_subjects
2500,625699,https://digitallibrary.un.org/record/625699,A/RES/37/215,,[],[],no_subjects
2501,625706,https://digitallibrary.un.org/record/625706,A/RES/37/222,,[],[],no_subjects
2502,625707,https://digitallibrary.un.org/record/625707,A/RES/37/230,,[],[],no_subjects
2503,625708,https://digitallibrary.un.org/record/625708,A/RES/37/237II,,[],[],no_subjects
2504,625709,https://digitallibrary.un.org/record/625709,A/RES/37/233D,,[],[],no_subjects
2505,625710,https://digitallibrary.un.org/record/625710,A/RES/37/233A,,[],[],no_subjects
2506,625711,https://digitallibrary.un.org/record/625711,A/RES/37/233B,,[],[],no_subjects
2507,625712,https://digitallibrary.un.org/record/625712,A/RES/37/233C,,[],[],no_subjects
2508,625713,https://digitallibrary.un.org/record/625713,A/RES/37/233E,,[],[],no_subjects
2509,625714,https://digitallibrary.un.org/record/625714,A/RES/37/235C-II,,[],[],no_subjects
2510,625715,https://digitallibrary.un.org/record/625715,A/RES/37/236B,,[],[],no_subjects
2511,625716,https://digitallibrary.un.org/record/625716,A/RES/37/237XI,,[],[],no_subjects
2512,625773,https://digitallibrary.un.org/record/625773,A/RES/37/237XII,,[],[],no_subjects
2513,625777,https://digitallibrary.un.org/record/625777,A/RES/37/238,,[],[],no_subjects
2514,625781,https://digitallibrary.un.org/record/625781,A/RES/37/243A,,[],[],no_subjects
2515,625786,https://digitallibrary.un.org/record/625786,A/RES/37/243C,,[],[],no_subjects
2516,625788,https://digitallibrary.un.org/record/625788,A/RES/37/244,,[],[],no_subjects
2517,625791,https://digitallibrary.un.org/record/625791,A/RES/37/250,,[],[],no_subjects
2518,625794,https://digitallibrary.un.org/record/625794,A/RES/37/251,,[],[],no_subjects
2519,625795,https://digitallibrary.un.org/record/625795,A/RES/37/252,,[],[],no_subjects
2520,625796,https://digitallibrary.un.org/record/625796,A/RES/37/253,,[],[],no_subjects
2521,626550,https://digitallibrary.un.org/record/626550,A/RES/36/3,,[],[],no_subjects
2522,626552,https://digitallibrary.un.org/record/626552,A/RES/36/5,,[],[],no_subjects
2523,626554,https://digitallibrary.un.org/record/626554,A/RES/36/7,,[],[],no_subjects
2524,626555,https://digitallibrary.un.org/record/626555,A/RES/36/8,,[],[],no_subjects
2525,626556,https://digitallibrary.un.org/record/626556,A/RES/36/12,,[],[],no_subjects
2526,626564,https://digitallibrary.un.org/record/626564,A/RES/36/13,,[],[],no_subjects
2527,626569,https://digitallibrary.un.org/record/626569,A/RES/36/15,,[],[],no_subjects
2528,626572,https://digitallibrary.un.org/record/626572,A/RES/36/18,,[],[],no_subjects
2529,626574,https://digitallibrary.un.org/record/626574,A/RES/36/19,,[],[],no_subjects
2530,626577,https://digitallibrary.un.org/record/626577,A/RES/36/21,,[],[],no_subjects
2531,626578,https://digitallibrary.un.org/record/626578,A/RES/36/25,,[],[],no_subjects
2532,626594,https://digitallibrary.un.org/record/626594,A/RES/36/235VI,,[],[],no_subjects
2533,626638,https://digitallibrary.un.org/record/626638,A/RES/36/27,,[],[],no_subjects
2534,626641,https://digitallibrary.un.org/record/626641,A/RES/36/29,,[],[],no_subjects
2535,626642,https://digitallibrary.un.org/record/626642,A/RES/36/31,,[],[],no_subjects
2536,626815,https://digitallibrary.un.org/record/626815,A/RES/36/34,,[],[],no_subjects
2537,626816,https://digitallibrary.un.org/record/626816,A/RES/36/39,,[],[],no_subjects
2538,626817,https://digitallibrary.un.org/record/626817,A/RES/36/46,,[],[],no_subjects
2539,626818,https://digitallibrary.un.org/record/626818,A/RES/36/49,,[],[],no_subjects
2540,626819,https://digitallibrary.un.org/record/626819,A/RES/36/50,,[],[],no_subjects
2541,626820,https://digitallibrary.un.org/record/626820,A/RES/36/51,,[],[],no_subjects
2542,626821,https://digitallibrary.un.org/record/626821,A/RES/36/52,,[],[],no_subjects
2543,626822,https://digitallibrary.un.org/record/626822,A/RES/36/56A,,[],[],no_subjects
2544,626829,https://digitallibrary.un.org/record/626829,A/RES/36/66B,,[],[],no_subjects
2545,626865,https://digitallibrary.un.org/record/626865,A/RES/36//235IX,,[],[],no_subjects
2546,626866,https://digitallibrary.un.org/record/626866,A/RES/36/235IV,,[],[],no_subjects
2547,626871,https://digitallibrary.un.org/record/626871,A/RES/36/237,,[],[],no_subjects
2548,626872,https://digitallibrary.un.org/record/626872,A/RES/36/240C,,[],[],no_subjects
2549,626873,https://digitallibrary.un.org/record/626873,A/RES/36/240A,,[],[],no_subjects
2550,626874,https://digitallibrary.un.org/record/626874,A/RES/36/241,,[],[],no_subjects
2551,626875,https://digitallibrary.un.org/record/626875,A/RES/36/242,,[],[],no_subjects
2552,626878,https://digitallibrary.un.org/record/626878,A/RES/36/120A,,[],[],no_subjects
2553,626883,https://digitallibrary.un.org/record/626883,A/RES/36/120B,,[],[],no_subjects
2554,626885,https://digitallibrary.un.org/record/626885,A/RES/36/120C,,[],[],no_subjects
2555,626886,https://digitallibrary.un.org/record/626886,A/RES/36/120D,,[],[],no_subjects
2556,626896,https://digitallibrary.un.org/record/626896,A/RES/36/121A,,[],[],no_subjects
2557,626897,https://digitallibrary.un.org/record/626897,A/RES/36/121B,,[],[],no_subjects
2558,626898,https://digitallibrary.un.org/record/626898,A/RES/36/121C,,[],[],no_subjects
2559,626899,https://digitallibrary.un.org/record/626899,A/RES/36/121D,,[],[],no_subjects
2560,626900,https://digitallibrary.un.org/record/626900,A/RES/36/121E,,[],[],no_subjects
2561,626901,https://digitallibrary.un.org/record/626901,A/RES/36/121F,,[],[],no_subjects
2562,626905,https://digitallibrary.un.org/record/626905,A/RES/35/222,,[],[],no_subjects
2563,626906,https://digitallibrary.un.org/record/626906,A/RES/36/68,,[],[],no_subjects
2564,626909,https://digitallibrary.un.org/record/626909,A/RES/36/69,,[],[],no_subjects
2565,626910,https://digitallibrary.un.org/record/626910,A/RES/36/73,,[],[],no_subjects
2566,626911,https://digitallibrary.un.org/record/626911,A/RES/36/84,,[],[],no_subjects
2567,626912,https://digitallibrary.un.org/record/626912,A/RES/36/86B,,[],[],no_subjects
2568,626915,https://digitallibrary.un.org/record/626915,A/RES/36/86A,,[],[],no_subjects
2569,626917,https://digitallibrary.un.org/record/626917,A/RES/36/87B,,[],[],no_subjects
2570,626920,https://digitallibrary.un.org/record/626920,A/RES/36/88,,[],[],no_subjects
2571,626921,https://digitallibrary.un.org/record/626921,A/RES/36/122,,[],[],no_subjects
2572,626924,https://digitallibrary.un.org/record/626924,A/RES/36/89,,[],[],no_subjects
2573,626925,https://digitallibrary.un.org/record/626925,A/RES/36/133,,[],[],no_subjects
2574,626928,https://digitallibrary.un.org/record/626928,A/RES/36/92K,,[],[],no_subjects
2575,626980,https://digitallibrary.un.org/record/626980,A/RES/36/138C,,[],[],no_subjects
2576,626981,https://digitallibrary.un.org/record/626981,A/RES/36/145,,[],[],no_subjects
2577,626982,https://digitallibrary.un.org/record/626982,A/RES/36/146H,,[],[],no_subjects
2578,626983,https://digitallibrary.un.org/record/626983,A/RES/36/146G,,[],[],no_subjects
2579,626984,https://digitallibrary.un.org/record/626984,A/RES/36/146F,,[],[],no_subjects
2580,626985,https://digitallibrary.un.org/record/626985,A/RES/36/146C,,[],[],no_subjects
2581,626986,https://digitallibrary.un.org/record/626986,A/RES/36/146B,,[],[],no_subjects
2582,626987,https://digitallibrary.un.org/record/626987,A/RES/36/146A,,[],[],no_subjects
2583,626988,https://digitallibrary.un.org/record/626988,A/RES/36/147A,,[],[],no_subjects
2584,626994,https://digitallibrary.un.org/record/626994,A/RES/36/147B,,[],[],no_subjects
2585,626995,https://digitallibrary.un.org/record/626995,A/RES/36/147C,,[],[],no_subjects
2586,626997,https://digitallibrary.un.org/record/626997,A/RES/36/147D,,[],[],no_subjects
2587,626998,https://digitallibrary.un.org/record/626998,A/RES/36/147E,,[],[],no_subjects
2588,626999,https://digitallibrary.un.org/record/626999,A/RES/36/147F,,[],[],no_subjects
2589,627000,https://digitallibrary.un.org/record/627000,A/RES/36/147G,,[],[],no_subjects
2590,627001,https://digitallibrary.un.org/record/627001,A/RES/36/149B,,[],[],no_subjects
2591,627002,https://digitallibrary.un.org/record/627002,A/RES/36/150,,[],[],no_subjects
2592,627004,https://digitallibrary.un.org/record/627004,A/RES/36/151,,[],[],no_subjects
2593,627007,https://digitallibrary.un.org/record/627007,A/RES/36/155,,[],[],no_subjects
2594,627008,https://digitallibrary.un.org/record/627008,A/RES/36/157,,[],[],no_subjects
2595,627009,https://digitallibrary.un.org/record/627009,A/RES/36/171,,[],[],no_subjects
2596,627010,https://digitallibrary.un.org/record/627010,A/RES/36/172O,,[],[],no_subjects
2597,627011,https://digitallibrary.un.org/record/627011,A/RES/36/172N,,[],[],no_subjects
2598,627012,https://digitallibrary.un.org/record/627012,A/RES/36/172M,,[],[],no_subjects
2599,627013,https://digitallibrary.un.org/record/627013,A/RES/36/172L,,[],[],no_subjects
2600,627014,https://digitallibrary.un.org/record/627014,A/RES/36/172K,,[],[],no_subjects
2601,627015,https://digitallibrary.un.org/record/627015,A/RES/36/172I,,[],[],no_subjects
2602,627016,https://digitallibrary.un.org/record/627016,A/RES/36/172H,,[],[],no_subjects
2603,627017,https://digitallibrary.un.org/record/627017,A/RES/36/172G,,[],[],no_subjects
2604,627018,https://digitallibrary.un.org/record/627018,A/RES/36/172F,,[],[],no_subjects
2605,627019,https://digitallibrary.un.org/record/627019,A/RES/36/172E,,[],[],no_subjects
2606,627020,https://digitallibrary.un.org/record/627020,A/RES/36/172D,,[],[],no_subjects
2607,627021,https://digitallibrary.un.org/record/627021,A/RES/36/172C,,[],[],no_subjects
2608,627022,https://digitallibrary.un.org/record/627022,A/RES/36/172B,,[],[],no_subjects
2609,627023,https://digitallibrary.un.org/record/627023,A/RES/36/172A,,[],[],no_subjects
2610,627024,https://digitallibrary.un.org/record/627024,A/RES/36/173,,[],[],no_subjects
2611,627025,https://digitallibrary.un.org/record/627025,A/RES/36/175,,[],[],no_subjects
2612,627026,https://digitallibrary.un.org/record/627026,A/RES/36/188,,[],[],no_subjects
2613,627027,https://digitallibrary.un.org/record/627027,A/RES/36/226A,,[],[],no_subjects
2614,627028,https://digitallibrary.un.org/record/627028,A/RES/36/225,,[],[],no_subjects
2615,627029,https://digitallibrary.un.org/record/627029,A/RES/36/226B,,[],[],no_subjects
2616,627030,https://digitallibrary.un.org/record/627030,A/RES/36/231A,,[],[],no_subjects
2617,627031,https://digitallibrary.un.org/record/627031,A/RES/36/232,,[],[],no_subjects
2618,627032,https://digitallibrary.un.org/record/627032,A/RES/36/234B,,[],[],no_subjects
2619,627033,https://digitallibrary.un.org/record/627033,A/RES/36/234A,,[],[],no_subjects
2620,627063,https://digitallibrary.un.org/record/627063,A/RES/36/92J,,[],[],no_subjects
2621,627064,https://digitallibrary.un.org/record/627064,A/RES/36/92I,,[],[],no_subjects
2622,627065,https://digitallibrary.un.org/record/627065,A/RES/36/92H,,[],[],no_subjects
2623,627066,https://digitallibrary.un.org/record/627066,A/RES/36/92F,,[],[],no_subjects
2624,627067,https://digitallibrary.un.org/record/627067,A/RES/36/92E,,[],[],no_subjects
2625,627068,https://digitallibrary.un.org/record/627068,A/RES/36/92D,,[],[],no_subjects
2626,627069,https://digitallibrary.un.org/record/627069,A/RES/36/92C,,[],[],no_subjects
2627,627257,https://digitallibrary.un.org/record/627257,A/RES/36/66A,,[],[],no_subjects
2628,627702,https://digitallibrary.un.org/record/627702,A/RES/36/94,,[],[],no_subjects
2629,627703,https://digitallibrary.un.org/record/627703,A/RES/36/95,,[],[],no_subjects
2630,627704,https://digitallibrary.un.org/record/627704,A/RES/36/96C,,[],[],no_subjects
2631,627706,https://digitallibrary.un.org/record/627706,A/RES/36/96B,,[],[],no_subjects
2632,627707,https://digitallibrary.un.org/record/627707,A/RES/36/96A,,[],[],no_subjects
2633,627708,https://digitallibrary.un.org/record/627708,A/RES/36/97K,,[],[],no_subjects
2634,627709,https://digitallibrary.un.org/record/627709,A/RES/36/97J,,[],[],no_subjects
2635,627711,https://digitallibrary.un.org/record/627711,A/RES/36/97G,,[],[],no_subjects
2636,627712,https://digitallibrary.un.org/record/627712,A/RES/36/97E,,[],[],no_subjects
2637,627714,https://digitallibrary.un.org/record/627714,A/RES/35/225,,[],[],no_subjects
2638,627715,https://digitallibrary.un.org/record/627715,A/RES/36/97C,,[],[],no_subjects
2639,627716,https://digitallibrary.un.org/record/627716,A/RES/36/97A,,[],[],no_subjects
2640,627717,https://digitallibrary.un.org/record/627717,A/RES/36/98,,[],[],no_subjects
2641,627719,https://digitallibrary.un.org/record/627719,A/RES/36/99,,[],[],no_subjects
2642,627722,https://digitallibrary.un.org/record/627722,A/RES/36/100,,[],[],no_subjects
2643,627773,https://digitallibrary.un.org/record/627773,A/RES/36/102,,[],[],no_subjects
2644,627775,https://digitallibrary.un.org/record/627775,A/RES/36/103,,[],[],no_subjects
2645,627776,https://digitallibrary.un.org/record/627776,A/RES/36/104,,[],[],no_subjects
2646,627777,https://digitallibrary.un.org/record/627777,A/RES/36/105,,[],[],no_subjects
2647,627778,https://digitallibrary.un.org/record/627778,A/RES/36/106,,[],[],no_subjects
2648,627779,https://digitallibrary.un.org/record/627779,A/RES/36/107,,[],[],no_subjects
2649,627783,https://digitallibrary.un.org/record/627783,A/RES/36/112,,[],[],no_subjects
2650,627785,https://digitallibrary.un.org/record/627785,A/RES/36/116B,,[],[],no_subjects
2651,627786,https://digitallibrary.un.org/record/627786,A/RES/36/116A,,[],[],no_subjects
2652,627787,https://digitallibrary.un.org/record/627787,A/RES/36/120F,,[],[],no_subjects
2653,627788,https://digitallibrary.un.org/record/627788,A/RES/36/120E,,[],[],no_subjects
2654,628525,https://digitallibrary.un.org/record/628525,A/RES/35/156I,,[],[],no_subjects
2655,628526,https://digitallibrary.un.org/record/628526,A/RES/35/157,,[],[],no_subjects
2656,628527,https://digitallibrary.un.org/record/628527,A/RES/35/158,,[],[],no_subjects
2657,628528,https://digitallibrary.un.org/record/628528,A/RES/35/159,,[],[],no_subjects
2658,628615,https://digitallibrary.un.org/record/628615,A/RES/35/164,,[],[],no_subjects
2659,628616,https://digitallibrary.un.org/record/628616,A/RES/35/166,,[],[],no_subjects
2660,628617,https://digitallibrary.un.org/record/628617,A/RES/35/167,,[],[],no_subjects
2661,628618,https://digitallibrary.un.org/record/628618,A/RES/35/169A,,[],[],no_subjects
2662,628619,https://digitallibrary.un.org/record/628619,A/RES/35/169B,,[],[],no_subjects
2663,628620,https://digitallibrary.un.org/record/628620,A/RES/35/169C,,[],[],no_subjects
2664,628621,https://digitallibrary.un.org/record/628621,A/RES/35/169D,,[],[],no_subjects
2665,628622,https://digitallibrary.un.org/record/628622,A/RES/35/169E,,[],[],no_subjects
2666,628623,https://digitallibrary.un.org/record/628623,A/RES/35/174,,[],[],no_subjects
2667,628626,https://digitallibrary.un.org/record/628626,A/RES/35/156F,,[],[],no_subjects
2668,628630,https://digitallibrary.un.org/record/628630,A/RES/35/185,,[],[],no_subjects
2669,628632,https://digitallibrary.un.org/record/628632,A/RES/35/188,,[],[],no_subjects
2670,628633,https://digitallibrary.un.org/record/628633,A/RES/35/190,,[],[],no_subjects
2671,628635,https://digitallibrary.un.org/record/628635,A/RES/35/192,,[],[],no_subjects
2672,628636,https://digitallibrary.un.org/record/628636,A/RES/35/198,,[],[],no_subjects
2673,628637,https://digitallibrary.un.org/record/628637,A/RES/35/200,,[],[],no_subjects
2674,628638,https://digitallibrary.un.org/record/628638,A/RES/35/206A,,[],[],no_subjects
2675,628641,https://digitallibrary.un.org/record/628641,A/RES/35/206B,,[],[],no_subjects
2676,628642,https://digitallibrary.un.org/record/628642,A/RES/35/206C,,[],[],no_subjects
2677,628644,https://digitallibrary.un.org/record/628644,A/RES/35/206D,,[],[],no_subjects
2678,629364,https://digitallibrary.un.org/record/629364,A/RES/35/6,,[],[],no_subjects
2679,629367,https://digitallibrary.un.org/record/629367,A/RES/35/8,,[],[],no_subjects
2680,629369,https://digitallibrary.un.org/record/629369,A/RES/35/10B,,[],[],no_subjects
2681,629370,https://digitallibrary.un.org/record/629370,A/RES/35/13A,,[],[],no_subjects
2682,629372,https://digitallibrary.un.org/record/629372,A/RES/35/13B,,[],[],no_subjects
2683,629373,https://digitallibrary.un.org/record/629373,A/RES/35/13E,,[],[],no_subjects
2684,629377,https://digitallibrary.un.org/record/629377,A/RES/35/13F,,[],[],no_subjects
2685,629380,https://digitallibrary.un.org/record/629380,A/RES/35/20,,[],[],no_subjects
2686,629382,https://digitallibrary.un.org/record/629382,A/RES/35/26,,[],[],no_subjects
2687,629391,https://digitallibrary.un.org/record/629391,A/RES/35/27,,[],[],no_subjects
2688,629395,https://digitallibrary.un.org/record/629395,A/RES/35/28,,[],[],no_subjects
2689,629397,https://digitallibrary.un.org/record/629397,A/RES/35/29,,[],[],no_subjects
2690,629398,https://digitallibrary.un.org/record/629398,A/RES/35/206E,,[],[],no_subjects
2691,629399,https://digitallibrary.un.org/record/629399,A/RES/35/206F,,[],[],no_subjects
2692,629401,https://digitallibrary.un.org/record/629401,A/RES/35/206G,,[],[],no_subjects
2693,629402,https://digitallibrary.un.org/record/629402,A/RES/35/37,,[],[],no_subjects
2694,629403,https://digitallibrary.un.org/record/629403,A/RES/35/206H,,[],[],no_subjects
2695,629405,https://digitallibrary.un.org/record/629405,A/RES/35/206I,,[],[],no_subjects
2696,629406,https://digitallibrary.un.org/record/629406,A/RES/35/39,,[],[],no_subjects
2697,629407,https://digitallibrary.un.org/record/629407,A/RES/35/206J,,[],[],no_subjects
2698,629408,https://digitallibrary.un.org/record/629408,A/RES/35/206M,,[],[],no_subjects
2699,629409,https://digitallibrary.un.org/record/629409,A/RES/35/206N,,[],[],no_subjects
2700,629411,https://digitallibrary.un.org/record/629411,A/RES/35/206O,,[],[],no_subjects
2701,629412,https://digitallibrary.un.org/record/629412,A/RES/35/206P,,[],[],no_subjects
2702,629413,https://digitallibrary.un.org/record/629413,A/RES/35/43,,[],[],no_subjects
2703,629414,https://digitallibrary.un.org/record/629414,A/RES/35/206Q,,[],[],no_subjects
2704,629415,https://digitallibrary.un.org/record/629415,A/RES/35/207,,[],[],no_subjects
2705,629417,https://digitallibrary.un.org/record/629417,A/RES/35/213,,[],[],no_subjects
2706,629419,https://digitallibrary.un.org/record/629419,A/RES/35/44,,[],[],no_subjects
2707,629420,https://digitallibrary.un.org/record/629420,A/RES/35/214A,,[],[],no_subjects
2708,629422,https://digitallibrary.un.org/record/629422,A/RES/35/45A,,[],[],no_subjects
2709,629426,https://digitallibrary.un.org/record/629426,A/RES/35/217XV,,[],[],no_subjects
2710,629427,https://digitallibrary.un.org/record/629427,A/RES/35/45B,,[],[],no_subjects
2711,629428,https://digitallibrary.un.org/record/629428,A/RES/35/218,,[],[],no_subjects
2712,629430,https://digitallibrary.un.org/record/629430,A/RES/35/220A-B,,[],[],no_subjects
2713,629431,https://digitallibrary.un.org/record/629431,A/RES/35/50,,[],[],no_subjects
2714,629432,https://digitallibrary.un.org/record/629432,A/RES/35/226A,,[],[],no_subjects
2715,629433,https://digitallibrary.un.org/record/629433,A/RES/35/226C,,[],[],no_subjects
2716,629435,https://digitallibrary.un.org/record/629435,A/RES/35/227A,,[],[],no_subjects
2717,629436,https://digitallibrary.un.org/record/629436,A/RES/35/227B,,[],[],no_subjects
2718,629437,https://digitallibrary.un.org/record/629437,A/RES/35/227C,,[],[],no_subjects
2719,629438,https://digitallibrary.un.org/record/629438,A/RES/35/227D,,[],[],no_subjects
2720,629439,https://digitallibrary.un.org/record/629439,A/RES/35/227E,,[],[],no_subjects
2721,629440,https://digitallibrary.un.org/record/629440,A/RES/35/227F,,[],[],no_subjects
2722,629441,https://digitallibrary.un.org/record/629441,A/RES/35/227G,,[],[],no_subjects
2723,629442,https://digitallibrary.un.org/record/629442,A/RES/35/227H,,[],[],no_subjects
2724,629443,https://digitallibrary.un.org/record/629443,A/RES/35/227I,,[],[],no_subjects
2725,629444,https://digitallibrary.un.org/record/629444,A/RES/35/227J,,[],[],no_subjects
2726,629446,https://digitallibrary.un.org/record/629446,A/RES/35/57,,[],[],no_subjects
2727,629464,https://digitallibrary.un.org/record/629464,A/RES/35/58,,[],[],no_subjects
2728,629465,https://digitallibrary.un.org/record/629465,A/RES/35/60,,[],[],no_subjects
2729,629466,https://digitallibrary.un.org/record/629466,A/RES/35/75,,[],[],no_subjects
2730,629467,https://digitallibrary.un.org/record/629467,A/RES/35/113,,[],[],no_subjects
2731,629468,https://digitallibrary.un.org/record/629468,A/RES/35/115A,,[],[],no_subjects
2732,629469,https://digitallibrary.un.org/record/629469,A/RES/35/115B,,[],[],no_subjects
2733,629594,https://digitallibrary.un.org/record/629594,A/RES/35/118,,[],[],no_subjects
2734,629596,https://digitallibrary.un.org/record/629596,A/RES/35/119,,[],[],no_subjects
2735,629598,https://digitallibrary.un.org/record/629598,A/RES/35/120,,[],[],no_subjects
2736,629600,https://digitallibrary.un.org/record/629600,A/RES/35/122A,,[],[],no_subjects
2737,629601,https://digitallibrary.un.org/record/629601,A/RES/35/122B,,[],[],no_subjects
2738,629603,https://digitallibrary.un.org/record/629603,A/RES/35/122C,,[],[],no_subjects
2739,629604,https://digitallibrary.un.org/record/629604,A/RES/35/122D,,[],[],no_subjects
2740,629605,https://digitallibrary.un.org/record/629605,A/RES/35/122E,,[],[],no_subjects
2741,629607,https://digitallibrary.un.org/record/629607,A/RES/35/122F,,[],[],no_subjects
2742,629609,https://digitallibrary.un.org/record/629609,A/RES/35/123,,[],[],no_subjects
2743,629611,https://digitallibrary.un.org/record/629611,A/RES/35/124,,[],[],no_subjects
2744,629613,https://digitallibrary.un.org/record/629613,A/RES/35/130A,,[],[],no_subjects
2745,629614,https://digitallibrary.un.org/record/629614,A/RES/35/130B,,[],[],no_subjects
2746,629623,https://digitallibrary.un.org/record/629623,A/RES/35/142B,,[],[],no_subjects
2747,629624,https://digitallibrary.un.org/record/629624,A/RES/35/143,,[],[],no_subjects
2748,629625,https://digitallibrary.un.org/record/629625,A/RES/35/144C,,[],[],no_subjects
2749,629627,https://digitallibrary.un.org/record/629627,A/RES/35/145A,,[],[],no_subjects
2750,629628,https://digitallibrary.un.org/record/629628,A/RES/35/145B,,[],[],no_subjects
2751,630225,https://digitallibrary.un.org/record/630225,A/RES/35/146A,,[],[],no_subjects
2752,630227,https://digitallibrary.un.org/record/630227,A/RES/35/146B,,[],[],no_subjects
2753,630230,https://digitallibrary.un.org/record/630230,A/RES/35/148,,[],[],no_subjects
2754,630232,https://digitallibrary.un.org/record/630232,A/RES/35/149,,[],[],no_subjects
2755,630233,https://digitallibrary.un.org/record/630233,A/RES/35/152B,,[],[],no_subjects
2756,630234,https://digitallibrary.un.org/record/630234,A/RES/35/152C,,[],[],no_subjects
2757,630235,https://digitallibrary.un.org/record/630235,A/RES/35/152D,,[],[],no_subjects
2758,630236,https://digitallibrary.un.org/record/630236,A/RES/35/152G,,[],[],no_subjects
2759,630237,https://digitallibrary.un.org/record/630237,A/RES/35/152J,,[],[],no_subjects
2760,630238,https://digitallibrary.un.org/record/630238,A/RES/35/154,,[],[],no_subjects
2761,630240,https://digitallibrary.un.org/record/630240,A/RES/35/155,,[],[],no_subjects
2762,630242,https://digitallibrary.un.org/record/630242,A/RES/35/156A,,[],[],no_subjects
2763,630246,https://digitallibrary.un.org/record/630246,A/RES/35/156C,,[],[],no_subjects
2764,630247,https://digitallibrary.un.org/record/630247,A/RES/35/156H,,[],[],no_subjects
2765,632041,https://digitallibrary.un.org/record/632041,A/RES/62/243,['AZERBAIJAN SITUATION'],[],['AZERBAIJAN SITUATION'],no_match
2766,632080,https://digitallibrary.un.org/record/632080,A/RES/62/249,['ORGANIZATION FOR DEMOCRACY AND ECONOMIC DEVELOPMENT - GUAM'],[],['ORGANIZATION FOR DEMOCRACY AND ECONOMIC DEVELOPMENT - GUAM'],no_match
2767,632095,https://digitallibrary.un.org/record/632095,A/RES/62/270,"['MILLENNIUM SUMMIT', 'CONFERENCES']",['CONFERENCES'],['MILLENNIUM SUMMIT'],partial_match
2768,632867,https://digitallibrary.un.org/record/632867,A/RES/34/2A,,[],[],no_subjects
2769,632868,https://digitallibrary.un.org/record/632868,A/RES/34/6A,,[],[],no_subjects
2770,632871,https://digitallibrary.un.org/record/632871,A/RES/34/7A,,[],[],no_subjects
2771,632874,https://digitallibrary.un.org/record/632874,A/RES/34/7B,,[],[],no_subjects
2772,632875,https://digitallibrary.un.org/record/632875,A/RES/34/7C,,[],[],no_subjects
2773,632877,https://digitallibrary.un.org/record/632877,A/RES/34/7D,,[],[],no_subjects
2774,632882,https://digitallibrary.un.org/record/632882,A/RES/34/9B,,[],[],no_subjects
2775,632883,https://digitallibrary.un.org/record/632883,A/RES/34/9C,,[],[],no_subjects
2776,632884,https://digitallibrary.un.org/record/632884,A/RES/34/9D,,[],[],no_subjects
2777,632885,https://digitallibrary.un.org/record/632885,A/RES/34/9E,,[],[],no_subjects
2778,632886,https://digitallibrary.un.org/record/632886,A/RES/34/13,,[],[],no_subjects
2779,632887,https://digitallibrary.un.org/record/632887,A/RES/34/22,,[],[],no_subjects
2780,632961,https://digitallibrary.un.org/record/632961,A/RES/34/24,,[],[],no_subjects
2781,632962,https://digitallibrary.un.org/record/632962,A/RES/34/27,,[],[],no_subjects
2782,632963,https://digitallibrary.un.org/record/632963,A/RES/34/29,,[],[],no_subjects
2783,632964,https://digitallibrary.un.org/record/632964,A/RES/34/30,,[],[],no_subjects
2784,632965,https://digitallibrary.un.org/record/632965,A/RES/34/33,,[],[],no_subjects
2785,632966,https://digitallibrary.un.org/record/632966,A/RES/34/37,,[],[],no_subjects
2786,632967,https://digitallibrary.un.org/record/632967,A/RES/34/38,,[],[],no_subjects
2787,633049,https://digitallibrary.un.org/record/633049,A/RES/34/40,,[],[],no_subjects
2788,633050,https://digitallibrary.un.org/record/633050,A/RES/34/41,,[],[],no_subjects
2789,633051,https://digitallibrary.un.org/record/633051,A/RES/34/42,,[],[],no_subjects
2790,633052,https://digitallibrary.un.org/record/633052,A/RES/34/44,,[],[],no_subjects
2791,633053,https://digitallibrary.un.org/record/633053,A/RES/34/46,,[],[],no_subjects
2792,633054,https://digitallibrary.un.org/record/633054,A/RES/34/47,,[],[],no_subjects
2793,633055,https://digitallibrary.un.org/record/633055,A/RES/34/48,,[],[],no_subjects
2794,633056,https://digitallibrary.un.org/record/633056,A/RES/34/52A,,[],[],no_subjects
2795,633057,https://digitallibrary.un.org/record/633057,A/RES/34/52C,,[],[],no_subjects
2796,633058,https://digitallibrary.un.org/record/633058,A/RES/34/52E,,[],[],no_subjects
2797,633059,https://digitallibrary.un.org/record/633059,A/RES/34/52F,,[],[],no_subjects
2798,633060,https://digitallibrary.un.org/record/633060,A/RES/34/55,,[],[],no_subjects
2799,633061,https://digitallibrary.un.org/record/633061,A/RES/34/65A,,[],[],no_subjects
2800,633062,https://digitallibrary.un.org/record/633062,A/RES/34/65B,,[],[],no_subjects
2801,633074,https://digitallibrary.un.org/record/633074,A/RES/34/65C,,[],[],no_subjects
2802,633075,https://digitallibrary.un.org/record/633075,A/RES/34/65D,,[],[],no_subjects
2803,633087,https://digitallibrary.un.org/record/633087,A/RES/34/69,,[],[],no_subjects
2804,633108,https://digitallibrary.un.org/record/633108,A/RES/34/70,,[],[],no_subjects
2805,633109,https://digitallibrary.un.org/record/633109,A/RES/34/76A,,[],[],no_subjects
2806,633110,https://digitallibrary.un.org/record/633110,A/RES/34/77,,[],[],no_subjects
2807,633111,https://digitallibrary.un.org/record/633111,A/RES/34/73,,[],[],no_subjects
2808,633112,https://digitallibrary.un.org/record/633112,A/RES/34/78,,[],[],no_subjects
2809,633113,https://digitallibrary.un.org/record/633113,A/RES/34/79,,[],[],no_subjects
2810,633157,https://digitallibrary.un.org/record/633157,A/RES/34/80A,,[],[],no_subjects
2811,633159,https://digitallibrary.un.org/record/633159,A/RES/34/80B,,[],[],no_subjects
2812,633160,https://digitallibrary.un.org/record/633160,A/RES/34/83B,,[],[],no_subjects
2813,633162,https://digitallibrary.un.org/record/633162,A/RES/34/83E,,[],[],no_subjects
2814,633163,https://digitallibrary.un.org/record/633163,A/RES/34/83G,,[],[],no_subjects
2815,633165,https://digitallibrary.un.org/record/633165,A/RES/34/83J,,[],[],no_subjects
2816,633166,https://digitallibrary.un.org/record/633166,A/RES/34/84,,[],[],no_subjects
2817,633167,https://digitallibrary.un.org/record/633167,A/RES/34/85,,[],[],no_subjects
2818,633168,https://digitallibrary.un.org/record/633168,A/RES/34/86,,[],[],no_subjects
2819,633170,https://digitallibrary.un.org/record/633170,A/RES/34/87C,,[],[],no_subjects
2820,633173,https://digitallibrary.un.org/record/633173,A/RES/34/87D,,[],[],no_subjects
2821,633175,https://digitallibrary.un.org/record/633175,A/RES/34/87E,,[],[],no_subjects
2822,633177,https://digitallibrary.un.org/record/633177,A/RES/34/88,,[],[],no_subjects
2823,633181,https://digitallibrary.un.org/record/633181,A/RES/34/89,,[],[],no_subjects
2824,633182,https://digitallibrary.un.org/record/633182,A/RES/34/90A,,[],[],no_subjects
2825,633183,https://digitallibrary.un.org/record/633183,A/RES/34/90B,,[],[],no_subjects
2826,633185,https://digitallibrary.un.org/record/633185,A/RES/34/90C,,[],[],no_subjects
2827,633187,https://digitallibrary.un.org/record/633187,A/RES/34/91,,[],[],no_subjects
2828,635764,https://digitallibrary.un.org/record/635764,A/RES/34/92A,,[],[],no_subjects
2829,635765,https://digitallibrary.un.org/record/635765,A/RES/34/92B,,[],[],no_subjects
2830,635766,https://digitallibrary.un.org/record/635766,A/RES/34/92C,,[],[],no_subjects
2831,635767,https://digitallibrary.un.org/record/635767,A/RES/34/92F,,[],[],no_subjects
2832,635768,https://digitallibrary.un.org/record/635768,A/RES/34/92G,,[],[],no_subjects
2833,635769,https://digitallibrary.un.org/record/635769,A/RES/34/93A,,[],[],no_subjects
2834,635770,https://digitallibrary.un.org/record/635770,A/RES/34/93C,,[],[],no_subjects
2835,635771,https://digitallibrary.un.org/record/635771,A/RES/34/93D,,[],[],no_subjects
2836,635772,https://digitallibrary.un.org/record/635772,A/RES/34/93E,,[],[],no_subjects
2837,635773,https://digitallibrary.un.org/record/635773,A/RES/34/93F,,[],[],no_subjects
2838,635774,https://digitallibrary.un.org/record/635774,A/RES/34/93I,,[],[],no_subjects
2839,635775,https://digitallibrary.un.org/record/635775,A/RES/34/93J,,[],[],no_subjects
2840,635776,https://digitallibrary.un.org/record/635776,A/RES/34/93L,,[],[],no_subjects
2841,635777,https://digitallibrary.un.org/record/635777,A/RES/34/93N,,[],[],no_subjects
2842,635778,https://digitallibrary.un.org/record/635778,A/RES/34/93P,,[],[],no_subjects
2843,635779,https://digitallibrary.un.org/record/635779,A/RES/34/93Q,,[],[],no_subjects
2844,635780,https://digitallibrary.un.org/record/635780,A/RES/34/93R,,[],[],no_subjects
2845,635781,https://digitallibrary.un.org/record/635781,A/RES/34/94,,[],[],no_subjects
2846,635782,https://digitallibrary.un.org/record/635782,A/RES/34/95,,[],[],no_subjects
2847,635783,https://digitallibrary.un.org/record/635783,A/RES/34/100,,[],[],no_subjects
2848,635784,https://digitallibrary.un.org/record/635784,A/RES/34/101,,[],[],no_subjects
2849,635785,https://digitallibrary.un.org/record/635785,A/RES/34/103,,[],[],no_subjects
2850,635786,https://digitallibrary.un.org/record/635786,A/RES/34/113,,[],[],no_subjects
2851,635787,https://digitallibrary.un.org/record/635787,A/RES/34/133,,[],[],no_subjects
2852,635788,https://digitallibrary.un.org/record/635788,A/RES/34/136,,[],[],no_subjects
2853,635789,https://digitallibrary.un.org/record/635789,A/RES/34/145,,[],[],no_subjects
2854,635790,https://digitallibrary.un.org/record/635790,A/RES/34/147,,[],[],no_subjects
2855,635791,https://digitallibrary.un.org/record/635791,A/RES/34/150,,[],[],no_subjects
2856,635792,https://digitallibrary.un.org/record/635792,A/RES/34/158,,[],[],no_subjects
2857,635793,https://digitallibrary.un.org/record/635793,A/RES/34/160,,[],[],no_subjects
2858,635794,https://digitallibrary.un.org/record/635794,A/RES/34/166,,[],[],no_subjects
2859,635795,https://digitallibrary.un.org/record/635795,A/RES/34/172,,[],[],no_subjects
2860,635796,https://digitallibrary.un.org/record/635796,A/RES/34/176,,[],[],no_subjects
2861,635797,https://digitallibrary.un.org/record/635797,A/RES/34/179,,[],[],no_subjects
2862,635798,https://digitallibrary.un.org/record/635798,A/RES/34/180,,[],[],no_subjects
2863,635799,https://digitallibrary.un.org/record/635799,A/RES/34/184,,[],[],no_subjects
2864,635800,https://digitallibrary.un.org/record/635800,A/RES/34/192,,[],[],no_subjects
2865,635801,https://digitallibrary.un.org/record/635801,A/RES/34/197,,[],[],no_subjects
2866,635802,https://digitallibrary.un.org/record/635802,A/RES/34/198,,[],[],no_subjects
2867,635803,https://digitallibrary.un.org/record/635803,A/RES/34/199,,[],[],no_subjects
2868,635804,https://digitallibrary.un.org/record/635804,A/RES/34/209,,[],[],no_subjects
2869,635805,https://digitallibrary.un.org/record/635805,A/RES/34/211,,[],[],no_subjects
2870,635806,https://digitallibrary.un.org/record/635806,A/RES/34/216,,[],[],no_subjects
2871,635807,https://digitallibrary.un.org/record/635807,A/RES/34/220,,[],[],no_subjects
2872,635808,https://digitallibrary.un.org/record/635808,A/RES/34/221,,[],[],no_subjects
2873,635809,https://digitallibrary.un.org/record/635809,A/RES/34/222A,,[],[],no_subjects
2874,635810,https://digitallibrary.un.org/record/635810,A/RES/34/222C,,[],[],no_subjects
2875,635811,https://digitallibrary.un.org/record/635811,A/RES/34/223A,,[],[],no_subjects
2876,635899,https://digitallibrary.un.org/record/635899,A/RES/34/223B,,[],[],no_subjects
2877,635900,https://digitallibrary.un.org/record/635900,A/RES/34/227,,[],[],no_subjects
2878,635902,https://digitallibrary.un.org/record/635902,A/RES/34/229,,[],[],no_subjects
2879,635903,https://digitallibrary.un.org/record/635903,A/RES/34/230A,,[],[],no_subjects
2880,635904,https://digitallibrary.un.org/record/635904,A/RES/34/230C,,[],[],no_subjects
2881,635905,https://digitallibrary.un.org/record/635905,A/RES/34/231,,[],[],no_subjects
2882,635906,https://digitallibrary.un.org/record/635906,A/RES/34/232,,[],[],no_subjects
2883,635910,https://digitallibrary.un.org/record/635910,A/RES/34/233[I],,[],[],no_subjects
2884,635913,https://digitallibrary.un.org/record/635913,A/RES/34/233[IX],,[],[],no_subjects
2885,635915,https://digitallibrary.un.org/record/635915,A/RES/34/233[XI],,[],[],no_subjects
2886,635918,https://digitallibrary.un.org/record/635918,A/RES/34/233[XIII],,[],[],no_subjects
2887,635919,https://digitallibrary.un.org/record/635919,A/RES/34/233[XIV],,[],[],no_subjects
2888,637262,https://digitallibrary.un.org/record/637262,A/RES/33/9[B],,[],[],no_subjects
2889,637953,https://digitallibrary.un.org/record/637953,A/RES/33/13[B],,[],[],no_subjects
2890,637954,https://digitallibrary.un.org/record/637954,A/RES/33/13[C],,[],[],no_subjects
2891,637960,https://digitallibrary.un.org/record/637960,A/RES/33/13[D],,[],[],no_subjects
2892,637965,https://digitallibrary.un.org/record/637965,A/RES/33/13[E],,[],[],no_subjects
2893,637968,https://digitallibrary.un.org/record/637968,A/RES/33/13[F],,[],[],no_subjects
2894,637971,https://digitallibrary.un.org/record/637971,A/RES/33/113[A],,[],[],no_subjects
2895,637972,https://digitallibrary.un.org/record/637972,A/RES/33/113[B],,[],[],no_subjects
2896,637973,https://digitallibrary.un.org/record/637973,A/RES/33/113[C],,[],[],no_subjects
2897,637974,https://digitallibrary.un.org/record/637974,A/RES/33/114,,[],[],no_subjects
2898,637975,https://digitallibrary.un.org/record/637975,A/RES/33/116[A-I],,[],[],no_subjects
2899,637976,https://digitallibrary.un.org/record/637976,A/RES/33/116[A-IV],,[],[],no_subjects
2900,637977,https://digitallibrary.un.org/record/637977,A/RES/33/116[A-VI],,[],[],no_subjects
2901,637978,https://digitallibrary.un.org/record/637978,A/RES/33/116[B-IX],,[],[],no_subjects
2902,637979,https://digitallibrary.un.org/record/637979,A/RES/33/116[B-VIII],,[],[],no_subjects
2903,637980,https://digitallibrary.un.org/record/637980,A/RES/33/116[C-III],,[],[],no_subjects
2904,637985,https://digitallibrary.un.org/record/637985,A/RES/33/116[C-VI],,[],[],no_subjects
2905,637988,https://digitallibrary.un.org/record/637988,A/RES/33/116[C-VII],,[],[],no_subjects
2906,637991,https://digitallibrary.un.org/record/637991,A/RES/33/116[C-X],,[],[],no_subjects
2907,637996,https://digitallibrary.un.org/record/637996,A/RES/33/118,,[],[],no_subjects
2908,637998,https://digitallibrary.un.org/record/637998,A/RES/33/119,,[],[],no_subjects
2909,637999,https://digitallibrary.un.org/record/637999,A/RES/33/120,,[],[],no_subjects
2910,638670,https://digitallibrary.un.org/record/638670,A/RES/31/5[B],,[],[],no_subjects
2911,638755,https://digitallibrary.un.org/record/638755,A/RES/33/14,,[],[],no_subjects
2912,638757,https://digitallibrary.un.org/record/638757,A/RES/33/15,,[],[],no_subjects
2913,638758,https://digitallibrary.un.org/record/638758,A/RES/33/17,,[],[],no_subjects
2914,638759,https://digitallibrary.un.org/record/638759,A/RES/33/23,,[],[],no_subjects
2915,638760,https://digitallibrary.un.org/record/638760,A/RES/33/24,,[],[],no_subjects
2916,638761,https://digitallibrary.un.org/record/638761,A/RES/33/28[A],,[],[],no_subjects
2917,638762,https://digitallibrary.un.org/record/638762,A/RES/33/28[B],,[],[],no_subjects
2918,638763,https://digitallibrary.un.org/record/638763,A/RES/33/28[C],,[],[],no_subjects
2919,638764,https://digitallibrary.un.org/record/638764,A/RES/33/31[B],,[],[],no_subjects
2920,638766,https://digitallibrary.un.org/record/638766,A/RES/33/36,,[],[],no_subjects
2921,638767,https://digitallibrary.un.org/record/638767,A/RES/33/37,,[],[],no_subjects
2922,638768,https://digitallibrary.un.org/record/638768,A/RES/33/38[A],,[],[],no_subjects
2923,638769,https://digitallibrary.un.org/record/638769,A/RES/33/38[B],,[],[],no_subjects
2924,638770,https://digitallibrary.un.org/record/638770,A/RES/33/39,,[],[],no_subjects
2925,638771,https://digitallibrary.un.org/record/638771,A/RES/33/40,,[],[],no_subjects
2926,638774,https://digitallibrary.un.org/record/638774,A/RES/33/41,,[],[],no_subjects
2927,638775,https://digitallibrary.un.org/record/638775,A/RES/33/44,,[],[],no_subjects
2928,638776,https://digitallibrary.un.org/record/638776,A/RES/33/45,,[],[],no_subjects
2929,638777,https://digitallibrary.un.org/record/638777,A/RES/33/48,,[],[],no_subjects
2930,638778,https://digitallibrary.un.org/record/638778,A/RES/33/50,,[],[],no_subjects
2931,638783,https://digitallibrary.un.org/record/638783,A/RES/33/53,,[],[],no_subjects
2932,638784,https://digitallibrary.un.org/record/638784,A/RES/33/57,,[],[],no_subjects
2933,638785,https://digitallibrary.un.org/record/638785,A/RES/33/60,,[],[],no_subjects
2934,638786,https://digitallibrary.un.org/record/638786,A/RES/33/63,,[],[],no_subjects
2935,638787,https://digitallibrary.un.org/record/638787,A/RES/33/64,,[],[],no_subjects
2936,638788,https://digitallibrary.un.org/record/638788,A/RES/33/65,,[],[],no_subjects
2937,638789,https://digitallibrary.un.org/record/638789,A/RES/33/66[A],,[],[],no_subjects
2938,638790,https://digitallibrary.un.org/record/638790,A/RES/33/66[B],,[],[],no_subjects
2939,638860,https://digitallibrary.un.org/record/638860,A/RES/33/67,,[],[],no_subjects
2940,638861,https://digitallibrary.un.org/record/638861,A/RES/33/68,,[],[],no_subjects
2941,638863,https://digitallibrary.un.org/record/638863,A/RES/33/71[A],,[],[],no_subjects
2942,638869,https://digitallibrary.un.org/record/638869,A/RES/33/71[B],,[],[],no_subjects
2943,638870,https://digitallibrary.un.org/record/638870,A/RES/33/71[C],,[],[],no_subjects
2944,638872,https://digitallibrary.un.org/record/638872,A/RES/33/71[H],,[],[],no_subjects
2945,638874,https://digitallibrary.un.org/record/638874,A/RES/33/71[J],,[],[],no_subjects
2946,638877,https://digitallibrary.un.org/record/638877,A/RES/33/72[A],,[],[],no_subjects
2947,638878,https://digitallibrary.un.org/record/638878,A/RES/33/72[B],,[],[],no_subjects
2948,638879,https://digitallibrary.un.org/record/638879,A/RES/33/73,,[],[],no_subjects
2949,638881,https://digitallibrary.un.org/record/638881,A/RES/33/74,,[],[],no_subjects
2950,638883,https://digitallibrary.un.org/record/638883,A/RES/33/75,,[],[],no_subjects
2951,638884,https://digitallibrary.un.org/record/638884,A/RES/33/76,,[],[],no_subjects
2952,638885,https://digitallibrary.un.org/record/638885,A/RES/33/85,,[],[],no_subjects
2953,638887,https://digitallibrary.un.org/record/638887,A/RES/33/89,,[],[],no_subjects
2954,638888,https://digitallibrary.un.org/record/638888,A/RES/33/91[B],,[],[],no_subjects
2955,638939,https://digitallibrary.un.org/record/638939,A/RES/33/91[C],,[],[],no_subjects
2956,638940,https://digitallibrary.un.org/record/638940,A/RES/33/91[D],,[],[],no_subjects
2957,638941,https://digitallibrary.un.org/record/638941,A/RES/33/91[E],,[],[],no_subjects
2958,638942,https://digitallibrary.un.org/record/638942,A/RES/33/91[F],,[],[],no_subjects
2959,638943,https://digitallibrary.un.org/record/638943,A/RES/33/91[G],,[],[],no_subjects
2960,638944,https://digitallibrary.un.org/record/638944,A/RES/33/91[H],,[],[],no_subjects
2961,638962,https://digitallibrary.un.org/record/638962,A/RES/33/96,,[],[],no_subjects
2962,638963,https://digitallibrary.un.org/record/638963,A/RES/33/97,,[],[],no_subjects
2963,638964,https://digitallibrary.un.org/record/638964,A/RES/33/98,,[],[],no_subjects
2964,638965,https://digitallibrary.un.org/record/638965,A/RES/33/99,,[],[],no_subjects
2965,638966,https://digitallibrary.un.org/record/638966,A/RES/33/100,,[],[],no_subjects
2966,638967,https://digitallibrary.un.org/record/638967,A/RES/33/103,,[],[],no_subjects
2967,638968,https://digitallibrary.un.org/record/638968,A/RES/33/106,,[],[],no_subjects
2968,638969,https://digitallibrary.un.org/record/638969,A/RES/33/110,,[],[],no_subjects
2969,638972,https://digitallibrary.un.org/record/638972,A/RES/33/112[A],,[],[],no_subjects
2970,638975,https://digitallibrary.un.org/record/638975,A/RES/33/112[C],,[],[],no_subjects
2971,638976,https://digitallibrary.un.org/record/638976,A/RES/33/112[E],,[],[],no_subjects
2972,638977,https://digitallibrary.un.org/record/638977,A/RES/33/112[F],,[],[],no_subjects
2973,639252,https://digitallibrary.un.org/record/639252,A/RES/33/121[A],,[],[],no_subjects
2974,639253,https://digitallibrary.un.org/record/639253,A/RES/33/136,,[],[],no_subjects
2975,639254,https://digitallibrary.un.org/record/639254,A/RES/33/137,,[],[],no_subjects
2976,639255,https://digitallibrary.un.org/record/639255,A/RES/33/138,,[],[],no_subjects
2977,639256,https://digitallibrary.un.org/record/639256,A/RES/33/143,,[],[],no_subjects
2978,639257,https://digitallibrary.un.org/record/639257,A/RES/33/147,,[],[],no_subjects
2979,639258,https://digitallibrary.un.org/record/639258,A/RES/33/150,,[],[],no_subjects
2980,639259,https://digitallibrary.un.org/record/639259,A/RES/33/151,,[],[],no_subjects
2981,639260,https://digitallibrary.un.org/record/639260,A/RES/33/155,,[],[],no_subjects
2982,639261,https://digitallibrary.un.org/record/639261,A/RES/33/159,,[],[],no_subjects
2983,639346,https://digitallibrary.un.org/record/639346,A/RES/61/128[A],['DECOLONIZATION'],['DECOLONIZATION'],[],all_match
2984,639347,https://digitallibrary.un.org/record/639347,A/RES/61/128[B],['DECOLONIZATION'],['DECOLONIZATION'],[],all_match
2985,639400,https://digitallibrary.un.org/record/639400,A/RES/33/163,,[],[],no_subjects
2986,639402,https://digitallibrary.un.org/record/639402,A/RES/33/172,,[],[],no_subjects
2987,639403,https://digitallibrary.un.org/record/639403,A/RES/33/174,,[],[],no_subjects
2988,639404,https://digitallibrary.un.org/record/639404,A/RES/33/175,,[],[],no_subjects
2989,639405,https://digitallibrary.un.org/record/639405,A/RES/33/176,,[],[],no_subjects
2990,639406,https://digitallibrary.un.org/record/639406,A/RES/33/180[A],,[],[],no_subjects
2991,639407,https://digitallibrary.un.org/record/639407,A/RES/33/180[C],,[],[],no_subjects
2992,639409,https://digitallibrary.un.org/record/639409,A/RES/33/181,,[],[],no_subjects
2993,639411,https://digitallibrary.un.org/record/639411,A/RES/33/182[A],,[],[],no_subjects
2994,639412,https://digitallibrary.un.org/record/639412,A/RES/33/182[B],,[],[],no_subjects
2995,639413,https://digitallibrary.un.org/record/639413,A/RES/33/182[C],,[],[],no_subjects
2996,639415,https://digitallibrary.un.org/record/639415,A/RES/33/183[B],,[],[],no_subjects
2997,639417,https://digitallibrary.un.org/record/639417,A/RES/33/183[C],,[],[],no_subjects
2998,639419,https://digitallibrary.un.org/record/639419,A/RES/33/183[D],,[],[],no_subjects
2999,639420,https://digitallibrary.un.org/record/639420,A/RES/33/183[E],,[],[],no_subjects
3000,639421,https://digitallibrary.un.org/record/639421,A/RES/33/183[G],,[],[],no_subjects
3001,639422,https://digitallibrary.un.org/record/639422,A/RES/33/183[H],,[],[],no_subjects
3002,639423,https://digitallibrary.un.org/record/639423,A/RES/33/183[I],,[],[],no_subjects
3003,639424,https://digitallibrary.un.org/record/639424,A/RES/33/183[J],,[],[],no_subjects
3004,639425,https://digitallibrary.un.org/record/639425,A/RES/33/183[K],,[],[],no_subjects
3005,639426,https://digitallibrary.un.org/record/639426,A/RES/33/183[L],,[],[],no_subjects
3006,639427,https://digitallibrary.un.org/record/639427,A/RES/33/183[N],,[],[],no_subjects
3007,639428,https://digitallibrary.un.org/record/639428,A/RES/33/183[M],,[],[],no_subjects
3008,639429,https://digitallibrary.un.org/record/639429,A/RES/33/183[O],,[],[],no_subjects
3009,639430,https://digitallibrary.un.org/record/639430,A/RES/33/184,,[],[],no_subjects
3010,639475,https://digitallibrary.un.org/record/639475,A/RES/63/3,"['KOSOVO', 'UN. INTERNATIONAL COURT OF JUSTICE OPINION']",[],"['KOSOVO', 'UN. INTERNATIONAL COURT OF JUSTICE OPINION']",no_match
3011,639624,https://digitallibrary.un.org/record/639624,A/RES/33/196,,[],[],no_subjects
3012,639625,https://digitallibrary.un.org/record/639625,A/RES/33/199,,[],[],no_subjects
3013,639626,https://digitallibrary.un.org/record/639626,A/RES/33/204,,[],[],no_subjects
3014,639627,https://digitallibrary.un.org/record/639627,A/RES/33/205[A],,[],[],no_subjects
3015,639628,https://digitallibrary.un.org/record/639628,A/RES/33/205[B],,[],[],no_subjects
3016,639629,https://digitallibrary.un.org/record/639629,A/RES/33/205[C],,[],[],no_subjects
3017,639630,https://digitallibrary.un.org/record/639630,A/RES/33/206,,[],[],no_subjects
3018,639631,https://digitallibrary.un.org/record/639631,A/RES/33/31[A],,[],[],no_subjects
3019,639632,https://digitallibrary.un.org/record/639632,A/RES/33/29,,[],[],no_subjects
3020,642010,https://digitallibrary.un.org/record/642010,A/RES/32/105[M],,[],[],no_subjects
3021,642012,https://digitallibrary.un.org/record/642012,A/RES/32/105[N],,[],[],no_subjects
3022,642019,https://digitallibrary.un.org/record/642019,A/RES/32/105[O],,[],[],no_subjects
3023,642288,https://digitallibrary.un.org/record/642288,A/RES/32/4[B-C],,[],[],no_subjects
3024,642335,https://digitallibrary.un.org/record/642335,A/RES/32/5,,[],[],no_subjects
3025,642378,https://digitallibrary.un.org/record/642378,A/RES/31/6[H],,[],[],no_subjects
3026,642393,https://digitallibrary.un.org/record/642393,A/RES/32/7,,[],[],no_subjects
3027,642624,https://digitallibrary.un.org/record/642624,A/RES/32/105[G],,[],[],no_subjects
3028,642626,https://digitallibrary.un.org/record/642626,A/RES/32/105[H],,[],[],no_subjects
3029,642628,https://digitallibrary.un.org/record/642628,A/RES/32/105[I],,[],[],no_subjects
3030,642629,https://digitallibrary.un.org/record/642629,A/RES/32/105[J],,[],[],no_subjects
3031,642630,https://digitallibrary.un.org/record/642630,A/RES/32/105[K],,[],[],no_subjects
3032,642631,https://digitallibrary.un.org/record/642631,A/RES/32/105[L],,[],[],no_subjects
3033,642633,https://digitallibrary.un.org/record/642633,A/RES/32/113,,[],[],no_subjects
3034,642634,https://digitallibrary.un.org/record/642634,A/RES/32/115,,[],[],no_subjects
3035,642635,https://digitallibrary.un.org/record/642635,A/RES/32/116[B],,[],[],no_subjects
3036,642636,https://digitallibrary.un.org/record/642636,A/RES/32/118,,[],[],no_subjects
3037,642637,https://digitallibrary.un.org/record/642637,A/RES/32/122,,[],[],no_subjects
3038,642638,https://digitallibrary.un.org/record/642638,A/RES/32/124,,[],[],no_subjects
3039,642639,https://digitallibrary.un.org/record/642639,A/RES/32/125,,[],[],no_subjects
3040,642640,https://digitallibrary.un.org/record/642640,A/RES/32/126,,[],[],no_subjects
3041,642641,https://digitallibrary.un.org/record/642641,A/RES/32/129,,[],[],no_subjects
3042,642642,https://digitallibrary.un.org/record/642642,A/RES/32/130,,[],[],no_subjects
3043,642643,https://digitallibrary.un.org/record/642643,A/RES/32/142,,[],[],no_subjects
3044,642644,https://digitallibrary.un.org/record/642644,A/RES/32/147,,[],[],no_subjects
3045,642658,https://digitallibrary.un.org/record/642658,A/RES/32/150,,[],[],no_subjects
3046,642863,https://digitallibrary.un.org/record/642863,A/RES/32/9[C],,[],[],no_subjects
3047,643248,https://digitallibrary.un.org/record/643248,A/RES/31/6[I],,[],[],no_subjects
3048,643250,https://digitallibrary.un.org/record/643250,A/RES/32/9[D],,[],[],no_subjects
3049,643251,https://digitallibrary.un.org/record/643251,A/RES/32/9[E],,[],[],no_subjects
3050,643252,https://digitallibrary.un.org/record/643252,A/RES/32/152,,[],[],no_subjects
3051,643253,https://digitallibrary.un.org/record/643253,A/RES/32/153,,[],[],no_subjects
3052,643255,https://digitallibrary.un.org/record/643255,A/RES/32/154,,[],[],no_subjects
3053,643256,https://digitallibrary.un.org/record/643256,A/RES/32/9[F],,[],[],no_subjects
3054,643257,https://digitallibrary.un.org/record/643257,A/RES/32/158,,[],[],no_subjects
3055,643258,https://digitallibrary.un.org/record/643258,A/RES/32/161,,[],[],no_subjects
3056,643259,https://digitallibrary.un.org/record/643259,A/RES/32/9[G],,[],[],no_subjects
3057,643260,https://digitallibrary.un.org/record/643260,A/RES/32/162,,[],[],no_subjects
3058,643263,https://digitallibrary.un.org/record/643263,A/RES/32/9[H],,[],[],no_subjects
3059,643264,https://digitallibrary.un.org/record/643264,A/RES/32/171,,[],[],no_subjects
3060,643265,https://digitallibrary.un.org/record/643265,A/RES/32/12,,[],[],no_subjects
3061,643269,https://digitallibrary.un.org/record/643269,A/RES/32/13,,[],[],no_subjects
3062,643271,https://digitallibrary.un.org/record/643271,A/RES/32/14,,[],[],no_subjects
3063,643273,https://digitallibrary.un.org/record/643273,A/RES/32/191,,[],[],no_subjects
3064,643274,https://digitallibrary.un.org/record/643274,A/RES/32/193,,[],[],no_subjects
3065,643275,https://digitallibrary.un.org/record/643275,A/RES/32/196[B],,[],[],no_subjects
3066,643276,https://digitallibrary.un.org/record/643276,A/RES/32/15,,[],[],no_subjects
3067,643281,https://digitallibrary.un.org/record/643281,A/RES/32/20,,[],[],no_subjects
3068,643282,https://digitallibrary.un.org/record/643282,A/RES/32/198,,[],[],no_subjects
3069,643283,https://digitallibrary.un.org/record/643283,A/RES/32/27,,[],[],no_subjects
3070,643284,https://digitallibrary.un.org/record/643284,A/RES/32/200,,[],[],no_subjects
3071,643285,https://digitallibrary.un.org/record/643285,A/RES/32/32,,[],[],no_subjects
3072,643286,https://digitallibrary.un.org/record/643286,A/RES/32/33,,[],[],no_subjects
3073,643287,https://digitallibrary.un.org/record/643287,A/RES/32/34,,[],[],no_subjects
3074,643288,https://digitallibrary.un.org/record/643288,A/RES/32/35,,[],[],no_subjects
3075,643289,https://digitallibrary.un.org/record/643289,A/RES/32/36,,[],[],no_subjects
3076,643290,https://digitallibrary.un.org/record/643290,A/RES/32/39,,[],[],no_subjects
3077,643291,https://digitallibrary.un.org/record/643291,A/RES/32/40[A],,[],[],no_subjects
3078,643292,https://digitallibrary.un.org/record/643292,A/RES/32/40[B],,[],[],no_subjects
3079,643339,https://digitallibrary.un.org/record/643339,A/RES/32/42,,[],[],no_subjects
3080,643341,https://digitallibrary.un.org/record/643341,A/RES/32/76,,[],[],no_subjects
3081,643342,https://digitallibrary.un.org/record/643342,A/RES/32/78,,[],[],no_subjects
3082,643343,https://digitallibrary.un.org/record/643343,A/RES/32/79,,[],[],no_subjects
3083,643344,https://digitallibrary.un.org/record/643344,A/RES/32/80,,[],[],no_subjects
3084,643345,https://digitallibrary.un.org/record/643345,A/RES/32/81,,[],[],no_subjects
3085,643346,https://digitallibrary.un.org/record/643346,A/RES/32/82,,[],[],no_subjects
3086,643347,https://digitallibrary.un.org/record/643347,A/RES/32/83,,[],[],no_subjects
3087,643348,https://digitallibrary.un.org/record/643348,A/RES/32/84[A],,[],[],no_subjects
3088,643349,https://digitallibrary.un.org/record/643349,A/RES/32/84[B],,[],[],no_subjects
3089,643350,https://digitallibrary.un.org/record/643350,A/RES/32/85,,[],[],no_subjects
3090,643351,https://digitallibrary.un.org/record/643351,A/RES/32/86,,[],[],no_subjects
3091,643352,https://digitallibrary.un.org/record/643352,A/RES/32/87[B],,[],[],no_subjects
3092,643353,https://digitallibrary.un.org/record/643353,A/RES/32/87[D],,[],[],no_subjects
3093,643354,https://digitallibrary.un.org/record/643354,A/RES/32/87[F],,[],[],no_subjects
3094,643355,https://digitallibrary.un.org/record/643355,A/RES/32/87[G],,[],[],no_subjects
3095,643356,https://digitallibrary.un.org/record/643356,A/RES/32/90[A],,[],[],no_subjects
3096,643357,https://digitallibrary.un.org/record/643357,A/RES/32/90[C],,[],[],no_subjects
3097,643358,https://digitallibrary.un.org/record/643358,A/RES/32/90[E],,[],[],no_subjects
3098,643359,https://digitallibrary.un.org/record/643359,A/RES/32/91[A],,[],[],no_subjects
3099,643360,https://digitallibrary.un.org/record/643360,A/RES/32/91[B],,[],[],no_subjects
3100,643361,https://digitallibrary.un.org/record/643361,A/RES/32/91[C],,[],[],no_subjects
3101,643362,https://digitallibrary.un.org/record/643362,A/RES/32/105[B],,[],[],no_subjects
3102,643363,https://digitallibrary.un.org/record/643363,A/RES/32/105[C],,[],[],no_subjects
3103,643364,https://digitallibrary.un.org/record/643364,A/RES/32/105[D],,[],[],no_subjects
3104,643365,https://digitallibrary.un.org/record/643365,A/RES/32/105[F],,[],[],no_subjects
3105,643385,https://digitallibrary.un.org/record/643385,A/RES/32/202[A],,[],[],no_subjects
3106,643386,https://digitallibrary.un.org/record/643386,A/RES/32/204,,[],[],no_subjects
3107,643387,https://digitallibrary.un.org/record/643387,A/RES/32/205,,[],[],no_subjects
3108,643388,https://digitallibrary.un.org/record/643388,A/RES/32/208,,[],[],no_subjects
3109,643389,https://digitallibrary.un.org/record/643389,A/RES/32/210,,[],[],no_subjects
3110,643390,https://digitallibrary.un.org/record/643390,A/RES/32/212[I],,[],[],no_subjects
3111,643391,https://digitallibrary.un.org/record/643391,A/RES/32/212[IV],,[],[],no_subjects
3112,643392,https://digitallibrary.un.org/record/643392,A/RES/32/213[A],,[],[],no_subjects
3113,643393,https://digitallibrary.un.org/record/643393,A/RES/32/213[C],,[],[],no_subjects
3114,643394,https://digitallibrary.un.org/record/643394,A/RES/32/214,,[],[],no_subjects
3115,643395,https://digitallibrary.un.org/record/643395,A/RES/32/215,,[],[],no_subjects
3116,643885,https://digitallibrary.un.org/record/643885,A/RES/63/7,"['CUBA', 'UNITED STATES']","['CUBA', 'UNITED STATES']",[],all_match
3117,643890,https://digitallibrary.un.org/record/643890,A/RES/63/13,"['PREPARATORY COMMISSION FOR THE COMPREHENSIVE NUCLEAR-TEST-BAN TREATY ORGANIZATION', 'UN']",[],"['PREPARATORY COMMISSION FOR THE COMPREHENSIVE NUCLEAR-TEST-BAN TREATY ORGANIZATION', 'UN']",no_match
3118,643894,https://digitallibrary.un.org/record/643894,A/RES/63/26,['PALESTINE QUESTION'],['PALESTINE QUESTION'],[],all_match
3119,643895,https://digitallibrary.un.org/record/643895,A/RES/63/27,['PALESTINE QUESTION'],['PALESTINE QUESTION'],[],all_match
3120,643897,https://digitallibrary.un.org/record/643897,A/RES/63/28,['PALESTINE QUESTION'],['PALESTINE QUESTION'],[],all_match
3121,643898,https://digitallibrary.un.org/record/643898,A/RES/63/29,['PALESTINE QUESTION'],['PALESTINE QUESTION'],[],all_match
3122,643899,https://digitallibrary.un.org/record/643899,A/RES/63/30,['MIDDLE EAST SITUATION'],['MIDDLE EAST SITUATION'],[],all_match
3123,643901,https://digitallibrary.un.org/record/643901,A/RES/63/31,['MIDDLE EAST SITUATION'],['MIDDLE EAST SITUATION'],[],all_match
3124,643902,https://digitallibrary.un.org/record/643902,A/RES/63/36,['WEAPONS OF MASS DESTRUCTION'],['WEAPONS OF MASS DESTRUCTION'],[],all_match
3125,643903,https://digitallibrary.un.org/record/643903,A/RES/63/37,"['INFORMATION', 'INTERNATIONAL SECURITY']","['INFORMATION', 'INTERNATIONAL SECURITY']",[],all_match
3126,643904,https://digitallibrary.un.org/record/643904,A/RES/63/39,"['NON-NUCLEAR-WEAPON STATES', 'SECURITY']",['NON-NUCLEAR-WEAPON STATES'],['SECURITY'],partial_match
3127,643905,https://digitallibrary.un.org/record/643905,A/RES/63/40,"['ARMS RACE', 'OUTER SPACE']","['ARMS RACE', 'OUTER SPACE']",[],all_match
3128,643906,https://digitallibrary.un.org/record/643906,A/RES/63/41,"['DISARMAMENT', 'GENERAL AND COMPLETE', 'NUCLEAR DISARMAMENT', 'NUCLEAR NON-PROLIFERATION']","['DISARMAMENT', 'NUCLEAR DISARMAMENT', 'NUCLEAR NON-PROLIFERATION']",['GENERAL AND COMPLETE'],partial_match
3129,643907,https://digitallibrary.un.org/record/643907,A/RES/63/42,"['DISARMAMENT', 'GENERAL AND COMPLETE', 'LANDMINES', 'TREATIES']","['DISARMAMENT', 'LANDMINES', 'TREATIES']",['GENERAL AND COMPLETE'],partial_match
3130,643949,https://digitallibrary.un.org/record/643949,A/RES/63/44,"['CONVENTIONAL ARMS', 'REGIONAL PROGRAMMES']",['REGIONAL PROGRAMMES'],['CONVENTIONAL ARMS'],partial_match
3131,643951,https://digitallibrary.un.org/record/643951,A/RES/63/46,['NUCLEAR DISARMAMENT'],['NUCLEAR DISARMAMENT'],[],all_match
3132,643953,https://digitallibrary.un.org/record/643953,A/RES/63/47,['NUCLEAR NON-PROLIFERATION'],['NUCLEAR NON-PROLIFERATION'],[],all_match
3133,643958,https://digitallibrary.un.org/record/643958,A/RES/63/49,"['NUCLEAR WEAPONS USE', 'UN. INTERNATIONAL COURT OF JUSTICE OPINION']",['NUCLEAR WEAPONS USE'],['UN. INTERNATIONAL COURT OF JUSTICE OPINION'],partial_match
3134,643960,https://digitallibrary.un.org/record/643960,A/RES/63/50,"['MULTILATERALISM', 'DISARMAMENT']","['MULTILATERALISM', 'DISARMAMENT']",[],all_match
3135,643981,https://digitallibrary.un.org/record/643981,A/RES/63/53,"['DISARMAMENT', 'GENERAL AND COMPLETE']",['DISARMAMENT'],['GENERAL AND COMPLETE'],partial_match
3136,643988,https://digitallibrary.un.org/record/643988,A/RES/63/54,['DEPLETED URANIUM'],['DEPLETED URANIUM'],[],all_match
3137,643997,https://digitallibrary.un.org/record/643997,A/RES/63/55,['BALLISTIC MISSILES'],['BALLISTIC MISSILES'],[],all_match
3138,643999,https://digitallibrary.un.org/record/643999,A/RES/63/58,"['NUCLEAR DISARMAMENT', 'TREATY COMPLIANCE']","['NUCLEAR DISARMAMENT', 'TREATY COMPLIANCE']",[],all_match
3139,644005,https://digitallibrary.un.org/record/644005,A/RES/63/59,"['DISARMAMENT', 'GENERAL AND COMPLETE']",['DISARMAMENT'],['GENERAL AND COMPLETE'],partial_match
3140,644046,https://digitallibrary.un.org/record/644046,A/RES/63/62,"['PEACE', 'CONVENTIONAL DISARMAMENT']","['PEACE', 'CONVENTIONAL DISARMAMENT']",[],all_match
3141,644051,https://digitallibrary.un.org/record/644051,A/RES/63/63,"['CENTRAL ASIA', 'NUCLEAR-WEAPON-FREE ZONES']","['CENTRAL ASIA', 'NUCLEAR-WEAPON-FREE ZONES']",[],all_match
3142,644054,https://digitallibrary.un.org/record/644054,A/RES/63/64,"['DISARMAMENT', 'GENERAL AND COMPLETE', 'BALLISTIC MISSILES']","['DISARMAMENT', 'BALLISTIC MISSILES']",['GENERAL AND COMPLETE'],partial_match
3143,644058,https://digitallibrary.un.org/record/644058,A/RES/63/65,"['SOUTHERN HEMISPHERE', 'NUCLEAR-WEAPON-FREE ZONES']",['NUCLEAR-WEAPON-FREE ZONES'],['SOUTHERN HEMISPHERE'],partial_match
3144,644071,https://digitallibrary.un.org/record/644071,A/RES/63/68,"['OUTER SPACE', 'CONFIDENCE-BUILDING MEASURES']","['OUTER SPACE', 'CONFIDENCE-BUILDING MEASURES']",[],all_match
3145,644152,https://digitallibrary.un.org/record/644152,A/RES/63/69,"['ARMS TRANSFERS', 'TRANSPARENCY']",['ARMS TRANSFERS'],['TRANSPARENCY'],partial_match
3146,644182,https://digitallibrary.un.org/record/644182,A/RES/63/72,"['SMALL ARMS', 'ILLICIT TRAFFIC']","['SMALL ARMS', 'ILLICIT TRAFFIC']",[],all_match
3147,644185,https://digitallibrary.un.org/record/644185,A/RES/63/73,"['DISARMAMENT', 'GENERAL AND COMPLETE']",['DISARMAMENT'],['GENERAL AND COMPLETE'],partial_match
3148,644187,https://digitallibrary.un.org/record/644187,A/RES/63/75,"['NUCLEAR WEAPONS USE', 'TREATIES']","['NUCLEAR WEAPONS USE', 'TREATIES']",[],all_match
3149,644200,https://digitallibrary.un.org/record/644200,A/RES/63/84,"['MIDDLE EAST', 'NUCLEAR PROLIFERATION']",['MIDDLE EAST'],['NUCLEAR PROLIFERATION'],partial_match
3150,644214,https://digitallibrary.un.org/record/644214,A/RES/63/87,"['NUCLEAR WEAPON TESTS', 'TREATIES']","['NUCLEAR WEAPON TESTS', 'TREATIES']",[],all_match
3151,644217,https://digitallibrary.un.org/record/644217,A/RES/63/91,"['UNRWA', 'ACTIVITIES']",['ACTIVITIES'],['UNRWA'],partial_match
3152,644218,https://digitallibrary.un.org/record/644218,A/RES/63/92,"['UNRWA', 'ACTIVITIES']",['ACTIVITIES'],['UNRWA'],partial_match
3153,644223,https://digitallibrary.un.org/record/644223,A/RES/63/94,"['UNRWA', 'ACTIVITIES']",['ACTIVITIES'],['UNRWA'],partial_match
3154,644273,https://digitallibrary.un.org/record/644273,A/RES/63/95,"['TERRITORIES OCCUPIED BY ISRAEL', 'HUMAN RIGHTS', 'REPORTS']","['TERRITORIES OCCUPIED BY ISRAEL', 'HUMAN RIGHTS']",['REPORTS'],partial_match
3155,644277,https://digitallibrary.un.org/record/644277,A/RES/63/93,"['UNRWA', 'ACTIVITIES']",['ACTIVITIES'],['UNRWA'],partial_match
3156,644280,https://digitallibrary.un.org/record/644280,A/RES/63/96,"['TERRITORIES OCCUPIED BY ISRAEL', 'HUMAN RIGHTS', 'REPORTS']","['TERRITORIES OCCUPIED BY ISRAEL', 'HUMAN RIGHTS']",['REPORTS'],partial_match
3157,644287,https://digitallibrary.un.org/record/644287,A/RES/63/97,"['TERRITORIES OCCUPIED BY ISRAEL', 'HUMAN RIGHTS', 'REPORTS']","['TERRITORIES OCCUPIED BY ISRAEL', 'HUMAN RIGHTS']",['REPORTS'],partial_match
3158,644294,https://digitallibrary.un.org/record/644294,A/RES/63/98,"['TERRITORIES OCCUPIED BY ISRAEL', 'HUMAN RIGHTS', 'REPORTS']","['TERRITORIES OCCUPIED BY ISRAEL', 'HUMAN RIGHTS']",['REPORTS'],partial_match
3159,644298,https://digitallibrary.un.org/record/644298,A/RES/63/99,"['TERRITORIES OCCUPIED BY ISRAEL', 'HUMAN RIGHTS', 'REPORTS']","['TERRITORIES OCCUPIED BY ISRAEL', 'HUMAN RIGHTS']",['REPORTS'],partial_match
3160,644299,https://digitallibrary.un.org/record/644299,A/RES/63/101,"['NON-SELF-GOVERNING TERRITORIES', 'REPORTS']",['NON-SELF-GOVERNING TERRITORIES'],['REPORTS'],partial_match
3161,644300,https://digitallibrary.un.org/record/644300,A/RES/63/102,"['NON-SELF-GOVERNING TERRITORIES', 'ECONOMIC INTERESTS']",['NON-SELF-GOVERNING TERRITORIES'],['ECONOMIC INTERESTS'],partial_match
3162,644301,https://digitallibrary.un.org/record/644301,A/RES/63/103,"['DECOLONIZATION', 'UN SYSTEM']",['DECOLONIZATION'],['UN SYSTEM'],partial_match
3163,644310,https://digitallibrary.un.org/record/644310,A/RES/63/109,['DECOLONIZATION'],['DECOLONIZATION'],[],all_match
3164,644311,https://digitallibrary.un.org/record/644311,A/RES/63/110,['DECOLONIZATION'],['DECOLONIZATION'],[],all_match
3165,644312,https://digitallibrary.un.org/record/644312,A/RES/63/111,['LAW OF THE SEA'],['LAW OF THE SEA'],[],all_match
3166,644480,https://digitallibrary.un.org/record/644480,A/RES/63/160,"['UN. HUMAN RIGHTS COUNCIL', 'REPORTS']",[],"['UN. HUMAN RIGHTS COUNCIL', 'REPORTS']",no_match
3167,644498,https://digitallibrary.un.org/record/644498,A/RES/63/162,"['RACIAL DISCRIMINATION', 'ELIMINATION']",['RACIAL DISCRIMINATION'],['ELIMINATION'],partial_match
3168,644534,https://digitallibrary.un.org/record/644534,A/RES/63/164,"['SELF-DETERMINATION OF PEOPLES', 'MERCENARIES']","['SELF-DETERMINATION OF PEOPLES', 'MERCENARIES']",[],all_match
3169,644535,https://digitallibrary.un.org/record/644535,A/RES/63/165,['SELF-DETERMINATION OF PEOPLES'],['SELF-DETERMINATION OF PEOPLES'],[],all_match
3170,644536,https://digitallibrary.un.org/record/644536,A/RES/63/167,"['HUMAN RIGHTS', 'INTERNATIONAL INSTRUMENTS', 'HUMAN RIGHTS ADVANCEMENT']","['HUMAN RIGHTS', 'INTERNATIONAL INSTRUMENTS', 'HUMAN RIGHTS ADVANCEMENT']",[],all_match
3171,644537,https://digitallibrary.un.org/record/644537,A/RES/63/168,"['HUMAN RIGHTS ADVANCEMENT', 'CAPITAL PUNISHMENT']","['HUMAN RIGHTS ADVANCEMENT', 'CAPITAL PUNISHMENT']",[],all_match
3172,644538,https://digitallibrary.un.org/record/644538,A/RES/63/171,['HUMAN RIGHTS ADVANCEMENT'],['HUMAN RIGHTS ADVANCEMENT'],[],all_match
3173,644553,https://digitallibrary.un.org/record/644553,A/RES/63/176,"['HUMAN RIGHTS ADVANCEMENT', 'GLOBALIZATION', 'HUMAN RIGHTS']","['HUMAN RIGHTS ADVANCEMENT', 'GLOBALIZATION', 'HUMAN RIGHTS']",[],all_match
3174,644555,https://digitallibrary.un.org/record/644555,A/RES/63/178,"['HUMAN RIGHTS ADVANCEMENT', 'RIGHT TO DEVELOPMENT']","['HUMAN RIGHTS ADVANCEMENT', 'RIGHT TO DEVELOPMENT']",[],all_match
3175,644557,https://digitallibrary.un.org/record/644557,A/RES/63/179,"['HUMAN RIGHTS ADVANCEMENT', 'SANCTIONS', 'INTERNATIONAL RELATIONS']","['HUMAN RIGHTS ADVANCEMENT', 'SANCTIONS', 'INTERNATIONAL RELATIONS']",[],all_match
3176,644560,https://digitallibrary.un.org/record/644560,A/RES/63/182,"['HUMAN RIGHTS ADVANCEMENT', 'SUMMARY EXECUTIONS']","['HUMAN RIGHTS ADVANCEMENT', 'SUMMARY EXECUTIONS']",[],all_match
3177,644567,https://digitallibrary.un.org/record/644567,A/RES/63/187,"['HUMAN RIGHTS ADVANCEMENT', 'RIGHT TO FOOD']","['HUMAN RIGHTS ADVANCEMENT', 'RIGHT TO FOOD']",[],all_match
3178,644568,https://digitallibrary.un.org/record/644568,A/RES/63/188,"['HUMAN RIGHTS ADVANCEMENT', 'FREEDOM OF MOVEMENT', 'FAMILY REUNIFICATION']","['HUMAN RIGHTS ADVANCEMENT', 'FREEDOM OF MOVEMENT', 'FAMILY REUNIFICATION']",[],all_match
3179,644569,https://digitallibrary.un.org/record/644569,A/RES/63/189,['HUMAN RIGHTS ADVANCEMENT'],['HUMAN RIGHTS ADVANCEMENT'],[],all_match
3180,644571,https://digitallibrary.un.org/record/644571,A/RES/63/190,"['HUMAN RIGHTS', 'REPORTS', 'HUMAN RIGHTS', ""DEMOCRATIC PEOPLE'S REPUBLIC OF KOREA""]","['HUMAN RIGHTS', 'HUMAN RIGHTS', ""DEMOCRATIC PEOPLE'S REPUBLIC OF KOREA""]",['REPORTS'],partial_match
3181,644572,https://digitallibrary.un.org/record/644572,A/RES/63/191,"['HUMAN RIGHTS', 'REPORTS', 'HUMAN RIGHTS', 'IRAN (ISLAMIC REPUBLIC OF)']","['HUMAN RIGHTS', 'HUMAN RIGHTS', 'IRAN (ISLAMIC REPUBLIC OF)']",['REPORTS'],partial_match
3182,644683,https://digitallibrary.un.org/record/644683,A/RES/63/201,"['TERRITORIES OCCUPIED BY ISRAEL', 'NATURAL RESOURCES']","['TERRITORIES OCCUPIED BY ISRAEL', 'NATURAL RESOURCES']",[],all_match
3183,644732,https://digitallibrary.un.org/record/644732,A/RES/63/211,['SUSTAINABLE DEVELOPMENT'],['SUSTAINABLE DEVELOPMENT'],[],all_match
3184,644738,https://digitallibrary.un.org/record/644738,A/RES/63/224,"['GLOBALIZATION', 'UN']",['GLOBALIZATION'],['UN'],partial_match
3185,644763,https://digitallibrary.un.org/record/644763,A/RES/63/240,"['DISARMAMENT', 'GENERAL AND COMPLETE', 'ARMS TRANSFERS', 'TRANSPARENCY']","['DISARMAMENT', 'ARMS TRANSFERS']","['GENERAL AND COMPLETE', 'TRANSPARENCY']",partial_match
3186,644764,https://digitallibrary.un.org/record/644764,A/RES/63/241,['RIGHTS OF THE CHILD'],['RIGHTS OF THE CHILD'],[],all_match
3187,644765,https://digitallibrary.un.org/record/644765,A/RES/63/242,"['RACIAL DISCRIMINATION', 'RACIAL DISCRIMINATION', 'PROGRAMMES OF ACTION']","['RACIAL DISCRIMINATION', 'RACIAL DISCRIMINATION', 'PROGRAMMES OF ACTION']",[],all_match
3188,644767,https://digitallibrary.un.org/record/644767,A/RES/63/245,"['HUMAN RIGHTS', 'REPORTS']",['HUMAN RIGHTS'],['REPORTS'],partial_match
3189,644975,https://digitallibrary.un.org/record/644975,A/RES/31/110,,[],[],no_subjects
3190,646023,https://digitallibrary.un.org/record/646023,A/RES/61/128[B-I],"['DECOLONIZATION', 'AMERICAN SAMOA QUESTION']","['DECOLONIZATION', 'AMERICAN SAMOA QUESTION']",[],all_match
3191,646047,https://digitallibrary.un.org/record/646047,A/RES/61/128[B-II],"['DECOLONIZATION', 'ANGUILLA QUESTION']","['DECOLONIZATION', 'ANGUILLA QUESTION']",[],all_match
3192,646049,https://digitallibrary.un.org/record/646049,A/RES/61/128[B-III],"['DECOLONIZATION', 'BERMUDA QUESTION']","['DECOLONIZATION', 'BERMUDA QUESTION']",[],all_match
3193,646050,https://digitallibrary.un.org/record/646050,A/RES/61/128[B-IV],"['DECOLONIZATION', 'BRITISH VIRGIN ISLANDS QUESTION']","['DECOLONIZATION', 'BRITISH VIRGIN ISLANDS QUESTION']",[],all_match
3194,646051,https://digitallibrary.un.org/record/646051,A/RES/61/128[B-V],"['DECOLONIZATION', 'CAYMAN ISLANDS QUESTION']","['DECOLONIZATION', 'CAYMAN ISLANDS QUESTION']",[],all_match
3195,646052,https://digitallibrary.un.org/record/646052,A/RES/61/128[B-VI],"['DECOLONIZATION', 'GUAM QUESTION']","['DECOLONIZATION', 'GUAM QUESTION']",[],all_match
3196,646053,https://digitallibrary.un.org/record/646053,A/RES/61/128[B-VII],"['DECOLONIZATION', 'MONTSERRAT QUESTION']","['DECOLONIZATION', 'MONTSERRAT QUESTION']",[],all_match
3197,646054,https://digitallibrary.un.org/record/646054,A/RES/61/128[B-VIII],"['DECOLONIZATION', 'PITCAIRN QUESTION']","['DECOLONIZATION', 'PITCAIRN QUESTION']",[],all_match
3198,646055,https://digitallibrary.un.org/record/646055,A/RES/61/128[B-X],"['DECOLONIZATION', 'TURKS AND CAICOS ISLANDS QUESTION']","['DECOLONIZATION', 'TURKS AND CAICOS ISLANDS QUESTION']",[],all_match
3199,646058,https://digitallibrary.un.org/record/646058,A/RES/61/128[B-IX],"['DECOLONIZATION', 'SAINT HELENA QUESTION']","['DECOLONIZATION', 'SAINT HELENA QUESTION']",[],all_match
3200,646059,https://digitallibrary.un.org/record/646059,A/RES/61/128[B-XI],"['DECOLONIZATION', 'UNITED STATES VIRGIN ISLANDS']","['DECOLONIZATION', 'UNITED STATES VIRGIN ISLANDS']",[],all_match
3201,646737,https://digitallibrary.un.org/record/646737,A/RES/3525(XXX)[A],,[],[],no_subjects
3202,647344,https://digitallibrary.un.org/record/647344,A/RES/31/5[D],,[],[],no_subjects
3203,647345,https://digitallibrary.un.org/record/647345,A/RES/31/5[C],,[],[],no_subjects
3204,647573,https://digitallibrary.un.org/record/647573,A/RES/31/6[J],,[],[],no_subjects
3205,648892,https://digitallibrary.un.org/record/648892,A/RES/31/6[D],,[],[],no_subjects
3206,648894,https://digitallibrary.un.org/record/648894,A/RES/31/6[K],,[],[],no_subjects
3207,648896,https://digitallibrary.un.org/record/648896,A/RES/31/6[F],,[],[],no_subjects
3208,648897,https://digitallibrary.un.org/record/648897,A/RES/31/6[G],,[],[],no_subjects
3209,648900,https://digitallibrary.un.org/record/648900,A/RES/31/6[A],,[],[],no_subjects
3210,648901,https://digitallibrary.un.org/record/648901,A/RES/31/6[E],,[],[],no_subjects
3211,649009,https://digitallibrary.un.org/record/649009,A/RES/31/7,,[],[],no_subjects
3212,649011,https://digitallibrary.un.org/record/649011,A/RES/31/9,,[],[],no_subjects
3213,649012,https://digitallibrary.un.org/record/649012,A/RES/31/12,,[],[],no_subjects
3214,649014,https://digitallibrary.un.org/record/649014,A/RES/31/14,,[],[],no_subjects
3215,649016,https://digitallibrary.un.org/record/649016,A/RES/31/15[D],,[],[],no_subjects
3216,649017,https://digitallibrary.un.org/record/649017,A/RES/31/15[E],,[],[],no_subjects
3217,649018,https://digitallibrary.un.org/record/649018,A/RES/31/20,,[],[],no_subjects
3218,649019,https://digitallibrary.un.org/record/649019,A/RES/31/21,,[],[],no_subjects
3219,649023,https://digitallibrary.un.org/record/649023,A/RES/31/29,,[],[],no_subjects
3220,649024,https://digitallibrary.un.org/record/649024,A/RES/31/30,,[],[],no_subjects
3221,649025,https://digitallibrary.un.org/record/649025,A/RES/31/33,,[],[],no_subjects
3222,649026,https://digitallibrary.un.org/record/649026,A/RES/31/34,,[],[],no_subjects
3223,649324,https://digitallibrary.un.org/record/649324,A/RES/31/44,,[],[],no_subjects
3224,649325,https://digitallibrary.un.org/record/649325,A/RES/31/49,,[],[],no_subjects
3225,649326,https://digitallibrary.un.org/record/649326,A/RES/31/50,,[],[],no_subjects
3226,649327,https://digitallibrary.un.org/record/649327,A/RES/31/53,,[],[],no_subjects
3227,649328,https://digitallibrary.un.org/record/649328,A/RES/31/56,,[],[],no_subjects
3228,649329,https://digitallibrary.un.org/record/649329,A/RES/31/58,,[],[],no_subjects
3229,649330,https://digitallibrary.un.org/record/649330,A/RES/31/59,,[],[],no_subjects
3230,649331,https://digitallibrary.un.org/record/649331,A/RES/31/61,,[],[],no_subjects
3231,649332,https://digitallibrary.un.org/record/649332,A/RES/31/62,,[],[],no_subjects
3232,649333,https://digitallibrary.un.org/record/649333,A/RES/31/66,,[],[],no_subjects
3233,649684,https://digitallibrary.un.org/record/649684,A/RES/31/67,,[],[],no_subjects
3234,649686,https://digitallibrary.un.org/record/649686,A/RES/31/70,,[],[],no_subjects
3235,649687,https://digitallibrary.un.org/record/649687,A/RES/31/71,,[],[],no_subjects
3236,649688,https://digitallibrary.un.org/record/649688,A/RES/31/72,,[],[],no_subjects
3237,649689,https://digitallibrary.un.org/record/649689,A/RES/31/73,,[],[],no_subjects
3238,649690,https://digitallibrary.un.org/record/649690,A/RES/31/74,,[],[],no_subjects
3239,649691,https://digitallibrary.un.org/record/649691,A/RES/31/75,,[],[],no_subjects
3240,649692,https://digitallibrary.un.org/record/649692,A/RES/31/76,,[],[],no_subjects
3241,649693,https://digitallibrary.un.org/record/649693,A/RES/31/77,,[],[],no_subjects
3242,649694,https://digitallibrary.un.org/record/649694,A/RES/31/78,,[],[],no_subjects
3243,649695,https://digitallibrary.un.org/record/649695,A/RES/31/80,,[],[],no_subjects
3244,649696,https://digitallibrary.un.org/record/649696,A/RES/31/84,,[],[],no_subjects
3245,649698,https://digitallibrary.un.org/record/649698,A/RES/31/87,,[],[],no_subjects
3246,649699,https://digitallibrary.un.org/record/649699,A/RES/31/88,,[],[],no_subjects
3247,649700,https://digitallibrary.un.org/record/649700,A/RES/31/89,,[],[],no_subjects
3248,649702,https://digitallibrary.un.org/record/649702,A/RES/31/91,,[],[],no_subjects
3249,649703,https://digitallibrary.un.org/record/649703,A/RES/31/92,,[],[],no_subjects
3250,649704,https://digitallibrary.un.org/record/649704,A/RES/31/95[A],,[],[],no_subjects
3251,649708,https://digitallibrary.un.org/record/649708,A/RES/31/106[C],,[],[],no_subjects
3252,649710,https://digitallibrary.un.org/record/649710,A/RES/31/106[A],,[],[],no_subjects
3253,649732,https://digitallibrary.un.org/record/649732,A/RES/31/106[B],,[],[],no_subjects
3254,649747,https://digitallibrary.un.org/record/649747,A/RES/31/106[D],,[],[],no_subjects
3255,649748,https://digitallibrary.un.org/record/649748,A/RES/31/124,,[],[],no_subjects
3256,649756,https://digitallibrary.un.org/record/649756,A/RES/31/128,,[],[],no_subjects
3257,649758,https://digitallibrary.un.org/record/649758,A/RES/31/141[A],,[],[],no_subjects
3258,649760,https://digitallibrary.un.org/record/649760,A/RES/31/143,,[],[],no_subjects
3259,649761,https://digitallibrary.un.org/record/649761,A/RES/31/144,,[],[],no_subjects
3260,649762,https://digitallibrary.un.org/record/649762,A/RES/31/146,,[],[],no_subjects
3261,649764,https://digitallibrary.un.org/record/649764,A/RES/31/147,,[],[],no_subjects
3262,649909,https://digitallibrary.un.org/record/649909,A/RES/31/148,,[],[],no_subjects
3263,649910,https://digitallibrary.un.org/record/649910,A/RES/31/149,,[],[],no_subjects
3264,649913,https://digitallibrary.un.org/record/649913,A/RES/31/150,,[],[],no_subjects
3265,649914,https://digitallibrary.un.org/record/649914,A/RES/31/152,,[],[],no_subjects
3266,649915,https://digitallibrary.un.org/record/649915,A/RES/31/154[B],,[],[],no_subjects
3267,649916,https://digitallibrary.un.org/record/649916,A/RES/31/157,,[],[],no_subjects
3268,649917,https://digitallibrary.un.org/record/649917,A/RES/31/158,,[],[],no_subjects
3269,649918,https://digitallibrary.un.org/record/649918,A/RES/31/163,,[],[],no_subjects
3270,649919,https://digitallibrary.un.org/record/649919,A/RES/31/174,,[],[],no_subjects
3271,649920,https://digitallibrary.un.org/record/649920,A/RES/31/177,,[],[],no_subjects
3272,649921,https://digitallibrary.un.org/record/649921,A/RES/31/178,,[],[],no_subjects
3273,649922,https://digitallibrary.un.org/record/649922,A/RES/31/186,,[],[],no_subjects
3274,649923,https://digitallibrary.un.org/record/649923,A/RES/31/189[D],,[],[],no_subjects
3275,649924,https://digitallibrary.un.org/record/649924,A/RES/31/189[A],,[],[],no_subjects
3276,649925,https://digitallibrary.un.org/record/649925,A/RES/31/189[C],,[],[],no_subjects
3277,649926,https://digitallibrary.un.org/record/649926,A/RES/31/195,,[],[],no_subjects
3278,649927,https://digitallibrary.un.org/record/649927,A/RES/31/141[B],,[],[],no_subjects
3279,649994,https://digitallibrary.un.org/record/649994,A/RES/31/197,,[],[],no_subjects
3280,649999,https://digitallibrary.un.org/record/649999,A/RES/31/204,,[],[],no_subjects
3281,650000,https://digitallibrary.un.org/record/650000,A/RES/31/206,,[],[],no_subjects
3282,650001,https://digitallibrary.un.org/record/650001,A/RES/31/207[A],,[],[],no_subjects
3283,650002,https://digitallibrary.un.org/record/650002,A/RES/31/207[C],,[],[],no_subjects
3284,650003,https://digitallibrary.un.org/record/650003,A/RES/31/207[B],,[],[],no_subjects
3285,650004,https://digitallibrary.un.org/record/650004,A/RES/31/208[I],,[],[],no_subjects
3286,650007,https://digitallibrary.un.org/record/650007,A/RES/31/208[III],,[],[],no_subjects
3287,650087,https://digitallibrary.un.org/record/650087,A/RES/3466(XXX),,[],[],no_subjects
3288,650088,https://digitallibrary.un.org/record/650088,A/RES/3467(XXX),,[],[],no_subjects
3289,650089,https://digitallibrary.un.org/record/650089,A/RES/3468(XXX),,[],[],no_subjects
3290,650090,https://digitallibrary.un.org/record/650090,A/RES/3471(XXX),,[],[],no_subjects
3291,650091,https://digitallibrary.un.org/record/650091,A/RES/3472(XXX)[A],,[],[],no_subjects
3292,650092,https://digitallibrary.un.org/record/650092,A/RES/3472(XXX)[B],,[],[],no_subjects
3293,650093,https://digitallibrary.un.org/record/650093,A/RES/3473(XXX),,[],[],no_subjects
3294,650094,https://digitallibrary.un.org/record/650094,A/RES/3474(XXX),,[],[],no_subjects
3295,650095,https://digitallibrary.un.org/record/650095,A/RES/3477(XXX),,[],[],no_subjects
3296,650096,https://digitallibrary.un.org/record/650096,A/RES/3478(XXX),,[],[],no_subjects
3297,650097,https://digitallibrary.un.org/record/650097,A/RES/3479(XXX),,[],[],no_subjects
3298,650098,https://digitallibrary.un.org/record/650098,A/RES/3480(XXX),,[],[],no_subjects
3299,650100,https://digitallibrary.un.org/record/650100,A/RES/3481(XXX),,[],[],no_subjects
3300,650101,https://digitallibrary.un.org/record/650101,A/RES/3482(XXX),,[],[],no_subjects
3301,650102,https://digitallibrary.un.org/record/650102,A/RES/3484(XXX)[A],,[],[],no_subjects
3302,650104,https://digitallibrary.un.org/record/650104,A/RES/3484(XXX)[B],,[],[],no_subjects
3303,650105,https://digitallibrary.un.org/record/650105,A/RES/3484(XXX)[C],,[],[],no_subjects
3304,650106,https://digitallibrary.un.org/record/650106,A/RES/3484(XXX)[D],,[],[],no_subjects
3305,650108,https://digitallibrary.un.org/record/650108,A/RES/3484(XXX)[E],,[],[],no_subjects
3306,650109,https://digitallibrary.un.org/record/650109,A/RES/3485(XXX),,[],[],no_subjects
3307,650111,https://digitallibrary.un.org/record/650111,A/RES/3486(XXX),,[],[],no_subjects
3308,650121,https://digitallibrary.un.org/record/650121,A/RES/3516(XXX),,[],[],no_subjects
3309,650123,https://digitallibrary.un.org/record/650123,A/RES/3519(XXX),,[],[],no_subjects
3310,650124,https://digitallibrary.un.org/record/650124,A/RES/3520(XXX),,[],[],no_subjects
3311,650125,https://digitallibrary.un.org/record/650125,A/RES/3521(XXX),,[],[],no_subjects
3312,650127,https://digitallibrary.un.org/record/650127,A/RES/3525(XXX)[B],,[],[],no_subjects
3313,650128,https://digitallibrary.un.org/record/650128,A/RES/3525(XXX)[C],,[],[],no_subjects
3314,650129,https://digitallibrary.un.org/record/650129,A/RES/3525(XXX)[D],,[],[],no_subjects
3315,650133,https://digitallibrary.un.org/record/650133,A/RES/3532(XXX),,[],[],no_subjects
3316,650134,https://digitallibrary.un.org/record/650134,A/RES/3533(XXX),,[],[],no_subjects
3317,650135,https://digitallibrary.un.org/record/650135,A/RES/3535(XXX),,[],[],no_subjects
3318,650136,https://digitallibrary.un.org/record/650136,A/RES/3537(XXX)[A],,[],[],no_subjects
3319,650137,https://digitallibrary.un.org/record/650137,A/RES/3537(XXX)[B],,[],[],no_subjects
3320,650138,https://digitallibrary.un.org/record/650138,A/RES/3538(XXX),,[],[],no_subjects
3321,650139,https://digitallibrary.un.org/record/650139,A/RES/3539(XXX)[A-C],,[],[],no_subjects
3322,650140,https://digitallibrary.un.org/record/650140,A/RES/3539(XXX)[A],,[],[],no_subjects
3323,650141,https://digitallibrary.un.org/record/650141,A/RES/3539(XXX)[C],,[],[],no_subjects
3324,650142,https://digitallibrary.un.org/record/650142,A/RES/3540(XXX),,[],[],no_subjects
3325,650143,https://digitallibrary.un.org/record/650143,A/RES/3541(XXX),,[],[],no_subjects
3326,650276,https://digitallibrary.un.org/record/650276,A/RES/3377(XXX),,[],[],no_subjects
3327,650278,https://digitallibrary.un.org/record/650278,A/RES/3375(XXX),,[],[],no_subjects
3328,650279,https://digitallibrary.un.org/record/650279,A/RES/3376(XXX),,[],[],no_subjects
3329,650280,https://digitallibrary.un.org/record/650280,A/RES/3374(XXX)[B],,[],[],no_subjects
3330,650323,https://digitallibrary.un.org/record/650323,A/RES/3378(XXX),,[],[],no_subjects
3331,650324,https://digitallibrary.un.org/record/650324,A/RES/3379(XXX),,[],[],no_subjects
3332,650332,https://digitallibrary.un.org/record/650332,A/RES/3383(XXX),,[],[],no_subjects
3333,650334,https://digitallibrary.un.org/record/650334,A/RES/3389(XXX),,[],[],no_subjects
3334,650335,https://digitallibrary.un.org/record/650335,A/RES/3390(XXX)[A],,[],[],no_subjects
3335,650336,https://digitallibrary.un.org/record/650336,A/RES/3390(XXX)[B],,[],[],no_subjects
3336,650339,https://digitallibrary.un.org/record/650339,A/RES/3395(XXX),,[],[],no_subjects
3337,650341,https://digitallibrary.un.org/record/650341,A/RES/3397(XXX),,[],[],no_subjects
3338,650342,https://digitallibrary.un.org/record/650342,A/RES/3398(XXX),,[],[],no_subjects
3339,650346,https://digitallibrary.un.org/record/650346,A/RES/3411(XXX)[C],,[],[],no_subjects
3340,650375,https://digitallibrary.un.org/record/650375,A/RES/3411(XXX)[D],,[],[],no_subjects
3341,650376,https://digitallibrary.un.org/record/650376,A/RES/3411(XXX)[F],,[],[],no_subjects
3342,650377,https://digitallibrary.un.org/record/650377,A/RES/3411(XXX)[G],,[],[],no_subjects
3343,650379,https://digitallibrary.un.org/record/650379,A/RES/3414(XXX),,[],[],no_subjects
3344,650397,https://digitallibrary.un.org/record/650397,A/RES/3419(XXX)[B],,[],[],no_subjects
3345,650398,https://digitallibrary.un.org/record/650398,A/RES/3419(XXX)[C],,[],[],no_subjects
3346,650399,https://digitallibrary.un.org/record/650399,A/RES/3420(XXX),,[],[],no_subjects
3347,650427,https://digitallibrary.un.org/record/650427,A/RES/3421(XXX),,[],[],no_subjects
3348,650428,https://digitallibrary.un.org/record/650428,A/RES/3424(XXX),,[],[],no_subjects
3349,650429,https://digitallibrary.un.org/record/650429,A/RES/3429(XXX),,[],[],no_subjects
3350,650430,https://digitallibrary.un.org/record/650430,A/RES/3432(XXX),,[],[],no_subjects
3351,650431,https://digitallibrary.un.org/record/650431,A/RES/3433(XXX),,[],[],no_subjects
3352,650466,https://digitallibrary.un.org/record/650466,A/RES/3448(XXX),,[],[],no_subjects
3353,650468,https://digitallibrary.un.org/record/650468,A/RES/3450(XXX),,[],[],no_subjects
3354,650469,https://digitallibrary.un.org/record/650469,A/RES/3451(XXX),,[],[],no_subjects
3355,650470,https://digitallibrary.un.org/record/650470,A/RES/3458(XXX)[A],,[],[],no_subjects
3356,650471,https://digitallibrary.un.org/record/650471,A/RES/3458(XXX)[B],,[],[],no_subjects
3357,650472,https://digitallibrary.un.org/record/650472,A/RES/3463(XXX),,[],[],no_subjects
3358,650815,https://digitallibrary.un.org/record/650815,A/RES/3206(XXIX),,[],[],no_subjects
3359,650861,https://digitallibrary.un.org/record/650861,A/RES/3207(XXIX),,[],[],no_subjects
3360,650876,https://digitallibrary.un.org/record/650876,A/RES/3210(XXIX),,[],[],no_subjects
3361,650963,https://digitallibrary.un.org/record/650963,A/RES/3212(XXIX),,[],[],no_subjects
3362,650964,https://digitallibrary.un.org/record/650964,A/RES/3213(XXIX),,[],[],no_subjects
3363,650968,https://digitallibrary.un.org/record/650968,A/RES/3273(XXIX),,[],[],no_subjects
3364,650989,https://digitallibrary.un.org/record/650989,A/RES/3281(XXIX),,[],[],no_subjects
3365,650990,https://digitallibrary.un.org/record/650990,A/RES/3283(XXIX),,[],[],no_subjects
3366,651000,https://digitallibrary.un.org/record/651000,A/RES/3228(XXIX),,[],[],no_subjects
3367,651003,https://digitallibrary.un.org/record/651003,A/RES/3219(XXIX),,[],[],no_subjects
3368,651005,https://digitallibrary.un.org/record/651005,A/RES/3236(XXIX),,[],[],no_subjects
3369,651006,https://digitallibrary.un.org/record/651006,A/RES/3237(XXIX),,[],[],no_subjects
3370,651012,https://digitallibrary.un.org/record/651012,A/RES/3238(XXIX),,[],[],no_subjects
3371,651013,https://digitallibrary.un.org/record/651013,A/RES/2978(XXVII),,[],[],no_subjects
3372,651015,https://digitallibrary.un.org/record/651015,A/RES/3240(XXIX)[B],,[],[],no_subjects
3373,651016,https://digitallibrary.un.org/record/651016,A/RES/3240(XXIX)[C],,[],[],no_subjects
3374,651017,https://digitallibrary.un.org/record/651017,A/RES/3246(XXIX),,[],[],no_subjects
3375,651018,https://digitallibrary.un.org/record/651018,A/RES/3254(XXIX),,[],[],no_subjects
3376,651020,https://digitallibrary.un.org/record/651020,A/RES/3255(XXIX)[A],,[],[],no_subjects
3377,651022,https://digitallibrary.un.org/record/651022,A/RES/3255(XXIX)[B],,[],[],no_subjects
3378,651025,https://digitallibrary.un.org/record/651025,A/RES/3289(XXIX),,[],[],no_subjects
3379,651026,https://digitallibrary.un.org/record/651026,A/RES/3290(XXIX),,[],[],no_subjects
3380,651029,https://digitallibrary.un.org/record/651029,A/RES/3292(XXIX),,[],[],no_subjects
3381,651030,https://digitallibrary.un.org/record/651030,A/RES/3293(XXIX),,[],[],no_subjects
3382,651031,https://digitallibrary.un.org/record/651031,A/RES/3295(XXIX),,[],[],no_subjects
3383,651032,https://digitallibrary.un.org/record/651032,A/RES/3297(XXIX),,[],[],no_subjects
3384,651033,https://digitallibrary.un.org/record/651033,A/RES/3298(XXIX),,[],[],no_subjects
3385,651034,https://digitallibrary.un.org/record/651034,A/RES/3299(XXIX),,[],[],no_subjects
3386,651038,https://digitallibrary.un.org/record/651038,A/RES/3324(XXIX)[B],,[],[],no_subjects
3387,651039,https://digitallibrary.un.org/record/651039,A/RES/3324(XXIX)[C],,[],[],no_subjects
3388,651040,https://digitallibrary.un.org/record/651040,A/RES/3324(XXIX)[D],,[],[],no_subjects
3389,651042,https://digitallibrary.un.org/record/651042,A/RES/3324(XXIX)[E],,[],[],no_subjects
3390,651045,https://digitallibrary.un.org/record/651045,A/RES/3327(XXIX),,[],[],no_subjects
3391,651046,https://digitallibrary.un.org/record/651046,A/RES/3328(XXIX),,[],[],no_subjects
3392,651047,https://digitallibrary.un.org/record/651047,A/RES/3329(XXIX),,[],[],no_subjects
3393,651048,https://digitallibrary.un.org/record/651048,A/RES/3331(XXIX)[A],,[],[],no_subjects
3394,651049,https://digitallibrary.un.org/record/651049,A/RES/3331(XXIX)[D],,[],[],no_subjects
3395,651050,https://digitallibrary.un.org/record/651050,A/RES/3332(XXIX),,[],[],no_subjects
3396,651051,https://digitallibrary.un.org/record/651051,A/RES/3333(XXIX),,[],[],no_subjects
3397,651053,https://digitallibrary.un.org/record/651053,A/RES/3336(XXIX),,[],[],no_subjects
3398,651056,https://digitallibrary.un.org/record/651056,A/RES/2979(XXVII),,[],[],no_subjects
3399,651057,https://digitallibrary.un.org/record/651057,A/RES/3257(XXIX),,[],[],no_subjects
3400,651058,https://digitallibrary.un.org/record/651058,A/RES/3258(XXIX),,[],[],no_subjects
3401,651059,https://digitallibrary.un.org/record/651059,A/RES/3259(XXIX)[A],,[],[],no_subjects
3402,651060,https://digitallibrary.un.org/record/651060,A/RES/3261(XXIX)[C],,[],[],no_subjects
3403,651061,https://digitallibrary.un.org/record/651061,A/RES/3261(XXIX)[D],,[],[],no_subjects
3404,651062,https://digitallibrary.un.org/record/651062,A/RES/3261(XXIX)[E],,[],[],no_subjects
3405,651096,https://digitallibrary.un.org/record/651096,A/RES/3349(XXIX),,[],[],no_subjects
3406,651100,https://digitallibrary.un.org/record/651100,A/RES/3358(XXIX)[A],,[],[],no_subjects
3407,651101,https://digitallibrary.un.org/record/651101,A/RES/3359(XXIX)[A],,[],[],no_subjects
3408,651175,https://digitallibrary.un.org/record/651175,A/RES/3262(XXIX),,[],[],no_subjects
3409,651176,https://digitallibrary.un.org/record/651176,A/RES/3263(XXIX),,[],[],no_subjects
3410,651193,https://digitallibrary.un.org/record/651193,A/RES/3264(XXIX),,[],[],no_subjects
3411,651195,https://digitallibrary.un.org/record/651195,A/RES/3265(XXIX)[A],,[],[],no_subjects
3412,651196,https://digitallibrary.un.org/record/651196,A/RES/3265(XXIX)[B],,[],[],no_subjects
3413,652180,https://digitallibrary.un.org/record/652180,A/RES/3148(XXVIII),,[],[],no_subjects
3414,652181,https://digitallibrary.un.org/record/652181,A/RES/3149(XXVIII),,[],[],no_subjects
3415,652182,https://digitallibrary.un.org/record/652182,A/RES/3150(XXVIII),,[],[],no_subjects
3416,652183,https://digitallibrary.un.org/record/652183,A/RES/3151(XXVIII)[A],,[],[],no_subjects
3417,652184,https://digitallibrary.un.org/record/652184,A/RES/3151(XXVIII)[B],,[],[],no_subjects
3418,652185,https://digitallibrary.un.org/record/652185,A/RES/3151(XXVIII)[C],,[],[],no_subjects
3419,652186,https://digitallibrary.un.org/record/652186,A/RES/3151(XXVIII)[D],,[],[],no_subjects
3420,652187,https://digitallibrary.un.org/record/652187,A/RES/3151(XXVIII)[E],,[],[],no_subjects
3421,652188,https://digitallibrary.un.org/record/652188,A/RES/3151(XXVIII)[F],,[],[],no_subjects
3422,652189,https://digitallibrary.un.org/record/652189,A/RES/3151(XXVIII)[G],,[],[],no_subjects
3423,652190,https://digitallibrary.un.org/record/652190,A/RES/3154(XXVIII)[A],,[],[],no_subjects
3424,652191,https://digitallibrary.un.org/record/652191,A/RES/3154(XXVIII)[B],,[],[],no_subjects
3425,652192,https://digitallibrary.un.org/record/652192,A/RES/3154(XXVIII)[C],,[],[],no_subjects
3426,652193,https://digitallibrary.un.org/record/652193,A/RES/3155(XXVIII),,[],[],no_subjects
3427,652194,https://digitallibrary.un.org/record/652194,A/RES/3156(XXVIII),,[],[],no_subjects
3428,652195,https://digitallibrary.un.org/record/652195,A/RES/3157(XXVIII),,[],[],no_subjects
3429,652196,https://digitallibrary.un.org/record/652196,A/RES/3158(XXVIII),,[],[],no_subjects
3430,652197,https://digitallibrary.un.org/record/652197,A/RES/3159(XXVIII),,[],[],no_subjects
3431,652198,https://digitallibrary.un.org/record/652198,A/RES/3160(XXVIII),,[],[],no_subjects
3432,652199,https://digitallibrary.un.org/record/652199,A/RES/3161(XXVIII),,[],[],no_subjects
3433,652200,https://digitallibrary.un.org/record/652200,A/RES/3162(XXVIII),,[],[],no_subjects
3434,652201,https://digitallibrary.un.org/record/652201,A/RES/3163(XXVIII),,[],[],no_subjects
3435,652203,https://digitallibrary.un.org/record/652203,A/RES/3164(XXVIII),,[],[],no_subjects
3436,652204,https://digitallibrary.un.org/record/652204,A/RES/3165(XXVIII),,[],[],no_subjects
3437,652207,https://digitallibrary.un.org/record/652207,A/RES/3167(XXVIII),,[],[],no_subjects
3438,652209,https://digitallibrary.un.org/record/652209,A/RES/3169(XXVIII),,[],[],no_subjects
3439,652210,https://digitallibrary.un.org/record/652210,A/RES/3171(XXVIII),,[],[],no_subjects
3440,652211,https://digitallibrary.un.org/record/652211,A/RES/3172(XXVIII),,[],[],no_subjects
3441,652213,https://digitallibrary.un.org/record/652213,A/RES/3175(XXVIII),,[],[],no_subjects
3442,652216,https://digitallibrary.un.org/record/652216,A/RES/3184(XXVIII)[A],,[],[],no_subjects
3443,652224,https://digitallibrary.un.org/record/652224,A/RES/3215(XXIX),,[],[],no_subjects
3444,652233,https://digitallibrary.un.org/record/652233,A/RES/3055(XXVIII),,[],[],no_subjects
3445,652235,https://digitallibrary.un.org/record/652235,A/RES/3061(XXVIII),,[],[],no_subjects
3446,652345,https://digitallibrary.un.org/record/652345,A/RES/3184(XXVIII)[B],,[],[],no_subjects
3447,652346,https://digitallibrary.un.org/record/652346,A/RES/3184(XXVIII)[C],,[],[],no_subjects
3448,652349,https://digitallibrary.un.org/record/652349,A/RES/3187(XXVIII),,[],[],no_subjects
3449,652352,https://digitallibrary.un.org/record/652352,A/RES/3195(XXVIII)[A],,[],[],no_subjects
3450,652353,https://digitallibrary.un.org/record/652353,A/RES/3195(XXVIII)[C],,[],[],no_subjects
3451,652354,https://digitallibrary.un.org/record/652354,A/RES/3196(XXVIII),,[],[],no_subjects
3452,652355,https://digitallibrary.un.org/record/652355,A/RES/3197(XXVIII),,[],[],no_subjects
3453,652357,https://digitallibrary.un.org/record/652357,A/RES/3198(XXVIII),,[],[],no_subjects
3454,652358,https://digitallibrary.un.org/record/652358,A/RES/3199(XXVIII),,[],[],no_subjects
3455,652367,https://digitallibrary.un.org/record/652367,A/RES/3240(XXIX)[A],,[],[],no_subjects
3456,652401,https://digitallibrary.un.org/record/652401,A/RES/3063(XXVIII),,[],[],no_subjects
3457,652402,https://digitallibrary.un.org/record/652402,A/RES/2945(XXVII),,[],[],no_subjects
3458,652403,https://digitallibrary.un.org/record/652403,A/RES/3074(XXVIII),,[],[],no_subjects
3459,652404,https://digitallibrary.un.org/record/652404,A/RES/3076(XXVIII),,[],[],no_subjects
3460,652418,https://digitallibrary.un.org/record/652418,A/RES/3077(XXVIII),,[],[],no_subjects
3461,652419,https://digitallibrary.un.org/record/652419,A/RES/3078(XXVIII)[A],,[],[],no_subjects
3462,652420,https://digitallibrary.un.org/record/652420,A/RES/3078(XXVIII)[B],,[],[],no_subjects
3463,652421,https://digitallibrary.un.org/record/652421,A/RES/3079(XXVIII),,[],[],no_subjects
3464,652423,https://digitallibrary.un.org/record/652423,A/RES/3080(XXVIII),,[],[],no_subjects
3465,652424,https://digitallibrary.un.org/record/652424,A/RES/3081(XXVIII),,[],[],no_subjects
3466,652430,https://digitallibrary.un.org/record/652430,A/RES/3083(XXVIII),,[],[],no_subjects
3467,652431,https://digitallibrary.un.org/record/652431,A/RES/3092(XXVIII)[A],,[],[],no_subjects
3468,652432,https://digitallibrary.un.org/record/652432,A/RES/3092(XXVIII)[B],,[],[],no_subjects
3469,652433,https://digitallibrary.un.org/record/652433,A/RES/3093(XXVIII)[A],,[],[],no_subjects
3470,652434,https://digitallibrary.un.org/record/652434,A/RES/3093(XXVIII)[B],,[],[],no_subjects
3471,652435,https://digitallibrary.un.org/record/652435,A/RES/3101(XXVIII),,[],[],no_subjects
3472,652436,https://digitallibrary.un.org/record/652436,A/RES/3102(XXVIII),,[],[],no_subjects
3473,652437,https://digitallibrary.un.org/record/652437,A/RES/3103(XXVIII),,[],[],no_subjects
3474,652439,https://digitallibrary.un.org/record/652439,A/RES/3110(XXVIII),,[],[],no_subjects
3475,652440,https://digitallibrary.un.org/record/652440,A/RES/3111(XXVIII),,[],[],no_subjects
3476,652441,https://digitallibrary.un.org/record/652441,A/RES/3112(XXVIII),,[],[],no_subjects
3477,652442,https://digitallibrary.un.org/record/652442,A/RES/3089(XXVIII)[C],,[],[],no_subjects
3478,652443,https://digitallibrary.un.org/record/652443,A/RES/3089(XXVIII)[D],,[],[],no_subjects
3479,652531,https://digitallibrary.un.org/record/652531,A/RES/3113(XXVIII),,[],[],no_subjects
3480,652532,https://digitallibrary.un.org/record/652532,A/RES/3114(XXVIII),,[],[],no_subjects
3481,652533,https://digitallibrary.un.org/record/652533,A/RES/3115(XXVIII),,[],[],no_subjects
3482,652534,https://digitallibrary.un.org/record/652534,A/RES/3116(XXVIII),,[],[],no_subjects
3483,652535,https://digitallibrary.un.org/record/652535,A/RES/3117(XXVIII),,[],[],no_subjects
3484,652536,https://digitallibrary.un.org/record/652536,A/RES/3118(XXVIII),,[],[],no_subjects
3485,652537,https://digitallibrary.un.org/record/652537,A/RES/3119(XXVIII),,[],[],no_subjects
3486,652538,https://digitallibrary.un.org/record/652538,A/RES/3122(XXVIII),,[],[],no_subjects
3487,652539,https://digitallibrary.un.org/record/652539,A/RES/3129(XXVIII),,[],[],no_subjects
3488,652540,https://digitallibrary.un.org/record/652540,A/RES/3130(XXVIII),,[],[],no_subjects
3489,652541,https://digitallibrary.un.org/record/652541,A/RES/3136(XXVIII),,[],[],no_subjects
3490,652619,https://digitallibrary.un.org/record/652619,A/RES/2980(XXVII),,[],[],no_subjects
3491,652620,https://digitallibrary.un.org/record/652620,A/RES/2981(XXVII),,[],[],no_subjects
3492,652621,https://digitallibrary.un.org/record/652621,A/RES/2983(XXVII),,[],[],no_subjects
3493,652622,https://digitallibrary.un.org/record/652622,A/RES/2984(XXVII),,[],[],no_subjects
3494,652623,https://digitallibrary.un.org/record/652623,A/RES/2985(XXVII),,[],[],no_subjects
3495,652624,https://digitallibrary.un.org/record/652624,A/RES/2986(XXVII),,[],[],no_subjects
3496,652625,https://digitallibrary.un.org/record/652625,A/RES/2987(XXVII),,[],[],no_subjects
3497,652627,https://digitallibrary.un.org/record/652627,A/RES/2991(XXVII),,[],[],no_subjects
3498,652628,https://digitallibrary.un.org/record/652628,A/RES/2992(XXVII),,[],[],no_subjects
3499,652629,https://digitallibrary.un.org/record/652629,A/RES/2993(XXVII),,[],[],no_subjects
3500,652657,https://digitallibrary.un.org/record/652657,A/RES/2996(XXVII),,[],[],no_subjects
3501,652670,https://digitallibrary.un.org/record/652670,A/RES/3005(XXVII),,[],[],no_subjects
3502,652671,https://digitallibrary.un.org/record/652671,A/RES/3009(XXVII),,[],[],no_subjects
3503,652672,https://digitallibrary.un.org/record/652672,A/RES/3011(XXVII),,[],[],no_subjects
3504,652673,https://digitallibrary.un.org/record/652673,A/RES/3012(XXVII),,[],[],no_subjects
3505,652674,https://digitallibrary.un.org/record/652674,A/RES/3013(XXVII),,[],[],no_subjects
3506,652675,https://digitallibrary.un.org/record/652675,A/RES/3014(XXVII),,[],[],no_subjects
3507,652676,https://digitallibrary.un.org/record/652676,A/RES/3016(XXVII),,[],[],no_subjects
3508,652677,https://digitallibrary.un.org/record/652677,A/RES/3017(XXVII),,[],[],no_subjects
3509,652678,https://digitallibrary.un.org/record/652678,A/RES/3018(XXVII),,[],[],no_subjects
3510,652679,https://digitallibrary.un.org/record/652679,A/RES/3019(XXVII),,[],[],no_subjects
3511,652683,https://digitallibrary.un.org/record/652683,A/RES/3022(XXVII),,[],[],no_subjects
3512,652685,https://digitallibrary.un.org/record/652685,A/RES/3027(XXVII),,[],[],no_subjects
3513,652739,https://digitallibrary.un.org/record/652739,A/RES/2908(XXVII),,[],[],no_subjects
3514,652756,https://digitallibrary.un.org/record/652756,A/RES/2916(XXVII),,[],[],no_subjects
3515,652923,https://digitallibrary.un.org/record/652923,A/RES/2918(XXVII),,[],[],no_subjects
3516,652924,https://digitallibrary.un.org/record/652924,A/RES/2923(XXVII)[A],,[],[],no_subjects
3517,652926,https://digitallibrary.un.org/record/652926,A/RES/2923(XXVII)[B],,[],[],no_subjects
3518,652928,https://digitallibrary.un.org/record/652928,A/RES/2923(XXVII)[C],,[],[],no_subjects
3519,652934,https://digitallibrary.un.org/record/652934,A/RES/2923(XXVII)[D],,[],[],no_subjects
3520,652938,https://digitallibrary.un.org/record/652938,A/RES/2923(XXVII)[E],,[],[],no_subjects
3521,652942,https://digitallibrary.un.org/record/652942,A/RES/2923(XXVII)[F],,[],[],no_subjects
3522,652945,https://digitallibrary.un.org/record/652945,A/RES/2930(XXVII),,[],[],no_subjects
3523,652946,https://digitallibrary.un.org/record/652946,A/RES/2931(XXVII),,[],[],no_subjects
3524,652951,https://digitallibrary.un.org/record/652951,A/RES/2926(XXVII),,[],[],no_subjects
3525,652957,https://digitallibrary.un.org/record/652957,A/RES/2932(XXVII)[A],,[],[],no_subjects
3526,652960,https://digitallibrary.un.org/record/652960,A/RES/2932(XXVII)[B],,[],[],no_subjects
3527,652964,https://digitallibrary.un.org/record/652964,A/RES/2933(XXVII),,[],[],no_subjects
3528,652967,https://digitallibrary.un.org/record/652967,A/RES/2934(XXVII)[A],,[],[],no_subjects
3529,652976,https://digitallibrary.un.org/record/652976,A/RES/2934(XXVII)[B],,[],[],no_subjects
3530,652984,https://digitallibrary.un.org/record/652984,A/RES/2934(XXVII)[C],,[],[],no_subjects
3531,652987,https://digitallibrary.un.org/record/652987,A/RES/2935(XXVII),,[],[],no_subjects
3532,652993,https://digitallibrary.un.org/record/652993,A/RES/2936(XXVII),,[],[],no_subjects
3533,653011,https://digitallibrary.un.org/record/653011,A/RES/2946(XXVII),,[],[],no_subjects
3534,653473,https://digitallibrary.un.org/record/653473,A/RES/2948(XXVII),,[],[],no_subjects
3535,653984,https://digitallibrary.un.org/record/653984,A/RES/2949(XXVII),,[],[],no_subjects
3536,653985,https://digitallibrary.un.org/record/653985,A/RES/2955(XXVII),,[],[],no_subjects
3537,653992,https://digitallibrary.un.org/record/653992,A/RES/2959(XXVII),,[],[],no_subjects
3538,653994,https://digitallibrary.un.org/record/653994,A/RES/2961(XXVII)[A],,[],[],no_subjects
3539,653996,https://digitallibrary.un.org/record/653996,A/RES/2961(XXVII)[B],,[],[],no_subjects
3540,653999,https://digitallibrary.un.org/record/653999,A/RES/2961(XXVII)[C],,[],[],no_subjects
3541,654001,https://digitallibrary.un.org/record/654001,A/RES/2961(XXVII)[D],,[],[],no_subjects
3542,654009,https://digitallibrary.un.org/record/654009,A/RES/2963(XXVII)[C],,[],[],no_subjects
3543,654010,https://digitallibrary.un.org/record/654010,A/RES/2963(XXVII)[D],,[],[],no_subjects
3544,654011,https://digitallibrary.un.org/record/654011,A/RES/2963(XXVII)[E],,[],[],no_subjects
3545,654251,https://digitallibrary.un.org/record/654251,A/RES/2813(XXVI),,[],[],no_subjects
3546,654299,https://digitallibrary.un.org/record/654299,A/RES/2752(XXVI),,[],[],no_subjects
3547,654301,https://digitallibrary.un.org/record/654301,A/RES/2753(XXVI),,[],[],no_subjects
3548,654312,https://digitallibrary.un.org/record/654312,A/RES/2754(XXVI),,[],[],no_subjects
3549,654350,https://digitallibrary.un.org/record/654350,A/RES/2758(XXVI),,[],[],no_subjects
3550,654352,https://digitallibrary.un.org/record/654352,A/RES/2764(XXVI),,[],[],no_subjects
3551,654357,https://digitallibrary.un.org/record/654357,A/RES/2765(XXVI),,[],[],no_subjects
3552,654360,https://digitallibrary.un.org/record/654360,A/RES/2770(XXVI),,[],[],no_subjects
3553,654365,https://digitallibrary.un.org/record/654365,A/RES/2771(XXVI),,[],[],no_subjects
3554,654368,https://digitallibrary.un.org/record/654368,A/RES/2774(XXVI),,[],[],no_subjects
3555,654375,https://digitallibrary.un.org/record/654375,A/RES/2775(XXVI)[A],,[],[],no_subjects
3556,654376,https://digitallibrary.un.org/record/654376,A/RES/2775(XXVI)[B],,[],[],no_subjects
3557,654378,https://digitallibrary.un.org/record/654378,A/RES/2775(XXVI)[C],,[],[],no_subjects
3558,654379,https://digitallibrary.un.org/record/654379,A/RES/2775(XXVI)[D],,[],[],no_subjects
3559,654382,https://digitallibrary.un.org/record/654382,A/RES/2775(XXVI)[E],,[],[],no_subjects
3560,654384,https://digitallibrary.un.org/record/654384,A/RES/2775(XXVI)[F],,[],[],no_subjects
3561,654386,https://digitallibrary.un.org/record/654386,A/RES/2775(XXVI)[G],,[],[],no_subjects
3562,654387,https://digitallibrary.un.org/record/654387,A/RES/2775(XXVI)[H],,[],[],no_subjects
3563,654391,https://digitallibrary.un.org/record/654391,A/RES/2777(XXVI),,[],[],no_subjects
3564,654404,https://digitallibrary.un.org/record/654404,A/RES/2784(XXVI),,[],[],no_subjects
3565,654405,https://digitallibrary.un.org/record/654405,A/RES/2785(XXVI),,[],[],no_subjects
3566,654406,https://digitallibrary.un.org/record/654406,A/RES/2786(XXVI),,[],[],no_subjects
3567,654407,https://digitallibrary.un.org/record/654407,A/RES/2787(XXVI),,[],[],no_subjects
3568,654408,https://digitallibrary.un.org/record/654408,A/RES/2792(XXVI)[C],,[],[],no_subjects
3569,654409,https://digitallibrary.un.org/record/654409,A/RES/2792(XXVI)[D],,[],[],no_subjects
3570,654410,https://digitallibrary.un.org/record/654410,A/RES/2793(XXVI),,[],[],no_subjects
3571,654411,https://digitallibrary.un.org/record/654411,A/RES/2792(XXVI)[E],,[],[],no_subjects
3572,654412,https://digitallibrary.un.org/record/654412,A/RES/2794(XXVI),,[],[],no_subjects
3573,654413,https://digitallibrary.un.org/record/654413,A/RES/2795(XXVI),,[],[],no_subjects
3574,654414,https://digitallibrary.un.org/record/654414,A/RES/2796(XXVI),,[],[],no_subjects
3575,654415,https://digitallibrary.un.org/record/654415,A/RES/2799(XXVI),,[],[],no_subjects
3576,654416,https://digitallibrary.un.org/record/654416,A/RES/2800(XXVI),,[],[],no_subjects
3577,654417,https://digitallibrary.un.org/record/654417,A/RES/2825(XXVI)[B],,[],[],no_subjects
3578,654418,https://digitallibrary.un.org/record/654418,A/RES/2825(XXVI)[C],,[],[],no_subjects
3579,654419,https://digitallibrary.un.org/record/654419,A/RES/2826(XXVI),,[],[],no_subjects
3580,654420,https://digitallibrary.un.org/record/654420,A/RES/2827(XXVI)[A],,[],[],no_subjects
3581,654421,https://digitallibrary.un.org/record/654421,A/RES/2827(XXVI)[B],,[],[],no_subjects
3582,656350,https://digitallibrary.un.org/record/656350,A/RES/2828(XXVI)[A],,[],[],no_subjects
3583,656463,https://digitallibrary.un.org/record/656463,A/RES/2697(XXV),,[],[],no_subjects
3584,656467,https://digitallibrary.un.org/record/656467,A/RES/2698(XXV),,[],[],no_subjects
3585,656472,https://digitallibrary.un.org/record/656472,A/RES/2700(XXV),,[],[],no_subjects
3586,656475,https://digitallibrary.un.org/record/656475,A/RES/2701(XXV),,[],[],no_subjects
3587,656481,https://digitallibrary.un.org/record/656481,A/RES/2702(XXV),,[],[],no_subjects
3588,656483,https://digitallibrary.un.org/record/656483,A/RES/2703(XXV),,[],[],no_subjects
3589,656484,https://digitallibrary.un.org/record/656484,A/RES/2704(XXV),,[],[],no_subjects
3590,656486,https://digitallibrary.un.org/record/656486,A/RES/2706(XXV),,[],[],no_subjects
3591,656487,https://digitallibrary.un.org/record/656487,A/RES/2707(XXV),,[],[],no_subjects
3592,656489,https://digitallibrary.un.org/record/656489,A/RES/2708(XXV),,[],[],no_subjects
3593,656490,https://digitallibrary.un.org/record/656490,A/RES/2709(XXV),,[],[],no_subjects
3594,656491,https://digitallibrary.un.org/record/656491,A/RES/2710(XXV),,[],[],no_subjects
3595,656492,https://digitallibrary.un.org/record/656492,A/RES/2711(XXV),,[],[],no_subjects
3596,656494,https://digitallibrary.un.org/record/656494,A/RES/2714(XXV),,[],[],no_subjects
3597,656496,https://digitallibrary.un.org/record/656496,A/RES/2725(XXV),,[],[],no_subjects
3598,656500,https://digitallibrary.un.org/record/656500,A/RES/2726(XXV),,[],[],no_subjects
3599,656501,https://digitallibrary.un.org/record/656501,A/RES/2727(XXV),,[],[],no_subjects
3600,656503,https://digitallibrary.un.org/record/656503,A/RES/2750(XXV)[C],,[],[],no_subjects
3601,656508,https://digitallibrary.un.org/record/656508,A/RES/3028(XXVII),,[],[],no_subjects
3602,656510,https://digitallibrary.un.org/record/656510,A/RES/3029(XXVII)[B],,[],[],no_subjects
3603,656513,https://digitallibrary.un.org/record/656513,A/RES/3029(XXVII)[C],,[],[],no_subjects
3604,656516,https://digitallibrary.un.org/record/656516,A/RES/3030(XXVII),,[],[],no_subjects
3605,656519,https://digitallibrary.un.org/record/656519,A/RES/3031(XXVII),,[],[],no_subjects
3606,656520,https://digitallibrary.un.org/record/656520,A/RES/3032(XXVII),,[],[],no_subjects
3607,656521,https://digitallibrary.un.org/record/656521,A/RES/3034(XXVII),,[],[],no_subjects
3608,656523,https://digitallibrary.un.org/record/656523,A/RES/3035(XXVII),,[],[],no_subjects
3609,656526,https://digitallibrary.un.org/record/656526,A/RES/3036(XXVII),,[],[],no_subjects
3610,656527,https://digitallibrary.un.org/record/656527,A/RES/3037(XXVII),,[],[],no_subjects
3611,656528,https://digitallibrary.un.org/record/656528,A/RES/3038(XXVII),,[],[],no_subjects
3612,656532,https://digitallibrary.un.org/record/656532,A/RES/3039(XXVII),,[],[],no_subjects
3613,656536,https://digitallibrary.un.org/record/656536,A/RES/3040(XXVII),,[],[],no_subjects
3614,656537,https://digitallibrary.un.org/record/656537,A/RES/3041(XXVII),,[],[],no_subjects
3615,656539,https://digitallibrary.un.org/record/656539,A/RES/3043(XXVII),,[],[],no_subjects
3616,656575,https://digitallibrary.un.org/record/656575,A/RES/3044(XXVII)[A],,[],[],no_subjects
3617,656576,https://digitallibrary.un.org/record/656576,A/RES/3044(XXVII)[B],,[],[],no_subjects
3618,656577,https://digitallibrary.un.org/record/656577,A/RES/3044(XXVII)[C],,[],[],no_subjects
3619,656578,https://digitallibrary.un.org/record/656578,A/RES/3045(XXVII),,[],[],no_subjects
3620,656579,https://digitallibrary.un.org/record/656579,A/RES/3046(XXVII),,[],[],no_subjects
3621,656580,https://digitallibrary.un.org/record/656580,A/RES/3048(XXVII),,[],[],no_subjects
3622,656581,https://digitallibrary.un.org/record/656581,A/RES/3049(XXVII)[A],,[],[],no_subjects
3623,656582,https://digitallibrary.un.org/record/656582,A/RES/3049(XXVII)[B],,[],[],no_subjects
3624,656583,https://digitallibrary.un.org/record/656583,A/RES/3049(XXVII)[C],,[],[],no_subjects
3625,656873,https://digitallibrary.un.org/record/656873,A/RES/2769(XXVI),,[],[],no_subjects
3626,656986,https://digitallibrary.un.org/record/656986,A/RES/2816(XXVI),,[],[],no_subjects
3627,657427,https://digitallibrary.un.org/record/657427,A/RES/2499(XXIV)[B],,[],[],no_subjects
3628,657428,https://digitallibrary.un.org/record/657428,A/RES/2500(XXIV),,[],[],no_subjects
3629,657429,https://digitallibrary.un.org/record/657429,A/RES/2504(XXIV),,[],[],no_subjects
3630,657431,https://digitallibrary.un.org/record/657431,A/RES/2505(XXIV),,[],[],no_subjects
3631,657432,https://digitallibrary.un.org/record/657432,A/RES/2507(XXIV),,[],[],no_subjects
3632,657433,https://digitallibrary.un.org/record/657433,A/RES/2508(XXIV),,[],[],no_subjects
3633,657434,https://digitallibrary.un.org/record/657434,A/RES/2511(XXIV),,[],[],no_subjects
3634,657488,https://digitallibrary.un.org/record/657488,A/RES/2516(XXIV),,[],[],no_subjects
3635,657491,https://digitallibrary.un.org/record/657491,A/RES/2517(XXIV),,[],[],no_subjects
3636,657493,https://digitallibrary.un.org/record/657493,A/RES/2521(XXIV),,[],[],no_subjects
3637,657494,https://digitallibrary.un.org/record/657494,A/RES/2535(XXIV)[B],,[],[],no_subjects
3638,657496,https://digitallibrary.un.org/record/657496,A/RES/2535(XXIV)[C],,[],[],no_subjects
3639,657497,https://digitallibrary.un.org/record/657497,A/RES/2546(XXIV),,[],[],no_subjects
3640,657498,https://digitallibrary.un.org/record/657498,A/RES/2554(XXIV),,[],[],no_subjects
3641,657505,https://digitallibrary.un.org/record/657505,A/RES/2555(XXIV),,[],[],no_subjects
3642,657512,https://digitallibrary.un.org/record/657512,A/RES/2498(XXIV),,[],[],no_subjects
3643,657515,https://digitallibrary.un.org/record/657515,A/RES/2558(XXIV),,[],[],no_subjects
3644,657516,https://digitallibrary.un.org/record/657516,A/RES/2559(XXIV),,[],[],no_subjects
3645,658140,https://digitallibrary.un.org/record/658140,A/RES/2574(XXIV)[D],,[],[],no_subjects
3646,658193,https://digitallibrary.un.org/record/658193,A/RES/2383(XXIII),,[],[],no_subjects
3647,658194,https://digitallibrary.un.org/record/658194,A/RES/2389(XXIII),,[],[],no_subjects
3648,658195,https://digitallibrary.un.org/record/658195,A/RES/2391(XXIII),,[],[],no_subjects
3649,658196,https://digitallibrary.un.org/record/658196,A/RES/2395(XXIII),,[],[],no_subjects
3650,658197,https://digitallibrary.un.org/record/658197,A/RES/2424(XXIII),,[],[],no_subjects
3651,658198,https://digitallibrary.un.org/record/658198,A/RES/2425(XXIII),,[],[],no_subjects
3652,658199,https://digitallibrary.un.org/record/658199,A/RES/2426(XXIII),,[],[],no_subjects
3653,658200,https://digitallibrary.un.org/record/658200,A/RES/2427(XXIII),,[],[],no_subjects
3654,658201,https://digitallibrary.un.org/record/658201,A/RES/2422(XXIII),,[],[],no_subjects
3655,658202,https://digitallibrary.un.org/record/658202,A/RES/2428(XXIII),,[],[],no_subjects
3656,658203,https://digitallibrary.un.org/record/658203,A/RES/2429(XXIII),,[],[],no_subjects
3657,658301,https://digitallibrary.un.org/record/658301,A/RES/2430(XXIII),,[],[],no_subjects
3658,658304,https://digitallibrary.un.org/record/658304,A/RES/2431(XXIII),,[],[],no_subjects
3659,658305,https://digitallibrary.un.org/record/658305,A/RES/2443(XXIII),,[],[],no_subjects
3660,658328,https://digitallibrary.un.org/record/658328,A/RES/2403(XXIII),,[],[],no_subjects
3661,658351,https://digitallibrary.un.org/record/658351,A/RES/2847(XXVI),,[],[],no_subjects
3662,658353,https://digitallibrary.un.org/record/658353,A/RES/2849(XXVI),,[],[],no_subjects
3663,658354,https://digitallibrary.un.org/record/658354,A/RES/2850(XXVI),,[],[],no_subjects
3664,658355,https://digitallibrary.un.org/record/658355,A/RES/2851(XXVI),,[],[],no_subjects
3665,658358,https://digitallibrary.un.org/record/658358,A/RES/2832(XXVI),,[],[],no_subjects
3666,658359,https://digitallibrary.un.org/record/658359,A/RES/2841(XXVI),,[],[],no_subjects
3667,658361,https://digitallibrary.un.org/record/658361,A/RES/2828(XXVI)[B],,[],[],no_subjects
3668,658362,https://digitallibrary.un.org/record/658362,A/RES/2828(XXVI)[C],,[],[],no_subjects
3669,658363,https://digitallibrary.un.org/record/658363,A/RES/2893(XXVI),,[],[],no_subjects
3670,658364,https://digitallibrary.un.org/record/658364,A/RES/2894(XXVI),,[],[],no_subjects
3671,658365,https://digitallibrary.un.org/record/658365,A/RES/2895(XXVI),,[],[],no_subjects
3672,658366,https://digitallibrary.un.org/record/658366,A/RES/2896(XXVI),,[],[],no_subjects
3673,658368,https://digitallibrary.un.org/record/658368,A/RES/2897(XXVI),,[],[],no_subjects
3674,658369,https://digitallibrary.un.org/record/658369,A/RES/2899(XXVI)[A],,[],[],no_subjects
3675,658371,https://digitallibrary.un.org/record/658371,A/RES/2899(XXVI)[B],,[],[],no_subjects
3676,658372,https://digitallibrary.un.org/record/658372,A/RES/2899(XXVI)[C],,[],[],no_subjects
3677,658374,https://digitallibrary.un.org/record/658374,A/RES/2900(XXVI),,[],[],no_subjects
3678,658375,https://digitallibrary.un.org/record/658375,A/RES/2901(XXVI),,[],[],no_subjects
3679,658376,https://digitallibrary.un.org/record/658376,A/RES/2578(XXIV),,[],[],no_subjects
3680,658381,https://digitallibrary.un.org/record/658381,A/RES/2857(XXVI),,[],[],no_subjects
3681,658388,https://digitallibrary.un.org/record/658388,A/RES/2862(XXVI),,[],[],no_subjects
3682,658395,https://digitallibrary.un.org/record/658395,A/RES/2865(XXVI),,[],[],no_subjects
3683,658397,https://digitallibrary.un.org/record/658397,A/RES/2867(XXVI),,[],[],no_subjects
3684,658399,https://digitallibrary.un.org/record/658399,A/RES/2868(XXVI),,[],[],no_subjects
3685,658400,https://digitallibrary.un.org/record/658400,A/RES/2869(XXVI),,[],[],no_subjects
3686,658403,https://digitallibrary.un.org/record/658403,A/RES/2871(XXVI),,[],[],no_subjects
3687,658405,https://digitallibrary.un.org/record/658405,A/RES/2872(XXVI),,[],[],no_subjects
3688,658406,https://digitallibrary.un.org/record/658406,A/RES/2873(XXVI),,[],[],no_subjects
3689,658407,https://digitallibrary.un.org/record/658407,A/RES/2874(XXVI),,[],[],no_subjects
3690,658409,https://digitallibrary.un.org/record/658409,A/RES/2875(XXVI),,[],[],no_subjects
3691,658411,https://digitallibrary.un.org/record/658411,A/RES/2877(XXVI),,[],[],no_subjects
3692,658412,https://digitallibrary.un.org/record/658412,A/RES/2878(XXVI),,[],[],no_subjects
3693,658413,https://digitallibrary.un.org/record/658413,A/RES/2879(XXVI),,[],[],no_subjects
3694,658416,https://digitallibrary.un.org/record/658416,A/RES/2880(XXVI),,[],[],no_subjects
3695,658419,https://digitallibrary.un.org/record/658419,A/RES/2881(XXVI),,[],[],no_subjects
3696,658427,https://digitallibrary.un.org/record/658427,A/RES/2889(XXVI),,[],[],no_subjects
3697,658428,https://digitallibrary.un.org/record/658428,A/RES/2890(XXVI)[A],,[],[],no_subjects
3698,658429,https://digitallibrary.un.org/record/658429,A/RES/2890(XXVI)[B],,[],[],no_subjects
3699,658430,https://digitallibrary.un.org/record/658430,A/RES/2891(XXVI),,[],[],no_subjects
3700,658431,https://digitallibrary.un.org/record/658431,A/RES/2892(XXVI),,[],[],no_subjects
3701,658801,https://digitallibrary.un.org/record/658801,A/RES/2621(XXV),,[],[],no_subjects
3702,658802,https://digitallibrary.un.org/record/658802,A/RES/2624(XXV),,[],[],no_subjects
3703,658803,https://digitallibrary.un.org/record/658803,A/RES/2628(XXV),,[],[],no_subjects
3704,658807,https://digitallibrary.un.org/record/658807,A/RES/2642(XXV),,[],[],no_subjects
3705,658810,https://digitallibrary.un.org/record/658810,A/RES/2647(XXV),,[],[],no_subjects
3706,658812,https://digitallibrary.un.org/record/658812,A/RES/2652(XXV),,[],[],no_subjects
3707,658815,https://digitallibrary.un.org/record/658815,A/RES/2660(XXV),,[],[],no_subjects
3708,658817,https://digitallibrary.un.org/record/658817,A/RES/2661(XXV)[A],,[],[],no_subjects
3709,658819,https://digitallibrary.un.org/record/658819,A/RES/2661(XXV)[C],,[],[],no_subjects
3710,658828,https://digitallibrary.un.org/record/658828,A/RES/2666(XXV),,[],[],no_subjects
3711,658829,https://digitallibrary.un.org/record/658829,A/RES/2668(XXV),,[],[],no_subjects
3712,658831,https://digitallibrary.un.org/record/658831,A/RES/2669(XXV),,[],[],no_subjects
3713,658834,https://digitallibrary.un.org/record/658834,A/RES/2671(XXV)[C],,[],[],no_subjects
3714,658837,https://digitallibrary.un.org/record/658837,A/RES/2671(XXV)[F],,[],[],no_subjects
3715,658840,https://digitallibrary.un.org/record/658840,A/RES/2672(XXV)[C],,[],[],no_subjects
3716,658841,https://digitallibrary.un.org/record/658841,A/RES/2672(XXV)[D],,[],[],no_subjects
3717,658844,https://digitallibrary.un.org/record/658844,A/RES/2673(XXV),,[],[],no_subjects
3718,658845,https://digitallibrary.un.org/record/658845,A/RES/2674(XXV),,[],[],no_subjects
3719,658847,https://digitallibrary.un.org/record/658847,A/RES/2676(XXV),,[],[],no_subjects
3720,658849,https://digitallibrary.un.org/record/658849,A/RES/2678(XXV),,[],[],no_subjects
3721,658850,https://digitallibrary.un.org/record/658850,A/RES/2679(XXV),,[],[],no_subjects
3722,658994,https://digitallibrary.un.org/record/658994,A/RES/2262(XXII),,[],[],no_subjects
3723,659460,https://digitallibrary.un.org/record/659460,A/RES/2587(XXIV),,[],[],no_subjects
3724,659461,https://digitallibrary.un.org/record/659461,A/RES/2588(XXIV)[A],,[],[],no_subjects
3725,659463,https://digitallibrary.un.org/record/659463,A/RES/2588(XXIV)[B],,[],[],no_subjects
3726,659467,https://digitallibrary.un.org/record/659467,A/RES/2590(XXIV),,[],[],no_subjects
3727,659469,https://digitallibrary.un.org/record/659469,A/RES/2591(XXIV),,[],[],no_subjects
3728,659471,https://digitallibrary.un.org/record/659471,A/RES/2592(XXIV),,[],[],no_subjects
3729,659472,https://digitallibrary.un.org/record/659472,A/RES/2593(XXIV),,[],[],no_subjects
3730,659474,https://digitallibrary.un.org/record/659474,A/RES/2595(XXIV),,[],[],no_subjects
3731,659484,https://digitallibrary.un.org/record/659484,A/RES/2602(XXIV)[E],,[],[],no_subjects
3732,659491,https://digitallibrary.un.org/record/659491,A/RES/2603(XXIV)[A],,[],[],no_subjects
3733,659496,https://digitallibrary.un.org/record/659496,A/RES/2605(XXIV)[A],,[],[],no_subjects
3734,659498,https://digitallibrary.un.org/record/659498,A/RES/2605(XXIV)[B],,[],[],no_subjects
3735,659509,https://digitallibrary.un.org/record/659509,A/RES/2617(XXIV),,[],[],no_subjects
3736,659626,https://digitallibrary.un.org/record/659626,A/RES/2456(XXIII)[A],,[],[],no_subjects
3737,659628,https://digitallibrary.un.org/record/659628,A/RES/2456(XXIII)[C],,[],[],no_subjects
3738,659629,https://digitallibrary.un.org/record/659629,A/RES/2456(XXIII)[B],,[],[],no_subjects
3739,659632,https://digitallibrary.un.org/record/659632,A/RES/2456(XXIII)[D],,[],[],no_subjects
3740,659648,https://digitallibrary.un.org/record/659648,A/RES/2466(XXIII),,[],[],no_subjects
3741,659650,https://digitallibrary.un.org/record/659650,A/RES/2467(XXIII)[A],,[],[],no_subjects
3742,659652,https://digitallibrary.un.org/record/659652,A/RES/2467(XXIII)[C],,[],[],no_subjects
3743,659659,https://digitallibrary.un.org/record/659659,A/RES/2474(XXIII)[A],,[],[],no_subjects
3744,659661,https://digitallibrary.un.org/record/659661,A/RES/2479(XXIII),,[],[],no_subjects
3745,659664,https://digitallibrary.un.org/record/659664,A/RES/2480(XXIII)[B],,[],[],no_subjects
3746,659848,https://digitallibrary.un.org/record/659848,A/RES/2339(XXII),,[],[],no_subjects
3747,659862,https://digitallibrary.un.org/record/659862,A/RES/2346(XXII)[B],,[],[],no_subjects
3748,659863,https://digitallibrary.un.org/record/659863,A/RES/2348(XXII),,[],[],no_subjects
3749,659865,https://digitallibrary.un.org/record/659865,A/RES/2350(XXII),,[],[],no_subjects
3750,659868,https://digitallibrary.un.org/record/659868,A/RES/2353(XXII),,[],[],no_subjects
3751,659872,https://digitallibrary.un.org/record/659872,A/RES/2356(XXII),,[],[],no_subjects
3752,659874,https://digitallibrary.un.org/record/659874,A/RES/2357(XXII),,[],[],no_subjects
3753,659878,https://digitallibrary.un.org/record/659878,A/RES/2359(XXII)[B],,[],[],no_subjects
3754,659992,https://digitallibrary.un.org/record/659992,A/RES/2200(XXI)[A],,[],[],no_subjects
3755,659993,https://digitallibrary.un.org/record/659993,A/RES/2200(XXI)[B],,[],[],no_subjects
3756,659994,https://digitallibrary.un.org/record/659994,A/RES/2200(XXI)[C],,[],[],no_subjects
3757,659995,https://digitallibrary.un.org/record/659995,A/RES/2202(XXI)[A],,[],[],no_subjects
3758,659996,https://digitallibrary.un.org/record/659996,A/RES/2202(XXI)[B],,[],[],no_subjects
3759,660007,https://digitallibrary.un.org/record/660007,A/RES/2220(XXI),,[],[],no_subjects
3760,660008,https://digitallibrary.un.org/record/660008,A/RES/2224(XXI),,[],[],no_subjects
3761,660010,https://digitallibrary.un.org/record/660010,A/RES/2226(XXI),,[],[],no_subjects
3762,660011,https://digitallibrary.un.org/record/660011,A/RES/2227(XXI),,[],[],no_subjects
3763,660012,https://digitallibrary.un.org/record/660012,A/RES/2228(XXI),,[],[],no_subjects
3764,660013,https://digitallibrary.un.org/record/660013,A/RES/2229(XXI),,[],[],no_subjects
3765,660014,https://digitallibrary.un.org/record/660014,A/RES/2230(XXI),,[],[],no_subjects
3766,660015,https://digitallibrary.un.org/record/660015,A/RES/2231(XXI),,[],[],no_subjects
3767,660016,https://digitallibrary.un.org/record/660016,A/RES/2232(XXI),,[],[],no_subjects
3768,660020,https://digitallibrary.un.org/record/660020,A/RES/2238(XXI),,[],[],no_subjects
3769,660022,https://digitallibrary.un.org/record/660022,A/RES/2241(XXI)[B],,[],[],no_subjects
3770,660045,https://digitallibrary.un.org/record/660045,A/RES/2269(XXII),,[],[],no_subjects
3771,660046,https://digitallibrary.un.org/record/660046,A/RES/2270(XXII),,[],[],no_subjects
3772,660047,https://digitallibrary.un.org/record/660047,A/RES/2271(XXII),,[],[],no_subjects
3773,660048,https://digitallibrary.un.org/record/660048,A/RES/2071(XX),,[],[],no_subjects
3774,660049,https://digitallibrary.un.org/record/660049,A/RES/2072(XX),,[],[],no_subjects
3775,660050,https://digitallibrary.un.org/record/660050,A/RES/2073(XX),,[],[],no_subjects
3776,660051,https://digitallibrary.un.org/record/660051,A/RES/2286(XXII),,[],[],no_subjects
3777,660053,https://digitallibrary.un.org/record/660053,A/RES/2077(XX),,[],[],no_subjects
3778,660054,https://digitallibrary.un.org/record/660054,A/RES/2079(XX),,[],[],no_subjects
3779,660056,https://digitallibrary.un.org/record/660056,A/RES/2288(XXII),,[],[],no_subjects
3780,660059,https://digitallibrary.un.org/record/660059,A/RES/2289(XXII),,[],[],no_subjects
3781,660060,https://digitallibrary.un.org/record/660060,A/RES/2298(XXII),,[],[],no_subjects
3782,660110,https://digitallibrary.un.org/record/660110,A/RES/2311(XXII),,[],[],no_subjects
3783,660111,https://digitallibrary.un.org/record/660111,A/RES/2321(XXII),,[],[],no_subjects
3784,660112,https://digitallibrary.un.org/record/660112,A/RES/2324(XXII),,[],[],no_subjects
3785,660113,https://digitallibrary.un.org/record/660113,A/RES/2325(XXII),,[],[],no_subjects
3786,660114,https://digitallibrary.un.org/record/660114,A/RES/2327(XXII),,[],[],no_subjects
3787,660115,https://digitallibrary.un.org/record/660115,A/RES/2328(XXII),,[],[],no_subjects
3788,660141,https://digitallibrary.un.org/record/660141,A/RES/2105(XX),,[],[],no_subjects
3789,660142,https://digitallibrary.un.org/record/660142,A/RES/2106(XX)[A],,[],[],no_subjects
3790,660149,https://digitallibrary.un.org/record/660149,A/RES/2107(XX),,[],[],no_subjects
3791,660151,https://digitallibrary.un.org/record/660151,A/RES/2111(XX),,[],[],no_subjects
3792,660152,https://digitallibrary.un.org/record/660152,A/RES/2112(XX),,[],[],no_subjects
3793,660154,https://digitallibrary.un.org/record/660154,A/RES/2113(XX)[B],,[],[],no_subjects
3794,660155,https://digitallibrary.un.org/record/660155,A/RES/2115(XX),,[],[],no_subjects
3795,660166,https://digitallibrary.un.org/record/660166,A/RES/2131(XX),,[],[],no_subjects
3796,660167,https://digitallibrary.un.org/record/660167,A/RES/2132(XX),,[],[],no_subjects
3797,660460,https://digitallibrary.un.org/record/660460,A/RES/2138(XXI),,[],[],no_subjects
3798,660461,https://digitallibrary.un.org/record/660461,A/RES/2145(XXI),,[],[],no_subjects
3799,660463,https://digitallibrary.un.org/record/660463,A/RES/2153(XXI)[B],,[],[],no_subjects
3800,660464,https://digitallibrary.un.org/record/660464,A/RES/2159(XXI),,[],[],no_subjects
3801,660465,https://digitallibrary.un.org/record/660465,A/RES/2160(XXI),,[],[],no_subjects
3802,660466,https://digitallibrary.un.org/record/660466,A/RES/2181(XXI),,[],[],no_subjects
3803,660467,https://digitallibrary.un.org/record/660467,A/RES/2184(XXI),,[],[],no_subjects
3804,660468,https://digitallibrary.un.org/record/660468,A/RES/2189(XXI),,[],[],no_subjects
3805,660469,https://digitallibrary.un.org/record/660469,A/RES/2194(XXI)[A],,[],[],no_subjects
3806,660470,https://digitallibrary.un.org/record/660470,A/RES/2194(XXI)[B],,[],[],no_subjects
3807,660989,https://digitallibrary.un.org/record/660989,A/RES/1881(XVIII),,[],[],no_subjects
3808,660990,https://digitallibrary.un.org/record/660990,A/RES/1752(XVII),,[],[],no_subjects
3809,660991,https://digitallibrary.un.org/record/660991,A/RES/1631(XVI),,[],[],no_subjects
3810,660992,https://digitallibrary.un.org/record/660992,A/RES/1493(XV),,[],[],no_subjects
3811,660993,https://digitallibrary.un.org/record/660993,A/RES/1351(XIV),,[],[],no_subjects
3812,661039,https://digitallibrary.un.org/record/661039,A/RES/1239(XIII),,[],[],no_subjects
3813,661040,https://digitallibrary.un.org/record/661040,A/RES/1134(XII),,[],[],no_subjects
3814,661042,https://digitallibrary.un.org/record/661042,A/RES/1110(XI),,[],[],no_subjects
3815,661043,https://digitallibrary.un.org/record/661043,A/RES/990(X),,[],[],no_subjects
3816,661359,https://digitallibrary.un.org/record/661359,A/RES/2022(XX),,[],[],no_subjects
3817,661360,https://digitallibrary.un.org/record/661360,A/RES/2023(XX),,[],[],no_subjects
3818,661361,https://digitallibrary.un.org/record/661361,A/RES/2024(XX),,[],[],no_subjects
3819,661362,https://digitallibrary.un.org/record/661362,A/RES/2025(XX),,[],[],no_subjects
3820,661363,https://digitallibrary.un.org/record/661363,A/RES/2028(XX),,[],[],no_subjects
3821,661364,https://digitallibrary.un.org/record/661364,A/RES/2030(XX),,[],[],no_subjects
3822,661365,https://digitallibrary.un.org/record/661365,A/RES/2031(XX),,[],[],no_subjects
3823,661366,https://digitallibrary.un.org/record/661366,A/RES/2032(XX),,[],[],no_subjects
3824,661367,https://digitallibrary.un.org/record/661367,A/RES/2033(XX),,[],[],no_subjects
3825,661368,https://digitallibrary.un.org/record/661368,A/RES/2052(XX),,[],[],no_subjects
3826,661369,https://digitallibrary.un.org/record/661369,A/RES/2064(XX),,[],[],no_subjects
3827,661370,https://digitallibrary.un.org/record/661370,A/RES/2065(XX),,[],[],no_subjects
3828,661371,https://digitallibrary.un.org/record/661371,A/RES/2070(XX),,[],[],no_subjects
3829,661372,https://digitallibrary.un.org/record/661372,A/RES/1883(XVIII),,[],[],no_subjects
3830,661373,https://digitallibrary.un.org/record/661373,A/RES/1885(XVIII),,[],[],no_subjects
3831,661374,https://digitallibrary.un.org/record/661374,A/RES/1889(XVIII),,[],[],no_subjects
3832,661375,https://digitallibrary.un.org/record/661375,A/RES/1899(XVIII),,[],[],no_subjects
3833,661376,https://digitallibrary.un.org/record/661376,A/RES/1909(XVIII),,[],[],no_subjects
3834,661377,https://digitallibrary.un.org/record/661377,A/RES/1911(XVIII),,[],[],no_subjects
3835,661378,https://digitallibrary.un.org/record/661378,A/RES/1913(XVIII),,[],[],no_subjects
3836,661396,https://digitallibrary.un.org/record/661396,A/RES/1948(XVIII),,[],[],no_subjects
3837,662064,https://digitallibrary.un.org/record/662064,A/RES/1755(XVII),,[],[],no_subjects
3838,662065,https://digitallibrary.un.org/record/662065,A/RES/1760(XVII),,[],[],no_subjects
3839,662066,https://digitallibrary.un.org/record/662066,A/RES/1761(XVII),,[],[],no_subjects
3840,662067,https://digitallibrary.un.org/record/662067,A/RES/1762(XVII)[B],,[],[],no_subjects
3841,662068,https://digitallibrary.un.org/record/662068,A/RES/1764(XVII),,[],[],no_subjects
3842,662069,https://digitallibrary.un.org/record/662069,A/RES/1784(XVII),,[],[],no_subjects
3843,662070,https://digitallibrary.un.org/record/662070,A/RES/1803(XVII),,[],[],no_subjects
3844,662071,https://digitallibrary.un.org/record/662071,A/RES/1810(XVII),,[],[],no_subjects
3845,662072,https://digitallibrary.un.org/record/662072,A/RES/1632(XVI),,[],[],no_subjects
3846,662073,https://digitallibrary.un.org/record/662073,A/RES/1648(XVI),,[],[],no_subjects
3847,662074,https://digitallibrary.un.org/record/662074,A/RES/1649(XVI),,[],[],no_subjects
3848,662075,https://digitallibrary.un.org/record/662075,A/RES/1650(XVI),,[],[],no_subjects
3849,662076,https://digitallibrary.un.org/record/662076,A/RES/1652(XVI),,[],[],no_subjects
3850,662077,https://digitallibrary.un.org/record/662077,A/RES/1653(XVI),,[],[],no_subjects
3851,662078,https://digitallibrary.un.org/record/662078,A/RES/1654(XVI),,[],[],no_subjects
3852,662079,https://digitallibrary.un.org/record/662079,A/RES/1663(XVI),,[],[],no_subjects
3853,662080,https://digitallibrary.un.org/record/662080,A/RES/1668(XVI),,[],[],no_subjects
3854,662081,https://digitallibrary.un.org/record/662081,A/RES/1699(XVI),,[],[],no_subjects
3855,662082,https://digitallibrary.un.org/record/662082,A/RES/1700(XVI),,[],[],no_subjects
3856,662083,https://digitallibrary.un.org/record/662083,A/RES/1495(XV),"['UN. GENERAL ASSEMBLY (15TH SESS. : 1960-1961)', 'GENERAL DEBATE']",['GENERAL DEBATE'],['UN. GENERAL ASSEMBLY (15TH SESS. : 1960-1961)'],partial_match
3857,662084,https://digitallibrary.un.org/record/662084,A/RES/1498(XV),,[],[],no_subjects
3858,662085,https://digitallibrary.un.org/record/662085,A/RES/1514(XV),,[],[],no_subjects
3859,662086,https://digitallibrary.un.org/record/662086,A/RES/1536(XV),,[],[],no_subjects
3860,662087,https://digitallibrary.un.org/record/662087,A/RES/1541(XV),,[],[],no_subjects
3861,662088,https://digitallibrary.un.org/record/662088,A/RES/1542(XV),,[],[],no_subjects
3862,662122,https://digitallibrary.un.org/record/662122,A/RES/1565(XV),,[],[],no_subjects
3863,662544,https://digitallibrary.un.org/record/662544,A/RES/2054(XX)[A],,[],[],no_subjects
3864,662952,https://digitallibrary.un.org/record/662952,A/RES/957(X),,[],[],no_subjects
3865,662954,https://digitallibrary.un.org/record/662954,A/RES/992(X),,[],[],no_subjects
3866,663061,https://digitallibrary.un.org/record/663061,A/RES/1807(XVII),,[],[],no_subjects
3867,663140,https://digitallibrary.un.org/record/663140,A/RES/1627(XVI),,[],[],no_subjects
3868,663764,https://digitallibrary.un.org/record/663764,A/RES/1819(XVII),,[],[],no_subjects
3869,663767,https://digitallibrary.un.org/record/663767,A/RES/1854(XVII)[A],,[],[],no_subjects
3870,663770,https://digitallibrary.un.org/record/663770,A/RES/1857(XVII),,[],[],no_subjects
3871,664260,https://digitallibrary.un.org/record/664260,A/RES/1956(XVIII),,[],[],no_subjects
3872,664261,https://digitallibrary.un.org/record/664261,A/RES/1957(XVIII),,[],[],no_subjects
3873,664263,https://digitallibrary.un.org/record/664263,A/RES/1964(XVIII),,[],[],no_subjects
3874,664264,https://digitallibrary.un.org/record/664264,A/RES/1967(XVIII),,[],[],no_subjects
3875,664266,https://digitallibrary.un.org/record/664266,A/RES/1978(XVIII)[B],,[],[],no_subjects
3876,664267,https://digitallibrary.un.org/record/664267,A/RES/1979(XVIII),,[],[],no_subjects
3877,664268,https://digitallibrary.un.org/record/664268,A/RES/1983(XVIII),,[],[],no_subjects
3878,664269,https://digitallibrary.un.org/record/664269,A/RES/1990(XVIII),,[],[],no_subjects
3879,664273,https://digitallibrary.un.org/record/664273,A/RES/1991(XVIII)[A],,[],[],no_subjects
3880,664274,https://digitallibrary.un.org/record/664274,A/RES/1991(XVIII)[B],,[],[],no_subjects
3881,664276,https://digitallibrary.un.org/record/664276,A/RES/1992(XVIII),,[],[],no_subjects
3882,664377,https://digitallibrary.un.org/record/664377,A/RES/1353(XIV),,[],[],no_subjects
3883,664378,https://digitallibrary.un.org/record/664378,A/RES/1375(XIV),,[],[],no_subjects
3884,664379,https://digitallibrary.un.org/record/664379,A/RES/1380(XIV),,[],[],no_subjects
3885,664380,https://digitallibrary.un.org/record/664380,A/RES/1396(XIV),,[],[],no_subjects
3886,664381,https://digitallibrary.un.org/record/664381,A/RES/1402(XIV)[B],,[],[],no_subjects
3887,664382,https://digitallibrary.un.org/record/664382,A/RES/1404(XIV),,[],[],no_subjects
3888,664383,https://digitallibrary.un.org/record/664383,A/RES/1410(XIV),,[],[],no_subjects
3889,664397,https://digitallibrary.un.org/record/664397,A/RES/1379(XIV),,[],[],no_subjects
3890,664398,https://digitallibrary.un.org/record/664398,A/RES/1248(XIII),,[],[],no_subjects
3891,664399,https://digitallibrary.un.org/record/664399,A/RES/1252(XIII)[A],,[],[],no_subjects
3892,664400,https://digitallibrary.un.org/record/664400,A/RES/1263(XIII),,[],[],no_subjects
3893,664401,https://digitallibrary.un.org/record/664401,A/RES/1264(XIII),,[],[],no_subjects
3894,664402,https://digitallibrary.un.org/record/664402,A/RES/1300(XIII),,[],[],no_subjects
3895,664403,https://digitallibrary.un.org/record/664403,A/RES/1307(XIII),,[],[],no_subjects
3896,664891,https://digitallibrary.un.org/record/664891,A/RES/1719(XVI),,[],[],no_subjects
3897,664894,https://digitallibrary.un.org/record/664894,A/RES/1723(XVI),,[],[],no_subjects
3898,664895,https://digitallibrary.un.org/record/664895,A/RES/1724(XVI),,[],[],no_subjects
3899,664896,https://digitallibrary.un.org/record/664896,A/RES/1725(XVI),,[],[],no_subjects
3900,664900,https://digitallibrary.un.org/record/664900,A/RES/1731(XVI),,[],[],no_subjects
3901,664901,https://digitallibrary.un.org/record/664901,A/RES/1732(XVI),,[],[],no_subjects
3902,664902,https://digitallibrary.un.org/record/664902,A/RES/1733(XVI),,[],[],no_subjects
3903,664908,https://digitallibrary.un.org/record/664908,A/RES/1739(XVI),,[],[],no_subjects
3904,664909,https://digitallibrary.un.org/record/664909,A/RES/1740(XVI),,[],[],no_subjects
3905,664910,https://digitallibrary.un.org/record/664910,A/RES/1741(XVI),,[],[],no_subjects
3906,664912,https://digitallibrary.un.org/record/664912,A/RES/1742(XVI),,[],[],no_subjects
3907,664915,https://digitallibrary.un.org/record/664915,A/RES/1745(XVI),,[],[],no_subjects
3908,664917,https://digitallibrary.un.org/record/664917,A/RES/1746(XVI),,[],[],no_subjects
3909,664918,https://digitallibrary.un.org/record/664918,A/RES/1747(XVI),,[],[],no_subjects
3910,665771,https://digitallibrary.un.org/record/665771,A/RES/1302(XIII),,[],[],no_subjects
3911,666131,https://digitallibrary.un.org/record/666131,A/RES/1135(XII),,[],[],no_subjects
3912,666133,https://digitallibrary.un.org/record/666133,A/RES/1143(XII),,[],[],no_subjects
3913,666143,https://digitallibrary.un.org/record/666143,A/RES/1148(XII),,[],[],no_subjects
3914,666146,https://digitallibrary.un.org/record/666146,A/RES/1149(XII),,[],[],no_subjects
3915,666148,https://digitallibrary.un.org/record/666148,A/RES/1150(XII),,[],[],no_subjects
3916,666150,https://digitallibrary.un.org/record/666150,A/RES/1151(XII),,[],[],no_subjects
3917,666152,https://digitallibrary.un.org/record/666152,A/RES/1155(XII),,[],[],no_subjects
3918,666153,https://digitallibrary.un.org/record/666153,A/RES/1178(XII),,[],[],no_subjects
3919,666155,https://digitallibrary.un.org/record/666155,A/RES/1179(XII),,[],[],no_subjects
3920,666156,https://digitallibrary.un.org/record/666156,A/RES/1180(XII),,[],[],no_subjects
3921,667221,https://digitallibrary.un.org/record/667221,A/RES/1111(XI),,[],[],no_subjects
3922,667222,https://digitallibrary.un.org/record/667222,A/RES/1112(XI),,[],[],no_subjects
3923,667223,https://digitallibrary.un.org/record/667223,A/RES/1108(XI),"['UN. GENERAL ASSEMBLY (11TH SESS. : 1956-1957)', 'AGENDA']",['AGENDA'],['UN. GENERAL ASSEMBLY (11TH SESS. : 1956-1957)'],partial_match
3924,667224,https://digitallibrary.un.org/record/667224,A/RES/1038(XI),,[],[],no_subjects
3925,667225,https://digitallibrary.un.org/record/667225,A/RES/1044(XI),,[],[],no_subjects
3926,667226,https://digitallibrary.un.org/record/667226,A/RES/1113(XI),,[],[],no_subjects
3927,667227,https://digitallibrary.un.org/record/667227,A/RES/1046(XI),,[],[],no_subjects
3928,667228,https://digitallibrary.un.org/record/667228,A/RES/1012(XI),,[],[],no_subjects
3929,667615,https://digitallibrary.un.org/record/667615,A/RES/1568(XV),,[],[],no_subjects
3930,667618,https://digitallibrary.un.org/record/667618,A/RES/1573(XV),,[],[],no_subjects
3931,667622,https://digitallibrary.un.org/record/667622,A/RES/1576(XV),,[],[],no_subjects
3932,667623,https://digitallibrary.un.org/record/667623,A/RES/1577(XV),,[],[],no_subjects
3933,667624,https://digitallibrary.un.org/record/667624,A/RES/1578(XV),,[],[],no_subjects
3934,667625,https://digitallibrary.un.org/record/667625,A/RES/1579(XV),,[],[],no_subjects
3935,667626,https://digitallibrary.un.org/record/667626,A/RES/1580(XV),,[],[],no_subjects
3936,667635,https://digitallibrary.un.org/record/667635,A/RES/1590(XV),,[],[],no_subjects
3937,667637,https://digitallibrary.un.org/record/667637,A/RES/1593(XV),,[],[],no_subjects
3938,667639,https://digitallibrary.un.org/record/667639,A/RES/1596(XV),,[],[],no_subjects
3939,667641,https://digitallibrary.un.org/record/667641,A/RES/1598(XV),,[],[],no_subjects
3940,667642,https://digitallibrary.un.org/record/667642,A/RES/1599(XV),,[],[],no_subjects
3941,667643,https://digitallibrary.un.org/record/667643,A/RES/1600(XV),,[],[],no_subjects
3942,667644,https://digitallibrary.un.org/record/667644,A/RES/1601(XV),,[],[],no_subjects
3943,667645,https://digitallibrary.un.org/record/667645,A/RES/1602(XV),,[],[],no_subjects
3944,667646,https://digitallibrary.un.org/record/667646,A/RES/1603(XV),,[],[],no_subjects
3945,667647,https://digitallibrary.un.org/record/667647,A/RES/1604(XV),,[],[],no_subjects
3946,667648,https://digitallibrary.un.org/record/667648,A/RES/1605(XV),,[],[],no_subjects
3947,667649,https://digitallibrary.un.org/record/667649,A/RES/1607(XV),,[],[],no_subjects
3948,667650,https://digitallibrary.un.org/record/667650,A/RES/1608(XV),,[],[],no_subjects
3949,667653,https://digitallibrary.un.org/record/667653,A/RES/1616(XV),,[],[],no_subjects
3950,667655,https://digitallibrary.un.org/record/667655,A/RES/1619(XV),,[],[],no_subjects
3951,667656,https://digitallibrary.un.org/record/667656,A/RES/1620(XV),,[],[],no_subjects
3952,667938,https://digitallibrary.un.org/record/667938,A/RES/1040(XI),,[],[],no_subjects
3953,667960,https://digitallibrary.un.org/record/667960,A/RES/1424(XIV),,[],[],no_subjects
3954,667962,https://digitallibrary.un.org/record/667962,A/RES/1426(XIV),,[],[],no_subjects
3955,667987,https://digitallibrary.un.org/record/667987,A/RES/1441(XIV),,[],[],no_subjects
3956,668034,https://digitallibrary.un.org/record/668034,A/RES/1454(XIV),,[],[],no_subjects
3957,668035,https://digitallibrary.un.org/record/668035,A/RES/1455(XIV),,[],[],no_subjects
3958,668040,https://digitallibrary.un.org/record/668040,A/RES/1460(XIV),,[],[],no_subjects
3959,668047,https://digitallibrary.un.org/record/668047,A/RES/1467(XIV),,[],[],no_subjects
3960,668314,https://digitallibrary.un.org/record/668314,A/RES/1312(XIII),,[],[],no_subjects
3961,668321,https://digitallibrary.un.org/record/668321,A/RES/1317(XIII),,[],[],no_subjects
3962,668322,https://digitallibrary.un.org/record/668322,A/RES/1318(XIII),,[],[],no_subjects
3963,668325,https://digitallibrary.un.org/record/668325,A/RES/1324(XIII),,[],[],no_subjects
3964,668340,https://digitallibrary.un.org/record/668340,A/RES/1337(XIII),,[],[],no_subjects
3965,668353,https://digitallibrary.un.org/record/668353,A/RES/1348(XIII),,[],[],no_subjects
3966,668355,https://digitallibrary.un.org/record/668355,A/RES/1349(XIII),,[],[],no_subjects
3967,668356,https://digitallibrary.un.org/record/668356,A/RES/1350(XIII),,[],[],no_subjects
3968,668444,https://digitallibrary.un.org/record/668444,A/RES/1181(XII),,[],[],no_subjects
3969,668445,https://digitallibrary.un.org/record/668445,A/RES/1182(XII),,[],[],no_subjects
3970,668456,https://digitallibrary.un.org/record/668456,A/RES/1192(XII),,[],[],no_subjects
3971,668464,https://digitallibrary.un.org/record/668464,A/RES/1211(XII),,[],[],no_subjects
3972,668471,https://digitallibrary.un.org/record/668471,A/RES/1226(XII),,[],[],no_subjects
3973,668477,https://digitallibrary.un.org/record/668477,A/RES/1236(XII),,[],[],no_subjects
3974,668552,https://digitallibrary.un.org/record/668552,A/RES/1064(XI),,[],[],no_subjects
3975,668572,https://digitallibrary.un.org/record/668572,A/RES/1118(XI),,[],[],no_subjects
3976,668587,https://digitallibrary.un.org/record/668587,A/RES/918(X),,[],[],no_subjects
3977,668597,https://digitallibrary.un.org/record/668597,A/RES/945(X),,[],[],no_subjects
3978,668598,https://digitallibrary.un.org/record/668598,A/RES/946(X),,[],[],no_subjects
3979,669305,https://digitallibrary.un.org/record/669305,A/RES/1120(XI),,[],[],no_subjects
3980,669311,https://digitallibrary.un.org/record/669311,A/RES/1122(XI),,[],[],no_subjects
3981,669317,https://digitallibrary.un.org/record/669317,A/RES/1123(XI),,[],[],no_subjects
3982,669321,https://digitallibrary.un.org/record/669321,A/RES/1124(XI),,[],[],no_subjects
3983,669324,https://digitallibrary.un.org/record/669324,A/RES/1125(XI),,[],[],no_subjects
3984,669329,https://digitallibrary.un.org/record/669329,A/RES/1127(XI),,[],[],no_subjects
3985,669331,https://digitallibrary.un.org/record/669331,A/RES/1128(XI),,[],[],no_subjects
3986,669335,https://digitallibrary.un.org/record/669335,A/RES/1129(XI),,[],[],no_subjects
3987,669340,https://digitallibrary.un.org/record/669340,A/RES/1130(XI),,[],[],no_subjects
3988,669343,https://digitallibrary.un.org/record/669343,A/RES/1131(XI),,[],[],no_subjects
3989,669344,https://digitallibrary.un.org/record/669344,A/RES/1132(XI),,[],[],no_subjects
3990,669345,https://digitallibrary.un.org/record/669345,A/RES/1133(XI),,[],[],no_subjects
3991,669416,https://digitallibrary.un.org/record/669416,A/RES/609(VII)[A],,[],[],no_subjects
3992,669423,https://digitallibrary.un.org/record/669423,A/RES/697(VII),,[],[],no_subjects
3993,669433,https://digitallibrary.un.org/record/669433,A/RES/610(VII),,[],[],no_subjects
3994,669450,https://digitallibrary.un.org/record/669450,A/RES/615(VII),,[],[],no_subjects
3995,669452,https://digitallibrary.un.org/record/669452,A/RES/616(VII)[A],,[],[],no_subjects
3996,669454,https://digitallibrary.un.org/record/669454,A/RES/616(VII)[B],,[],[],no_subjects
3997,669465,https://digitallibrary.un.org/record/669465,A/RES/648(VII),,[],[],no_subjects
3998,669477,https://digitallibrary.un.org/record/669477,A/RES/637(VII)[A],,[],[],no_subjects
3999,669486,https://digitallibrary.un.org/record/669486,A/RES/612(VII),,[],[],no_subjects
4000,669493,https://digitallibrary.un.org/record/669493,A/RES/640(VII),,[],[],no_subjects
4001,669499,https://digitallibrary.un.org/record/669499,A/RES/652(VII),,[],[],no_subjects
4002,669502,https://digitallibrary.un.org/record/669502,A/RES/620(VII)[A],,[],[],no_subjects
4003,669503,https://digitallibrary.un.org/record/669503,A/RES/620(VII)[B],,[],[],no_subjects
4004,669512,https://digitallibrary.un.org/record/669512,A/RES/656(VII),,[],[],no_subjects
4005,669527,https://digitallibrary.un.org/record/669527,A/RES/623(VII),,[],[],no_subjects
4006,669528,https://digitallibrary.un.org/record/669528,A/RES/624(VII),,[],[],no_subjects
4007,669531,https://digitallibrary.un.org/record/669531,A/RES/626(VII),,[],[],no_subjects
4008,669591,https://digitallibrary.un.org/record/669591,A/RES/706(VII),,[],[],no_subjects
4009,669653,https://digitallibrary.un.org/record/669653,A/RES/820(IX),,[],[],no_subjects
4010,669663,https://digitallibrary.un.org/record/669663,A/RES/854(IX),,[],[],no_subjects
4011,669689,https://digitallibrary.un.org/record/669689,A/RES/812(IX),,[],[],no_subjects
4012,669715,https://digitallibrary.un.org/record/669715,A/RES/749(VIII)[A],,[],[],no_subjects
4013,669716,https://digitallibrary.un.org/record/669716,A/RES/749(VIII)[B],,[],[],no_subjects
4014,669717,https://digitallibrary.un.org/record/669717,A/RES/804(VIII),,[],[],no_subjects
4015,669722,https://digitallibrary.un.org/record/669722,A/RES/740(VIII),,[],[],no_subjects
4016,669728,https://digitallibrary.un.org/record/669728,A/RES/721(VIII),,[],[],no_subjects
4017,669748,https://digitallibrary.un.org/record/669748,A/RES/785(VIII)[A],,[],[],no_subjects
4018,670009,https://digitallibrary.un.org/record/670009,A/RES/550(VI),,[],[],no_subjects
4019,670018,https://digitallibrary.un.org/record/670018,A/RES/510(VI),,[],[],no_subjects
4020,670032,https://digitallibrary.un.org/record/670032,A/RES/503(VI)[A],,[],[],no_subjects
4021,670033,https://digitallibrary.un.org/record/670033,A/RES/503(VI)[B],,[],[],no_subjects
4022,670034,https://digitallibrary.un.org/record/670034,A/RES/520(VI)[A],,[],[],no_subjects
4023,670035,https://digitallibrary.un.org/record/670035,A/RES/511(VI),,[],[],no_subjects
4024,670053,https://digitallibrary.un.org/record/670053,A/RES/558(VI),,[],[],no_subjects
4025,670063,https://digitallibrary.un.org/record/670063,A/RES/570(VI)[A],,[],[],no_subjects
4026,670064,https://digitallibrary.un.org/record/670064,A/RES/570(VI)[B],,[],[],no_subjects
4027,670081,https://digitallibrary.un.org/record/670081,A/RES/505(VI),,[],[],no_subjects
4028,670142,https://digitallibrary.un.org/record/670142,A/RES/532(VI)[A],,[],[],no_subjects
4029,670144,https://digitallibrary.un.org/record/670144,A/RES/532(VI)[B],,[],[],no_subjects
4030,670169,https://digitallibrary.un.org/record/670169,A/RES/507(VI),,[],[],no_subjects
4031,670279,https://digitallibrary.un.org/record/670279,A/RES/377(V)[A-C],,[],[],no_subjects
4032,670295,https://digitallibrary.un.org/record/670295,A/RES/386(V),,[],[],no_subjects
4033,670330,https://digitallibrary.un.org/record/670330,A/RES/383(V)[A],,[],[],no_subjects
4034,670399,https://digitallibrary.un.org/record/670399,A/RES/395(V),,[],[],no_subjects
4035,670401,https://digitallibrary.un.org/record/670401,A/RES/390(V)[A],,[],[],no_subjects
4036,670406,https://digitallibrary.un.org/record/670406,A/RES/432(V),,[],[],no_subjects
4037,670407,https://digitallibrary.un.org/record/670407,A/RES/433(V),,[],[],no_subjects
4038,670408,https://digitallibrary.un.org/record/670408,A/RES/434(V),,[],[],no_subjects
4039,670409,https://digitallibrary.un.org/record/670409,A/RES/435(V),,[],[],no_subjects
4040,670410,https://digitallibrary.un.org/record/670410,A/RES/436(V),,[],[],no_subjects
4041,670411,https://digitallibrary.un.org/record/670411,A/RES/440(V),,[],[],no_subjects
4042,670533,https://digitallibrary.un.org/record/670533,A/RES/446(V),,[],[],no_subjects
4043,670534,https://digitallibrary.un.org/record/670534,A/RES/447(V),,[],[],no_subjects
4044,670557,https://digitallibrary.un.org/record/670557,A/RES/449(V)[A],,[],[],no_subjects
4045,670558,https://digitallibrary.un.org/record/670558,A/RES/449(V)[B],,[],[],no_subjects
4046,670559,https://digitallibrary.un.org/record/670559,A/RES/496(V),,[],[],no_subjects
4047,670560,https://digitallibrary.un.org/record/670560,A/RES/384(V),,[],[],no_subjects
4048,670563,https://digitallibrary.un.org/record/670563,A/RES/497(V),,[],[],no_subjects
4049,670598,https://digitallibrary.un.org/record/670598,A/RES/499(V),,[],[],no_subjects
4050,670599,https://digitallibrary.un.org/record/670599,A/RES/500(V),,[],[],no_subjects
4051,670602,https://digitallibrary.un.org/record/670602,A/RES/313(IV),,[],[],no_subjects
4052,670655,https://digitallibrary.un.org/record/670655,A/RES/498(V),,[],[],no_subjects
4053,670662,https://digitallibrary.un.org/record/670662,A/RES/294(IV),,[],[],no_subjects
4054,670668,https://digitallibrary.un.org/record/670668,A/RES/323(IV),,[],[],no_subjects
4055,670670,https://digitallibrary.un.org/record/670670,A/RES/325(IV),,[],[],no_subjects
4056,670675,https://digitallibrary.un.org/record/670675,A/RES/289(IV)[A],,[],[],no_subjects
4057,670676,https://digitallibrary.un.org/record/670676,A/RES/289(IV)[AA],,[],[],no_subjects
4058,670677,https://digitallibrary.un.org/record/670677,A/RES/289(IV)[AB],,[],[],no_subjects
4059,670681,https://digitallibrary.un.org/record/670681,A/RES/289(IV)[AC],,[],[],no_subjects
4060,670741,https://digitallibrary.un.org/record/670741,A/RES/334(IV),,[],[],no_subjects
4061,670744,https://digitallibrary.un.org/record/670744,A/RES/317(IV),,[],[],no_subjects
4062,670761,https://digitallibrary.un.org/record/670761,A/RES/337(IV),,[],[],no_subjects
4063,670772,https://digitallibrary.un.org/record/670772,A/RES/303(IV),,[],[],no_subjects
4064,670908,https://digitallibrary.un.org/record/670908,A/RES/218(III),,[],[],no_subjects
4065,670910,https://digitallibrary.un.org/record/670910,A/RES/219(III),,[],[],no_subjects
4066,670911,https://digitallibrary.un.org/record/670911,A/RES/220(III),,[],[],no_subjects
4067,670912,https://digitallibrary.un.org/record/670912,A/RES/221(III),,[],[],no_subjects
4068,670928,https://digitallibrary.un.org/record/670928,A/RES/255(III),,[],[],no_subjects
4069,670938,https://digitallibrary.un.org/record/670938,A/RES/200(III),,[],[],no_subjects
4070,670942,https://digitallibrary.un.org/record/670942,A/RES/263(III),,[],[],no_subjects
4071,670943,https://digitallibrary.un.org/record/670943,A/RES/247(III),,[],[],no_subjects
4072,670956,https://digitallibrary.un.org/record/670956,A/RES/197(III)[I],,[],[],no_subjects
4073,670961,https://digitallibrary.un.org/record/670961,A/RES/260(III)[A],,[],[],no_subjects
4074,670964,https://digitallibrary.un.org/record/670964,A/RES/217(III)[A],,[],[],no_subjects
4075,670969,https://digitallibrary.un.org/record/670969,A/RES/194(III),,[],[],no_subjects
4076,670970,https://digitallibrary.un.org/record/670970,A/RES/250(III),,[],[],no_subjects
4077,670972,https://digitallibrary.un.org/record/670972,A/RES/252(III)[A],,[],[],no_subjects
4078,670974,https://digitallibrary.un.org/record/670974,A/RES/195(III),,[],[],no_subjects
4079,670976,https://digitallibrary.un.org/record/670976,A/RES/285(III),,[],[],no_subjects
4080,670984,https://digitallibrary.un.org/record/670984,A/RES/272(III),,[],[],no_subjects
4081,671023,https://digitallibrary.un.org/record/671023,A/RES/273(III),,[],[],no_subjects
4082,671029,https://digitallibrary.un.org/record/671029,A/RES/277(III)[C],,[],[],no_subjects
4083,671032,https://digitallibrary.un.org/record/671032,A/RES/265(III),,[],[],no_subjects
4084,671149,https://digitallibrary.un.org/record/671149,A/RES/109(II),,[],[],no_subjects
4085,671154,https://digitallibrary.un.org/record/671154,A/RES/141(II),,[],[],no_subjects
4086,671165,https://digitallibrary.un.org/record/671165,A/RES/184(II),,[],[],no_subjects
4087,671171,https://digitallibrary.un.org/record/671171,A/RES/113(II)[D],,[],[],no_subjects
4088,671173,https://digitallibrary.un.org/record/671173,A/RES/113(II)[C],,[],[],no_subjects
4089,671174,https://digitallibrary.un.org/record/671174,A/RES/113(II)[E],,[],[],no_subjects
4090,671175,https://digitallibrary.un.org/record/671175,A/RES/113(II)[F],,[],[],no_subjects
4091,671177,https://digitallibrary.un.org/record/671177,A/RES/113(II)[G],,[],[],no_subjects
4092,671178,https://digitallibrary.un.org/record/671178,A/RES/113(II)[H],,[],[],no_subjects
4093,671194,https://digitallibrary.un.org/record/671194,A/RES/180(II),,[],[],no_subjects
4094,671195,https://digitallibrary.un.org/record/671195,A/RES/181(II)[A],,[],[],no_subjects
4095,671205,https://digitallibrary.un.org/record/671205,A/RES/17(I)[RULE-73],,[],[],no_subjects
4096,671206,https://digitallibrary.un.org/record/671206,A/RES/17(I)[RULE-T],,[],[],no_subjects
4097,671208,https://digitallibrary.un.org/record/671208,A/RES/32(I),,[],[],no_subjects
4098,671209,https://digitallibrary.un.org/record/671209,A/RES/10(I),,[],[],no_subjects
4099,671210,https://digitallibrary.un.org/record/671210,A/RES/9(I),,[],[],no_subjects
4100,671211,https://digitallibrary.un.org/record/671211,A/RES/8(I),,[],[],no_subjects
4101,671214,https://digitallibrary.un.org/record/671214,A/RES/4(I),,[],[],no_subjects
4102,671248,https://digitallibrary.un.org/record/671248,A/RES/44(I),,[],[],no_subjects
4103,671249,https://digitallibrary.un.org/record/671249,A/RES/39(I),,[],[],no_subjects
4104,671250,https://digitallibrary.un.org/record/671250,A/RES/40(I),,[],[],no_subjects
4105,671253,https://digitallibrary.un.org/record/671253,A/RES/65(I),,[],[],no_subjects
4106,671256,https://digitallibrary.un.org/record/671256,A/RES/67(I),,[],[],no_subjects
4107,671257,https://digitallibrary.un.org/record/671257,A/RES/100(I),,[],[],no_subjects
4108,671262,https://digitallibrary.un.org/record/671262,A/RES/49(I)[B],,[],[],no_subjects
4109,671263,https://digitallibrary.un.org/record/671263,A/RES/49(I)[C],,[],[],no_subjects
4110,671265,https://digitallibrary.un.org/record/671265,A/RES/62(I)[I],,[],[],no_subjects
4111,671266,https://digitallibrary.un.org/record/671266,A/RES/62(I)[II],,[],[],no_subjects
4112,671267,https://digitallibrary.un.org/record/671267,A/RES/83(I),,[],[],no_subjects
4113,671297,https://digitallibrary.un.org/record/671297,A/RES/63(I)[PARA.1],,[],[],no_subjects
4114,671304,https://digitallibrary.un.org/record/671304,A/RES/63(I)[PARA.2],,[],[],no_subjects
4115,671305,https://digitallibrary.un.org/record/671305,A/RES/63(I)[PARA.3],,[],[],no_subjects
4116,671306,https://digitallibrary.un.org/record/671306,A/RES/63(I)[PARA.4],,[],[],no_subjects
4117,671308,https://digitallibrary.un.org/record/671308,A/RES/63(I)[PARA.5],,[],[],no_subjects
4118,671309,https://digitallibrary.un.org/record/671309,A/RES/63(I)[PARA.6],,[],[],no_subjects
4119,671310,https://digitallibrary.un.org/record/671310,A/RES/63(I)[PARA.7],,[],[],no_subjects
4120,671311,https://digitallibrary.un.org/record/671311,A/RES/63(I)[PARA.8],,[],[],no_subjects
4121,671314,https://digitallibrary.un.org/record/671314,A/RES/63/307,['ORGANIZATION FOR DEMOCRACY AND ECONOMIC DEVELOPMENT - GUAM'],[],['ORGANIZATION FOR DEMOCRACY AND ECONOMIC DEVELOPMENT - GUAM'],no_match
4122,671596,https://digitallibrary.un.org/record/671596,A/RES/903(IX),,[],[],no_subjects
4123,671597,https://digitallibrary.un.org/record/671597,A/RES/729(VIII),,[],[],no_subjects
4124,671598,https://digitallibrary.un.org/record/671598,A/RES/731(VIII),,[],[],no_subjects
4125,671599,https://digitallibrary.un.org/record/671599,A/RES/719(VIII),,[],[],no_subjects
4126,671600,https://digitallibrary.un.org/record/671600,A/RES/844(IX),,[],[],no_subjects
4127,671601,https://digitallibrary.un.org/record/671601,A/RES/815(IX),,[],[],no_subjects
4128,671602,https://digitallibrary.un.org/record/671602,A/RES/849(IX),,[],[],no_subjects
4129,671603,https://digitallibrary.un.org/record/671603,A/RES/904(IX),,[],[],no_subjects
4130,671738,https://digitallibrary.un.org/record/671738,A/RES/878(IX),,[],[],no_subjects
4131,671739,https://digitallibrary.un.org/record/671739,A/RES/895(IX),,[],[],no_subjects
4132,671740,https://digitallibrary.un.org/record/671740,A/RES/906(IX),,[],[],no_subjects
4133,671773,https://digitallibrary.un.org/record/671773,A/RES/811(IX),,[],[],no_subjects
4134,671931,https://digitallibrary.un.org/record/671931,A/RES/64/6,"['CUBA', 'UNITED STATES']","['CUBA', 'UNITED STATES']",[],all_match
4135,671951,https://digitallibrary.un.org/record/671951,A/RES/63/298,"['UN INTERIM FORCE IN LEBANON', 'FINANCING']",['FINANCING'],['UN INTERIM FORCE IN LEBANON'],partial_match
4136,671965,https://digitallibrary.un.org/record/671965,A/RES/2372(XXII),,[],[],no_subjects
4137,671966,https://digitallibrary.un.org/record/671966,A/RES/2373(XXII),,[],[],no_subjects
4138,672037,https://digitallibrary.un.org/record/672037,A/RES/64/10,"['UN. HUMAN RIGHTS COUNCIL', 'REPORTS']",[],"['UN. HUMAN RIGHTS COUNCIL', 'REPORTS']",no_match
4139,672215,https://digitallibrary.un.org/record/672215,A/RES/748(VIII),,[],[],no_subjects
4140,672913,https://digitallibrary.un.org/record/672913,A/RES/64/16,['PALESTINE QUESTION'],['PALESTINE QUESTION'],[],all_match
4141,672918,https://digitallibrary.un.org/record/672918,A/RES/64/17,['PALESTINE QUESTION'],['PALESTINE QUESTION'],[],all_match
4142,672925,https://digitallibrary.un.org/record/672925,A/RES/64/18,['PALESTINE QUESTION'],['PALESTINE QUESTION'],[],all_match
4143,672938,https://digitallibrary.un.org/record/672938,A/RES/64/19,['PALESTINE QUESTION'],['PALESTINE QUESTION'],[],all_match
4144,672993,https://digitallibrary.un.org/record/672993,A/RES/64/20,['MIDDLE EAST SITUATION'],['MIDDLE EAST SITUATION'],[],all_match
4145,672995,https://digitallibrary.un.org/record/672995,A/RES/64/21,['MIDDLE EAST SITUATION'],['MIDDLE EAST SITUATION'],[],all_match
4146,673013,https://digitallibrary.un.org/record/673013,A/RES/64/23,"['INDIAN OCEAN', 'ZONES OF PEACE']","['INDIAN OCEAN', 'ZONES OF PEACE']",[],all_match
4147,673193,https://digitallibrary.un.org/record/673193,A/RES/64/27,"['NON-NUCLEAR-WEAPON STATES', 'SECURITY']",['NON-NUCLEAR-WEAPON STATES'],['SECURITY'],partial_match
4148,673194,https://digitallibrary.un.org/record/673194,A/RES/64/28,"['ARMS RACE', 'OUTER SPACE']","['ARMS RACE', 'OUTER SPACE']",[],all_match
4149,673197,https://digitallibrary.un.org/record/673197,A/RES/64/31,"['NUCLEAR NON-PROLIFERATION', 'INTERNATIONAL OBLIGATIONS']","['NUCLEAR NON-PROLIFERATION', 'INTERNATIONAL OBLIGATIONS']",[],all_match
4150,673200,https://digitallibrary.un.org/record/673200,A/RES/64/34,"['MULTILATERALISM', 'DISARMAMENT']","['MULTILATERALISM', 'DISARMAMENT']",[],all_match
4151,673259,https://digitallibrary.un.org/record/673259,A/RES/64/37,['NUCLEAR NON-PROLIFERATION'],['NUCLEAR NON-PROLIFERATION'],[],all_match
4152,673288,https://digitallibrary.un.org/record/673288,A/RES/64/39,"['SOUTH-EAST ASIA', 'NUCLEAR-WEAPON-FREE ZONES']",['NUCLEAR-WEAPON-FREE ZONES'],['SOUTH-EAST ASIA'],partial_match
4153,673348,https://digitallibrary.un.org/record/673348,A/RES/64/42,"['CONVENTIONAL ARMS', 'REGIONAL PROGRAMMES']",['REGIONAL PROGRAMMES'],['CONVENTIONAL ARMS'],partial_match
4154,673350,https://digitallibrary.un.org/record/673350,A/RES/64/44,"['SOUTHERN HEMISPHERE', 'NUCLEAR-WEAPON-FREE ZONES']",['NUCLEAR-WEAPON-FREE ZONES'],['SOUTHERN HEMISPHERE'],partial_match
4155,673353,https://digitallibrary.un.org/record/673353,A/RES/64/47,"['NUCLEAR WEAPONS', 'ELIMINATION']",['NUCLEAR WEAPONS'],['ELIMINATION'],partial_match
4156,673354,https://digitallibrary.un.org/record/673354,A/RES/64/48,"['ARMS TRANSFERS', 'TREATIES']","['ARMS TRANSFERS', 'TREATIES']",[],all_match
4157,673485,https://digitallibrary.un.org/record/673485,A/RES/64/50,"['SMALL ARMS', 'ILLICIT TRAFFIC']","['SMALL ARMS', 'ILLICIT TRAFFIC']",[],all_match
4158,673488,https://digitallibrary.un.org/record/673488,A/RES/64/52,"['DISARMAMENT', 'GENERAL AND COMPLETE']",['DISARMAMENT'],['GENERAL AND COMPLETE'],partial_match
4159,673489,https://digitallibrary.un.org/record/673489,A/RES/64/53,['NUCLEAR DISARMAMENT'],['NUCLEAR DISARMAMENT'],[],all_match
4160,673490,https://digitallibrary.un.org/record/673490,A/RES/64/54,"['ARMS TRANSFERS', 'TRANSPARENCY']",['ARMS TRANSFERS'],['TRANSPARENCY'],partial_match
4161,673492,https://digitallibrary.un.org/record/673492,A/RES/64/55,"['NUCLEAR WEAPONS USE', 'UN. INTERNATIONAL COURT OF JUSTICE OPINION']",['NUCLEAR WEAPONS USE'],['UN. INTERNATIONAL COURT OF JUSTICE OPINION'],partial_match
4162,673493,https://digitallibrary.un.org/record/673493,A/RES/64/56,"['DISARMAMENT', 'GENERAL AND COMPLETE']",['DISARMAMENT'],['GENERAL AND COMPLETE'],partial_match
4163,673494,https://digitallibrary.un.org/record/673494,A/RES/64/57,"['NUCLEAR DISARMAMENT', 'TREATY COMPLIANCE']","['NUCLEAR DISARMAMENT', 'TREATY COMPLIANCE']",[],all_match
4164,673540,https://digitallibrary.un.org/record/673540,A/RES/64/59,"['NUCLEAR WEAPONS USE', 'TREATIES']","['NUCLEAR WEAPONS USE', 'TREATIES']",[],all_match
4165,673557,https://digitallibrary.un.org/record/673557,A/RES/64/66,"['MIDDLE EAST', 'NUCLEAR PROLIFERATION']",['MIDDLE EAST'],['NUCLEAR PROLIFERATION'],partial_match
4166,673629,https://digitallibrary.un.org/record/673629,A/RES/64/69,"['NUCLEAR WEAPON TESTS', 'TREATIES']","['NUCLEAR WEAPON TESTS', 'TREATIES']",[],all_match
4167,673642,https://digitallibrary.un.org/record/673642,A/RES/64/71,['LAW OF THE SEA'],['LAW OF THE SEA'],[],all_match
4168,673804,https://digitallibrary.un.org/record/673804,A/RES/64/87,"['UNRWA', 'ACTIVITIES']",['ACTIVITIES'],['UNRWA'],partial_match
4169,673806,https://digitallibrary.un.org/record/673806,A/RES/64/88,"['UNRWA', 'ACTIVITIES']",['ACTIVITIES'],['UNRWA'],partial_match
4170,673807,https://digitallibrary.un.org/record/673807,A/RES/64/89,"['UNRWA', 'ACTIVITIES']",['ACTIVITIES'],['UNRWA'],partial_match
4171,673810,https://digitallibrary.un.org/record/673810,A/RES/64/90,"['UNRWA', 'ACTIVITIES']",['ACTIVITIES'],['UNRWA'],partial_match
4172,673828,https://digitallibrary.un.org/record/673828,A/RES/64/91,"['TERRITORIES OCCUPIED BY ISRAEL', 'HUMAN RIGHTS', 'REPORTS']","['TERRITORIES OCCUPIED BY ISRAEL', 'HUMAN RIGHTS']",['REPORTS'],partial_match
4173,673829,https://digitallibrary.un.org/record/673829,A/RES/64/92,"['TERRITORIES OCCUPIED BY ISRAEL', 'HUMAN RIGHTS', 'REPORTS']","['TERRITORIES OCCUPIED BY ISRAEL', 'HUMAN RIGHTS']",['REPORTS'],partial_match
4174,673877,https://digitallibrary.un.org/record/673877,A/RES/64/93,"['TERRITORIES OCCUPIED BY ISRAEL', 'HUMAN RIGHTS', 'REPORTS']","['TERRITORIES OCCUPIED BY ISRAEL', 'HUMAN RIGHTS']",['REPORTS'],partial_match
4175,673879,https://digitallibrary.un.org/record/673879,A/RES/64/94,"['TERRITORIES OCCUPIED BY ISRAEL', 'HUMAN RIGHTS', 'REPORTS']","['TERRITORIES OCCUPIED BY ISRAEL', 'HUMAN RIGHTS']",['REPORTS'],partial_match
4176,673912,https://digitallibrary.un.org/record/673912,A/RES/64/95,"['TERRITORIES OCCUPIED BY ISRAEL', 'HUMAN RIGHTS', 'REPORTS']","['TERRITORIES OCCUPIED BY ISRAEL', 'HUMAN RIGHTS']",['REPORTS'],partial_match
4177,673915,https://digitallibrary.un.org/record/673915,A/RES/64/97,"['NON-SELF-GOVERNING TERRITORIES', 'REPORTS']",['NON-SELF-GOVERNING TERRITORIES'],['REPORTS'],partial_match
4178,673929,https://digitallibrary.un.org/record/673929,A/RES/64/98,"['NON-SELF-GOVERNING TERRITORIES', 'ECONOMIC INTERESTS']",['NON-SELF-GOVERNING TERRITORIES'],['ECONOMIC INTERESTS'],partial_match
4179,673931,https://digitallibrary.un.org/record/673931,A/RES/64/99,"['DECOLONIZATION', 'UN SYSTEM']",['DECOLONIZATION'],['UN SYSTEM'],partial_match
4180,673950,https://digitallibrary.un.org/record/673950,A/RES/64/105,['DECOLONIZATION'],['DECOLONIZATION'],[],all_match
4181,673960,https://digitallibrary.un.org/record/673960,A/RES/64/106,['DECOLONIZATION'],['DECOLONIZATION'],[],all_match
4182,674037,https://digitallibrary.un.org/record/674037,A/RES/64/147,"['RACIAL DISCRIMINATION', 'ELIMINATION']",['RACIAL DISCRIMINATION'],['ELIMINATION'],partial_match
4183,674038,https://digitallibrary.un.org/record/674038,A/RES/64/148,"['RACIAL DISCRIMINATION', 'PROGRAMMES OF ACTION']","['RACIAL DISCRIMINATION', 'PROGRAMMES OF ACTION']",[],all_match
4184,674042,https://digitallibrary.un.org/record/674042,A/RES/64/150,['SELF-DETERMINATION OF PEOPLES'],['SELF-DETERMINATION OF PEOPLES'],[],all_match
4185,674093,https://digitallibrary.un.org/record/674093,A/RES/64/151,"['SELF-DETERMINATION OF PEOPLES', 'MERCENARIES']","['SELF-DETERMINATION OF PEOPLES', 'MERCENARIES']",[],all_match
4186,674095,https://digitallibrary.un.org/record/674095,A/RES/64/152,"['HUMAN RIGHTS', 'INTERNATIONAL INSTRUMENTS']","['HUMAN RIGHTS', 'INTERNATIONAL INSTRUMENTS']",[],all_match
4187,674135,https://digitallibrary.un.org/record/674135,A/RES/64/156,"['HUMAN RIGHTS ADVANCEMENT', 'RELIGIOUS INTOLERANCE']","['HUMAN RIGHTS ADVANCEMENT', 'RELIGIOUS INTOLERANCE']",[],all_match
4188,674136,https://digitallibrary.un.org/record/674136,A/RES/64/157,['HUMAN RIGHTS ADVANCEMENT'],['HUMAN RIGHTS ADVANCEMENT'],[],all_match
4189,674201,https://digitallibrary.un.org/record/674201,A/RES/64/160,"['HUMAN RIGHTS ADVANCEMENT', 'GLOBALIZATION', 'HUMAN RIGHTS']","['HUMAN RIGHTS ADVANCEMENT', 'GLOBALIZATION', 'HUMAN RIGHTS']",[],all_match
4190,674226,https://digitallibrary.un.org/record/674226,A/RES/64/170,"['HUMAN RIGHTS ADVANCEMENT', 'SANCTIONS', 'INTERNATIONAL RELATIONS']","['HUMAN RIGHTS ADVANCEMENT', 'SANCTIONS', 'INTERNATIONAL RELATIONS']",[],all_match
4191,674250,https://digitallibrary.un.org/record/674250,A/RES/64/172,"['HUMAN RIGHTS ADVANCEMENT', 'RIGHT TO DEVELOPMENT']","['HUMAN RIGHTS ADVANCEMENT', 'RIGHT TO DEVELOPMENT']",[],all_match
4192,674405,https://digitallibrary.un.org/record/674405,A/RES/64/173,['HUMAN RIGHTS ADVANCEMENT'],['HUMAN RIGHTS ADVANCEMENT'],[],all_match
4193,674406,https://digitallibrary.un.org/record/674406,A/RES/64/174,['HUMAN RIGHTS ADVANCEMENT'],['HUMAN RIGHTS ADVANCEMENT'],[],all_match
4194,674407,https://digitallibrary.un.org/record/674407,A/RES/64/175,"['HUMAN RIGHTS', 'REPORTS', 'HUMAN RIGHTS', ""DEMOCRATIC PEOPLE'S REPUBLIC OF KOREA""]","['HUMAN RIGHTS', 'HUMAN RIGHTS', ""DEMOCRATIC PEOPLE'S REPUBLIC OF KOREA""]",['REPORTS'],partial_match
4195,674408,https://digitallibrary.un.org/record/674408,A/RES/64/176,"['HUMAN RIGHTS', 'REPORTS', 'HUMAN RIGHTS', 'IRAN (ISLAMIC REPUBLIC OF)']","['HUMAN RIGHTS', 'HUMAN RIGHTS', 'IRAN (ISLAMIC REPUBLIC OF)']",['REPORTS'],partial_match
4196,674421,https://digitallibrary.un.org/record/674421,A/RES/64/185,"['TERRITORIES OCCUPIED BY ISRAEL', 'NATURAL RESOURCES']","['TERRITORIES OCCUPIED BY ISRAEL', 'NATURAL RESOURCES']",[],all_match
4197,674422,https://digitallibrary.un.org/record/674422,A/RES/64/188,['INTERNATIONAL TRADE'],['INTERNATIONAL TRADE'],[],all_match
4198,674424,https://digitallibrary.un.org/record/674424,A/RES/64/189,['INTERNATIONAL TRADE'],['INTERNATIONAL TRADE'],[],all_match
4199,674741,https://digitallibrary.un.org/record/674741,A/RES/64/195,['SUSTAINABLE DEVELOPMENT'],['SUSTAINABLE DEVELOPMENT'],[],all_match
4200,674770,https://digitallibrary.un.org/record/674770,A/RES/64/197,"['AGENDA 21', 'PROGRAMME IMPLEMENTATION']",['PROGRAMME IMPLEMENTATION'],['AGENDA 21'],partial_match
4201,674774,https://digitallibrary.un.org/record/674774,A/RES/64/209,"['GLOBALIZATION', 'UN']",['GLOBALIZATION'],['UN'],partial_match
4202,675477,https://digitallibrary.un.org/record/675477,A/RES/64/238,"['HUMAN RIGHTS', 'REPORTS', 'HUMAN RIGHTS', 'MYANMAR']","['HUMAN RIGHTS', 'HUMAN RIGHTS', 'MYANMAR']",['REPORTS'],partial_match
4203,680440,https://digitallibrary.un.org/record/680440,A/RES/64/254,"['UN. HUMAN RIGHTS COUNCIL', 'REPORTS']",[],"['UN. HUMAN RIGHTS COUNCIL', 'REPORTS']",no_match
4204,687112,https://digitallibrary.un.org/record/687112,A/RES/64/292,['UN CONFERENCES'],[],['UN CONFERENCES'],no_match
4205,689037,https://digitallibrary.un.org/record/689037,A/RES/64/282,"['UN INTERIM FORCE IN LEBANON', 'FINANCING']",['FINANCING'],['UN INTERIM FORCE IN LEBANON'],partial_match
4206,691396,https://digitallibrary.un.org/record/691396,A/RES/64/296,['ORGANIZATION FOR DEMOCRACY AND ECONOMIC DEVELOPMENT - GUAM'],[],['ORGANIZATION FOR DEMOCRACY AND ECONOMIC DEVELOPMENT - GUAM'],no_match
4207,694614,https://digitallibrary.un.org/record/694614,A/RES/65/6,"['CUBA', 'UNITED STATES']","['CUBA', 'UNITED STATES']",[],all_match
4208,694906,https://digitallibrary.un.org/record/694906,A/RES/ES-10/16,"['TERRITORIES OCCUPIED BY ISRAEL', 'SETTLEMENT POLICY']","['TERRITORIES OCCUPIED BY ISRAEL', 'SETTLEMENT POLICY']",[],all_match
4209,694915,https://digitallibrary.un.org/record/694915,A/RES/ES-10/17,"['TERRITORIES OCCUPIED BY ISRAEL', 'SETTLEMENT POLICY']","['TERRITORIES OCCUPIED BY ISRAEL', 'SETTLEMENT POLICY']",[],all_match
4210,694928,https://digitallibrary.un.org/record/694928,A/RES/ES-10/18,"['TERRITORIES OCCUPIED BY ISRAEL', 'SETTLEMENT POLICY']","['TERRITORIES OCCUPIED BY ISRAEL', 'SETTLEMENT POLICY']",[],all_match
4211,695076,https://digitallibrary.un.org/record/695076,A/RES/40/257[A],"['UN', 'BUDGET (1986-1987)']",[],"['UN', 'BUDGET (1986-1987)']",no_match
4212,695077,https://digitallibrary.un.org/record/695077,A/RES/40/257[B],"['UN', 'BUDGET (1986-1987)']",[],"['UN', 'BUDGET (1986-1987)']",no_match
4213,695078,https://digitallibrary.un.org/record/695078,A/RES/40/257[C],"['UN', 'BUDGET (1986-1987)']",[],"['UN', 'BUDGET (1986-1987)']",no_match
4214,695101,https://digitallibrary.un.org/record/695101,A/RES/42/70[A],"['UN DISENGAGEMENT OBSERVER FORCE', 'FINANCING']",['FINANCING'],['UN DISENGAGEMENT OBSERVER FORCE'],partial_match
4215,695102,https://digitallibrary.un.org/record/695102,A/RES/42/70[B],"['UN DISENGAGEMENT OBSERVER FORCE', 'FINANCING']",['FINANCING'],['UN DISENGAGEMENT OBSERVER FORCE'],partial_match
4216,695379,https://digitallibrary.un.org/record/695379,A/RES/50/38[B-I],['AMERICAN SAMOA QUESTION'],['AMERICAN SAMOA QUESTION'],[],all_match
4217,695380,https://digitallibrary.un.org/record/695380,A/RES/50/38[B-II],['ANGUILLA QUESTION'],['ANGUILLA QUESTION'],[],all_match
4218,695382,https://digitallibrary.un.org/record/695382,A/RES/50/38[B-III],['BERMUDA QUESTION'],['BERMUDA QUESTION'],[],all_match
4219,695383,https://digitallibrary.un.org/record/695383,A/RES/50/38[B-IV],['BRITISH VIRGIN ISLANDS QUESTION'],['BRITISH VIRGIN ISLANDS QUESTION'],[],all_match
4220,695384,https://digitallibrary.un.org/record/695384,A/RES/50/38[B-V],['CAYMAN ISLANDS QUESTION'],['CAYMAN ISLANDS QUESTION'],[],all_match
4221,695385,https://digitallibrary.un.org/record/695385,A/RES/50/38[B-VI],['GUAM QUESTION'],['GUAM QUESTION'],[],all_match
4222,695387,https://digitallibrary.un.org/record/695387,A/RES/50/38[B-VII],['MONTSERRAT QUESTION'],['MONTSERRAT QUESTION'],[],all_match
4223,695388,https://digitallibrary.un.org/record/695388,A/RES/50/38[B-VIII],['PITCAIRN QUESTION'],['PITCAIRN QUESTION'],[],all_match
4224,695389,https://digitallibrary.un.org/record/695389,A/RES/50/38[B-IX],['SAINT HELENA QUESTION'],['SAINT HELENA QUESTION'],[],all_match
4225,695391,https://digitallibrary.un.org/record/695391,A/RES/50/38[B-X],['TOKELAU QUESTION'],['TOKELAU QUESTION'],[],all_match
4226,695393,https://digitallibrary.un.org/record/695393,A/RES/50/38[B-XI],['TURKS AND CAICOS ISLANDS QUESTION'],['TURKS AND CAICOS ISLANDS QUESTION'],[],all_match
4227,695394,https://digitallibrary.un.org/record/695394,A/RES/50/38[B-XII],['UNITED STATES VIRGIN ISLANDS QUESTION'],['UNITED STATES VIRGIN ISLANDS QUESTION'],[],all_match
4228,696745,https://digitallibrary.un.org/record/696745,A/RES/65/68,"['OUTER SPACE', 'CONFIDENCE-BUILDING MEASURES']","['OUTER SPACE', 'CONFIDENCE-BUILDING MEASURES']",[],all_match
4229,696789,https://digitallibrary.un.org/record/696789,A/RES/65/71,"['DISARMAMENT', 'GENERAL AND COMPLETE']",['DISARMAMENT'],['GENERAL AND COMPLETE'],partial_match
4230,696791,https://digitallibrary.un.org/record/696791,A/RES/65/72,"['NUCLEAR WEAPONS', 'ELIMINATION']",['NUCLEAR WEAPONS'],['ELIMINATION'],partial_match
4231,696794,https://digitallibrary.un.org/record/696794,A/RES/65/73,"['DISARMAMENT', 'GENERAL AND COMPLETE']",['DISARMAMENT'],['GENERAL AND COMPLETE'],partial_match
4232,696799,https://digitallibrary.un.org/record/696799,A/RES/65/75,['ILLICIT TRAFFIC'],['ILLICIT TRAFFIC'],[],all_match
4233,696801,https://digitallibrary.un.org/record/696801,A/RES/65/76,"['NUCLEAR WEAPONS USE', 'UN. INTERNATIONAL COURT OF JUSTICE OPINION']",['NUCLEAR WEAPONS USE'],['UN. INTERNATIONAL COURT OF JUSTICE OPINION'],partial_match
4234,696882,https://digitallibrary.un.org/record/696882,A/RES/65/43,"['NON-NUCLEAR-WEAPON STATES', 'SECURITY']",['NON-NUCLEAR-WEAPON STATES'],['SECURITY'],partial_match
4235,696884,https://digitallibrary.un.org/record/696884,A/RES/65/44,"['ARMS RACE', 'OUTER SPACE']","['ARMS RACE', 'OUTER SPACE']",[],all_match
4236,696886,https://digitallibrary.un.org/record/696886,A/RES/65/46,"['CONVENTIONAL ARMS', 'REGIONAL PROGRAMMES']",['REGIONAL PROGRAMMES'],['CONVENTIONAL ARMS'],partial_match
4237,696888,https://digitallibrary.un.org/record/696888,A/RES/65/49,"['CENTRAL ASIA', 'NUCLEAR-WEAPON-FREE ZONES']","['CENTRAL ASIA', 'NUCLEAR-WEAPON-FREE ZONES']",[],all_match
4238,696889,https://digitallibrary.un.org/record/696889,A/RES/65/51,"['CHEMICAL AND BIOLOGICAL WARFARE', 'TREATIES']","['CHEMICAL AND BIOLOGICAL WARFARE', 'TREATIES']",[],all_match
4239,696954,https://digitallibrary.un.org/record/696954,A/RES/65/88,"['MIDDLE EAST', 'NUCLEAR PROLIFERATION']",['MIDDLE EAST'],['NUCLEAR PROLIFERATION'],partial_match
4240,697063,https://digitallibrary.un.org/record/697063,A/RES/65/48,"['DISARMAMENT', 'GENERAL AND COMPLETE']",['DISARMAMENT'],['GENERAL AND COMPLETE'],partial_match
4241,697068,https://digitallibrary.un.org/record/697068,A/RES/65/65,"['FISSIONABLE MATERIALS', 'TREATIES']","['FISSIONABLE MATERIALS', 'TREATIES']",[],all_match
4242,697069,https://digitallibrary.un.org/record/697069,A/RES/65/66,"['DISARMAMENT', 'UN. GENERAL ASSEMBLY (4TH SPECIAL SESS. ON DISARMAMENT : xxxx)']",['DISARMAMENT'],['UN. GENERAL ASSEMBLY (4TH SPECIAL SESS. ON DISARMAMENT : xxxx)'],partial_match
4243,697287,https://digitallibrary.un.org/record/697287,A/RES/65/91,"['NUCLEAR WEAPON TESTS', 'TREATIES']","['NUCLEAR WEAPON TESTS', 'TREATIES']",[],all_match
4244,697294,https://digitallibrary.un.org/record/697294,A/RES/65/98,"['UNRWA', 'ACTIVITIES']",['ACTIVITIES'],['UNRWA'],partial_match
4245,697301,https://digitallibrary.un.org/record/697301,A/RES/65/100,"['UNRWA', 'ACTIVITIES']",['ACTIVITIES'],['UNRWA'],partial_match
4246,697306,https://digitallibrary.un.org/record/697306,A/RES/65/101,"['UNRWA', 'ACTIVITIES']",['ACTIVITIES'],['UNRWA'],partial_match
4247,697307,https://digitallibrary.un.org/record/697307,A/RES/65/102,"['TERRITORIES OCCUPIED BY ISRAEL', 'HUMAN RIGHTS', 'REPORTS']","['TERRITORIES OCCUPIED BY ISRAEL', 'HUMAN RIGHTS']",['REPORTS'],partial_match
4248,697308,https://digitallibrary.un.org/record/697308,A/RES/65/103,"['TERRITORIES OCCUPIED BY ISRAEL', 'HUMAN RIGHTS', 'REPORTS']","['TERRITORIES OCCUPIED BY ISRAEL', 'HUMAN RIGHTS']",['REPORTS'],partial_match
4249,697309,https://digitallibrary.un.org/record/697309,A/RES/65/104,"['TERRITORIES OCCUPIED BY ISRAEL', 'HUMAN RIGHTS', 'REPORTS']","['TERRITORIES OCCUPIED BY ISRAEL', 'HUMAN RIGHTS']",['REPORTS'],partial_match
4250,697314,https://digitallibrary.un.org/record/697314,A/RES/65/105,"['TERRITORIES OCCUPIED BY ISRAEL', 'HUMAN RIGHTS', 'REPORTS']","['TERRITORIES OCCUPIED BY ISRAEL', 'HUMAN RIGHTS']",['REPORTS'],partial_match
4251,697316,https://digitallibrary.un.org/record/697316,A/RES/65/106,"['TERRITORIES OCCUPIED BY ISRAEL', 'HUMAN RIGHTS', 'REPORTS']","['TERRITORIES OCCUPIED BY ISRAEL', 'HUMAN RIGHTS']",['REPORTS'],partial_match
4252,697317,https://digitallibrary.un.org/record/697317,A/RES/65/109,"['NON-SELF-GOVERNING TERRITORIES', 'ECONOMIC INTERESTS']",['NON-SELF-GOVERNING TERRITORIES'],['ECONOMIC INTERESTS'],partial_match
4253,697318,https://digitallibrary.un.org/record/697318,A/RES/65/110,"['DECOLONIZATION', 'UN SYSTEM']",['DECOLONIZATION'],['UN SYSTEM'],partial_match
4254,697324,https://digitallibrary.un.org/record/697324,A/RES/65/116,['DECOLONIZATION'],['DECOLONIZATION'],[],all_match
4255,697325,https://digitallibrary.un.org/record/697325,A/RES/65/117,['DECOLONIZATION'],['DECOLONIZATION'],[],all_match
4256,697326,https://digitallibrary.un.org/record/697326,A/RES/65/118,['DECOLONIZATION'],['DECOLONIZATION'],[],all_match
4257,697327,https://digitallibrary.un.org/record/697327,A/RES/65/119,['DECOLONIZATION'],['DECOLONIZATION'],[],all_match
4258,697331,https://digitallibrary.un.org/record/697331,A/RES/65/13,['PALESTINE QUESTION'],['PALESTINE QUESTION'],[],all_match
4259,697332,https://digitallibrary.un.org/record/697332,A/RES/65/14,['PALESTINE QUESTION'],['PALESTINE QUESTION'],[],all_match
4260,697333,https://digitallibrary.un.org/record/697333,A/RES/65/15,['PALESTINE QUESTION'],['PALESTINE QUESTION'],[],all_match
4261,697336,https://digitallibrary.un.org/record/697336,A/RES/65/16,['PALESTINE QUESTION'],['PALESTINE QUESTION'],[],all_match
4262,697414,https://digitallibrary.un.org/record/697414,A/RES/65/17,['MIDDLE EAST SITUATION'],['MIDDLE EAST SITUATION'],[],all_match
4263,697416,https://digitallibrary.un.org/record/697416,A/RES/65/18,['MIDDLE EAST SITUATION'],['MIDDLE EAST SITUATION'],[],all_match
4264,697854,https://digitallibrary.un.org/record/697854,A/RES/65/54,"['MULTILATERALISM', 'DISARMAMENT']","['MULTILATERALISM', 'DISARMAMENT']",[],all_match
4265,697855,https://digitallibrary.un.org/record/697855,A/RES/65/55,['DEPLETED URANIUM'],['DEPLETED URANIUM'],[],all_match
4266,697856,https://digitallibrary.un.org/record/697856,A/RES/65/56,['NUCLEAR DISARMAMENT'],['NUCLEAR DISARMAMENT'],[],all_match
4267,697858,https://digitallibrary.un.org/record/697858,A/RES/65/58,"['SOUTHERN HEMISPHERE', 'NUCLEAR-WEAPON-FREE ZONES']",['NUCLEAR-WEAPON-FREE ZONES'],['SOUTHERN HEMISPHERE'],partial_match
4268,697859,https://digitallibrary.un.org/record/697859,A/RES/65/59,"['NUCLEAR DISARMAMENT', 'TREATY COMPLIANCE']","['NUCLEAR DISARMAMENT', 'TREATY COMPLIANCE']",[],all_match
4269,697863,https://digitallibrary.un.org/record/697863,A/RES/65/142,['INTERNATIONAL TRADE'],['INTERNATIONAL TRADE'],[],all_match
4270,697884,https://digitallibrary.un.org/record/697884,A/RES/65/60,['NUCLEAR NON-PROLIFERATION'],['NUCLEAR NON-PROLIFERATION'],[],all_match
4271,698128,https://digitallibrary.un.org/record/698128,A/RES/65/80,"['NUCLEAR WEAPONS USE', 'TREATIES']","['NUCLEAR WEAPONS USE', 'TREATIES']",[],all_match
4272,698713,https://digitallibrary.un.org/record/698713,A/RES/65/147,['SUSTAINABLE DEVELOPMENT'],['SUSTAINABLE DEVELOPMENT'],[],all_match
4273,698983,https://digitallibrary.un.org/record/698983,A/RES/65/99,"['UNRWA', 'ACTIVITIES']",['ACTIVITIES'],['UNRWA'],partial_match
4274,700327,https://digitallibrary.un.org/record/700327,A/RES/65/195,"['UN. HUMAN RIGHTS COUNCIL', 'REPORTS']",[],"['UN. HUMAN RIGHTS COUNCIL', 'REPORTS']",no_match
4275,700346,https://digitallibrary.un.org/record/700346,A/RES/65/199,"['RACIAL DISCRIMINATION', 'ELIMINATION']",['RACIAL DISCRIMINATION'],['ELIMINATION'],partial_match
4276,700379,https://digitallibrary.un.org/record/700379,A/RES/65/202,['SELF-DETERMINATION OF PEOPLES'],['SELF-DETERMINATION OF PEOPLES'],[],all_match
4277,700384,https://digitallibrary.un.org/record/700384,A/RES/65/203,"['SELF-DETERMINATION OF PEOPLES', 'MERCENARIES']","['SELF-DETERMINATION OF PEOPLES', 'MERCENARIES']",[],all_match
4278,700454,https://digitallibrary.un.org/record/700454,A/RES/65/206,"['HUMAN RIGHTS ADVANCEMENT', 'CAPITAL PUNISHMENT']","['HUMAN RIGHTS ADVANCEMENT', 'CAPITAL PUNISHMENT']",[],all_match
4279,700507,https://digitallibrary.un.org/record/700507,A/RES/65/208,"['HUMAN RIGHTS ADVANCEMENT', 'SUMMARY EXECUTIONS']","['HUMAN RIGHTS ADVANCEMENT', 'SUMMARY EXECUTIONS']",[],all_match
4280,700508,https://digitallibrary.un.org/record/700508,A/RES/65/216,"['HUMAN RIGHTS ADVANCEMENT', 'GLOBALIZATION', 'HUMAN RIGHTS']","['HUMAN RIGHTS ADVANCEMENT', 'GLOBALIZATION', 'HUMAN RIGHTS']",[],all_match
4281,700524,https://digitallibrary.un.org/record/700524,A/RES/65/219,"['HUMAN RIGHTS ADVANCEMENT', 'RIGHT TO DEVELOPMENT']","['HUMAN RIGHTS ADVANCEMENT', 'RIGHT TO DEVELOPMENT']",[],all_match
4282,700534,https://digitallibrary.un.org/record/700534,A/RES/65/217,"['HUMAN RIGHTS ADVANCEMENT', 'SANCTIONS', 'INTERNATIONAL RELATIONS']","['HUMAN RIGHTS ADVANCEMENT', 'SANCTIONS', 'INTERNATIONAL RELATIONS']",[],all_match
4283,700542,https://digitallibrary.un.org/record/700542,A/RES/65/222,['HUMAN RIGHTS ADVANCEMENT'],['HUMAN RIGHTS ADVANCEMENT'],[],all_match
4284,700551,https://digitallibrary.un.org/record/700551,A/RES/65/223,['HUMAN RIGHTS ADVANCEMENT'],['HUMAN RIGHTS ADVANCEMENT'],[],all_match
4285,700637,https://digitallibrary.un.org/record/700637,A/RES/65/224,"['HUMAN RIGHTS ADVANCEMENT', 'RELIGIOUS INTOLERANCE']","['HUMAN RIGHTS ADVANCEMENT', 'RELIGIOUS INTOLERANCE']",[],all_match
4286,700650,https://digitallibrary.un.org/record/700650,A/RES/65/225,"['HUMAN RIGHTS', 'REPORTS', 'HUMAN RIGHTS', ""DEMOCRATIC PEOPLE'S REPUBLIC OF KOREA""]","['HUMAN RIGHTS', 'HUMAN RIGHTS', ""DEMOCRATIC PEOPLE'S REPUBLIC OF KOREA""]",['REPORTS'],partial_match
4287,700654,https://digitallibrary.un.org/record/700654,A/RES/65/226,"['HUMAN RIGHTS', 'REPORTS', 'HUMAN RIGHTS', 'IRAN (ISLAMIC REPUBLIC OF)']","['HUMAN RIGHTS', 'HUMAN RIGHTS', 'IRAN (ISLAMIC REPUBLIC OF)']",['REPORTS'],partial_match
4288,700704,https://digitallibrary.un.org/record/700704,A/RES/65/37A,['LAW OF THE SEA'],['LAW OF THE SEA'],[],all_match
4289,700739,https://digitallibrary.un.org/record/700739,A/RES/65/167,"['GLOBALIZATION', 'INTERDEPENDENCE']","['GLOBALIZATION', 'INTERDEPENDENCE']",[],all_match
4290,700753,https://digitallibrary.un.org/record/700753,A/RES/65/241,"['HUMAN RIGHTS', 'REPORTS', 'HUMAN RIGHTS', 'MYANMAR']","['HUMAN RIGHTS', 'HUMAN RIGHTS', 'MYANMAR']",['REPORTS'],partial_match
4291,700847,https://digitallibrary.un.org/record/700847,A/RES/65/240,"['RACIAL DISCRIMINATION', 'PROGRAMMES OF ACTION']","['RACIAL DISCRIMINATION', 'PROGRAMMES OF ACTION']",[],all_match
4292,701201,https://digitallibrary.un.org/record/701201,A/RES/65/179,"['TERRITORIES OCCUPIED BY ISRAEL', 'NATURAL RESOURCES']","['TERRITORIES OCCUPIED BY ISRAEL', 'NATURAL RESOURCES']",[],all_match
4293,701638,https://digitallibrary.un.org/record/701638,A/RES/65/259,"['UN', 'BUDGET (2010-2011)']",[],"['UN', 'BUDGET (2010-2011)']",no_match
4294,703013,https://digitallibrary.un.org/record/703013,A/RES/65/276,"['UN SYSTEM', 'STRENGTHENING']",[],"['UN SYSTEM', 'STRENGTHENING']",no_match
4295,704960,https://digitallibrary.un.org/record/704960,A/RES/65/272,"['UNRWA', 'ACTIVITIES']",['ACTIVITIES'],['UNRWA'],partial_match
4296,708290,https://digitallibrary.un.org/record/708290,A/RES/65/281,"['UN CONFERENCES', 'MILLENNIUM SUMMIT', 'CONFERENCES']",['CONFERENCES'],"['UN CONFERENCES', 'MILLENNIUM SUMMIT']",partial_match
4297,712767,https://digitallibrary.un.org/record/712767,A/RES/65/303,"['UN INTERIM FORCE IN LEBANON', 'FINANCING']",['FINANCING'],['UN INTERIM FORCE IN LEBANON'],partial_match
4298,716363,https://digitallibrary.un.org/record/716363,A/RES/66/1A,"['UN. GENERAL ASSEMBLY (66TH SESS. : 2011-2012). CREDENTIALS COMMITTEE', 'REPORTS']",[],"['UN. GENERAL ASSEMBLY (66TH SESS. : 2011-2012). CREDENTIALS COMMITTEE', 'REPORTS']",no_match
4299,718405,https://digitallibrary.un.org/record/718405,A/RES/65/108,"['NON-SELF-GOVERNING TERRITORIES', 'REPORTS']",['NON-SELF-GOVERNING TERRITORIES'],['REPORTS'],partial_match
4300,718557,https://digitallibrary.un.org/record/718557,A/RES/66/21,['WEAPONS OF MASS DESTRUCTION'],['WEAPONS OF MASS DESTRUCTION'],[],all_match
4301,718599,https://digitallibrary.un.org/record/718599,A/RES/66/57,"['NUCLEAR WEAPONS USE', 'TREATIES']","['NUCLEAR WEAPONS USE', 'TREATIES']",[],all_match
4302,718618,https://digitallibrary.un.org/record/718618,A/RES/66/61,"['MIDDLE EAST', 'NUCLEAR PROLIFERATION']",['MIDDLE EAST'],['NUCLEAR PROLIFERATION'],partial_match
4303,718624,https://digitallibrary.un.org/record/718624,A/RES/66/64,"['NUCLEAR WEAPON TESTS', 'TREATIES']","['NUCLEAR WEAPON TESTS', 'TREATIES']",[],all_match
4304,718652,https://digitallibrary.un.org/record/718652,A/RES/66/22,"['INDIAN OCEAN', 'ZONES OF PEACE']","['INDIAN OCEAN', 'ZONES OF PEACE']",[],all_match
4305,719132,https://digitallibrary.un.org/record/719132,A/RES/66/6,"['CUBA', 'UNITED STATES']","['CUBA', 'UNITED STATES']",[],all_match
4306,719134,https://digitallibrary.un.org/record/719134,A/RES/66/11,"['UN RESOLUTIONS', 'IMPLEMENTATION']",[],"['UN RESOLUTIONS', 'IMPLEMENTATION']",no_match
4307,719746,https://digitallibrary.un.org/record/719746,A/RES/66/26,"['NON-NUCLEAR-WEAPON STATES', 'SECURITY']",['NON-NUCLEAR-WEAPON STATES'],['SECURITY'],partial_match
4308,719747,https://digitallibrary.un.org/record/719747,A/RES/66/27,"['ARMS RACE', 'OUTER SPACE']","['ARMS RACE', 'OUTER SPACE']",[],all_match
4309,719748,https://digitallibrary.un.org/record/719748,A/RES/66/28,"['NUCLEAR NON-PROLIFERATION', 'INTERNATIONAL OBLIGATIONS']","['NUCLEAR NON-PROLIFERATION', 'INTERNATIONAL OBLIGATIONS']",[],all_match
4310,719749,https://digitallibrary.un.org/record/719749,A/RES/66/29,"['DISARMAMENT', 'GENERAL AND COMPLETE']",['DISARMAMENT'],['GENERAL AND COMPLETE'],partial_match
4311,719814,https://digitallibrary.un.org/record/719814,A/RES/66/33,"['DISARMAMENT', 'GENERAL AND COMPLETE']",['DISARMAMENT'],['GENERAL AND COMPLETE'],partial_match
4312,719823,https://digitallibrary.un.org/record/719823,A/RES/66/44,"['FISSIONABLE MATERIALS', 'TREATIES']","['FISSIONABLE MATERIALS', 'TREATIES']",[],all_match
4313,719827,https://digitallibrary.un.org/record/719827,A/RES/66/45,"['NUCLEAR WEAPONS', 'ELIMINATION']",['NUCLEAR WEAPONS'],['ELIMINATION'],partial_match
4314,719829,https://digitallibrary.un.org/record/719829,A/RES/66/46,"['NUCLEAR WEAPONS USE', 'UN. INTERNATIONAL COURT OF JUSTICE OPINION']",['NUCLEAR WEAPONS USE'],['UN. INTERNATIONAL COURT OF JUSTICE OPINION'],partial_match
4315,719860,https://digitallibrary.un.org/record/719860,A/RES/66/48,['NUCLEAR NON-PROLIFERATION'],['NUCLEAR NON-PROLIFERATION'],[],all_match
4316,719861,https://digitallibrary.un.org/record/719861,A/RES/66/49,"['DISARMAMENT', 'GENERAL AND COMPLETE']",['DISARMAMENT'],['GENERAL AND COMPLETE'],partial_match
4317,719863,https://digitallibrary.un.org/record/719863,A/RES/66/51,['NUCLEAR DISARMAMENT'],['NUCLEAR DISARMAMENT'],[],all_match
4318,719890,https://digitallibrary.un.org/record/719890,A/RES/66/32,"['MULTILATERALISM', 'DISARMAMENT']","['MULTILATERALISM', 'DISARMAMENT']",[],all_match
4319,719891,https://digitallibrary.un.org/record/719891,A/RES/66/37,"['CONVENTIONAL ARMS', 'REGIONAL PROGRAMMES']",['REGIONAL PROGRAMMES'],['CONVENTIONAL ARMS'],partial_match
4320,719898,https://digitallibrary.un.org/record/719898,A/RES/66/39,"['ARMS TRANSFERS', 'TRANSPARENCY']",['ARMS TRANSFERS'],['TRANSPARENCY'],partial_match
4321,719924,https://digitallibrary.un.org/record/719924,A/RES/66/40,"['NUCLEAR DISARMAMENT', 'TREATY COMPLIANCE']","['NUCLEAR DISARMAMENT', 'TREATY COMPLIANCE']",[],all_match
4322,720036,https://digitallibrary.un.org/record/720036,A/RES/66/74,"['UNRWA', 'ACTIVITIES']",['ACTIVITIES'],['UNRWA'],partial_match
4323,720043,https://digitallibrary.un.org/record/720043,A/RES/66/75,"['UNRWA', 'ACTIVITIES']",['ACTIVITIES'],['UNRWA'],partial_match
4324,720046,https://digitallibrary.un.org/record/720046,A/RES/66/76,"['TERRITORIES OCCUPIED BY ISRAEL', 'HUMAN RIGHTS', 'REPORTS']","['TERRITORIES OCCUPIED BY ISRAEL', 'HUMAN RIGHTS']",['REPORTS'],partial_match
4325,720050,https://digitallibrary.un.org/record/720050,A/RES/66/77,"['TERRITORIES OCCUPIED BY ISRAEL', 'HUMAN RIGHTS', 'REPORTS']","['TERRITORIES OCCUPIED BY ISRAEL', 'HUMAN RIGHTS']",['REPORTS'],partial_match
4326,720060,https://digitallibrary.un.org/record/720060,A/RES/66/72,"['UNRWA', 'ACTIVITIES']",['ACTIVITIES'],['UNRWA'],partial_match
4327,720062,https://digitallibrary.un.org/record/720062,A/RES/66/73,"['UNRWA', 'ACTIVITIES']",['ACTIVITIES'],['UNRWA'],partial_match
4328,720116,https://digitallibrary.un.org/record/720116,A/RES/66/82,"['NON-SELF-GOVERNING TERRITORIES', 'REPORTS']",['NON-SELF-GOVERNING TERRITORIES'],['REPORTS'],partial_match
4329,720117,https://digitallibrary.un.org/record/720117,A/RES/66/83,"['NON-SELF-GOVERNING TERRITORIES', 'ECONOMIC INTERESTS']",['NON-SELF-GOVERNING TERRITORIES'],['ECONOMIC INTERESTS'],partial_match
4330,720119,https://digitallibrary.un.org/record/720119,A/RES/66/84,"['DECOLONIZATION', 'UN SYSTEM']",['DECOLONIZATION'],['UN SYSTEM'],partial_match
4331,720161,https://digitallibrary.un.org/record/720161,A/RES/66/78,"['TERRITORIES OCCUPIED BY ISRAEL', 'HUMAN RIGHTS', 'REPORTS']","['TERRITORIES OCCUPIED BY ISRAEL', 'HUMAN RIGHTS']",['REPORTS'],partial_match
4332,720162,https://digitallibrary.un.org/record/720162,A/RES/66/79,"['TERRITORIES OCCUPIED BY ISRAEL', 'HUMAN RIGHTS', 'REPORTS']","['TERRITORIES OCCUPIED BY ISRAEL', 'HUMAN RIGHTS']",['REPORTS'],partial_match
4333,720165,https://digitallibrary.un.org/record/720165,A/RES/66/80,"['TERRITORIES OCCUPIED BY ISRAEL', 'HUMAN RIGHTS', 'REPORTS']","['TERRITORIES OCCUPIED BY ISRAEL', 'HUMAN RIGHTS']",['REPORTS'],partial_match
4334,720379,https://digitallibrary.un.org/record/720379,A/RES/66/90,['DECOLONIZATION'],['DECOLONIZATION'],[],all_match
4335,720380,https://digitallibrary.un.org/record/720380,A/RES/66/91,['DECOLONIZATION'],['DECOLONIZATION'],[],all_match
4336,720396,https://digitallibrary.un.org/record/720396,A/RES/66/15,['PALESTINE QUESTION'],['PALESTINE QUESTION'],[],all_match
4337,720397,https://digitallibrary.un.org/record/720397,A/RES/66/17,['PALESTINE QUESTION'],['PALESTINE QUESTION'],[],all_match
4338,720398,https://digitallibrary.un.org/record/720398,A/RES/66/18,['MIDDLE EAST SITUATION'],['MIDDLE EAST SITUATION'],[],all_match
4339,720399,https://digitallibrary.un.org/record/720399,A/RES/66/19,['MIDDLE EAST SITUATION'],['MIDDLE EAST SITUATION'],[],all_match
4340,720410,https://digitallibrary.un.org/record/720410,A/RES/66/14,['PALESTINE QUESTION'],['PALESTINE QUESTION'],[],all_match
4341,720416,https://digitallibrary.un.org/record/720416,A/RES/66/16,['PALESTINE QUESTION'],['PALESTINE QUESTION'],[],all_match
4342,720591,https://digitallibrary.un.org/record/720591,A/RES/66/12,['COUNTER-TERRORISM'],['COUNTER-TERRORISM'],[],all_match
4343,721356,https://digitallibrary.un.org/record/721356,A/RES/66/175,"['HUMAN RIGHTS', 'REPORTS', 'HUMAN RIGHTS', 'IRAN (ISLAMIC REPUBLIC OF)']","['HUMAN RIGHTS', 'HUMAN RIGHTS', 'IRAN (ISLAMIC REPUBLIC OF)']",['REPORTS'],partial_match
4344,721456,https://digitallibrary.un.org/record/721456,A/RES/66/176,"['HUMAN RIGHTS', 'REPORTS', 'HUMAN RIGHTS', 'SYRIAN ARAB REPUBLIC']","['HUMAN RIGHTS', 'HUMAN RIGHTS', 'SYRIAN ARAB REPUBLIC']",['REPORTS'],partial_match
4345,721485,https://digitallibrary.un.org/record/721485,A/RES/66/186,['INTERNATIONAL TRADE'],['INTERNATIONAL TRADE'],[],all_match
4346,721707,https://digitallibrary.un.org/record/721707,A/RES/66/192,['SUSTAINABLE DEVELOPMENT'],['SUSTAINABLE DEVELOPMENT'],[],all_match
4347,721805,https://digitallibrary.un.org/record/721805,A/RES/66/253A,['ARMED CONFLICTS PREVENTION'],[],['ARMED CONFLICTS PREVENTION'],no_match
4348,722029,https://digitallibrary.un.org/record/722029,A/RES/66/195,['SUSTAINABLE DEVELOPMENT'],['SUSTAINABLE DEVELOPMENT'],[],all_match
4349,722846,https://digitallibrary.un.org/record/722846,A/RES/66/136,"['UN. HUMAN RIGHTS COUNCIL', 'REPORTS']",[],"['UN. HUMAN RIGHTS COUNCIL', 'REPORTS']",no_match
4350,723989,https://digitallibrary.un.org/record/723989,A/RES/66/144,"['RACIAL DISCRIMINATION', 'PROGRAMMES OF ACTION']","['RACIAL DISCRIMINATION', 'PROGRAMMES OF ACTION']",[],all_match
4351,723993,https://digitallibrary.un.org/record/723993,A/RES/66/153,['HUMAN RIGHTS ADVANCEMENT'],['HUMAN RIGHTS ADVANCEMENT'],[],all_match
4352,723996,https://digitallibrary.un.org/record/723996,A/RES/66/154,['HUMAN RIGHTS ADVANCEMENT'],['HUMAN RIGHTS ADVANCEMENT'],[],all_match
4353,724004,https://digitallibrary.un.org/record/724004,A/RES/66/161,"['HUMAN RIGHTS ADVANCEMENT', 'GLOBALIZATION', 'HUMAN RIGHTS']","['HUMAN RIGHTS ADVANCEMENT', 'GLOBALIZATION', 'HUMAN RIGHTS']",[],all_match
4354,724243,https://digitallibrary.un.org/record/724243,A/RES/66/143,"['RACIAL DISCRIMINATION', 'ELIMINATION']",['RACIAL DISCRIMINATION'],['ELIMINATION'],partial_match
4355,724245,https://digitallibrary.un.org/record/724245,A/RES/66/156,"['HUMAN RIGHTS ADVANCEMENT', 'SANCTIONS', 'INTERNATIONAL RELATIONS']","['HUMAN RIGHTS ADVANCEMENT', 'SANCTIONS', 'INTERNATIONAL RELATIONS']",[],all_match
4356,724279,https://digitallibrary.un.org/record/724279,A/RES/66/159,['HUMAN RIGHTS ADVANCEMENT'],['HUMAN RIGHTS ADVANCEMENT'],[],all_match
4357,724283,https://digitallibrary.un.org/record/724283,A/RES/66/225,"['TERRITORIES OCCUPIED BY ISRAEL', 'NATURAL RESOURCES']","['TERRITORIES OCCUPIED BY ISRAEL', 'NATURAL RESOURCES']",[],all_match
4358,724410,https://digitallibrary.un.org/record/724410,A/RES/66/146,['SELF-DETERMINATION OF PEOPLES'],['SELF-DETERMINATION OF PEOPLES'],[],all_match
4359,724411,https://digitallibrary.un.org/record/724411,A/RES/66/155,"['HUMAN RIGHTS ADVANCEMENT', 'RIGHT TO DEVELOPMENT']","['HUMAN RIGHTS ADVANCEMENT', 'RIGHT TO DEVELOPMENT']",[],all_match
4360,724459,https://digitallibrary.un.org/record/724459,A/RES/66/174,"['HUMAN RIGHTS', 'REPORTS', 'HUMAN RIGHTS', ""DEMOCRATIC PEOPLE'S REPUBLIC OF KOREA""]","['HUMAN RIGHTS', 'HUMAN RIGHTS', ""DEMOCRATIC PEOPLE'S REPUBLIC OF KOREA""]",['REPORTS'],partial_match
4361,724615,https://digitallibrary.un.org/record/724615,A/RES/66/147,"['SELF-DETERMINATION OF PEOPLES', 'MERCENARIES']","['SELF-DETERMINATION OF PEOPLES', 'MERCENARIES']",[],all_match
4362,724755,https://digitallibrary.un.org/record/724755,A/RES/66/231,['LAW OF THE SEA'],['LAW OF THE SEA'],[],all_match
4363,724807,https://digitallibrary.un.org/record/724807,A/RES/66/230,"['HUMAN RIGHTS', 'REPORTS', 'HUMAN RIGHTS', 'MYANMAR']","['HUMAN RIGHTS', 'HUMAN RIGHTS', 'MYANMAR']",['REPORTS'],partial_match
4364,724904,https://digitallibrary.un.org/record/724904,A/RES/66/257,"['UN', 'ADMINISTRATION']",['ADMINISTRATION'],['UN'],partial_match
4365,727813,https://digitallibrary.un.org/record/727813,A/RES/66/254,"['UN', 'ORGANIZATIONAL REFORM']",['ORGANIZATIONAL REFORM'],['UN'],partial_match
4366,730958,https://digitallibrary.un.org/record/730958,A/RES/66/283,['ORGANIZATION FOR DEMOCRACY AND ECONOMIC DEVELOPMENT - GUAM'],[],['ORGANIZATION FOR DEMOCRACY AND ECONOMIC DEVELOPMENT - GUAM'],no_match
4367,732147,https://digitallibrary.un.org/record/732147,A/RES/66/277,"['UN INTERIM FORCE IN LEBANON', 'FINANCING']",['FINANCING'],['UN INTERIM FORCE IN LEBANON'],partial_match
4368,733398,https://digitallibrary.un.org/record/733398,A/RES/66/253B,['ARMED CONFLICTS PREVENTION'],[],['ARMED CONFLICTS PREVENTION'],no_match
4369,738239,https://digitallibrary.un.org/record/738239,A/RES/67/4,"['CUBA', 'UNITED STATES']","['CUBA', 'UNITED STATES']",[],all_match
4370,738624,https://digitallibrary.un.org/record/738624,A/RES/67/19,['PALESTINE QUESTION'],['PALESTINE QUESTION'],[],all_match
4371,738626,https://digitallibrary.un.org/record/738626,A/RES/67/20,['PALESTINE QUESTION'],['PALESTINE QUESTION'],[],all_match
4372,738629,https://digitallibrary.un.org/record/738629,A/RES/67/21,['PALESTINE QUESTION'],['PALESTINE QUESTION'],[],all_match
4373,738657,https://digitallibrary.un.org/record/738657,A/RES/67/22,['PALESTINE QUESTION'],['PALESTINE QUESTION'],[],all_match
4374,738659,https://digitallibrary.un.org/record/738659,A/RES/67/23,['PALESTINE QUESTION'],['PALESTINE QUESTION'],[],all_match
4375,738660,https://digitallibrary.un.org/record/738660,A/RES/67/24,['MIDDLE EAST SITUATION'],['MIDDLE EAST SITUATION'],[],all_match
4376,738661,https://digitallibrary.un.org/record/738661,A/RES/67/25,['MIDDLE EAST SITUATION'],['MIDDLE EAST SITUATION'],[],all_match
4377,738669,https://digitallibrary.un.org/record/738669,A/RES/67/76,"['NUCLEAR WEAPON TESTS', 'TREATIES']","['NUCLEAR WEAPON TESTS', 'TREATIES']",[],all_match
4378,738672,https://digitallibrary.un.org/record/738672,A/RES/67/29,"['NON-NUCLEAR-WEAPON STATES', 'SECURITY']",['NON-NUCLEAR-WEAPON STATES'],['SECURITY'],partial_match
4379,738674,https://digitallibrary.un.org/record/738674,A/RES/67/30,"['ARMS RACE', 'OUTER SPACE']","['ARMS RACE', 'OUTER SPACE']",[],all_match
4380,738675,https://digitallibrary.un.org/record/738675,A/RES/67/31,"['CENTRAL ASIA', 'NUCLEAR-WEAPON-FREE ZONES']","['CENTRAL ASIA', 'NUCLEAR-WEAPON-FREE ZONES']",[],all_match
4381,738679,https://digitallibrary.un.org/record/738679,A/RES/67/32,"['DISARMAMENT', 'GENERAL AND COMPLETE']",['DISARMAMENT'],['GENERAL AND COMPLETE'],partial_match
4382,738682,https://digitallibrary.un.org/record/738682,A/RES/67/33,"['NUCLEAR WEAPONS USE', 'UN. INTERNATIONAL COURT OF JUSTICE OPINION']",['NUCLEAR WEAPONS USE'],['UN. INTERNATIONAL COURT OF JUSTICE OPINION'],partial_match
4383,738683,https://digitallibrary.un.org/record/738683,A/RES/67/34,"['NUCLEAR DISARMAMENT', 'TREATY COMPLIANCE']","['NUCLEAR DISARMAMENT', 'TREATY COMPLIANCE']",[],all_match
4384,738685,https://digitallibrary.un.org/record/738685,A/RES/67/35,"['CHEMICAL AND BIOLOGICAL WARFARE', 'TREATIES']","['CHEMICAL AND BIOLOGICAL WARFARE', 'TREATIES']",[],all_match
4385,738687,https://digitallibrary.un.org/record/738687,A/RES/67/36,['DEPLETED URANIUM'],['DEPLETED URANIUM'],[],all_match
4386,738688,https://digitallibrary.un.org/record/738688,A/RES/67/38,"['MULTILATERALISM', 'DISARMAMENT']","['MULTILATERALISM', 'DISARMAMENT']",[],all_match
4387,738689,https://digitallibrary.un.org/record/738689,A/RES/67/39,['NUCLEAR DISARMAMENT'],['NUCLEAR DISARMAMENT'],[],all_match
4388,738690,https://digitallibrary.un.org/record/738690,A/RES/67/42,"['BALLISTIC MISSILES', 'CODES OF CONDUCT']","['BALLISTIC MISSILES', 'CODES OF CONDUCT']",[],all_match
4389,738691,https://digitallibrary.un.org/record/738691,A/RES/67/43,['ILLICIT TRAFFIC'],['ILLICIT TRAFFIC'],[],all_match
4390,738692,https://digitallibrary.un.org/record/738692,A/RES/67/45,['NUCLEAR NON-PROLIFERATION'],['NUCLEAR NON-PROLIFERATION'],[],all_match
4391,738693,https://digitallibrary.un.org/record/738693,A/RES/67/46,"['DISARMAMENT', 'GENERAL AND COMPLETE']",['DISARMAMENT'],['GENERAL AND COMPLETE'],partial_match
4392,738694,https://digitallibrary.un.org/record/738694,A/RES/67/53,"['FISSIONABLE MATERIALS', 'TREATIES']","['FISSIONABLE MATERIALS', 'TREATIES']",[],all_match
4393,738695,https://digitallibrary.un.org/record/738695,A/RES/67/55,"['SOUTHERN HEMISPHERE', 'NUCLEAR-WEAPON-FREE ZONES']",['NUCLEAR-WEAPON-FREE ZONES'],['SOUTHERN HEMISPHERE'],partial_match
4394,738696,https://digitallibrary.un.org/record/738696,A/RES/67/56,"['DISARMAMENT', 'GENERAL AND COMPLETE']",['DISARMAMENT'],['GENERAL AND COMPLETE'],partial_match
4395,738697,https://digitallibrary.un.org/record/738697,A/RES/67/59,"['NUCLEAR WEAPONS', 'ELIMINATION']",['NUCLEAR WEAPONS'],['ELIMINATION'],partial_match
4396,738698,https://digitallibrary.un.org/record/738698,A/RES/67/60,['NUCLEAR DISARMAMENT'],['NUCLEAR DISARMAMENT'],[],all_match
4397,738699,https://digitallibrary.un.org/record/738699,A/RES/67/62,"['CONVENTIONAL ARMS', 'REGIONAL PROGRAMMES']",['REGIONAL PROGRAMMES'],['CONVENTIONAL ARMS'],partial_match
4398,738700,https://digitallibrary.un.org/record/738700,A/RES/67/64,"['NUCLEAR WEAPONS USE', 'TREATIES']","['NUCLEAR WEAPONS USE', 'TREATIES']",[],all_match
4399,738701,https://digitallibrary.un.org/record/738701,A/RES/67/73,"['MIDDLE EAST', 'NUCLEAR PROLIFERATION']",['MIDDLE EAST'],['NUCLEAR PROLIFERATION'],partial_match
4400,739430,https://digitallibrary.un.org/record/739430,A/RES/67/78,['LAW OF THE SEA'],['LAW OF THE SEA'],[],all_match
4401,739847,https://digitallibrary.un.org/record/739847,A/RES/67/126,"['NON-SELF-GOVERNING TERRITORIES', 'ECONOMIC INTERESTS']",['NON-SELF-GOVERNING TERRITORIES'],['ECONOMIC INTERESTS'],partial_match
4402,739848,https://digitallibrary.un.org/record/739848,A/RES/67/127,"['DECOLONIZATION', 'UN SYSTEM']",['DECOLONIZATION'],['UN SYSTEM'],partial_match
4403,739987,https://digitallibrary.un.org/record/739987,A/RES/67/114,"['UNRWA', 'ACTIVITIES']",['ACTIVITIES'],['UNRWA'],partial_match
4404,739988,https://digitallibrary.un.org/record/739988,A/RES/67/115,"['UNRWA', 'ACTIVITIES']",['ACTIVITIES'],['UNRWA'],partial_match
4405,739989,https://digitallibrary.un.org/record/739989,A/RES/67/116,"['UNRWA', 'ACTIVITIES']",['ACTIVITIES'],['UNRWA'],partial_match
4406,739990,https://digitallibrary.un.org/record/739990,A/RES/67/117,"['UNRWA', 'ACTIVITIES']",['ACTIVITIES'],['UNRWA'],partial_match
4407,739991,https://digitallibrary.un.org/record/739991,A/RES/67/118,"['TERRITORIES OCCUPIED BY ISRAEL', 'HUMAN RIGHTS', 'REPORTS']","['TERRITORIES OCCUPIED BY ISRAEL', 'HUMAN RIGHTS']",['REPORTS'],partial_match
4408,739992,https://digitallibrary.un.org/record/739992,A/RES/67/119,"['TERRITORIES OCCUPIED BY ISRAEL', 'HUMAN RIGHTS', 'REPORTS']","['TERRITORIES OCCUPIED BY ISRAEL', 'HUMAN RIGHTS']",['REPORTS'],partial_match
4409,739993,https://digitallibrary.un.org/record/739993,A/RES/67/120,"['TERRITORIES OCCUPIED BY ISRAEL', 'HUMAN RIGHTS', 'REPORTS']","['TERRITORIES OCCUPIED BY ISRAEL', 'HUMAN RIGHTS']",['REPORTS'],partial_match
4410,739994,https://digitallibrary.un.org/record/739994,A/RES/67/121,"['TERRITORIES OCCUPIED BY ISRAEL', 'HUMAN RIGHTS', 'REPORTS']","['TERRITORIES OCCUPIED BY ISRAEL', 'HUMAN RIGHTS']",['REPORTS'],partial_match
4411,739995,https://digitallibrary.un.org/record/739995,A/RES/67/122,"['TERRITORIES OCCUPIED BY ISRAEL', 'HUMAN RIGHTS', 'REPORTS']","['TERRITORIES OCCUPIED BY ISRAEL', 'HUMAN RIGHTS']",['REPORTS'],partial_match
4412,739996,https://digitallibrary.un.org/record/739996,A/RES/67/125,"['NON-SELF-GOVERNING TERRITORIES', 'REPORTS']",['NON-SELF-GOVERNING TERRITORIES'],['REPORTS'],partial_match
4413,739997,https://digitallibrary.un.org/record/739997,A/RES/67/133,['DECOLONIZATION'],['DECOLONIZATION'],[],all_match
4414,739998,https://digitallibrary.un.org/record/739998,A/RES/67/134,['DECOLONIZATION'],['DECOLONIZATION'],[],all_match
4415,740170,https://digitallibrary.un.org/record/740170,A/RES/67/139,"['SOCIAL CONDITIONS', 'AGEING PERSONS', 'AGEING PERSONS', '2ND WORLD ASSEMBLY (2002)']","['SOCIAL CONDITIONS', 'AGEING PERSONS', 'AGEING PERSONS']",['2ND WORLD ASSEMBLY (2002)'],partial_match
4416,740171,https://digitallibrary.un.org/record/740171,A/RES/67/154,"['RACIAL DISCRIMINATION', 'ELIMINATION']",['RACIAL DISCRIMINATION'],['ELIMINATION'],partial_match
4417,740172,https://digitallibrary.un.org/record/740172,A/RES/67/155,"['RACIAL DISCRIMINATION', 'PROGRAMMES OF ACTION']","['RACIAL DISCRIMINATION', 'PROGRAMMES OF ACTION']",[],all_match
4418,740173,https://digitallibrary.un.org/record/740173,A/RES/67/158,['SELF-DETERMINATION OF PEOPLES'],['SELF-DETERMINATION OF PEOPLES'],[],all_match
4419,740174,https://digitallibrary.un.org/record/740174,A/RES/67/159,"['SELF-DETERMINATION OF PEOPLES', 'MERCENARIES']","['SELF-DETERMINATION OF PEOPLES', 'MERCENARIES']",[],all_match
4420,740175,https://digitallibrary.un.org/record/740175,A/RES/67/162,"['HUMAN RIGHTS ADVANCEMENT', 'HUMAN RIGHTS INSTITUTIONS', 'SOUTHWEST ASIA AND ARAB COUNTRIES']","['HUMAN RIGHTS ADVANCEMENT', 'HUMAN RIGHTS INSTITUTIONS']",['SOUTHWEST ASIA AND ARAB COUNTRIES'],partial_match
4421,740176,https://digitallibrary.un.org/record/740176,A/RES/67/165,"['HUMAN RIGHTS ADVANCEMENT', 'GLOBALIZATION', 'HUMAN RIGHTS']","['HUMAN RIGHTS ADVANCEMENT', 'GLOBALIZATION', 'HUMAN RIGHTS']",[],all_match
4422,740177,https://digitallibrary.un.org/record/740177,A/RES/67/168,"['HUMAN RIGHTS ADVANCEMENT', 'SUMMARY EXECUTIONS']","['HUMAN RIGHTS ADVANCEMENT', 'SUMMARY EXECUTIONS']",[],all_match
4423,740178,https://digitallibrary.un.org/record/740178,A/RES/67/170,"['HUMAN RIGHTS ADVANCEMENT', 'SANCTIONS', 'INTERNATIONAL RELATIONS']","['HUMAN RIGHTS ADVANCEMENT', 'SANCTIONS', 'INTERNATIONAL RELATIONS']",[],all_match
4424,740179,https://digitallibrary.un.org/record/740179,A/RES/67/171,"['HUMAN RIGHTS ADVANCEMENT', 'RIGHT TO DEVELOPMENT']","['HUMAN RIGHTS ADVANCEMENT', 'RIGHT TO DEVELOPMENT']",[],all_match
4425,740180,https://digitallibrary.un.org/record/740180,A/RES/67/173,['HUMAN RIGHTS ADVANCEMENT'],['HUMAN RIGHTS ADVANCEMENT'],[],all_match
4426,740181,https://digitallibrary.un.org/record/740181,A/RES/67/175,"['HUMAN RIGHTS ADVANCEMENT', 'DEMOCRACY']","['HUMAN RIGHTS ADVANCEMENT', 'DEMOCRACY']",[],all_match
4427,740182,https://digitallibrary.un.org/record/740182,A/RES/67/176,"['HUMAN RIGHTS ADVANCEMENT', 'CAPITAL PUNISHMENT']","['HUMAN RIGHTS ADVANCEMENT', 'CAPITAL PUNISHMENT']",[],all_match
4428,740183,https://digitallibrary.un.org/record/740183,A/RES/67/182,"['HUMAN RIGHTS', 'REPORTS', 'HUMAN RIGHTS', 'IRAN (ISLAMIC REPUBLIC OF)']","['HUMAN RIGHTS', 'HUMAN RIGHTS', 'IRAN (ISLAMIC REPUBLIC OF)']",['REPORTS'],partial_match
4429,740184,https://digitallibrary.un.org/record/740184,A/RES/67/183,"['HUMAN RIGHTS', 'REPORTS', 'HUMAN RIGHTS', 'SYRIAN ARAB REPUBLIC']","['HUMAN RIGHTS', 'HUMAN RIGHTS', 'SYRIAN ARAB REPUBLIC']",['REPORTS'],partial_match
4430,740242,https://digitallibrary.un.org/record/740242,A/RES/67/201,['SUSTAINABLE DEVELOPMENT'],['SUSTAINABLE DEVELOPMENT'],[],all_match
4431,740243,https://digitallibrary.un.org/record/740243,A/RES/67/202,['SUSTAINABLE DEVELOPMENT'],['SUSTAINABLE DEVELOPMENT'],[],all_match
4432,740244,https://digitallibrary.un.org/record/740244,A/RES/67/217,"['GLOBALIZATION', 'INTERDEPENDENCE']","['GLOBALIZATION', 'INTERDEPENDENCE']",[],all_match
4433,740245,https://digitallibrary.un.org/record/740245,A/RES/67/219,['MIGRATION'],['MIGRATION'],[],all_match
4434,740247,https://digitallibrary.un.org/record/740247,A/RES/67/229,"['TERRITORIES OCCUPIED BY ISRAEL', 'NATURAL RESOURCES']","['TERRITORIES OCCUPIED BY ISRAEL', 'NATURAL RESOURCES']",[],all_match
4435,740419,https://digitallibrary.un.org/record/740419,A/RES/67/234A,"['ARMS TRANSFERS', 'TREATIES', 'DISARMAMENT', 'GENERAL AND COMPLETE']","['ARMS TRANSFERS', 'TREATIES', 'DISARMAMENT']",['GENERAL AND COMPLETE'],partial_match
4436,740420,https://digitallibrary.un.org/record/740420,A/RES/67/243,"['INTERNATIONAL TRIBUNAL', 'FORMER YUGOSLAVIA', 'FINANCING']",['FINANCING'],"['INTERNATIONAL TRIBUNAL', 'FORMER YUGOSLAVIA']",partial_match
4437,746778,https://digitallibrary.un.org/record/746778,A/RES/67/234B,"['DISARMAMENT', 'GENERAL AND COMPLETE', 'ARMS TRANSFERS', 'TREATIES']","['DISARMAMENT', 'ARMS TRANSFERS', 'TREATIES']",['GENERAL AND COMPLETE'],partial_match
4438,750273,https://digitallibrary.un.org/record/750273,A/RES/67/262,['ARMED CONFLICTS PREVENTION'],[],['ARMED CONFLICTS PREVENTION'],no_match
4439,751406,https://digitallibrary.un.org/record/751406,A/RES/67/268,['ORGANIZATION FOR DEMOCRACY AND ECONOMIC DEVELOPMENT - GUAM'],[],['ORGANIZATION FOR DEMOCRACY AND ECONOMIC DEVELOPMENT - GUAM'],no_match
4440,751572,https://digitallibrary.un.org/record/751572,A/RES/67/279,"['UN INTERIM FORCE IN LEBANON', 'FINANCING']",['FINANCING'],['UN INTERIM FORCE IN LEBANON'],partial_match
4441,760076,https://digitallibrary.un.org/record/760076,A/RES/68/8,"['CUBA', 'UNITED STATES']","['CUBA', 'UNITED STATES']",[],all_match
4442,762024,https://digitallibrary.un.org/record/762024,A/RES/68/12,['PALESTINE QUESTION'],['PALESTINE QUESTION'],[],all_match
4443,764203,https://digitallibrary.un.org/record/764203,A/RES/68/13,['PALESTINE QUESTION'],['PALESTINE QUESTION'],[],all_match
4444,764205,https://digitallibrary.un.org/record/764205,A/RES/68/14,['PALESTINE QUESTION'],['PALESTINE QUESTION'],[],all_match
4445,764206,https://digitallibrary.un.org/record/764206,A/RES/68/15,['PALESTINE QUESTION'],['PALESTINE QUESTION'],[],all_match
4446,764207,https://digitallibrary.un.org/record/764207,A/RES/68/16,['MIDDLE EAST SITUATION'],['MIDDLE EAST SITUATION'],[],all_match
4447,764214,https://digitallibrary.un.org/record/764214,A/RES/68/17,['MIDDLE EAST SITUATION'],['MIDDLE EAST SITUATION'],[],all_match
4448,764976,https://digitallibrary.un.org/record/764976,A/RES/68/24,"['INDIAN OCEAN', 'ZONES OF PEACE']","['INDIAN OCEAN', 'ZONES OF PEACE']",[],all_match
4449,764978,https://digitallibrary.un.org/record/764978,A/RES/68/28,"['NON-NUCLEAR-WEAPON STATES', 'SECURITY']",['NON-NUCLEAR-WEAPON STATES'],['SECURITY'],partial_match
4450,764980,https://digitallibrary.un.org/record/764980,A/RES/68/29,"['ARMS RACE', 'OUTER SPACE']","['ARMS RACE', 'OUTER SPACE']",[],all_match
4451,764986,https://digitallibrary.un.org/record/764986,A/RES/68/30,"['LANDMINES', 'TREATIES']","['LANDMINES', 'TREATIES']",[],all_match
4452,764988,https://digitallibrary.un.org/record/764988,A/RES/68/31,"['ARMS TRANSFERS', 'TREATIES']","['ARMS TRANSFERS', 'TREATIES']",[],all_match
4453,764991,https://digitallibrary.un.org/record/764991,A/RES/68/32,['NUCLEAR DISARMAMENT'],['NUCLEAR DISARMAMENT'],[],all_match
4454,764996,https://digitallibrary.un.org/record/764996,A/RES/68/35,"['NUCLEAR NON-PROLIFERATION', 'INTERNATIONAL OBLIGATIONS']","['NUCLEAR NON-PROLIFERATION', 'INTERNATIONAL OBLIGATIONS']",[],all_match
4455,764998,https://digitallibrary.un.org/record/764998,A/RES/68/38,"['MULTILATERALISM', 'DISARMAMENT']","['MULTILATERALISM', 'DISARMAMENT']",[],all_match
4456,764999,https://digitallibrary.un.org/record/764999,A/RES/68/39,"['NUCLEAR DISARMAMENT', 'TREATY COMPLIANCE']","['NUCLEAR DISARMAMENT', 'TREATY COMPLIANCE']",[],all_match
4457,765000,https://digitallibrary.un.org/record/765000,A/RES/68/40,['NUCLEAR NON-PROLIFERATION'],['NUCLEAR NON-PROLIFERATION'],[],all_match
4458,765001,https://digitallibrary.un.org/record/765001,A/RES/68/42,"['NUCLEAR WEAPONS USE', 'UN. INTERNATIONAL COURT OF JUSTICE OPINION']",['NUCLEAR WEAPONS USE'],['UN. INTERNATIONAL COURT OF JUSTICE OPINION'],partial_match
4459,765002,https://digitallibrary.un.org/record/765002,A/RES/68/43,"['ARMS TRANSFERS', 'TRANSPARENCY']",['ARMS TRANSFERS'],['TRANSPARENCY'],partial_match
4460,765003,https://digitallibrary.un.org/record/765003,A/RES/68/44,"['ARMS TRANSFERS', 'LAWS AND REGULATIONS']","['ARMS TRANSFERS', 'LAWS AND REGULATIONS']",[],all_match
4461,765004,https://digitallibrary.un.org/record/765004,A/RES/68/46,['NUCLEAR DISARMAMENT NEGOTIATIONS'],[],['NUCLEAR DISARMAMENT NEGOTIATIONS'],no_match
4462,765005,https://digitallibrary.un.org/record/765005,A/RES/68/47,['NUCLEAR DISARMAMENT'],['NUCLEAR DISARMAMENT'],[],all_match
4463,765007,https://digitallibrary.un.org/record/765007,A/RES/68/51,"['NUCLEAR WEAPONS', 'ELIMINATION']",['NUCLEAR WEAPONS'],['ELIMINATION'],partial_match
4464,765008,https://digitallibrary.un.org/record/765008,A/RES/68/56,"['CONVENTIONAL ARMS', 'REGIONAL PROGRAMMES']",['REGIONAL PROGRAMMES'],['CONVENTIONAL ARMS'],partial_match
4465,765009,https://digitallibrary.un.org/record/765009,A/RES/68/58,"['NUCLEAR WEAPONS USE', 'TREATIES']","['NUCLEAR WEAPONS USE', 'TREATIES']",[],all_match
4466,765010,https://digitallibrary.un.org/record/765010,A/RES/68/65,"['MIDDLE EAST', 'NUCLEAR PROLIFERATION']",['MIDDLE EAST'],['NUCLEAR PROLIFERATION'],partial_match
4467,765011,https://digitallibrary.un.org/record/765011,A/RES/68/68,"['NUCLEAR WEAPON TESTS', 'TREATIES']","['NUCLEAR WEAPON TESTS', 'TREATIES']",[],all_match
4468,765013,https://digitallibrary.un.org/record/765013,A/RES/68/76,"['UNRWA', 'ACTIVITIES']",['ACTIVITIES'],['UNRWA'],partial_match
4469,765014,https://digitallibrary.un.org/record/765014,A/RES/68/77,"['UNRWA', 'ACTIVITIES']",['ACTIVITIES'],['UNRWA'],partial_match
4470,765015,https://digitallibrary.un.org/record/765015,A/RES/68/78,"['UNRWA', 'ACTIVITIES']",['ACTIVITIES'],['UNRWA'],partial_match
4471,765017,https://digitallibrary.un.org/record/765017,A/RES/68/79,"['UNRWA', 'ACTIVITIES']",['ACTIVITIES'],['UNRWA'],partial_match
4472,765018,https://digitallibrary.un.org/record/765018,A/RES/68/80,"['TERRITORIES OCCUPIED BY ISRAEL', 'HUMAN RIGHTS', 'REPORTS']","['TERRITORIES OCCUPIED BY ISRAEL', 'HUMAN RIGHTS']",['REPORTS'],partial_match
4473,765019,https://digitallibrary.un.org/record/765019,A/RES/68/81,"['TERRITORIES OCCUPIED BY ISRAEL', 'HUMAN RIGHTS', 'REPORTS']","['TERRITORIES OCCUPIED BY ISRAEL', 'HUMAN RIGHTS']",['REPORTS'],partial_match
4474,765020,https://digitallibrary.un.org/record/765020,A/RES/68/82,"['TERRITORIES OCCUPIED BY ISRAEL', 'HUMAN RIGHTS', 'REPORTS']","['TERRITORIES OCCUPIED BY ISRAEL', 'HUMAN RIGHTS']",['REPORTS'],partial_match
4475,765021,https://digitallibrary.un.org/record/765021,A/RES/68/83,"['TERRITORIES OCCUPIED BY ISRAEL', 'HUMAN RIGHTS', 'REPORTS']","['TERRITORIES OCCUPIED BY ISRAEL', 'HUMAN RIGHTS']",['REPORTS'],partial_match
4476,765023,https://digitallibrary.un.org/record/765023,A/RES/68/84,"['TERRITORIES OCCUPIED BY ISRAEL', 'HUMAN RIGHTS', 'REPORTS']","['TERRITORIES OCCUPIED BY ISRAEL', 'HUMAN RIGHTS']",['REPORTS'],partial_match
4477,765024,https://digitallibrary.un.org/record/765024,A/RES/68/87,"['NON-SELF-GOVERNING TERRITORIES', 'REPORTS']",['NON-SELF-GOVERNING TERRITORIES'],['REPORTS'],partial_match
4478,765027,https://digitallibrary.un.org/record/765027,A/RES/68/88,"['NON-SELF-GOVERNING TERRITORIES', 'ECONOMIC INTERESTS']",['NON-SELF-GOVERNING TERRITORIES'],['ECONOMIC INTERESTS'],partial_match
4479,765028,https://digitallibrary.un.org/record/765028,A/RES/68/89,"['DECOLONIZATION', 'UN SYSTEM']",['DECOLONIZATION'],['UN SYSTEM'],partial_match
4480,765029,https://digitallibrary.un.org/record/765029,A/RES/68/96,['DECOLONIZATION'],['DECOLONIZATION'],[],all_match
4481,765030,https://digitallibrary.un.org/record/765030,A/RES/68/97,['DECOLONIZATION'],['DECOLONIZATION'],[],all_match
4482,765034,https://digitallibrary.un.org/record/765034,A/RES/68/144,"['UN. HUMAN RIGHTS COUNCIL', 'REPORTS']",[],"['UN. HUMAN RIGHTS COUNCIL', 'REPORTS']",no_match
4483,765036,https://digitallibrary.un.org/record/765036,A/RES/68/150,"['RACIAL DISCRIMINATION', 'ELIMINATION']",['RACIAL DISCRIMINATION'],['ELIMINATION'],partial_match
4484,765039,https://digitallibrary.un.org/record/765039,A/RES/68/151,"['RACIAL DISCRIMINATION', 'ELIMINATION']",['RACIAL DISCRIMINATION'],['ELIMINATION'],partial_match
4485,765052,https://digitallibrary.un.org/record/765052,A/RES/68/152,"['SELF-DETERMINATION OF PEOPLES', 'MERCENARIES']","['SELF-DETERMINATION OF PEOPLES', 'MERCENARIES']",[],all_match
4486,765056,https://digitallibrary.un.org/record/765056,A/RES/68/154,['SELF-DETERMINATION OF PEOPLES'],['SELF-DETERMINATION OF PEOPLES'],[],all_match
4487,765059,https://digitallibrary.un.org/record/765059,A/RES/68/158,"['HUMAN RIGHTS ADVANCEMENT', 'RIGHT TO DEVELOPMENT']","['HUMAN RIGHTS ADVANCEMENT', 'RIGHT TO DEVELOPMENT']",[],all_match
4488,765063,https://digitallibrary.un.org/record/765063,A/RES/68/159,['HUMAN RIGHTS ADVANCEMENT'],['HUMAN RIGHTS ADVANCEMENT'],[],all_match
4489,765068,https://digitallibrary.un.org/record/765068,A/RES/68/161,['HUMAN RIGHTS ADVANCEMENT'],['HUMAN RIGHTS ADVANCEMENT'],[],all_match
4490,765071,https://digitallibrary.un.org/record/765071,A/RES/68/162,"['HUMAN RIGHTS ADVANCEMENT', 'SANCTIONS', 'INTERNATIONAL RELATIONS']","['HUMAN RIGHTS ADVANCEMENT', 'SANCTIONS', 'INTERNATIONAL RELATIONS']",[],all_match
4491,765075,https://digitallibrary.un.org/record/765075,A/RES/68/168,"['HUMAN RIGHTS ADVANCEMENT', 'GLOBALIZATION', 'HUMAN RIGHTS']","['HUMAN RIGHTS ADVANCEMENT', 'GLOBALIZATION', 'HUMAN RIGHTS']",[],all_match
4492,765076,https://digitallibrary.un.org/record/765076,A/RES/68/175,"['HUMAN RIGHTS ADVANCEMENT', 'DEMOCRACY']","['HUMAN RIGHTS ADVANCEMENT', 'DEMOCRACY']",[],all_match
4493,765077,https://digitallibrary.un.org/record/765077,A/RES/68/182,"['HUMAN RIGHTS', 'REPORTS', 'HUMAN RIGHTS', 'SYRIAN ARAB REPUBLIC']","['HUMAN RIGHTS', 'HUMAN RIGHTS', 'SYRIAN ARAB REPUBLIC']",['REPORTS'],partial_match
4494,765078,https://digitallibrary.un.org/record/765078,A/RES/68/184,"['HUMAN RIGHTS', 'REPORTS', 'HUMAN RIGHTS', 'IRAN (ISLAMIC REPUBLIC OF)']","['HUMAN RIGHTS', 'HUMAN RIGHTS', 'IRAN (ISLAMIC REPUBLIC OF)']",['REPORTS'],partial_match
4495,765079,https://digitallibrary.un.org/record/765079,A/RES/68/200,['INTERNATIONAL TRADE'],['INTERNATIONAL TRADE'],[],all_match
4496,765080,https://digitallibrary.un.org/record/765080,A/RES/68/206,['SUSTAINABLE DEVELOPMENT'],['SUSTAINABLE DEVELOPMENT'],[],all_match
4497,765081,https://digitallibrary.un.org/record/765081,A/RES/68/209,['SUSTAINABLE DEVELOPMENT'],['SUSTAINABLE DEVELOPMENT'],[],all_match
4498,765082,https://digitallibrary.un.org/record/765082,A/RES/68/235,"['TERRITORIES OCCUPIED BY ISRAEL', 'NATURAL RESOURCES']","['TERRITORIES OCCUPIED BY ISRAEL', 'NATURAL RESOURCES']",[],all_match
4499,765083,https://digitallibrary.un.org/record/765083,A/RES/68/241,"['HUMAN RIGHTS ADVANCEMENT', 'HUMAN RIGHTS INSTITUTIONS', 'SOUTHWEST ASIA AND ARAB COUNTRIES']","['HUMAN RIGHTS ADVANCEMENT', 'HUMAN RIGHTS INSTITUTIONS']",['SOUTHWEST ASIA AND ARAB COUNTRIES'],partial_match
4500,765084,https://digitallibrary.un.org/record/765084,A/RES/68/70,['LAW OF THE SEA'],['LAW OF THE SEA'],[],all_match
4501,767565,https://digitallibrary.un.org/record/767565,A/RES/68/262,"['ARMED CONFLICTS PREVENTION', 'MEDIATION']",['MEDIATION'],['ARMED CONFLICTS PREVENTION'],partial_match
4502,772070,https://digitallibrary.un.org/record/772070,A/RES/68/274,['ORGANIZATION FOR DEMOCRACY AND ECONOMIC DEVELOPMENT - GUAM'],[],['ORGANIZATION FOR DEMOCRACY AND ECONOMIC DEVELOPMENT - GUAM'],no_match
4503,774238,https://digitallibrary.un.org/record/774238,A/RES/68/292,"['UN INTERIM FORCE IN LEBANON', 'FINANCING']",['FINANCING'],['UN INTERIM FORCE IN LEBANON'],partial_match
4504,779003,https://digitallibrary.un.org/record/779003,A/RES/68/304,['UN CONFERENCES'],[],['UN CONFERENCES'],no_match
4505,782030,https://digitallibrary.un.org/record/782030,A/RES/69/5,"['CUBA', 'UNITED STATES']","['CUBA', 'UNITED STATES']",[],all_match
4506,782544,https://digitallibrary.un.org/record/782544,A/RES/69/14,"['ORGANISATION FOR THE PROHIBITION OF CHEMICAL WEAPONS', 'UN']",[],"['ORGANISATION FOR THE PROHIBITION OF CHEMICAL WEAPONS', 'UN']",no_match
4507,820055,https://digitallibrary.un.org/record/820055,A/RES/69/43,"['NUCLEAR WEAPONS USE', 'UN. INTERNATIONAL COURT OF JUSTICE OPINION']",['NUCLEAR WEAPONS USE'],['UN. INTERNATIONAL COURT OF JUSTICE OPINION'],partial_match
4508,820056,https://digitallibrary.un.org/record/820056,A/RES/69/31,"['ARMS RACE', 'OUTER SPACE']","['ARMS RACE', 'OUTER SPACE']",[],all_match
4509,820057,https://digitallibrary.un.org/record/820057,A/RES/69/94,"['TERRITORIES OCCUPIED BY ISRAEL', 'HUMAN RIGHTS', 'REPORTS']","['TERRITORIES OCCUPIED BY ISRAEL', 'HUMAN RIGHTS']",['REPORTS'],partial_match
4510,820058,https://digitallibrary.un.org/record/820058,A/RES/69/181,"['HUMAN RIGHTS ADVANCEMENT', 'RIGHT TO DEVELOPMENT']","['HUMAN RIGHTS ADVANCEMENT', 'RIGHT TO DEVELOPMENT']",[],all_match
4511,820059,https://digitallibrary.un.org/record/820059,A/RES/69/66,"['DISARMAMENT', 'GENERAL AND COMPLETE', 'MONGOLIA', 'NUCLEAR-WEAPON-FREE ZONES']","['DISARMAMENT', 'MONGOLIA', 'NUCLEAR-WEAPON-FREE ZONES']",['GENERAL AND COMPLETE'],partial_match
4512,820060,https://digitallibrary.un.org/record/820060,A/RES/69/90,"['TERRITORIES OCCUPIED BY ISRAEL', 'HUMAN RIGHTS', 'REPORTS']","['TERRITORIES OCCUPIED BY ISRAEL', 'HUMAN RIGHTS']",['REPORTS'],partial_match
4513,820061,https://digitallibrary.un.org/record/820061,A/RES/69/173,"['HUMAN RIGHTS ADVANCEMENT', 'GLOBALIZATION', 'HUMAN RIGHTS']","['HUMAN RIGHTS ADVANCEMENT', 'GLOBALIZATION', 'HUMAN RIGHTS']",[],all_match
4514,820062,https://digitallibrary.un.org/record/820062,A/RES/69/32,"['WEAPONS', 'OUTER SPACE']",['OUTER SPACE'],['WEAPONS'],partial_match
4515,820063,https://digitallibrary.un.org/record/820063,A/RES/69/37,"['NUCLEAR DISARMAMENT', 'TREATY COMPLIANCE']","['NUCLEAR DISARMAMENT', 'TREATY COMPLIANCE']",[],all_match
4516,820064,https://digitallibrary.un.org/record/820064,A/RES/69/34,"['LANDMINES', 'TREATIES']","['LANDMINES', 'TREATIES']",[],all_match
4517,820065,https://digitallibrary.un.org/record/820065,A/RES/69/48,['NUCLEAR DISARMAMENT'],['NUCLEAR DISARMAMENT'],[],all_match
4518,820066,https://digitallibrary.un.org/record/820066,A/RES/69/93,"['TERRITORIES OCCUPIED BY ISRAEL', 'HUMAN RIGHTS', 'REPORTS']","['TERRITORIES OCCUPIED BY ISRAEL', 'HUMAN RIGHTS']",['REPORTS'],partial_match
4519,820067,https://digitallibrary.un.org/record/820067,A/RES/69/22,['PALESTINE QUESTION'],['PALESTINE QUESTION'],[],all_match
4520,820068,https://digitallibrary.un.org/record/820068,A/RES/69/67,"['CHEMICAL WEAPONS', 'TREATIES']","['CHEMICAL WEAPONS', 'TREATIES']",[],all_match
4521,820069,https://digitallibrary.un.org/record/820069,A/RES/69/207,['EXTERNAL DEBT'],['EXTERNAL DEBT'],[],all_match
4522,820070,https://digitallibrary.un.org/record/820070,A/RES/69/189,"['HUMAN RIGHTS', 'REPORTS', 'HUMAN RIGHTS', 'SYRIAN ARAB REPUBLIC']","['HUMAN RIGHTS', 'HUMAN RIGHTS', 'SYRIAN ARAB REPUBLIC']",['REPORTS'],partial_match
4523,820071,https://digitallibrary.un.org/record/820071,A/RES/69/155,"['UN. HUMAN RIGHTS COUNCIL', 'REPORTS']",[],"['UN. HUMAN RIGHTS COUNCIL', 'REPORTS']",no_match
4524,820072,https://digitallibrary.un.org/record/820072,A/RES/69/81,"['NUCLEAR WEAPON TESTS', 'TREATIES']","['NUCLEAR WEAPON TESTS', 'TREATIES']",[],all_match
4525,820073,https://digitallibrary.un.org/record/820073,A/RES/69/44,"['BALLISTIC MISSILES', 'CODES OF CONDUCT']","['BALLISTIC MISSILES', 'CODES OF CONDUCT']",[],all_match
4526,820074,https://digitallibrary.un.org/record/820074,A/RES/69/35,"['SOUTHERN HEMISPHERE', 'NUCLEAR-WEAPON-FREE ZONES']",['NUCLEAR-WEAPON-FREE ZONES'],['SOUTHERN HEMISPHERE'],partial_match
4527,820075,https://digitallibrary.un.org/record/820075,A/RES/69/107,['DECOLONIZATION'],['DECOLONIZATION'],[],all_match
4528,820076,https://digitallibrary.un.org/record/820076,A/RES/69/42,"['DISARMAMENT', 'GENERAL AND COMPLETE']",['DISARMAMENT'],['GENERAL AND COMPLETE'],partial_match
4529,820077,https://digitallibrary.un.org/record/820077,A/RES/69/40,['NUCLEAR NON-PROLIFERATION'],['NUCLEAR NON-PROLIFERATION'],[],all_match
4530,820078,https://digitallibrary.un.org/record/820078,A/RES/69/58,"['NUCLEAR DISARMAMENT', 'CONFERENCES']","['NUCLEAR DISARMAMENT', 'CONFERENCES']",[],all_match
4531,820079,https://digitallibrary.un.org/record/820079,A/RES/69/98,"['NON-SELF-GOVERNING TERRITORIES', 'ECONOMIC INTERESTS']",['NON-SELF-GOVERNING TERRITORIES'],['ECONOMIC INTERESTS'],partial_match
4532,820080,https://digitallibrary.un.org/record/820080,A/RES/69/245,['LAW OF THE SEA'],['LAW OF THE SEA'],[],all_match
4533,820081,https://digitallibrary.un.org/record/820081,A/RES/69/52,"['NUCLEAR WEAPONS', 'ELIMINATION']",['NUCLEAR WEAPONS'],['ELIMINATION'],partial_match
4534,820082,https://digitallibrary.un.org/record/820082,A/RES/69/53,"['CHEMICAL AND BIOLOGICAL WARFARE', 'TREATIES']","['CHEMICAL AND BIOLOGICAL WARFARE', 'TREATIES']",[],all_match
4535,820083,https://digitallibrary.un.org/record/820083,A/RES/69/91,"['TERRITORIES OCCUPIED BY ISRAEL', 'HUMAN RIGHTS', 'REPORTS']","['TERRITORIES OCCUPIED BY ISRAEL', 'HUMAN RIGHTS']",['REPORTS'],partial_match
4536,820084,https://digitallibrary.un.org/record/820084,A/RES/69/182,"['HUMAN RIGHTS ADVANCEMENT', 'SUMMARY EXECUTIONS']","['HUMAN RIGHTS ADVANCEMENT', 'SUMMARY EXECUTIONS']",[],all_match
4537,820085,https://digitallibrary.un.org/record/820085,A/RES/69/89,"['UNRWA', 'ACTIVITIES']",['ACTIVITIES'],['UNRWA'],partial_match
4538,820086,https://digitallibrary.un.org/record/820086,A/RES/69/41,['NUCLEAR DISARMAMENT NEGOTIATIONS'],[],['NUCLEAR DISARMAMENT NEGOTIATIONS'],no_match
4539,820087,https://digitallibrary.un.org/record/820087,A/RES/69/247,['EXTERNAL DEBT'],['EXTERNAL DEBT'],[],all_match
4540,820088,https://digitallibrary.un.org/record/820088,A/RES/69/190,"['HUMAN RIGHTS', 'REPORTS', 'HUMAN RIGHTS', 'IRAN (ISLAMIC REPUBLIC OF)']","['HUMAN RIGHTS', 'HUMAN RIGHTS', 'IRAN (ISLAMIC REPUBLIC OF)']",['REPORTS'],partial_match
4541,820089,https://digitallibrary.un.org/record/820089,A/RES/69/239,['ECONOMIC COOPERATION AMONG DEVELOPING COUNTRIES'],['ECONOMIC COOPERATION AMONG DEVELOPING COUNTRIES'],[],all_match
4542,820090,https://digitallibrary.un.org/record/820090,A/RES/69/24,['MIDDLE EAST SITUATION'],['MIDDLE EAST SITUATION'],[],all_match
4543,820091,https://digitallibrary.un.org/record/820091,A/RES/69/88,"['UNRWA', 'ACTIVITIES']",['ACTIVITIES'],['UNRWA'],partial_match
4544,820092,https://digitallibrary.un.org/record/820092,A/RES/69/57,['DEPLETED URANIUM'],['DEPLETED URANIUM'],[],all_match
4545,820093,https://digitallibrary.un.org/record/820093,A/RES/69/30,"['NON-NUCLEAR-WEAPON STATES', 'SECURITY']",['NON-NUCLEAR-WEAPON STATES'],['SECURITY'],partial_match
4546,820094,https://digitallibrary.un.org/record/820094,A/RES/69/210,['SUSTAINABLE DEVELOPMENT'],['SUSTAINABLE DEVELOPMENT'],[],all_match
4547,820095,https://digitallibrary.un.org/record/820095,A/RES/69/49,"['ARMS TRANSFERS', 'TREATIES']","['ARMS TRANSFERS', 'TREATIES']",[],all_match
4548,820096,https://digitallibrary.un.org/record/820096,A/RES/69/212,['SUSTAINABLE DEVELOPMENT'],['SUSTAINABLE DEVELOPMENT'],[],all_match
4549,820097,https://digitallibrary.un.org/record/820097,A/RES/69/106,['DECOLONIZATION'],['DECOLONIZATION'],[],all_match
4550,820098,https://digitallibrary.un.org/record/820098,A/RES/69/163,"['SELF-DETERMINATION OF PEOPLES', 'MERCENARIES']","['SELF-DETERMINATION OF PEOPLES', 'MERCENARIES']",[],all_match
4551,820099,https://digitallibrary.un.org/record/820099,A/RES/69/176,['HUMAN RIGHTS ADVANCEMENT'],['HUMAN RIGHTS ADVANCEMENT'],[],all_match
4552,820100,https://digitallibrary.un.org/record/820100,A/RES/69/25,['MIDDLE EAST SITUATION'],['MIDDLE EAST SITUATION'],[],all_match
4553,820101,https://digitallibrary.un.org/record/820101,A/RES/69/86,"['UNRWA', 'ACTIVITIES']",['ACTIVITIES'],['UNRWA'],partial_match
4554,820102,https://digitallibrary.un.org/record/820102,A/RES/69/97,"['NON-SELF-GOVERNING TERRITORIES', 'REPORTS']",['NON-SELF-GOVERNING TERRITORIES'],['REPORTS'],partial_match
4555,820103,https://digitallibrary.un.org/record/820103,A/RES/69/59,"['NUCLEAR NON-PROLIFERATION', 'TREATY COMPLIANCE']","['NUCLEAR NON-PROLIFERATION', 'TREATY COMPLIANCE']",[],all_match
4556,820104,https://digitallibrary.un.org/record/820104,A/RES/69/320,"['UN SYSTEM', 'STRENGTHENING']",[],"['UN SYSTEM', 'STRENGTHENING']",no_match
4557,820105,https://digitallibrary.un.org/record/820105,A/RES/69/180,"['HUMAN RIGHTS ADVANCEMENT', 'SANCTIONS', 'INTERNATIONAL RELATIONS']","['HUMAN RIGHTS ADVANCEMENT', 'SANCTIONS', 'INTERNATIONAL RELATIONS']",[],all_match
4558,820106,https://digitallibrary.un.org/record/820106,A/RES/69/188,"['HUMAN RIGHTS', 'REPORTS', 'HUMAN RIGHTS', ""DEMOCRATIC PEOPLE'S REPUBLIC OF KOREA""]","['HUMAN RIGHTS', 'HUMAN RIGHTS', ""DEMOCRATIC PEOPLE'S REPUBLIC OF KOREA""]",['REPORTS'],partial_match
4559,820107,https://digitallibrary.un.org/record/820107,A/RES/69/165,['SELF-DETERMINATION OF PEOPLES'],['SELF-DETERMINATION OF PEOPLES'],[],all_match
4560,820108,https://digitallibrary.un.org/record/820108,A/RES/69/92,"['TERRITORIES OCCUPIED BY ISRAEL', 'HUMAN RIGHTS', 'REPORTS']","['TERRITORIES OCCUPIED BY ISRAEL', 'HUMAN RIGHTS']",['REPORTS'],partial_match
4561,820109,https://digitallibrary.un.org/record/820109,A/RES/69/23,['PALESTINE QUESTION'],['PALESTINE QUESTION'],[],all_match
4562,820110,https://digitallibrary.un.org/record/820110,A/RES/69/27,['WEAPONS OF MASS DESTRUCTION'],['WEAPONS OF MASS DESTRUCTION'],[],all_match
4563,820111,https://digitallibrary.un.org/record/820111,A/RES/69/69,"['NUCLEAR WEAPONS USE', 'TREATIES']","['NUCLEAR WEAPONS USE', 'TREATIES']",[],all_match
4564,820112,https://digitallibrary.un.org/record/820112,A/RES/69/241,"['TERRITORIES OCCUPIED BY ISRAEL', 'NATURAL RESOURCES']","['TERRITORIES OCCUPIED BY ISRAEL', 'NATURAL RESOURCES']",[],all_match
4565,820113,https://digitallibrary.un.org/record/820113,A/RES/69/238,"['OPERATIONAL ACTIVITIES', 'UN SYSTEM']",['OPERATIONAL ACTIVITIES'],['UN SYSTEM'],partial_match
4566,820114,https://digitallibrary.un.org/record/820114,A/RES/69/20,['PALESTINE QUESTION'],['PALESTINE QUESTION'],[],all_match
4567,820115,https://digitallibrary.un.org/record/820115,A/RES/69/62,['ILLICIT TRAFFIC'],['ILLICIT TRAFFIC'],[],all_match
4568,820116,https://digitallibrary.un.org/record/820116,A/RES/69/326,"['OPERATIONAL ACTIVITIES', 'UN SYSTEM']",['OPERATIONAL ACTIVITIES'],['UN SYSTEM'],partial_match
4569,820117,https://digitallibrary.un.org/record/820117,A/RES/69/178,"['HUMAN RIGHTS ADVANCEMENT', 'DEMOCRACY']","['HUMAN RIGHTS ADVANCEMENT', 'DEMOCRACY']",[],all_match
4570,820118,https://digitallibrary.un.org/record/820118,A/RES/69/47,"['CONVENTIONAL ARMS', 'REGIONAL PROGRAMMES']",['REGIONAL PROGRAMMES'],['CONVENTIONAL ARMS'],partial_match
4571,820119,https://digitallibrary.un.org/record/820119,A/RES/69/170,"['HUMAN RIGHTS ADVANCEMENT', 'ALBINISM']","['HUMAN RIGHTS ADVANCEMENT', 'ALBINISM']",[],all_match
4572,820120,https://digitallibrary.un.org/record/820120,A/RES/69/319,['UN CONFERENCES'],[],['UN CONFERENCES'],no_match
4573,820121,https://digitallibrary.un.org/record/820121,A/RES/69/21,['PALESTINE QUESTION'],['PALESTINE QUESTION'],[],all_match
4574,820122,https://digitallibrary.un.org/record/820122,A/RES/69/302,"['UN INTERIM FORCE IN LEBANON', 'FINANCING']",['FINANCING'],['UN INTERIM FORCE IN LEBANON'],partial_match
4575,820123,https://digitallibrary.un.org/record/820123,A/RES/69/162,"['RACIAL DISCRIMINATION', 'PROGRAMMES OF ACTION']","['RACIAL DISCRIMINATION', 'PROGRAMMES OF ACTION']",[],all_match
4576,820124,https://digitallibrary.un.org/record/820124,A/RES/69/286,['ORGANIZATION FOR DEMOCRACY AND ECONOMIC DEVELOPMENT - GUAM'],[],['ORGANIZATION FOR DEMOCRACY AND ECONOMIC DEVELOPMENT - GUAM'],no_match
4577,820125,https://digitallibrary.un.org/record/820125,A/RES/69/61,"['WOMEN', 'DISARMAMENT']","['WOMEN', 'DISARMAMENT']",[],all_match
4578,820126,https://digitallibrary.un.org/record/820126,A/RES/69/171,"['HUMAN RIGHTS ADVANCEMENT', 'HUMAN RIGHTS INSTITUTIONS', 'SOUTHWEST ASIA AND ARAB COUNTRIES']","['HUMAN RIGHTS ADVANCEMENT', 'HUMAN RIGHTS INSTITUTIONS']",['SOUTHWEST ASIA AND ARAB COUNTRIES'],partial_match
4579,820127,https://digitallibrary.un.org/record/820127,A/RES/69/87,"['UNRWA', 'ACTIVITIES']",['ACTIVITIES'],['UNRWA'],partial_match
4580,820128,https://digitallibrary.un.org/record/820128,A/RES/69/186,"['HUMAN RIGHTS ADVANCEMENT', 'CAPITAL PUNISHMENT']","['HUMAN RIGHTS ADVANCEMENT', 'CAPITAL PUNISHMENT']",[],all_match
4581,820129,https://digitallibrary.un.org/record/820129,A/RES/69/78,"['MIDDLE EAST', 'NUCLEAR PROLIFERATION']",['MIDDLE EAST'],['NUCLEAR PROLIFERATION'],partial_match
4582,820130,https://digitallibrary.un.org/record/820130,A/RES/69/99,"['DECOLONIZATION', 'UN SYSTEM']",['DECOLONIZATION'],['UN SYSTEM'],partial_match
4583,820131,https://digitallibrary.un.org/record/820131,A/RES/69/54,"['MULTILATERALISM', 'DISARMAMENT']","['MULTILATERALISM', 'DISARMAMENT']",[],all_match
4584,820132,https://digitallibrary.un.org/record/820132,A/RES/69/160,"['RACIAL DISCRIMINATION', 'ELIMINATION']",['RACIAL DISCRIMINATION'],['ELIMINATION'],partial_match
4585,820133,https://digitallibrary.un.org/record/820133,A/RES/69/227,"['GLOBALIZATION', 'INTERDEPENDENCE']","['GLOBALIZATION', 'INTERDEPENDENCE']",[],all_match
4586,827171,https://digitallibrary.un.org/record/827171,A/RES/70/83,"['UNRWA', 'ACTIVITIES']",['ACTIVITIES'],['UNRWA'],partial_match
4587,827172,https://digitallibrary.un.org/record/827172,A/RES/70/235,['LAW OF THE SEA'],['LAW OF THE SEA'],[],all_match
4588,827173,https://digitallibrary.un.org/record/827173,A/RES/70/39,"['FISSIONABLE MATERIALS', 'TREATIES']","['FISSIONABLE MATERIALS', 'TREATIES']",[],all_match
4589,827174,https://digitallibrary.un.org/record/827174,A/RES/70/48,['NUCLEAR DISARMAMENT'],['NUCLEAR DISARMAMENT'],[],all_match
4590,827175,https://digitallibrary.un.org/record/827175,A/RES/70/95,"['NON-SELF-GOVERNING TERRITORIES', 'ECONOMIC INTERESTS']",['NON-SELF-GOVERNING TERRITORIES'],['ECONOMIC INTERESTS'],partial_match
4591,827176,https://digitallibrary.un.org/record/827176,A/RES/70/155,"['HUMAN RIGHTS ADVANCEMENT', 'RIGHT TO DEVELOPMENT']","['HUMAN RIGHTS ADVANCEMENT', 'RIGHT TO DEVELOPMENT']",[],all_match
4592,827177,https://digitallibrary.un.org/record/827177,A/RES/70/33,['NUCLEAR DISARMAMENT NEGOTIATIONS'],[],['NUCLEAR DISARMAMENT NEGOTIATIONS'],no_match
4593,827178,https://digitallibrary.un.org/record/827178,A/RES/70/16,['MIDDLE EAST SITUATION'],['MIDDLE EAST SITUATION'],[],all_match
4594,827179,https://digitallibrary.un.org/record/827179,A/RES/70/55,"['LANDMINES', 'TREATIES']","['LANDMINES', 'TREATIES']",[],all_match
4595,827180,https://digitallibrary.un.org/record/827180,A/RES/70/34,"['NUCLEAR DISARMAMENT', 'CONFERENCES']","['NUCLEAR DISARMAMENT', 'CONFERENCES']",[],all_match
4596,827181,https://digitallibrary.un.org/record/827181,A/RES/70/40,"['NUCLEAR WEAPONS', 'ELIMINATION']",['NUCLEAR WEAPONS'],['ELIMINATION'],partial_match
4597,827182,https://digitallibrary.un.org/record/827182,A/RES/70/139,"['RACIAL DISCRIMINATION', 'ELIMINATION']",['RACIAL DISCRIMINATION'],['ELIMINATION'],partial_match
4598,827183,https://digitallibrary.un.org/record/827183,A/RES/70/22,"['INDIAN OCEAN', 'ZONES OF PEACE']","['INDIAN OCEAN', 'ZONES OF PEACE']",[],all_match
4599,827184,https://digitallibrary.un.org/record/827184,A/RES/70/10,"['IAEA', 'REPORTS']",[],"['IAEA', 'REPORTS']",no_match
4600,827185,https://digitallibrary.un.org/record/827185,A/RES/70/87,"['TERRITORIES OCCUPIED BY ISRAEL', 'HUMAN RIGHTS', 'REPORTS']","['TERRITORIES OCCUPIED BY ISRAEL', 'HUMAN RIGHTS']",['REPORTS'],partial_match
4601,827186,https://digitallibrary.un.org/record/827186,A/RES/70/172,"['HUMAN RIGHTS', 'REPORTS', 'HUMAN RIGHTS', ""DEMOCRATIC PEOPLE'S REPUBLIC OF KOREA""]","['HUMAN RIGHTS', 'HUMAN RIGHTS', ""DEMOCRATIC PEOPLE'S REPUBLIC OF KOREA""]",['REPORTS'],partial_match
4602,827187,https://digitallibrary.un.org/record/827187,A/RES/70/168,"['HUMAN RIGHTS ADVANCEMENT', 'ELECTION VERIFICATION', 'UN']","['HUMAN RIGHTS ADVANCEMENT', 'ELECTION VERIFICATION']",['UN'],partial_match
4603,827188,https://digitallibrary.un.org/record/827188,A/RES/70/57,['NUCLEAR DISARMAMENT'],['NUCLEAR DISARMAMENT'],[],all_match
4604,827189,https://digitallibrary.un.org/record/827189,A/RES/70/58,"['ARMS TRANSFERS', 'TREATIES']","['ARMS TRANSFERS', 'TREATIES']",[],all_match
4605,827190,https://digitallibrary.un.org/record/827190,A/RES/70/159,"['HUMAN RIGHTS ADVANCEMENT', 'GLOBALIZATION', 'HUMAN RIGHTS']","['HUMAN RIGHTS ADVANCEMENT', 'GLOBALIZATION', 'HUMAN RIGHTS']",[],all_match
4606,827191,https://digitallibrary.un.org/record/827191,A/RES/70/103,['DECOLONIZATION'],['DECOLONIZATION'],[],all_match
4607,827192,https://digitallibrary.un.org/record/827192,A/RES/70/156,['HUMAN RIGHTS ADVANCEMENT'],['HUMAN RIGHTS ADVANCEMENT'],[],all_match
4608,827193,https://digitallibrary.un.org/record/827193,A/RES/70/88,"['TERRITORIES OCCUPIED BY ISRAEL', 'HUMAN RIGHTS', 'REPORTS']","['TERRITORIES OCCUPIED BY ISRAEL', 'HUMAN RIGHTS']",['REPORTS'],partial_match
4609,827194,https://digitallibrary.un.org/record/827194,A/RES/70/171,"['HUMAN RIGHTS ADVANCEMENT', 'HUMAN RIGHTS INSTITUTIONS', 'SOUTHWEST ASIA AND ARAB COUNTRIES']","['HUMAN RIGHTS ADVANCEMENT', 'HUMAN RIGHTS INSTITUTIONS']",['SOUTHWEST ASIA AND ARAB COUNTRIES'],partial_match
4610,827195,https://digitallibrary.un.org/record/827195,A/RES/70/185,['INTERNATIONAL TRADE'],['INTERNATIONAL TRADE'],[],all_match
4611,827196,https://digitallibrary.un.org/record/827196,A/RES/70/50,"['DISARMAMENT', 'GENERAL AND COMPLETE']",['DISARMAMENT'],['GENERAL AND COMPLETE'],partial_match
4612,827197,https://digitallibrary.un.org/record/827197,A/RES/70/140,"['RACIAL DISCRIMINATION', 'PROGRAMMES OF ACTION']","['RACIAL DISCRIMINATION', 'PROGRAMMES OF ACTION']",[],all_match
4613,827198,https://digitallibrary.un.org/record/827198,A/RES/70/84,"['UNRWA', 'ACTIVITIES']",['ACTIVITIES'],['UNRWA'],partial_match
4614,827199,https://digitallibrary.un.org/record/827199,A/RES/70/37,['NUCLEAR NON-PROLIFERATION'],['NUCLEAR NON-PROLIFERATION'],[],all_match
4615,827200,https://digitallibrary.un.org/record/827200,A/RES/70/142,"['SELF-DETERMINATION OF PEOPLES', 'MERCENARIES']","['SELF-DETERMINATION OF PEOPLES', 'MERCENARIES']",[],all_match
4616,827201,https://digitallibrary.un.org/record/827201,A/RES/70/90,"['TERRITORIES OCCUPIED BY ISRAEL', 'HUMAN RIGHTS', 'REPORTS']","['TERRITORIES OCCUPIED BY ISRAEL', 'HUMAN RIGHTS']",['REPORTS'],partial_match
4617,827202,https://digitallibrary.un.org/record/827202,A/RES/70/161,"['HUMAN RIGHTS ADVANCEMENT', 'HUMAN RIGHTS ACTIVISTS']","['HUMAN RIGHTS ADVANCEMENT', 'HUMAN RIGHTS ACTIVISTS']",[],all_match
4618,827203,https://digitallibrary.un.org/record/827203,A/RES/70/91,"['TERRITORIES OCCUPIED BY ISRAEL', 'HUMAN RIGHTS', 'REPORTS']","['TERRITORIES OCCUPIED BY ISRAEL', 'HUMAN RIGHTS']",['REPORTS'],partial_match
4619,827204,https://digitallibrary.un.org/record/827204,A/RES/70/141,['SELF-DETERMINATION OF PEOPLES'],['SELF-DETERMINATION OF PEOPLES'],[],all_match
4620,827205,https://digitallibrary.un.org/record/827205,A/RES/70/54,"['DISARMAMENT', 'GENERAL AND COMPLETE', 'CLUSTER MUNITIONS']","['DISARMAMENT', 'CLUSTER MUNITIONS']",['GENERAL AND COMPLETE'],partial_match
4621,827206,https://digitallibrary.un.org/record/827206,A/RES/70/31,"['MULTILATERALISM', 'DISARMAMENT']","['MULTILATERALISM', 'DISARMAMENT']",[],all_match
4622,827207,https://digitallibrary.un.org/record/827207,A/RES/70/45,"['SOUTHERN HEMISPHERE', 'NUCLEAR-WEAPON-FREE ZONES']",['NUCLEAR-WEAPON-FREE ZONES'],['SOUTHERN HEMISPHERE'],partial_match
4623,827208,https://digitallibrary.un.org/record/827208,A/RES/70/152,['HUMAN RIGHTS ADVANCEMENT'],['HUMAN RIGHTS ADVANCEMENT'],[],all_match
4624,827209,https://digitallibrary.un.org/record/827209,A/RES/70/56,"['NUCLEAR WEAPONS USE', 'UN. INTERNATIONAL COURT OF JUSTICE OPINION']",['NUCLEAR WEAPONS USE'],['UN. INTERNATIONAL COURT OF JUSTICE OPINION'],partial_match
4625,827210,https://digitallibrary.un.org/record/827210,A/RES/70/38,"['NUCLEAR NON-PROLIFERATION', 'INTERNATIONAL OBLIGATIONS']","['NUCLEAR NON-PROLIFERATION', 'INTERNATIONAL OBLIGATIONS']",[],all_match
4626,827211,https://digitallibrary.un.org/record/827211,A/RES/70/17,['MIDDLE EAST SITUATION'],['MIDDLE EAST SITUATION'],[],all_match
4627,827212,https://digitallibrary.un.org/record/827212,A/RES/70/225,"['TERRITORIES OCCUPIED BY ISRAEL', 'NATURAL RESOURCES']","['TERRITORIES OCCUPIED BY ISRAEL', 'NATURAL RESOURCES']",[],all_match
4628,827213,https://digitallibrary.un.org/record/827213,A/RES/70/173,"['HUMAN RIGHTS', 'REPORTS', 'HUMAN RIGHTS', 'IRAN (ISLAMIC REPUBLIC OF)']","['HUMAN RIGHTS', 'HUMAN RIGHTS', 'IRAN (ISLAMIC REPUBLIC OF)']",['REPORTS'],partial_match
4629,827214,https://digitallibrary.un.org/record/827214,A/RES/70/62,"['NUCLEAR WEAPONS USE', 'TREATIES']","['NUCLEAR WEAPONS USE', 'TREATIES']",[],all_match
4630,827215,https://digitallibrary.un.org/record/827215,A/RES/70/5,"['CUBA', 'UNITED STATES']","['CUBA', 'UNITED STATES']",[],all_match
4631,827216,https://digitallibrary.un.org/record/827216,A/RES/70/14,['PALESTINE QUESTION'],['PALESTINE QUESTION'],[],all_match
4632,827217,https://digitallibrary.un.org/record/827217,A/RES/70/137,['RIGHTS OF THE CHILD'],['RIGHTS OF THE CHILD'],[],all_match
4633,827218,https://digitallibrary.un.org/record/827218,A/RES/70/12,['PALESTINE QUESTION'],['PALESTINE QUESTION'],[],all_match
4634,827219,https://digitallibrary.un.org/record/827219,A/RES/70/86,"['UNRWA', 'ACTIVITIES']",['ACTIVITIES'],['UNRWA'],partial_match
4635,827220,https://digitallibrary.un.org/record/827220,A/RES/70/149,"['HUMAN RIGHTS ADVANCEMENT', 'DEMOCRACY']","['HUMAN RIGHTS ADVANCEMENT', 'DEMOCRACY']",[],all_match
4636,827221,https://digitallibrary.un.org/record/827221,A/RES/70/151,"['HUMAN RIGHTS ADVANCEMENT', 'SANCTIONS', 'INTERNATIONAL RELATIONS']","['HUMAN RIGHTS ADVANCEMENT', 'SANCTIONS', 'INTERNATIONAL RELATIONS']",[],all_match
4637,827222,https://digitallibrary.un.org/record/827222,A/RES/70/136,"['UN. HUMAN RIGHTS COUNCIL', 'REPORTS']",[],"['UN. HUMAN RIGHTS COUNCIL', 'REPORTS']",no_match
4638,827223,https://digitallibrary.un.org/record/827223,A/RES/70/13,['PALESTINE QUESTION'],['PALESTINE QUESTION'],[],all_match
4639,827224,https://digitallibrary.un.org/record/827224,A/RES/70/73,"['NUCLEAR WEAPON TESTS', 'TREATIES']","['NUCLEAR WEAPON TESTS', 'TREATIES']",[],all_match
4640,827225,https://digitallibrary.un.org/record/827225,A/RES/70/51,"['NUCLEAR DISARMAMENT', 'TREATY COMPLIANCE']","['NUCLEAR DISARMAMENT', 'TREATY COMPLIANCE']",[],all_match
4641,827226,https://digitallibrary.un.org/record/827226,A/RES/70/231,['DECOLONIZATION'],['DECOLONIZATION'],[],all_match
4642,827227,https://digitallibrary.un.org/record/827227,A/RES/70/26,"['ARMS RACE', 'OUTER SPACE']","['ARMS RACE', 'OUTER SPACE']",[],all_match
4643,827228,https://digitallibrary.un.org/record/827228,A/RES/70/52,['NUCLEAR DISARMAMENT'],['NUCLEAR DISARMAMENT'],[],all_match
4644,827229,https://digitallibrary.un.org/record/827229,A/RES/70/28,"['DISARMAMENT', 'GENERAL AND COMPLETE']",['DISARMAMENT'],['GENERAL AND COMPLETE'],partial_match
4645,827230,https://digitallibrary.un.org/record/827230,A/RES/70/41,"['CHEMICAL WEAPONS', 'TREATIES']","['CHEMICAL WEAPONS', 'TREATIES']",[],all_match
4646,827231,https://digitallibrary.un.org/record/827231,A/RES/70/89,"['TERRITORIES OCCUPIED BY ISRAEL', 'HUMAN RIGHTS', 'REPORTS']","['TERRITORIES OCCUPIED BY ISRAEL', 'HUMAN RIGHTS']",['REPORTS'],partial_match
4647,827232,https://digitallibrary.un.org/record/827232,A/RES/70/96,"['DECOLONIZATION', 'UN SYSTEM']",['DECOLONIZATION'],['UN SYSTEM'],partial_match
4648,827233,https://digitallibrary.un.org/record/827233,A/RES/70/15,['PALESTINE QUESTION'],['PALESTINE QUESTION'],[],all_match
4649,827234,https://digitallibrary.un.org/record/827234,A/RES/70/94,"['NON-SELF-GOVERNING TERRITORIES', 'REPORTS']",['NON-SELF-GOVERNING TERRITORIES'],['REPORTS'],partial_match
4650,827235,https://digitallibrary.un.org/record/827235,A/RES/70/194,['SUSTAINABLE DEVELOPMENT'],['SUSTAINABLE DEVELOPMENT'],[],all_match
4651,827236,https://digitallibrary.un.org/record/827236,A/RES/70/47,['NUCLEAR DISARMAMENT'],['NUCLEAR DISARMAMENT'],[],all_match
4652,827237,https://digitallibrary.un.org/record/827237,A/RES/70/44,"['CONVENTIONAL ARMS', 'REGIONAL PROGRAMMES']",['REGIONAL PROGRAMMES'],['CONVENTIONAL ARMS'],partial_match
4653,827238,https://digitallibrary.un.org/record/827238,A/RES/70/27,"['WEAPONS', 'OUTER SPACE']",['OUTER SPACE'],['WEAPONS'],partial_match
4654,827239,https://digitallibrary.un.org/record/827239,A/RES/70/70,"['MIDDLE EAST', 'NUCLEAR PROLIFERATION']",['MIDDLE EAST'],['NUCLEAR PROLIFERATION'],partial_match
4655,827240,https://digitallibrary.un.org/record/827240,A/RES/70/198,['SUSTAINABLE DEVELOPMENT'],['SUSTAINABLE DEVELOPMENT'],[],all_match
4656,827241,https://digitallibrary.un.org/record/827241,A/RES/70/25,"['NON-NUCLEAR-WEAPON STATES', 'SECURITY']",['NON-NUCLEAR-WEAPON STATES'],['SECURITY'],partial_match
4657,827242,https://digitallibrary.un.org/record/827242,A/RES/70/234,"['HUMAN RIGHTS', 'REPORTS', 'HUMAN RIGHTS', 'SYRIAN ARAB REPUBLIC']","['HUMAN RIGHTS', 'HUMAN RIGHTS', 'SYRIAN ARAB REPUBLIC']",['REPORTS'],partial_match
4658,827243,https://digitallibrary.un.org/record/827243,A/RES/70/85,"['UNRWA', 'ACTIVITIES']",['ACTIVITIES'],['UNRWA'],partial_match
4659,845066,https://digitallibrary.un.org/record/845066,A/RES/70/265,['ORGANIZATION FOR DEMOCRACY AND ECONOMIC DEVELOPMENT - GUAM'],[],['ORGANIZATION FOR DEMOCRACY AND ECONOMIC DEVELOPMENT - GUAM'],no_match
4660,845067,https://digitallibrary.un.org/record/845067,A/RES/70/280,"['UN INTERIM FORCE IN LEBANON', 'FINANCING']",['FINANCING'],['UN INTERIM FORCE IN LEBANON'],partial_match
4661,847070,https://digitallibrary.un.org/record/847070,A/RES/71/5,"['CUBA', 'UNITED STATES']","['CUBA', 'UNITED STATES']",[],all_match
4662,849568,https://digitallibrary.un.org/record/849568,A/RES/71/11,"['LEAGUE OF ARAB STATES', 'UN']",[],"['LEAGUE OF ARAB STATES', 'UN']",no_match
4663,850614,https://digitallibrary.un.org/record/850614,A/RES/71/20,['PALESTINE QUESTION'],['PALESTINE QUESTION'],[],all_match
4664,850615,https://digitallibrary.un.org/record/850615,A/RES/71/23,['PALESTINE QUESTION'],['PALESTINE QUESTION'],[],all_match
4665,850616,https://digitallibrary.un.org/record/850616,A/RES/71/25,['MIDDLE EAST SITUATION'],['MIDDLE EAST SITUATION'],[],all_match
4666,850618,https://digitallibrary.un.org/record/850618,A/RES/71/24,['MIDDLE EAST SITUATION'],['MIDDLE EAST SITUATION'],[],all_match
4667,850619,https://digitallibrary.un.org/record/850619,A/RES/71/22,['PALESTINE QUESTION'],['PALESTINE QUESTION'],[],all_match
4668,855165,https://digitallibrary.un.org/record/855165,A/RES/71/59,"['CHEMICAL AND BIOLOGICAL WARFARE', 'TREATIES']","['CHEMICAL AND BIOLOGICAL WARFARE', 'TREATIES']",[],all_match
4669,855166,https://digitallibrary.un.org/record/855166,A/RES/71/221,['SUSTAINABLE DEVELOPMENT'],['SUSTAINABLE DEVELOPMENT'],[],all_match
4670,855167,https://digitallibrary.un.org/record/855167,A/RES/71/45,['CLUSTER MUNITIONS'],['CLUSTER MUNITIONS'],[],all_match
4671,855168,https://digitallibrary.un.org/record/855168,A/RES/71/184,['SELF-DETERMINATION OF PEOPLES'],['SELF-DETERMINATION OF PEOPLES'],[],all_match
4672,855169,https://digitallibrary.un.org/record/855169,A/RES/71/174,"['UN. HUMAN RIGHTS COUNCIL', 'REPORTS']",[],"['UN. HUMAN RIGHTS COUNCIL', 'REPORTS']",no_match
4673,855170,https://digitallibrary.un.org/record/855170,A/RES/71/182,"['SELF-DETERMINATION OF PEOPLES', 'MERCENARIES']","['SELF-DETERMINATION OF PEOPLES', 'MERCENARIES']",[],all_match
4674,855171,https://digitallibrary.un.org/record/855171,A/RES/71/86,"['NUCLEAR WEAPON TESTS', 'TREATIES']","['NUCLEAR WEAPON TESTS', 'TREATIES']",[],all_match
4675,855172,https://digitallibrary.un.org/record/855172,A/RES/71/187,"['HUMAN RIGHTS ADVANCEMENT', 'CAPITAL PUNISHMENT']","['HUMAN RIGHTS ADVANCEMENT', 'CAPITAL PUNISHMENT']",[],all_match
4676,855173,https://digitallibrary.un.org/record/855173,A/RES/71/92,"['UNRWA', 'ACTIVITIES']",['ACTIVITIES'],['UNRWA'],partial_match
4677,855174,https://digitallibrary.un.org/record/855174,A/RES/71/97,"['TERRITORIES OCCUPIED BY ISRAEL', 'HUMAN RIGHTS', 'REPORTS']","['TERRITORIES OCCUPIED BY ISRAEL', 'HUMAN RIGHTS']",['REPORTS'],partial_match
4678,855175,https://digitallibrary.un.org/record/855175,A/RES/71/67,"['DISARMAMENT', 'GENERAL AND COMPLETE']",['DISARMAMENT'],['GENERAL AND COMPLETE'],partial_match
4679,855176,https://digitallibrary.un.org/record/855176,A/RES/71/41,"['CONVENTIONAL ARMS', 'REGIONAL PROGRAMMES']",['REGIONAL PROGRAMMES'],['CONVENTIONAL ARMS'],partial_match
4680,855177,https://digitallibrary.un.org/record/855177,A/RES/71/54,"['NUCLEAR DISARMAMENT', 'TREATY COMPLIANCE']","['NUCLEAR DISARMAMENT', 'TREATY COMPLIANCE']",[],all_match
4681,855178,https://digitallibrary.un.org/record/855178,A/RES/71/36,['ILLICIT TRAFFIC'],['ILLICIT TRAFFIC'],[],all_match
4682,855179,https://digitallibrary.un.org/record/855179,A/RES/71/93,"['UNRWA', 'ACTIVITIES']",['ACTIVITIES'],['UNRWA'],partial_match
4683,855180,https://digitallibrary.un.org/record/855180,A/RES/71/257,['LAW OF THE SEA'],['LAW OF THE SEA'],[],all_match
4684,855181,https://digitallibrary.un.org/record/855181,A/RES/71/205,"['HUMAN RIGHTS', 'REPORTS', 'HUMAN RIGHTS', 'UKRAINE']","['HUMAN RIGHTS', 'HUMAN RIGHTS', 'UKRAINE']",['REPORTS'],partial_match
4685,855182,https://digitallibrary.un.org/record/855182,A/RES/71/248,['ARMED CONFLICTS PREVENTION'],[],['ARMED CONFLICTS PREVENTION'],no_match
4686,855183,https://digitallibrary.un.org/record/855183,A/RES/71/99,"['TERRITORIES OCCUPIED BY ISRAEL', 'HUMAN RIGHTS', 'REPORTS']","['TERRITORIES OCCUPIED BY ISRAEL', 'HUMAN RIGHTS']",['REPORTS'],partial_match
4687,855184,https://digitallibrary.un.org/record/855184,A/RES/71/197,"['HUMAN RIGHTS ADVANCEMENT', 'GLOBALIZATION', 'HUMAN RIGHTS']","['HUMAN RIGHTS ADVANCEMENT', 'GLOBALIZATION', 'HUMAN RIGHTS']",[],all_match
4688,855185,https://digitallibrary.un.org/record/855185,A/RES/71/181,"['RACIAL DISCRIMINATION', 'PROGRAMMES OF ACTION']","['RACIAL DISCRIMINATION', 'PROGRAMMES OF ACTION']",[],all_match
4689,855186,https://digitallibrary.un.org/record/855186,A/RES/71/28,"['INFORMATION', 'INTERNATIONAL SECURITY']","['INFORMATION', 'INTERNATIONAL SECURITY']",[],all_match
4690,855187,https://digitallibrary.un.org/record/855187,A/RES/71/189,['HUMAN RIGHTS ADVANCEMENT'],['HUMAN RIGHTS ADVANCEMENT'],[],all_match
4691,855188,https://digitallibrary.un.org/record/855188,A/RES/71/250,"['ORGANISATION FOR THE PROHIBITION OF CHEMICAL WEAPONS', 'UN']",[],"['ORGANISATION FOR THE PROHIBITION OF CHEMICAL WEAPONS', 'UN']",no_match
4692,855189,https://digitallibrary.un.org/record/855189,A/RES/71/179,"['RACIAL DISCRIMINATION', 'ELIMINATION']",['RACIAL DISCRIMINATION'],['ELIMINATION'],partial_match
4693,855190,https://digitallibrary.un.org/record/855190,A/RES/71/247,"['TERRITORIES OCCUPIED BY ISRAEL', 'NATURAL RESOURCES']","['TERRITORIES OCCUPIED BY ISRAEL', 'NATURAL RESOURCES']",[],all_match
4694,855191,https://digitallibrary.un.org/record/855191,A/RES/71/55,['NUCLEAR-WEAPON-FREE ZONES'],['NUCLEAR-WEAPON-FREE ZONES'],[],all_match
4695,855192,https://digitallibrary.un.org/record/855192,A/RES/71/236,"['GLOBALIZATION', 'INTERDEPENDENCE']","['GLOBALIZATION', 'INTERDEPENDENCE']",[],all_match
4696,855193,https://digitallibrary.un.org/record/855193,A/RES/71/130,['ARMED CONFLICTS PREVENTION'],[],['ARMED CONFLICTS PREVENTION'],no_match
4697,855194,https://digitallibrary.un.org/record/855194,A/RES/71/33,"['BALLISTIC MISSILES', 'CODES OF CONDUCT']","['BALLISTIC MISSILES', 'CODES OF CONDUCT']",[],all_match
4698,855195,https://digitallibrary.un.org/record/855195,A/RES/71/50,"['ARMS TRANSFERS', 'TREATIES']","['ARMS TRANSFERS', 'TREATIES']",[],all_match
4699,855196,https://digitallibrary.un.org/record/855196,A/RES/71/95,"['TERRITORIES OCCUPIED BY ISRAEL', 'HUMAN RIGHTS', 'REPORTS']","['TERRITORIES OCCUPIED BY ISRAEL', 'HUMAN RIGHTS']",['REPORTS'],partial_match
4700,855197,https://digitallibrary.un.org/record/855197,A/RES/71/198,"['HUMAN RIGHTS ADVANCEMENT', 'SUMMARY EXECUTIONS']","['HUMAN RIGHTS ADVANCEMENT', 'SUMMARY EXECUTIONS']",[],all_match
4701,855198,https://digitallibrary.un.org/record/855198,A/RES/71/204,"['HUMAN RIGHTS', 'REPORTS', 'HUMAN RIGHTS', 'IRAN (ISLAMIC REPUBLIC OF)']","['HUMAN RIGHTS', 'HUMAN RIGHTS', 'IRAN (ISLAMIC REPUBLIC OF)']",['REPORTS'],partial_match
4702,855199,https://digitallibrary.un.org/record/855199,A/RES/71/102,"['NON-SELF-GOVERNING TERRITORIES', 'REPORTS']",['NON-SELF-GOVERNING TERRITORIES'],['REPORTS'],partial_match
4703,855200,https://digitallibrary.un.org/record/855200,A/RES/71/104,"['DECOLONIZATION', 'UN SYSTEM']",['DECOLONIZATION'],['UN SYSTEM'],partial_match
4704,855201,https://digitallibrary.un.org/record/855201,A/RES/71/32,"['WEAPONS', 'OUTER SPACE']",['OUTER SPACE'],['WEAPONS'],partial_match
4705,855202,https://digitallibrary.un.org/record/855202,A/RES/71/37,['NUCLEAR NON-PROLIFERATION'],['NUCLEAR NON-PROLIFERATION'],[],all_match
4706,855203,https://digitallibrary.un.org/record/855203,A/RES/71/63,['NUCLEAR DISARMAMENT'],['NUCLEAR DISARMAMENT'],[],all_match
4707,855204,https://digitallibrary.un.org/record/855204,A/RES/71/53,"['DISARMAMENT', 'GENERAL AND COMPLETE']",['DISARMAMENT'],['GENERAL AND COMPLETE'],partial_match
4708,855205,https://digitallibrary.un.org/record/855205,A/RES/71/34,"['LANDMINES', 'TREATIES']","['LANDMINES', 'TREATIES']",[],all_match
4709,855206,https://digitallibrary.un.org/record/855206,A/RES/71/103,"['NON-SELF-GOVERNING TERRITORIES', 'ECONOMIC INTERESTS']",['NON-SELF-GOVERNING TERRITORIES'],['ECONOMIC INTERESTS'],partial_match
4710,855207,https://digitallibrary.un.org/record/855207,A/RES/71/83,"['MIDDLE EAST', 'NUCLEAR PROLIFERATION']",['MIDDLE EAST'],['NUCLEAR PROLIFERATION'],partial_match
4711,855208,https://digitallibrary.un.org/record/855208,A/RES/71/31,"['ARMS RACE', 'OUTER SPACE']","['ARMS RACE', 'OUTER SPACE']",[],all_match
4712,855209,https://digitallibrary.un.org/record/855209,A/RES/71/91,"['UNRWA', 'ACTIVITIES']",['ACTIVITIES'],['UNRWA'],partial_match
4713,855210,https://digitallibrary.un.org/record/855210,A/RES/71/94,"['UNRWA', 'ACTIVITIES']",['ACTIVITIES'],['UNRWA'],partial_match
4714,855211,https://digitallibrary.un.org/record/855211,A/RES/71/47,"['NUCLEAR WEAPONS', 'HUMANITARIAN PLEDGE']",['NUCLEAR WEAPONS'],['HUMANITARIAN PLEDGE'],partial_match
4715,855212,https://digitallibrary.un.org/record/855212,A/RES/71/68,"['DISARMAMENT', 'GENERAL AND COMPLETE']",['DISARMAMENT'],['GENERAL AND COMPLETE'],partial_match
4716,855213,https://digitallibrary.un.org/record/855213,A/RES/71/58,"['NUCLEAR WEAPONS USE', 'UN. INTERNATIONAL COURT OF JUSTICE OPINION']",['NUCLEAR WEAPONS USE'],['UN. INTERNATIONAL COURT OF JUSTICE OPINION'],partial_match
4717,855214,https://digitallibrary.un.org/record/855214,A/RES/71/71,"['NUCLEAR DISARMAMENT', 'CONFERENCES']","['NUCLEAR DISARMAMENT', 'CONFERENCES']",[],all_match
4718,855215,https://digitallibrary.un.org/record/855215,A/RES/71/122,['DECOLONIZATION'],['DECOLONIZATION'],[],all_match
4719,855216,https://digitallibrary.un.org/record/855216,A/RES/71/192,"['HUMAN RIGHTS ADVANCEMENT', 'RIGHT TO DEVELOPMENT']","['HUMAN RIGHTS ADVANCEMENT', 'RIGHT TO DEVELOPMENT']",[],all_match
4720,855217,https://digitallibrary.un.org/record/855217,A/RES/71/30,"['NON-NUCLEAR-WEAPON STATES', 'SECURITY']",['NON-NUCLEAR-WEAPON STATES'],['SECURITY'],partial_match
4721,855218,https://digitallibrary.un.org/record/855218,A/RES/71/75,"['NUCLEAR WEAPONS USE', 'TREATIES']","['NUCLEAR WEAPONS USE', 'TREATIES']",[],all_match
4722,855219,https://digitallibrary.un.org/record/855219,A/RES/71/51,"['SOUTHERN HEMISPHERE', 'NUCLEAR-WEAPON-FREE ZONES']",['NUCLEAR-WEAPON-FREE ZONES'],['SOUTHERN HEMISPHERE'],partial_match
4723,855220,https://digitallibrary.un.org/record/855220,A/RES/71/69,"['CHEMICAL WEAPONS', 'TREATIES']","['CHEMICAL WEAPONS', 'TREATIES']",[],all_match
4724,855221,https://digitallibrary.un.org/record/855221,A/RES/71/96,"['TERRITORIES OCCUPIED BY ISRAEL', 'HUMAN RIGHTS', 'REPORTS']","['TERRITORIES OCCUPIED BY ISRAEL', 'HUMAN RIGHTS']",['REPORTS'],partial_match
4725,855222,https://digitallibrary.un.org/record/855222,A/RES/71/218,['SUSTAINABLE DEVELOPMENT'],['SUSTAINABLE DEVELOPMENT'],[],all_match
4726,855223,https://digitallibrary.un.org/record/855223,A/RES/71/49,"['NUCLEAR WEAPONS', 'ELIMINATION']",['NUCLEAR WEAPONS'],['ELIMINATION'],partial_match
4727,855224,https://digitallibrary.un.org/record/855224,A/RES/71/46,"['NUCLEAR WEAPONS', 'HUMANITARIAN CONSEQUENCES']",['NUCLEAR WEAPONS'],['HUMANITARIAN CONSEQUENCES'],partial_match
4728,855225,https://digitallibrary.un.org/record/855225,A/RES/71/121,['DECOLONIZATION'],['DECOLONIZATION'],[],all_match
4729,855226,https://digitallibrary.un.org/record/855226,A/RES/71/61,"['MULTILATERALISM', 'DISARMAMENT']","['MULTILATERALISM', 'DISARMAMENT']",[],all_match
4730,855227,https://digitallibrary.un.org/record/855227,A/RES/71/203,"['HUMAN RIGHTS', 'REPORTS', 'HUMAN RIGHTS', 'SYRIAN ARAB REPUBLIC']","['HUMAN RIGHTS', 'HUMAN RIGHTS', 'SYRIAN ARAB REPUBLIC']",['REPORTS'],partial_match
4731,855228,https://digitallibrary.un.org/record/855228,A/RES/71/190,"['HUMAN RIGHTS ADVANCEMENT', 'DEMOCRACY']","['HUMAN RIGHTS ADVANCEMENT', 'DEMOCRACY']",[],all_match
4732,855229,https://digitallibrary.un.org/record/855229,A/RES/71/258,['NUCLEAR DISARMAMENT NEGOTIATIONS'],[],['NUCLEAR DISARMAMENT NEGOTIATIONS'],no_match
4733,855230,https://digitallibrary.un.org/record/855230,A/RES/71/44,"['ARMS TRANSFERS', 'TRANSPARENCY']",['ARMS TRANSFERS'],['TRANSPARENCY'],partial_match
4734,855231,https://digitallibrary.un.org/record/855231,A/RES/71/193,"['HUMAN RIGHTS ADVANCEMENT', 'SANCTIONS', 'INTERNATIONAL RELATIONS']","['HUMAN RIGHTS ADVANCEMENT', 'SANCTIONS', 'INTERNATIONAL RELATIONS']",[],all_match
4735,855232,https://digitallibrary.un.org/record/855232,A/RES/71/259,"['FISSIONABLE MATERIALS', 'TREATIES']","['FISSIONABLE MATERIALS', 'TREATIES']",[],all_match
4736,855233,https://digitallibrary.un.org/record/855233,A/RES/71/98,"['TERRITORIES OCCUPIED BY ISRAEL', 'HUMAN RIGHTS', 'REPORTS']","['TERRITORIES OCCUPIED BY ISRAEL', 'HUMAN RIGHTS']",['REPORTS'],partial_match
4737,855234,https://digitallibrary.un.org/record/855234,A/RES/71/70,['DEPLETED URANIUM'],['DEPLETED URANIUM'],[],all_match
4738,855235,https://digitallibrary.un.org/record/855235,A/RES/71/223,"['AGENDA 21', 'PROGRAMME IMPLEMENTATION']",['PROGRAMME IMPLEMENTATION'],['AGENDA 21'],partial_match
4739,1289215,https://digitallibrary.un.org/record/1289215,A/RES/71/290,['ORGANIZATION FOR DEMOCRACY AND ECONOMIC DEVELOPMENT - GUAM'],[],['ORGANIZATION FOR DEMOCRACY AND ECONOMIC DEVELOPMENT - GUAM'],no_match
4740,1290041,https://digitallibrary.un.org/record/1290041,A/RES/71/292,"['CHAGOS ARCHIPELAGO', 'UN. INTERNATIONAL COURT OF JUSTICE OPINION']",[],"['CHAGOS ARCHIPELAGO', 'UN. INTERNATIONAL COURT OF JUSTICE OPINION']",no_match
4741,1298240,https://digitallibrary.un.org/record/1298240,A/RES/71/307,"['UN INTERIM FORCE IN LEBANON', 'FINANCING']",['FINANCING'],['UN INTERIM FORCE IN LEBANON'],partial_match
4742,1305244,https://digitallibrary.un.org/record/1305244,A/RES/71/327,"['UN SYSTEM', 'GOVERNANCE']",['GOVERNANCE'],['UN SYSTEM'],partial_match
4743,1312218,https://digitallibrary.un.org/record/1312218,A/RES/72/4,"['CUBA', 'UNITED STATES']","['CUBA', 'UNITED STATES']",[],all_match
4744,1325766,https://digitallibrary.un.org/record/1325766,A/RES/72/54,['CLUSTER MUNITIONS'],['CLUSTER MUNITIONS'],[],all_match
4745,1325767,https://digitallibrary.un.org/record/1325767,A/RES/72/27,"['WEAPONS', 'OUTER SPACE']",['OUTER SPACE'],['WEAPONS'],partial_match
4746,1325768,https://digitallibrary.un.org/record/1325768,A/RES/72/25,"['NON-NUCLEAR-WEAPON STATES', 'SECURITY']",['NON-NUCLEAR-WEAPON STATES'],['SECURITY'],partial_match
4747,1325769,https://digitallibrary.un.org/record/1325769,A/RES/72/38,['NUCLEAR DISARMAMENT'],['NUCLEAR DISARMAMENT'],[],all_match
4748,1325770,https://digitallibrary.un.org/record/1325770,A/RES/72/21,"['INDIAN OCEAN', 'ZONES OF PEACE']","['INDIAN OCEAN', 'ZONES OF PEACE']",[],all_match
4749,1325771,https://digitallibrary.un.org/record/1325771,A/RES/72/39,"['NUCLEAR DISARMAMENT', 'TREATY COMPLIANCE']","['NUCLEAR DISARMAMENT', 'TREATY COMPLIANCE']",[],all_match
4750,1325772,https://digitallibrary.un.org/record/1325772,A/RES/72/31,['NUCLEAR DISARMAMENT NEGOTIATIONS'],[],['NUCLEAR DISARMAMENT NEGOTIATIONS'],no_match
4751,1325773,https://digitallibrary.un.org/record/1325773,A/RES/72/45,"['SOUTHERN HEMISPHERE', 'NUCLEAR-WEAPON-FREE ZONES']",['NUCLEAR-WEAPON-FREE ZONES'],['SOUTHERN HEMISPHERE'],partial_match
4752,1325774,https://digitallibrary.un.org/record/1325774,A/RES/72/41,['NUCLEAR NON-PROLIFERATION'],['NUCLEAR NON-PROLIFERATION'],[],all_match
4753,1325775,https://digitallibrary.un.org/record/1325775,A/RES/72/26,"['ARMS RACE', 'OUTER SPACE']","['ARMS RACE', 'OUTER SPACE']",[],all_match
4754,1325776,https://digitallibrary.un.org/record/1325776,A/RES/72/49,"['DISARMAMENT', 'UN. GENERAL ASSEMBLY (4TH SPECIAL SESS. ON DISARMAMENT : xxxx)']",['DISARMAMENT'],['UN. GENERAL ASSEMBLY (4TH SPECIAL SESS. ON DISARMAMENT : xxxx)'],partial_match
4755,1325777,https://digitallibrary.un.org/record/1325777,A/RES/72/29,"['NUCLEAR NON-PROLIFERATION', 'INTERNATIONAL OBLIGATIONS']","['NUCLEAR NON-PROLIFERATION', 'INTERNATIONAL OBLIGATIONS']",[],all_match
4756,1325778,https://digitallibrary.un.org/record/1325778,A/RES/72/32,"['NUCLEAR NON-PROLIFERATION', 'TREATY COMPLIANCE']","['NUCLEAR NON-PROLIFERATION', 'TREATY COMPLIANCE']",[],all_match
4757,1325779,https://digitallibrary.un.org/record/1325779,A/RES/72/44,"['ARMS TRANSFERS', 'TREATIES']","['ARMS TRANSFERS', 'TREATIES']",[],all_match
4758,1325780,https://digitallibrary.un.org/record/1325780,A/RES/72/70,"['NUCLEAR WEAPON TESTS', 'TREATIES']","['NUCLEAR WEAPON TESTS', 'TREATIES']",[],all_match
4759,1325781,https://digitallibrary.un.org/record/1325781,A/RES/72/67,"['MIDDLE EAST', 'NUCLEAR PROLIFERATION']",['MIDDLE EAST'],['NUCLEAR PROLIFERATION'],partial_match
4760,1325782,https://digitallibrary.un.org/record/1325782,A/RES/72/58,"['NUCLEAR WEAPONS USE', 'UN. INTERNATIONAL COURT OF JUSTICE OPINION']",['NUCLEAR WEAPONS USE'],['UN. INTERNATIONAL COURT OF JUSTICE OPINION'],partial_match
4761,1325783,https://digitallibrary.un.org/record/1325783,A/RES/72/37,['NUCLEAR-WEAPON-FREE ZONES'],['NUCLEAR-WEAPON-FREE ZONES'],[],all_match
4762,1325784,https://digitallibrary.un.org/record/1325784,A/RES/72/23,['WEAPONS OF MASS DESTRUCTION'],['WEAPONS OF MASS DESTRUCTION'],[],all_match
4763,1325785,https://digitallibrary.un.org/record/1325785,A/RES/72/43,"['CHEMICAL WEAPONS', 'TREATIES']","['CHEMICAL WEAPONS', 'TREATIES']",[],all_match
4764,1325786,https://digitallibrary.un.org/record/1325786,A/RES/72/53,"['LANDMINES', 'TREATIES']","['LANDMINES', 'TREATIES']",[],all_match
4765,1325787,https://digitallibrary.un.org/record/1325787,A/RES/72/35,"['CONVENTIONAL ARMS', 'REGIONAL PROGRAMMES']",['REGIONAL PROGRAMMES'],['CONVENTIONAL ARMS'],partial_match
4766,1325788,https://digitallibrary.un.org/record/1325788,A/RES/72/59,"['NUCLEAR WEAPONS USE', 'TREATIES']","['NUCLEAR WEAPONS USE', 'TREATIES']",[],all_match
4767,1325789,https://digitallibrary.un.org/record/1325789,A/RES/72/50,"['NUCLEAR WEAPONS', 'ELIMINATION']",['NUCLEAR WEAPONS'],['ELIMINATION'],partial_match
4768,1325790,https://digitallibrary.un.org/record/1325790,A/RES/72/48,"['MULTILATERALISM', 'DISARMAMENT']","['MULTILATERALISM', 'DISARMAMENT']",[],all_match
4769,1325791,https://digitallibrary.un.org/record/1325791,A/RES/72/30,"['NUCLEAR WEAPONS', 'HUMANITARIAN CONSEQUENCES']",['NUCLEAR WEAPONS'],['HUMANITARIAN CONSEQUENCES'],partial_match
4770,1325847,https://digitallibrary.un.org/record/1325847,A/RES/72/72,['STRADDLING FISH STOCKS'],[],['STRADDLING FISH STOCKS'],no_match
4771,1325848,https://digitallibrary.un.org/record/1325848,A/RES/72/74,"['ORGANISATION OF ISLAMIC COOPERATION', 'UN']",[],"['ORGANISATION OF ISLAMIC COOPERATION', 'UN']",no_match
4772,1325849,https://digitallibrary.un.org/record/1325849,A/RES/72/88,"['TERRITORIES OCCUPIED BY ISRAEL', 'HUMAN RIGHTS', 'REPORTS']","['TERRITORIES OCCUPIED BY ISRAEL', 'HUMAN RIGHTS']",['REPORTS'],partial_match
4773,1325850,https://digitallibrary.un.org/record/1325850,A/RES/72/73,['LAW OF THE SEA'],['LAW OF THE SEA'],[],all_match
4774,1325851,https://digitallibrary.un.org/record/1325851,A/RES/72/93,"['DECOLONIZATION', 'UN SYSTEM']",['DECOLONIZATION'],['UN SYSTEM'],partial_match
4775,1325852,https://digitallibrary.un.org/record/1325852,A/RES/72/82,"['UNRWA', 'ACTIVITIES']",['ACTIVITIES'],['UNRWA'],partial_match
4776,1325853,https://digitallibrary.un.org/record/1325853,A/RES/72/83,"['UNRWA', 'ACTIVITIES']",['ACTIVITIES'],['UNRWA'],partial_match
4777,1325854,https://digitallibrary.un.org/record/1325854,A/RES/72/85,"['TERRITORIES OCCUPIED BY ISRAEL', 'HUMAN RIGHTS', 'REPORTS']","['TERRITORIES OCCUPIED BY ISRAEL', 'HUMAN RIGHTS']",['REPORTS'],partial_match
4778,1325855,https://digitallibrary.un.org/record/1325855,A/RES/72/84,"['TERRITORIES OCCUPIED BY ISRAEL', 'HUMAN RIGHTS', 'REPORTS']","['TERRITORIES OCCUPIED BY ISRAEL', 'HUMAN RIGHTS']",['REPORTS'],partial_match
4779,1325856,https://digitallibrary.un.org/record/1325856,A/RES/72/81,"['UNRWA', 'ACTIVITIES']",['ACTIVITIES'],['UNRWA'],partial_match
4780,1325857,https://digitallibrary.un.org/record/1325857,A/RES/72/92,"['NON-SELF-GOVERNING TERRITORIES', 'ECONOMIC INTERESTS']",['NON-SELF-GOVERNING TERRITORIES'],['ECONOMIC INTERESTS'],partial_match
4781,1325858,https://digitallibrary.un.org/record/1325858,A/RES/72/86,"['TERRITORIES OCCUPIED BY ISRAEL', 'HUMAN RIGHTS', 'REPORTS']","['TERRITORIES OCCUPIED BY ISRAEL', 'HUMAN RIGHTS']",['REPORTS'],partial_match
4782,1325859,https://digitallibrary.un.org/record/1325859,A/RES/72/110,['DECOLONIZATION'],['DECOLONIZATION'],[],all_match
4783,1325860,https://digitallibrary.un.org/record/1325860,A/RES/72/91,"['NON-SELF-GOVERNING TERRITORIES', 'REPORTS']",['NON-SELF-GOVERNING TERRITORIES'],['REPORTS'],partial_match
4784,1325861,https://digitallibrary.un.org/record/1325861,A/RES/72/87,"['TERRITORIES OCCUPIED BY ISRAEL', 'HUMAN RIGHTS', 'REPORTS']","['TERRITORIES OCCUPIED BY ISRAEL', 'HUMAN RIGHTS']",['REPORTS'],partial_match
4785,1325862,https://digitallibrary.un.org/record/1325862,A/RES/72/102,"['DECOLONIZATION', 'GUAM QUESTION']","['DECOLONIZATION', 'GUAM QUESTION']",[],all_match
4786,1325863,https://digitallibrary.un.org/record/1325863,A/RES/72/111,['DECOLONIZATION'],['DECOLONIZATION'],[],all_match
4787,1325864,https://digitallibrary.un.org/record/1325864,A/RES/72/80,"['UNRWA', 'ACTIVITIES']",['ACTIVITIES'],['UNRWA'],partial_match
4788,1325973,https://digitallibrary.un.org/record/1325973,A/RES/72/129,['PEACE'],['PEACE'],[],all_match
4789,1326165,https://digitallibrary.un.org/record/1326165,A/RES/72/14,['PALESTINE QUESTION'],['PALESTINE QUESTION'],[],all_match
4790,1326166,https://digitallibrary.un.org/record/1326166,A/RES/72/12,['PALESTINE QUESTION'],['PALESTINE QUESTION'],[],all_match
4791,1326167,https://digitallibrary.un.org/record/1326167,A/RES/72/16,['MIDDLE EAST SITUATION'],['MIDDLE EAST SITUATION'],[],all_match
4792,1326168,https://digitallibrary.un.org/record/1326168,A/RES/72/15,['MIDDLE EAST SITUATION'],['MIDDLE EAST SITUATION'],[],all_match
4793,1326169,https://digitallibrary.un.org/record/1326169,A/RES/72/11,['PALESTINE QUESTION'],['PALESTINE QUESTION'],[],all_match
4794,1326170,https://digitallibrary.un.org/record/1326170,A/RES/72/13,['PALESTINE QUESTION'],['PALESTINE QUESTION'],[],all_match
4795,1327541,https://digitallibrary.un.org/record/1327541,A/RES/72/153,"['UN. HUMAN RIGHTS COUNCIL', 'REPORTS']",[],"['UN. HUMAN RIGHTS COUNCIL', 'REPORTS']",no_match
4796,1327542,https://digitallibrary.un.org/record/1327542,A/RES/72/229,"['CULTURE', 'DEVELOPMENT']","['CULTURE', 'DEVELOPMENT']",[],all_match
4797,1327543,https://digitallibrary.un.org/record/1327543,A/RES/72/224,['SUSTAINABLE ENERGY'],['SUSTAINABLE ENERGY'],[],all_match
4798,1327544,https://digitallibrary.un.org/record/1327544,A/RES/72/178,"['HUMAN RIGHTS ADVANCEMENT', 'RIGHT TO DRINKING WATER']","['HUMAN RIGHTS ADVANCEMENT', 'RIGHT TO DRINKING WATER']",[],all_match
4799,1327545,https://digitallibrary.un.org/record/1327545,A/RES/72/173,"['HUMAN RIGHTS ADVANCEMENT', 'RIGHT TO FOOD']","['HUMAN RIGHTS ADVANCEMENT', 'RIGHT TO FOOD']",[],all_match
4800,1327546,https://digitallibrary.un.org/record/1327546,A/RES/72/240,"['TERRITORIES OCCUPIED BY ISRAEL', 'NATURAL RESOURCES']","['TERRITORIES OCCUPIED BY ISRAEL', 'NATURAL RESOURCES']",[],all_match
4801,1327547,https://digitallibrary.un.org/record/1327547,A/RES/72/202,['INTERNATIONAL TRADE'],['INTERNATIONAL TRADE'],[],all_match
4802,1327548,https://digitallibrary.un.org/record/1327548,A/RES/72/215,['SUSTAINABLE DEVELOPMENT'],['SUSTAINABLE DEVELOPMENT'],[],all_match
4803,1327549,https://digitallibrary.un.org/record/1327549,A/RES/72/170,['HUMAN RIGHTS ADVANCEMENT'],['HUMAN RIGHTS ADVANCEMENT'],[],all_match
4804,1327550,https://digitallibrary.un.org/record/1327550,A/RES/72/205,['COMMODITIES'],['COMMODITIES'],[],all_match
4805,1327551,https://digitallibrary.un.org/record/1327551,A/RES/72/174,['HUMAN RIGHTS ADVANCEMENT'],['HUMAN RIGHTS ADVANCEMENT'],[],all_match
4806,1327552,https://digitallibrary.un.org/record/1327552,A/RES/72/160,['SELF-DETERMINATION OF PEOPLES'],['SELF-DETERMINATION OF PEOPLES'],[],all_match
4807,1327553,https://digitallibrary.un.org/record/1327553,A/RES/72/156,"['RACIAL DISCRIMINATION', 'ELIMINATION']",['RACIAL DISCRIMINATION'],['ELIMINATION'],partial_match
4808,1327554,https://digitallibrary.un.org/record/1327554,A/RES/72/166,"['HUMAN RIGHTS ADVANCEMENT', 'HUMAN RIGHTS INSTITUTIONS', 'SOUTHWEST ASIA AND ARAB COUNTRIES']","['HUMAN RIGHTS ADVANCEMENT', 'HUMAN RIGHTS INSTITUTIONS']",['SOUTHWEST ASIA AND ARAB COUNTRIES'],partial_match
4809,1327555,https://digitallibrary.un.org/record/1327555,A/RES/72/203,['DEVELOPMENT FINANCE'],['DEVELOPMENT FINANCE'],[],all_match
4810,1327556,https://digitallibrary.un.org/record/1327556,A/RES/ES-10/19,"['TERRITORIES OCCUPIED BY ISRAEL', 'SETTLEMENT POLICY']","['TERRITORIES OCCUPIED BY ISRAEL', 'SETTLEMENT POLICY']",[],all_match
4811,1327557,https://digitallibrary.un.org/record/1327557,A/RES/72/168,"['HUMAN RIGHTS ADVANCEMENT', 'SANCTIONS', 'INTERNATIONAL RELATIONS']","['HUMAN RIGHTS ADVANCEMENT', 'SANCTIONS', 'INTERNATIONAL RELATIONS']",[],all_match
4812,1327558,https://digitallibrary.un.org/record/1327558,A/RES/72/158,"['SELF-DETERMINATION OF PEOPLES', 'MERCENARIES']","['SELF-DETERMINATION OF PEOPLES', 'MERCENARIES']",[],all_match
4813,1327559,https://digitallibrary.un.org/record/1327559,A/RES/72/201,['INTERNATIONAL TRADE'],['INTERNATIONAL TRADE'],[],all_match
4814,1327560,https://digitallibrary.un.org/record/1327560,A/RES/72/227,"['GLOBALIZATION', 'UN']",['GLOBALIZATION'],['UN'],partial_match
4815,1327561,https://digitallibrary.un.org/record/1327561,A/RES/72/157,"['RACIAL DISCRIMINATION', 'PROGRAMMES OF ACTION']","['RACIAL DISCRIMINATION', 'PROGRAMMES OF ACTION']",[],all_match
4816,1327562,https://digitallibrary.un.org/record/1327562,A/RES/72/141,"['SOCIAL DEVELOPMENT', 'CONFERENCES']","['SOCIAL DEVELOPMENT', 'CONFERENCES']",[],all_match
4817,1327563,https://digitallibrary.un.org/record/1327563,A/RES/72/238,['FOOD SECURITY'],['FOOD SECURITY'],[],all_match
4818,1327564,https://digitallibrary.un.org/record/1327564,A/RES/72/216,"['AGENDA 21', 'PROGRAMME IMPLEMENTATION']",['PROGRAMME IMPLEMENTATION'],['AGENDA 21'],partial_match
4819,1327565,https://digitallibrary.un.org/record/1327565,A/RES/72/189,"['HUMAN RIGHTS', 'REPORTS', 'HUMAN RIGHTS', 'IRAN (ISLAMIC REPUBLIC OF)']","['HUMAN RIGHTS', 'HUMAN RIGHTS', 'IRAN (ISLAMIC REPUBLIC OF)']",['REPORTS'],partial_match
4820,1327566,https://digitallibrary.un.org/record/1327566,A/RES/72/185,"['HUMAN RIGHTS ADVANCEMENT', 'GLOBALIZATION', 'HUMAN RIGHTS']","['HUMAN RIGHTS ADVANCEMENT', 'GLOBALIZATION', 'HUMAN RIGHTS']",[],all_match
4821,1327567,https://digitallibrary.un.org/record/1327567,A/RES/72/164,"['HUMAN RIGHTS ADVANCEMENT', 'ELECTION VERIFICATION', 'UN']","['HUMAN RIGHTS ADVANCEMENT', 'ELECTION VERIFICATION']",['UN'],partial_match
4822,1327568,https://digitallibrary.un.org/record/1327568,A/RES/72/167,"['HUMAN RIGHTS ADVANCEMENT', 'RIGHT TO DEVELOPMENT']","['HUMAN RIGHTS ADVANCEMENT', 'RIGHT TO DEVELOPMENT']",[],all_match
4823,1327569,https://digitallibrary.un.org/record/1327569,A/RES/72/172,"['HUMAN RIGHTS ADVANCEMENT', 'DEMOCRACY']","['HUMAN RIGHTS ADVANCEMENT', 'DEMOCRACY']",[],all_match
4824,1327570,https://digitallibrary.un.org/record/1327570,A/RES/72/191,"['HUMAN RIGHTS', 'REPORTS', 'HUMAN RIGHTS', 'SYRIAN ARAB REPUBLIC']","['HUMAN RIGHTS', 'HUMAN RIGHTS', 'SYRIAN ARAB REPUBLIC']",['REPORTS'],partial_match
4825,1327571,https://digitallibrary.un.org/record/1327571,A/RES/72/209,['SUSTAINABLE DEVELOPMENT'],['SUSTAINABLE DEVELOPMENT'],[],all_match
4826,1327572,https://digitallibrary.un.org/record/1327572,A/RES/72/190,"['HUMAN RIGHTS', 'REPORTS', 'HUMAN RIGHTS', 'UKRAINE']","['HUMAN RIGHTS', 'HUMAN RIGHTS', 'UKRAINE']",['REPORTS'],partial_match
4827,1467690,https://digitallibrary.un.org/record/1467690,A/RES/72/162,"['HUMAN RIGHTS', 'INTERNATIONAL INSTRUMENTS', 'PERSONS WITH DISABILITIES', 'HUMAN RIGHTS']","['HUMAN RIGHTS', 'INTERNATIONAL INSTRUMENTS', 'PERSONS WITH DISABILITIES', 'HUMAN RIGHTS']",[],all_match
4828,1468215,https://digitallibrary.un.org/record/1468215,A/RES/72/245,['RIGHTS OF THE CHILD'],['RIGHTS OF THE CHILD'],[],all_match
4829,1468216,https://digitallibrary.un.org/record/1468216,A/RES/72/251,"['NUCLEAR DISARMAMENT', 'CONFERENCES']","['NUCLEAR DISARMAMENT', 'CONFERENCES']",[],all_match
4830,1470211,https://digitallibrary.un.org/record/1470211,A/RES/72/248,"['HUMAN RIGHTS', 'REPORTS', 'HUMAN RIGHTS', 'MYANMAR']","['HUMAN RIGHTS', 'HUMAN RIGHTS', 'MYANMAR']",['REPORTS'],partial_match
4831,1471017,https://digitallibrary.un.org/record/1471017,A/RES/71/21,['PALESTINE QUESTION'],['PALESTINE QUESTION'],[],all_match
4832,1479517,https://digitallibrary.un.org/record/1479517,A/RES/72/250,"['ARMS RACE', 'OUTER SPACE']","['ARMS RACE', 'OUTER SPACE']",[],all_match
4833,1479518,https://digitallibrary.un.org/record/1479518,A/RES/72/246,"['HUMAN RIGHTS ADVANCEMENT', 'TERRORISM', 'HUMAN RIGHTS']","['HUMAN RIGHTS ADVANCEMENT', 'TERRORISM', 'HUMAN RIGHTS']",[],all_match
4834,1493353,https://digitallibrary.un.org/record/1493353,A/RES/37/92,,[],[],no_subjects
4835,1493376,https://digitallibrary.un.org/record/1493376,A/RES/65/287,['ORGANIZATION FOR DEMOCRACY AND ECONOMIC DEVELOPMENT - GUAM'],[],['ORGANIZATION FOR DEMOCRACY AND ECONOMIC DEVELOPMENT - GUAM'],no_match
4836,1627950,https://digitallibrary.un.org/record/1627950,A/RES/72/277,['UN CONFERENCES'],[],['UN CONFERENCES'],no_match
4837,1629999,https://digitallibrary.un.org/record/1629999,A/RES/72/280,['ORGANIZATION FOR DEMOCRACY AND ECONOMIC DEVELOPMENT - GUAM'],[],['ORGANIZATION FOR DEMOCRACY AND ECONOMIC DEVELOPMENT - GUAM'],no_match
4838,1630101,https://digitallibrary.un.org/record/1630101,A/RES/ES-10/20,"['TERRITORIES OCCUPIED BY ISRAEL', 'SETTLEMENT POLICY']","['TERRITORIES OCCUPIED BY ISRAEL', 'SETTLEMENT POLICY']",[],all_match
4839,1630737,https://digitallibrary.un.org/record/1630737,A/RES/72/282,['ORGANIZATION FOR DEMOCRACY AND ECONOMIC DEVELOPMENT - GUAM'],[],['ORGANIZATION FOR DEMOCRACY AND ECONOMIC DEVELOPMENT - GUAM'],no_match
4840,1634030,https://digitallibrary.un.org/record/1634030,A/RES/72/299,"['UN INTERIM FORCE IN LEBANON', 'FINANCING']",['FINANCING'],['UN INTERIM FORCE IN LEBANON'],partial_match
4841,1638050,https://digitallibrary.un.org/record/1638050,A/RES/62/265,"['UN INTERIM FORCE IN LEBANON', 'FINANCING']",['FINANCING'],['UN INTERIM FORCE IN LEBANON'],partial_match
4842,1642598,https://digitallibrary.un.org/record/1642598,A/RES/72/310,"['AFRICA', 'SUSTAINABLE DEVELOPMENT', 'PARTNERSHIP']","['AFRICA', 'SUSTAINABLE DEVELOPMENT', 'PARTNERSHIP']",[],all_match
4843,1642599,https://digitallibrary.un.org/record/1642599,A/RES/72/311,"['AFRICA', 'DEVELOPMENT']","['AFRICA', 'DEVELOPMENT']",[],all_match
4844,1648364,https://digitallibrary.un.org/record/1648364,A/RES/73/5,"['UN SYSTEM', 'STRENGTHENING']",[],"['UN SYSTEM', 'STRENGTHENING']",no_match
4845,1650751,https://digitallibrary.un.org/record/1650751,A/RES/73/8,"['CUBA', 'UNITED STATES']","['CUBA', 'UNITED STATES']",[],all_match
4846,1654157,https://digitallibrary.un.org/record/1654157,A/RES/73/18,['PALESTINE QUESTION'],['PALESTINE QUESTION'],[],all_match
4847,1654158,https://digitallibrary.un.org/record/1654158,A/RES/73/22,['MIDDLE EAST SITUATION'],['MIDDLE EAST SITUATION'],[],all_match
4848,1654159,https://digitallibrary.un.org/record/1654159,A/RES/73/23,['MIDDLE EAST SITUATION'],['MIDDLE EAST SITUATION'],[],all_match
4849,1654160,https://digitallibrary.un.org/record/1654160,A/RES/73/20,['PALESTINE QUESTION'],['PALESTINE QUESTION'],[],all_match
4850,1654161,https://digitallibrary.un.org/record/1654161,A/RES/73/21,['PALESTINE QUESTION'],['PALESTINE QUESTION'],[],all_match
4851,1654162,https://digitallibrary.un.org/record/1654162,A/RES/73/19,['PALESTINE QUESTION'],['PALESTINE QUESTION'],[],all_match
4852,1654871,https://digitallibrary.un.org/record/1654871,A/RES/73/98,"['TERRITORIES OCCUPIED BY ISRAEL', 'HUMAN RIGHTS', 'REPORTS']","['TERRITORIES OCCUPIED BY ISRAEL', 'HUMAN RIGHTS']",['REPORTS'],partial_match
4853,1654872,https://digitallibrary.un.org/record/1654872,A/RES/73/99,"['TERRITORIES OCCUPIED BY ISRAEL', 'HUMAN RIGHTS', 'REPORTS']","['TERRITORIES OCCUPIED BY ISRAEL', 'HUMAN RIGHTS']",['REPORTS'],partial_match
4854,1654873,https://digitallibrary.un.org/record/1654873,A/RES/73/105,"['DECOLONIZATION', 'UN SYSTEM']",['DECOLONIZATION'],['UN SYSTEM'],partial_match
4855,1654874,https://digitallibrary.un.org/record/1654874,A/RES/73/89,['MIDDLE EAST SITUATION'],['MIDDLE EAST SITUATION'],[],all_match
4856,1654875,https://digitallibrary.un.org/record/1654875,A/RES/73/103,"['NON-SELF-GOVERNING TERRITORIES', 'REPORTS']",['NON-SELF-GOVERNING TERRITORIES'],['REPORTS'],partial_match
4857,1654876,https://digitallibrary.un.org/record/1654876,A/RES/73/92,"['UNRWA', 'ACTIVITIES']",['ACTIVITIES'],['UNRWA'],partial_match
4858,1654878,https://digitallibrary.un.org/record/1654878,A/RES/73/88,['AFGHANISTAN SITUATION'],['AFGHANISTAN SITUATION'],[],all_match
4859,1654879,https://digitallibrary.un.org/record/1654879,A/RES/73/97,"['TERRITORIES OCCUPIED BY ISRAEL', 'HUMAN RIGHTS', 'REPORTS']","['TERRITORIES OCCUPIED BY ISRAEL', 'HUMAN RIGHTS']",['REPORTS'],partial_match
4860,1654880,https://digitallibrary.un.org/record/1654880,A/RES/73/123,['DECOLONIZATION'],['DECOLONIZATION'],[],all_match
4861,1654881,https://digitallibrary.un.org/record/1654881,A/RES/73/96,"['TERRITORIES OCCUPIED BY ISRAEL', 'HUMAN RIGHTS', 'REPORTS']","['TERRITORIES OCCUPIED BY ISRAEL', 'HUMAN RIGHTS']",['REPORTS'],partial_match
4862,1654882,https://digitallibrary.un.org/record/1654882,A/RES/73/100,"['TERRITORIES OCCUPIED BY ISRAEL', 'HUMAN RIGHTS', 'REPORTS']","['TERRITORIES OCCUPIED BY ISRAEL', 'HUMAN RIGHTS']",['REPORTS'],partial_match
4863,1654883,https://digitallibrary.un.org/record/1654883,A/RES/73/94,"['UNRWA', 'ACTIVITIES']",['ACTIVITIES'],['UNRWA'],partial_match
4864,1654884,https://digitallibrary.un.org/record/1654884,A/RES/73/122,['DECOLONIZATION'],['DECOLONIZATION'],[],all_match
4865,1654885,https://digitallibrary.un.org/record/1654885,A/RES/73/95,"['UNRWA', 'ACTIVITIES']",['ACTIVITIES'],['UNRWA'],partial_match
4866,1654886,https://digitallibrary.un.org/record/1654886,A/RES/73/104,"['NON-SELF-GOVERNING TERRITORIES', 'ECONOMIC INTERESTS']",['NON-SELF-GOVERNING TERRITORIES'],['ECONOMIC INTERESTS'],partial_match
4867,1654887,https://digitallibrary.un.org/record/1654887,A/RES/73/93,"['UNRWA', 'ACTIVITIES']",['ACTIVITIES'],['UNRWA'],partial_match
4868,1655122,https://digitallibrary.un.org/record/1655122,A/RES/73/29,"['NON-NUCLEAR-WEAPON STATES', 'SECURITY']",['NON-NUCLEAR-WEAPON STATES'],['SECURITY'],partial_match
4869,1655123,https://digitallibrary.un.org/record/1655123,A/RES/73/30,"['ARMS RACE', 'OUTER SPACE']","['ARMS RACE', 'OUTER SPACE']",[],all_match
4870,1655124,https://digitallibrary.un.org/record/1655124,A/RES/73/31,"['WEAPONS', 'OUTER SPACE']",['OUTER SPACE'],['WEAPONS'],partial_match
4871,1655126,https://digitallibrary.un.org/record/1655126,A/RES/73/28,"['MIDDLE EAST', 'NUCLEAR-WEAPON-FREE ZONES']","['MIDDLE EAST', 'NUCLEAR-WEAPON-FREE ZONES']",[],all_match
4872,1655128,https://digitallibrary.un.org/record/1655128,A/RES/73/27,"['INFORMATION', 'INTERNATIONAL SECURITY']","['INFORMATION', 'INTERNATIONAL SECURITY']",[],all_match
4873,1655320,https://digitallibrary.un.org/record/1655320,A/RES/73/38,['DEPLETED URANIUM'],['DEPLETED URANIUM'],[],all_match
4874,1655321,https://digitallibrary.un.org/record/1655321,A/RES/73/41,"['MULTILATERALISM', 'DISARMAMENT']","['MULTILATERALISM', 'DISARMAMENT']",[],all_match
4875,1655322,https://digitallibrary.un.org/record/1655322,A/RES/73/40,"['NUCLEAR DISARMAMENT', 'CONFERENCES']","['NUCLEAR DISARMAMENT', 'CONFERENCES']",[],all_match
4876,1655323,https://digitallibrary.un.org/record/1655323,A/RES/73/63,['ILLICIT TRAFFIC'],['ILLICIT TRAFFIC'],[],all_match
4877,1655324,https://digitallibrary.un.org/record/1655324,A/RES/73/50,['NUCLEAR DISARMAMENT'],['NUCLEAR DISARMAMENT'],[],all_match
4878,1655325,https://digitallibrary.un.org/record/1655325,A/RES/73/60,"['DISARMAMENT', 'GENERAL AND COMPLETE']",['DISARMAMENT'],['GENERAL AND COMPLETE'],partial_match
4879,1655326,https://digitallibrary.un.org/record/1655326,A/RES/73/68,['NUCLEAR-WEAPON-FREE ZONES'],['NUCLEAR-WEAPON-FREE ZONES'],[],all_match
4880,1655327,https://digitallibrary.un.org/record/1655327,A/RES/73/65,"['FISSIONABLE MATERIALS', 'TREATIES']","['FISSIONABLE MATERIALS', 'TREATIES']",[],all_match
4881,1655328,https://digitallibrary.un.org/record/1655328,A/RES/73/56,['NUCLEAR NON-PROLIFERATION'],['NUCLEAR NON-PROLIFERATION'],[],all_match
4882,1655329,https://digitallibrary.un.org/record/1655329,A/RES/73/57,"['NUCLEAR DISARMAMENT', 'DECLARATIONS']","['NUCLEAR DISARMAMENT', 'DECLARATIONS']",[],all_match
4883,1655330,https://digitallibrary.un.org/record/1655330,A/RES/73/34,"['CONVENTIONAL ARMS', 'REGIONAL PROGRAMMES']",['REGIONAL PROGRAMMES'],['CONVENTIONAL ARMS'],partial_match
4884,1655331,https://digitallibrary.un.org/record/1655331,A/RES/73/36,"['ARMS TRANSFERS', 'TREATIES']","['ARMS TRANSFERS', 'TREATIES']",[],all_match
4885,1655332,https://digitallibrary.un.org/record/1655332,A/RES/73/72,"['OUTER SPACE', 'CONFIDENCE-BUILDING MEASURES']","['OUTER SPACE', 'CONFIDENCE-BUILDING MEASURES']",[],all_match
4886,1655333,https://digitallibrary.un.org/record/1655333,A/RES/73/45,"['CHEMICAL WEAPONS', 'TREATIES']","['CHEMICAL WEAPONS', 'TREATIES']",[],all_match
4887,1655334,https://digitallibrary.un.org/record/1655334,A/RES/73/49,"['BALLISTIC MISSILES', 'CODES OF CONDUCT']","['BALLISTIC MISSILES', 'CODES OF CONDUCT']",[],all_match
4888,1655335,https://digitallibrary.un.org/record/1655335,A/RES/73/62,"['NUCLEAR WEAPONS', 'ELIMINATION']",['NUCLEAR WEAPONS'],['ELIMINATION'],partial_match
4889,1655336,https://digitallibrary.un.org/record/1655336,A/RES/73/64,"['NUCLEAR WEAPONS USE', 'UN. INTERNATIONAL COURT OF JUSTICE OPINION']",['NUCLEAR WEAPONS USE'],['UN. INTERNATIONAL COURT OF JUSTICE OPINION'],partial_match
4890,1655337,https://digitallibrary.un.org/record/1655337,A/RES/73/74,"['NUCLEAR WEAPONS USE', 'TREATIES']","['NUCLEAR WEAPONS USE', 'TREATIES']",[],all_match
4891,1655338,https://digitallibrary.un.org/record/1655338,A/RES/73/71,"['DISARMAMENT', 'GENERAL AND COMPLETE']",['DISARMAMENT'],['GENERAL AND COMPLETE'],partial_match
4892,1655339,https://digitallibrary.un.org/record/1655339,A/RES/73/85,"['MEDITERRANEAN REGION', 'REGIONAL SECURITY']","['MEDITERRANEAN REGION', 'REGIONAL SECURITY']",[],all_match
4893,1655340,https://digitallibrary.un.org/record/1655340,A/RES/73/61,"['LANDMINES', 'TREATIES']","['LANDMINES', 'TREATIES']",[],all_match
4894,1655341,https://digitallibrary.un.org/record/1655341,A/RES/73/86,"['NUCLEAR WEAPON TESTS', 'TREATIES']","['NUCLEAR WEAPON TESTS', 'TREATIES']",[],all_match
4895,1655342,https://digitallibrary.un.org/record/1655342,A/RES/73/42,"['DISARMAMENT', 'UN. GENERAL ASSEMBLY (4TH SPECIAL SESS. ON DISARMAMENT : xxxx)']",['DISARMAMENT'],['UN. GENERAL ASSEMBLY (4TH SPECIAL SESS. ON DISARMAMENT : xxxx)'],partial_match
4896,1655343,https://digitallibrary.un.org/record/1655343,A/RES/73/47,"['NUCLEAR WEAPONS', 'HUMANITARIAN CONSEQUENCES']",['NUCLEAR WEAPONS'],['HUMANITARIAN CONSEQUENCES'],partial_match
4897,1655344,https://digitallibrary.un.org/record/1655344,A/RES/73/54,['CLUSTER MUNITIONS'],['CLUSTER MUNITIONS'],[],all_match
4898,1655346,https://digitallibrary.un.org/record/1655346,A/RES/73/43,"['CHEMICAL AND BIOLOGICAL WARFARE', 'TREATIES']","['CHEMICAL AND BIOLOGICAL WARFARE', 'TREATIES']",[],all_match
4899,1655347,https://digitallibrary.un.org/record/1655347,A/RES/73/48,"['NUCLEAR WEAPONS', 'TREATIES']","['NUCLEAR WEAPONS', 'TREATIES']",[],all_match
4900,1655348,https://digitallibrary.un.org/record/1655348,A/RES/73/83,"['MIDDLE EAST', 'NUCLEAR PROLIFERATION']",['MIDDLE EAST'],['NUCLEAR PROLIFERATION'],partial_match
4901,1655350,https://digitallibrary.un.org/record/1655350,A/RES/73/70,"['NUCLEAR DISARMAMENT', 'TREATY COMPLIANCE']","['NUCLEAR DISARMAMENT', 'TREATY COMPLIANCE']",[],all_match
4902,1655458,https://digitallibrary.un.org/record/1655458,A/RES/73/124,['LAW OF THE SEA'],['LAW OF THE SEA'],[],all_match
4903,1655459,https://digitallibrary.un.org/record/1655459,A/RES/73/127,['PEACE'],['PEACE'],[],all_match
4904,1655568,https://digitallibrary.un.org/record/1655568,A/RES/73/135,"['ORGANISATION OF ISLAMIC COOPERATION', 'UN']",[],"['ORGANISATION OF ISLAMIC COOPERATION', 'UN']",no_match
4905,1655569,https://digitallibrary.un.org/record/1655569,A/RES/73/132,['HEALTH'],['HEALTH'],[],all_match
4906,1656124,https://digitallibrary.un.org/record/1656124,A/RES/73/194,['ARMED CONFLICTS PREVENTION'],[],['ARMED CONFLICTS PREVENTION'],no_match
4907,1656157,https://digitallibrary.un.org/record/1656157,A/RES/73/169,"['HUMAN RIGHTS ADVANCEMENT', 'DEMOCRACY']","['HUMAN RIGHTS ADVANCEMENT', 'DEMOCRACY']",[],all_match
4908,1656158,https://digitallibrary.un.org/record/1656158,A/RES/73/170,['HUMAN RIGHTS ADVANCEMENT'],['HUMAN RIGHTS ADVANCEMENT'],[],all_match
4909,1656159,https://digitallibrary.un.org/record/1656159,A/RES/73/159,"['SELF-DETERMINATION OF PEOPLES', 'MERCENARIES']","['SELF-DETERMINATION OF PEOPLES', 'MERCENARIES']",[],all_match
4910,1656160,https://digitallibrary.un.org/record/1656160,A/RES/73/165,['HUMAN RIGHTS ADVANCEMENT'],['HUMAN RIGHTS ADVANCEMENT'],[],all_match
4911,1656161,https://digitallibrary.un.org/record/1656161,A/RES/73/171,"['HUMAN RIGHTS ADVANCEMENT', 'RIGHT TO FOOD']","['HUMAN RIGHTS ADVANCEMENT', 'RIGHT TO FOOD']",[],all_match
4912,1656162,https://digitallibrary.un.org/record/1656162,A/RES/73/166,"['HUMAN RIGHTS ADVANCEMENT', 'RIGHT TO DEVELOPMENT']","['HUMAN RIGHTS ADVANCEMENT', 'RIGHT TO DEVELOPMENT']",[],all_match
4913,1656163,https://digitallibrary.un.org/record/1656163,A/RES/73/141,"['SOCIAL DEVELOPMENT', 'CONFERENCES']","['SOCIAL DEVELOPMENT', 'CONFERENCES']",[],all_match
4914,1656164,https://digitallibrary.un.org/record/1656164,A/RES/73/158,['SELF-DETERMINATION OF PEOPLES'],['SELF-DETERMINATION OF PEOPLES'],[],all_match
4915,1656165,https://digitallibrary.un.org/record/1656165,A/RES/73/151,"['UN HIGH COMMISSIONER FOR REFUGEES', 'REPORTS']",[],"['UN HIGH COMMISSIONER FOR REFUGEES', 'REPORTS']",no_match
4916,1656166,https://digitallibrary.un.org/record/1656166,A/RES/73/157,"['RACIAL DISCRIMINATION', 'ELIMINATION']",['RACIAL DISCRIMINATION'],['ELIMINATION'],partial_match
4917,1656167,https://digitallibrary.un.org/record/1656167,A/RES/73/152,"['UN. HUMAN RIGHTS COUNCIL', 'REPORTS']",[],"['UN. HUMAN RIGHTS COUNCIL', 'REPORTS']",no_match
4918,1656168,https://digitallibrary.un.org/record/1656168,A/RES/73/173,"['HUMAN RIGHTS ADVANCEMENT', 'RIGHT OF ASSEMBLY']","['HUMAN RIGHTS ADVANCEMENT', 'RIGHT OF ASSEMBLY']",[],all_match
4919,1656169,https://digitallibrary.un.org/record/1656169,A/RES/73/175,"['HUMAN RIGHTS ADVANCEMENT', 'CAPITAL PUNISHMENT']","['HUMAN RIGHTS ADVANCEMENT', 'CAPITAL PUNISHMENT']",[],all_match
4920,1656170,https://digitallibrary.un.org/record/1656170,A/RES/73/167,"['HUMAN RIGHTS ADVANCEMENT', 'SANCTIONS', 'INTERNATIONAL RELATIONS']","['HUMAN RIGHTS ADVANCEMENT', 'SANCTIONS', 'INTERNATIONAL RELATIONS']",[],all_match
4921,1656171,https://digitallibrary.un.org/record/1656171,A/RES/73/172,"['HUMAN RIGHTS ADVANCEMENT', 'SUMMARY EXECUTIONS']","['HUMAN RIGHTS ADVANCEMENT', 'SUMMARY EXECUTIONS']",[],all_match
4922,1656197,https://digitallibrary.un.org/record/1656197,A/RES/73/181,"['HUMAN RIGHTS', 'REPORTS', 'HUMAN RIGHTS', 'IRAN (ISLAMIC REPUBLIC OF)']","['HUMAN RIGHTS', 'HUMAN RIGHTS', 'IRAN (ISLAMIC REPUBLIC OF)']",['REPORTS'],partial_match
4923,1656198,https://digitallibrary.un.org/record/1656198,A/RES/73/182,"['HUMAN RIGHTS', 'REPORTS', 'HUMAN RIGHTS', 'SYRIAN ARAB REPUBLIC']","['HUMAN RIGHTS', 'HUMAN RIGHTS', 'SYRIAN ARAB REPUBLIC']",['REPORTS'],partial_match
4924,1656199,https://digitallibrary.un.org/record/1656199,A/RES/73/187,['CRIME PREVENTION'],['CRIME PREVENTION'],[],all_match
4925,1656414,https://digitallibrary.un.org/record/1656414,A/RES/73/195,"['UN CONFERENCES', 'MILLENNIUM SUMMIT', 'CONFERENCES']",['CONFERENCES'],"['UN CONFERENCES', 'MILLENNIUM SUMMIT']",partial_match
4926,1656636,https://digitallibrary.un.org/record/1656636,A/RES/73/253,['FOOD SECURITY'],['FOOD SECURITY'],[],all_match
4927,1656637,https://digitallibrary.un.org/record/1656637,A/RES/73/244,['POVERTY MITIGATION'],['POVERTY MITIGATION'],[],all_match
4928,1656638,https://digitallibrary.un.org/record/1656638,A/RES/73/219,['INTERNATIONAL TRADE'],['INTERNATIONAL TRADE'],[],all_match
4929,1656639,https://digitallibrary.un.org/record/1656639,A/RES/73/241,['MIGRATION'],['MIGRATION'],[],all_match
4930,1656640,https://digitallibrary.un.org/record/1656640,A/RES/73/257,"['UN SYSTEM', 'STRENGTHENING']",[],"['UN SYSTEM', 'STRENGTHENING']",no_match
4931,1656642,https://digitallibrary.un.org/record/1656642,A/RES/73/240,"['GLOBALIZATION', 'INTERDEPENDENCE']","['GLOBALIZATION', 'INTERDEPENDENCE']",[],all_match
4932,1656643,https://digitallibrary.un.org/record/1656643,A/RES/73/258,"['ORGANISATION FOR THE PROHIBITION OF CHEMICAL WEAPONS', 'UN']",[],"['ORGANISATION FOR THE PROHIBITION OF CHEMICAL WEAPONS', 'UN']",no_match
4933,1656644,https://digitallibrary.un.org/record/1656644,A/RES/73/220,['DEVELOPMENT FINANCE'],['DEVELOPMENT FINANCE'],[],all_match
4934,1656645,https://digitallibrary.un.org/record/1656645,A/RES/73/255,"['TERRITORIES OCCUPIED BY ISRAEL', 'NATURAL RESOURCES']","['TERRITORIES OCCUPIED BY ISRAEL', 'NATURAL RESOURCES']",[],all_match
4935,1656646,https://digitallibrary.un.org/record/1656646,A/RES/73/247,['INDUSTRIAL DEVELOPMENT'],['INDUSTRIAL DEVELOPMENT'],[],all_match
4936,1656647,https://digitallibrary.un.org/record/1656647,A/RES/73/225,['SUSTAINABLE DEVELOPMENT'],['SUSTAINABLE DEVELOPMENT'],[],all_match
4937,1656648,https://digitallibrary.un.org/record/1656648,A/RES/73/227,"['AGENDA 21', 'PROGRAMME IMPLEMENTATION']",['PROGRAMME IMPLEMENTATION'],['AGENDA 21'],partial_match
4938,1656649,https://digitallibrary.un.org/record/1656649,A/RES/73/224,['SUSTAINABLE DEVELOPMENT'],['SUSTAINABLE DEVELOPMENT'],[],all_match
4939,1657117,https://digitallibrary.un.org/record/1657117,A/RES/73/266,"['INFORMATION', 'INTERNATIONAL SECURITY']","['INFORMATION', 'INTERNATIONAL SECURITY']",[],all_match
4940,1657118,https://digitallibrary.un.org/record/1657118,A/RES/73/263,"['HUMAN RIGHTS', 'REPORTS', 'HUMAN RIGHTS', 'UKRAINE']","['HUMAN RIGHTS', 'HUMAN RIGHTS', 'UKRAINE']",['REPORTS'],partial_match
4941,1657119,https://digitallibrary.un.org/record/1657119,A/RES/73/267,"['LEAGUE OF ARAB STATES', 'UN']",[],"['LEAGUE OF ARAB STATES', 'UN']",no_match
4942,1657120,https://digitallibrary.un.org/record/1657120,A/RES/73/264,"['HUMAN RIGHTS', 'REPORTS', 'HUMAN RIGHTS', 'MYANMAR']","['HUMAN RIGHTS', 'HUMAN RIGHTS', 'MYANMAR']",['REPORTS'],partial_match
4943,1657121,https://digitallibrary.un.org/record/1657121,A/RES/73/262,"['RACIAL DISCRIMINATION', 'PROGRAMMES OF ACTION']","['RACIAL DISCRIMINATION', 'PROGRAMMES OF ACTION']",[],all_match
4944,3807805,https://digitallibrary.un.org/record/3807805,A/RES/73/295,"['CHAGOS ARCHIPELAGO', 'UN. INTERNATIONAL COURT OF JUSTICE OPINION']",[],"['CHAGOS ARCHIPELAGO', 'UN. INTERNATIONAL COURT OF JUSTICE OPINION']",no_match
4945,3808112,https://digitallibrary.un.org/record/3808112,A/RES/73/298,['ORGANIZATION FOR DEMOCRACY AND ECONOMIC DEVELOPMENT - GUAM'],[],['ORGANIZATION FOR DEMOCRACY AND ECONOMIC DEVELOPMENT - GUAM'],no_match
4946,3811071,https://digitallibrary.un.org/record/3811071,A/RES/73/304,"['HUMAN RIGHTS', 'TORTURE AND OTHER CRUEL TREATMENT']","['HUMAN RIGHTS', 'TORTURE AND OTHER CRUEL TREATMENT']",[],all_match
4947,3813047,https://digitallibrary.un.org/record/3813047,A/RES/73/268B,"['UN', 'FINANCIAL REPORTS']",[],"['UN', 'FINANCIAL REPORTS']",no_match
4948,3813050,https://digitallibrary.un.org/record/3813050,A/RES/73/326,"['UN CONFERENCES', 'MILLENNIUM SUMMIT', 'CONFERENCES']",['CONFERENCES'],"['UN CONFERENCES', 'MILLENNIUM SUMMIT']",partial_match
4949,3813221,https://digitallibrary.un.org/record/3813221,A/RES/73/330,"['ECONOMIC COOPERATION ORGANIZATION', 'UN']",[],"['ECONOMIC COOPERATION ORGANIZATION', 'UN']",no_match
4950,3814149,https://digitallibrary.un.org/record/3814149,A/RES/73/332,"['PACIFIC ISLANDS FORUM', 'UN']",[],"['PACIFIC ISLANDS FORUM', 'UN']",no_match
4951,3827191,https://digitallibrary.un.org/record/3827191,A/RES/73/335,"['AFRICA', 'SUSTAINABLE DEVELOPMENT', 'PARTNERSHIP']","['AFRICA', 'SUSTAINABLE DEVELOPMENT', 'PARTNERSHIP']",[],all_match
4952,3827192,https://digitallibrary.un.org/record/3827192,A/RES/73/336,"['AFRICA', 'DEVELOPMENT']","['AFRICA', 'DEVELOPMENT']",[],all_match
4953,3827354,https://digitallibrary.un.org/record/3827354,A/RES/73/344,['PEACE'],['PEACE'],[],all_match
4954,3834943,https://digitallibrary.un.org/record/3834943,A/RES/74/7,"['CUBA', 'UNITED STATES']","['CUBA', 'UNITED STATES']",[],all_match
4955,3837253,https://digitallibrary.un.org/record/3837253,A/RES/74/9,['AFGHANISTAN SITUATION'],['AFGHANISTAN SITUATION'],[],all_match
4956,3837825,https://digitallibrary.un.org/record/3837825,A/RES/74/14,['MIDDLE EAST SITUATION'],['MIDDLE EAST SITUATION'],[],all_match
4957,3837827,https://digitallibrary.un.org/record/3837827,A/RES/74/12,['PALESTINE QUESTION'],['PALESTINE QUESTION'],[],all_match
4958,3837828,https://digitallibrary.un.org/record/3837828,A/RES/74/11,['PALESTINE QUESTION'],['PALESTINE QUESTION'],[],all_match
4959,3837829,https://digitallibrary.un.org/record/3837829,A/RES/74/10,['PALESTINE QUESTION'],['PALESTINE QUESTION'],[],all_match
4960,3837830,https://digitallibrary.un.org/record/3837830,A/RES/74/13,['PALESTINE QUESTION'],['PALESTINE QUESTION'],[],all_match
4961,3838477,https://digitallibrary.un.org/record/3838477,A/RES/74/17,['ARMED CONFLICTS PREVENTION'],[],['ARMED CONFLICTS PREVENTION'],no_match
4962,3838653,https://digitallibrary.un.org/record/3838653,A/RES/74/19,['LAW OF THE SEA'],['LAW OF THE SEA'],[],all_match
4963,3839812,https://digitallibrary.un.org/record/3839812,A/RES/74/85,"['UNRWA', 'ACTIVITIES']",['ACTIVITIES'],['UNRWA'],partial_match
4964,3839814,https://digitallibrary.un.org/record/3839814,A/RES/74/66,"['DISARMAMENT', 'GENERAL AND COMPLETE']",['DISARMAMENT'],['GENERAL AND COMPLETE'],partial_match
4965,3839865,https://digitallibrary.un.org/record/3839865,A/RES/74/112,['DECOLONIZATION'],['DECOLONIZATION'],[],all_match
4966,3839866,https://digitallibrary.un.org/record/3839866,A/RES/74/113,['DECOLONIZATION'],['DECOLONIZATION'],[],all_match
4967,3839867,https://digitallibrary.un.org/record/3839867,A/RES/74/24,['MILITARY EXPENDITURES'],['MILITARY EXPENDITURES'],[],all_match
4968,3839868,https://digitallibrary.un.org/record/3839868,A/RES/74/25,"['INDIAN OCEAN', 'ZONES OF PEACE']","['INDIAN OCEAN', 'ZONES OF PEACE']",[],all_match
4969,3839870,https://digitallibrary.un.org/record/3839870,A/RES/74/28,"['INFORMATION', 'INTERNATIONAL SECURITY']","['INFORMATION', 'INTERNATIONAL SECURITY']",[],all_match
4970,3839871,https://digitallibrary.un.org/record/3839871,A/RES/74/29,"['INFORMATION', 'INTERNATIONAL SECURITY']","['INFORMATION', 'INTERNATIONAL SECURITY']",[],all_match
4971,3839872,https://digitallibrary.un.org/record/3839872,A/RES/74/30,"['MIDDLE EAST', 'NUCLEAR-WEAPON-FREE ZONES']","['MIDDLE EAST', 'NUCLEAR-WEAPON-FREE ZONES']",[],all_match
4972,3839873,https://digitallibrary.un.org/record/3839873,A/RES/74/31,"['NON-NUCLEAR-WEAPON STATES', 'SECURITY']",['NON-NUCLEAR-WEAPON STATES'],['SECURITY'],partial_match
4973,3839874,https://digitallibrary.un.org/record/3839874,A/RES/74/32,"['ARMS RACE', 'OUTER SPACE']","['ARMS RACE', 'OUTER SPACE']",[],all_match
4974,3839953,https://digitallibrary.un.org/record/3839953,A/RES/74/56,"['DISARMAMENT', 'UN. GENERAL ASSEMBLY (4TH SPECIAL SESS. ON DISARMAMENT : xxxx)']",['DISARMAMENT'],['UN. GENERAL ASSEMBLY (4TH SPECIAL SESS. ON DISARMAMENT : xxxx)'],partial_match
4975,3839954,https://digitallibrary.un.org/record/3839954,A/RES/74/59,"['NUCLEAR WEAPONS USE', 'UN. INTERNATIONAL COURT OF JUSTICE OPINION']",['NUCLEAR WEAPONS USE'],['UN. INTERNATIONAL COURT OF JUSTICE OPINION'],partial_match
4976,3839955,https://digitallibrary.un.org/record/3839955,A/RES/74/61,"['LANDMINES', 'TREATIES']","['LANDMINES', 'TREATIES']",[],all_match
4977,3839956,https://digitallibrary.un.org/record/3839956,A/RES/74/62,['CLUSTER MUNITIONS'],['CLUSTER MUNITIONS'],[],all_match
4978,3839957,https://digitallibrary.un.org/record/3839957,A/RES/74/63,"['NUCLEAR WEAPONS', 'ELIMINATION']",['NUCLEAR WEAPONS'],['ELIMINATION'],partial_match
4979,3839958,https://digitallibrary.un.org/record/3839958,A/RES/74/67,"['OUTER SPACE', 'CONFIDENCE-BUILDING MEASURES']","['OUTER SPACE', 'CONFIDENCE-BUILDING MEASURES']",[],all_match
4980,3839959,https://digitallibrary.un.org/record/3839959,A/RES/74/68,"['NUCLEAR WEAPONS USE', 'TREATIES']","['NUCLEAR WEAPONS USE', 'TREATIES']",[],all_match
4981,3839960,https://digitallibrary.un.org/record/3839960,A/RES/74/75,"['MIDDLE EAST', 'NUCLEAR PROLIFERATION']",['MIDDLE EAST'],['NUCLEAR PROLIFERATION'],partial_match
4982,3839961,https://digitallibrary.un.org/record/3839961,A/RES/74/77,"['MEDITERRANEAN REGION', 'REGIONAL SECURITY']","['MEDITERRANEAN REGION', 'REGIONAL SECURITY']",[],all_match
4983,3839962,https://digitallibrary.un.org/record/3839962,A/RES/74/78,"['NUCLEAR WEAPON TESTS', 'TREATIES']","['NUCLEAR WEAPON TESTS', 'TREATIES']",[],all_match
4984,3839963,https://digitallibrary.un.org/record/3839963,A/RES/74/83,"['UNRWA', 'ACTIVITIES']",['ACTIVITIES'],['UNRWA'],partial_match
4985,3839964,https://digitallibrary.un.org/record/3839964,A/RES/74/84,"['UNRWA', 'ACTIVITIES']",['ACTIVITIES'],['UNRWA'],partial_match
4986,3839965,https://digitallibrary.un.org/record/3839965,A/RES/74/86,"['UNRWA', 'ACTIVITIES']",['ACTIVITIES'],['UNRWA'],partial_match
4987,3839966,https://digitallibrary.un.org/record/3839966,A/RES/74/87,"['TERRITORIES OCCUPIED BY ISRAEL', 'HUMAN RIGHTS', 'REPORTS']","['TERRITORIES OCCUPIED BY ISRAEL', 'HUMAN RIGHTS']",['REPORTS'],partial_match
4988,3839967,https://digitallibrary.un.org/record/3839967,A/RES/74/88,"['TERRITORIES OCCUPIED BY ISRAEL', 'HUMAN RIGHTS', 'REPORTS']","['TERRITORIES OCCUPIED BY ISRAEL', 'HUMAN RIGHTS']",['REPORTS'],partial_match
4989,3839968,https://digitallibrary.un.org/record/3839968,A/RES/74/89,"['TERRITORIES OCCUPIED BY ISRAEL', 'HUMAN RIGHTS', 'REPORTS']","['TERRITORIES OCCUPIED BY ISRAEL', 'HUMAN RIGHTS']",['REPORTS'],partial_match
4990,3839969,https://digitallibrary.un.org/record/3839969,A/RES/74/93,"['NON-SELF-GOVERNING TERRITORIES', 'REPORTS']",['NON-SELF-GOVERNING TERRITORIES'],['REPORTS'],partial_match
4991,3839970,https://digitallibrary.un.org/record/3839970,A/RES/74/94,"['NON-SELF-GOVERNING TERRITORIES', 'ECONOMIC INTERESTS']",['NON-SELF-GOVERNING TERRITORIES'],['ECONOMIC INTERESTS'],partial_match
4992,3839971,https://digitallibrary.un.org/record/3839971,A/RES/74/95,"['DECOLONIZATION', 'UN SYSTEM']",['DECOLONIZATION'],['UN SYSTEM'],partial_match
4993,3839972,https://digitallibrary.un.org/record/3839972,A/RES/74/33,"['WEAPONS', 'OUTER SPACE']",['OUTER SPACE'],['WEAPONS'],partial_match
4994,3839973,https://digitallibrary.un.org/record/3839973,A/RES/74/36,"['NUCLEAR NON-PROLIFERATION', 'INTERNATIONAL OBLIGATIONS']","['NUCLEAR NON-PROLIFERATION', 'INTERNATIONAL OBLIGATIONS']",[],all_match
4995,3839974,https://digitallibrary.un.org/record/3839974,A/RES/74/34,"['DISARMAMENT AGREEMENTS', 'OUTER SPACE']","['DISARMAMENT AGREEMENTS', 'OUTER SPACE']",[],all_match
4996,3839975,https://digitallibrary.un.org/record/3839975,A/RES/74/90,"['TERRITORIES OCCUPIED BY ISRAEL', 'HUMAN RIGHTS', 'REPORTS']","['TERRITORIES OCCUPIED BY ISRAEL', 'HUMAN RIGHTS']",['REPORTS'],partial_match
4997,3839976,https://digitallibrary.un.org/record/3839976,A/RES/74/38,"['CONVENTIONAL ARMS', 'REGIONAL PROGRAMMES']",['REGIONAL PROGRAMMES'],['CONVENTIONAL ARMS'],partial_match
4998,3839977,https://digitallibrary.un.org/record/3839977,A/RES/74/40,"['CHEMICAL WEAPONS', 'TREATIES']","['CHEMICAL WEAPONS', 'TREATIES']",[],all_match
4999,3839978,https://digitallibrary.un.org/record/3839978,A/RES/74/41,"['NUCLEAR WEAPONS', 'TREATIES']","['NUCLEAR WEAPONS', 'TREATIES']",[],all_match
5000,3839979,https://digitallibrary.un.org/record/3839979,A/RES/74/44,['NUCLEAR NON-PROLIFERATION'],['NUCLEAR NON-PROLIFERATION'],[],all_match
5001,3839980,https://digitallibrary.un.org/record/3839980,A/RES/74/42,"['NUCLEAR WEAPONS', 'HUMANITARIAN CONSEQUENCES']",['NUCLEAR WEAPONS'],['HUMANITARIAN CONSEQUENCES'],partial_match
5002,3839981,https://digitallibrary.un.org/record/3839981,A/RES/74/45,['NUCLEAR DISARMAMENT'],['NUCLEAR DISARMAMENT'],[],all_match
5003,3839982,https://digitallibrary.un.org/record/3839982,A/RES/74/46,"['NUCLEAR DISARMAMENT', 'TREATY COMPLIANCE']","['NUCLEAR DISARMAMENT', 'TREATY COMPLIANCE']",[],all_match
5004,3839983,https://digitallibrary.un.org/record/3839983,A/RES/74/47,['NUCLEAR-WEAPON-FREE ZONES'],['NUCLEAR-WEAPON-FREE ZONES'],[],all_match
5005,3839984,https://digitallibrary.un.org/record/3839984,A/RES/74/48,"['SOUTHERN HEMISPHERE', 'NUCLEAR-WEAPON-FREE ZONES']",['NUCLEAR-WEAPON-FREE ZONES'],['SOUTHERN HEMISPHERE'],partial_match
5006,3839985,https://digitallibrary.un.org/record/3839985,A/RES/74/49,"['ARMS TRANSFERS', 'TREATIES']","['ARMS TRANSFERS', 'TREATIES']",[],all_match
5007,3839986,https://digitallibrary.un.org/record/3839986,A/RES/74/54,"['NUCLEAR DISARMAMENT', 'CONFERENCES']","['NUCLEAR DISARMAMENT', 'CONFERENCES']",[],all_match
5008,3839987,https://digitallibrary.un.org/record/3839987,A/RES/74/50,"['NUCLEAR DISARMAMENT', 'VERIFICATION']","['NUCLEAR DISARMAMENT', 'VERIFICATION']",[],all_match
5009,3839988,https://digitallibrary.un.org/record/3839988,A/RES/74/53,"['ARMS TRANSFERS', 'TRANSPARENCY']",['ARMS TRANSFERS'],['TRANSPARENCY'],partial_match
5010,3839989,https://digitallibrary.un.org/record/3839989,A/RES/74/55,"['MULTILATERALISM', 'DISARMAMENT']","['MULTILATERALISM', 'DISARMAMENT']",[],all_match
5011,3840115,https://digitallibrary.un.org/record/3840115,A/RES/74/139,['SELF-DETERMINATION OF PEOPLES'],['SELF-DETERMINATION OF PEOPLES'],[],all_match
5012,3840116,https://digitallibrary.un.org/record/3840116,A/RES/74/167,"['HUMAN RIGHTS', 'REPORTS', 'HUMAN RIGHTS', 'IRAN (ISLAMIC REPUBLIC OF)']","['HUMAN RIGHTS', 'HUMAN RIGHTS', 'IRAN (ISLAMIC REPUBLIC OF)']",['REPORTS'],partial_match
5013,3840117,https://digitallibrary.un.org/record/3840117,A/RES/74/168,"['HUMAN RIGHTS', 'REPORTS', 'HUMAN RIGHTS', 'UKRAINE']","['HUMAN RIGHTS', 'HUMAN RIGHTS', 'UKRAINE']",['REPORTS'],partial_match
5014,3840118,https://digitallibrary.un.org/record/3840118,A/RES/74/169,"['HUMAN RIGHTS', 'REPORTS', 'HUMAN RIGHTS', 'SYRIAN ARAB REPUBLIC']","['HUMAN RIGHTS', 'HUMAN RIGHTS', 'SYRIAN ARAB REPUBLIC']",['REPORTS'],partial_match
5015,3840119,https://digitallibrary.un.org/record/3840119,A/RES/74/122,"['SOCIAL DEVELOPMENT', 'CONFERENCES']","['SOCIAL DEVELOPMENT', 'CONFERENCES']",[],all_match
5016,3840120,https://digitallibrary.un.org/record/3840120,A/RES/74/154,"['HUMAN RIGHTS ADVANCEMENT', 'SANCTIONS', 'INTERNATIONAL RELATIONS']","['HUMAN RIGHTS ADVANCEMENT', 'SANCTIONS', 'INTERNATIONAL RELATIONS']",[],all_match
5017,3840121,https://digitallibrary.un.org/record/3840121,A/RES/74/152,"['HUMAN RIGHTS ADVANCEMENT', 'RIGHT TO DEVELOPMENT']","['HUMAN RIGHTS ADVANCEMENT', 'RIGHT TO DEVELOPMENT']",[],all_match
5018,3840122,https://digitallibrary.un.org/record/3840122,A/RES/74/155,['HUMAN RIGHTS ADVANCEMENT'],['HUMAN RIGHTS ADVANCEMENT'],[],all_match
5019,3840123,https://digitallibrary.un.org/record/3840123,A/RES/74/163,"['HUMAN RIGHTS ADVANCEMENT', 'HUMAN RIGHTS INSTITUTIONS', 'SOUTHWEST ASIA AND ARAB COUNTRIES']","['HUMAN RIGHTS ADVANCEMENT', 'HUMAN RIGHTS INSTITUTIONS']",['SOUTHWEST ASIA AND ARAB COUNTRIES'],partial_match
5020,3840124,https://digitallibrary.un.org/record/3840124,A/RES/74/150,"['HUMAN RIGHTS ADVANCEMENT', 'DEMOCRACY']","['HUMAN RIGHTS ADVANCEMENT', 'DEMOCRACY']",[],all_match
5021,3840125,https://digitallibrary.un.org/record/3840125,A/RES/74/130,"['UN HIGH COMMISSIONER FOR REFUGEES', 'REPORTS']",[],"['UN HIGH COMMISSIONER FOR REFUGEES', 'REPORTS']",no_match
5022,3840127,https://digitallibrary.un.org/record/3840127,A/RES/74/149,"['HUMAN RIGHTS ADVANCEMENT', 'RIGHT TO FOOD']","['HUMAN RIGHTS ADVANCEMENT', 'RIGHT TO FOOD']",[],all_match
5023,3840128,https://digitallibrary.un.org/record/3840128,A/RES/74/138,"['SELF-DETERMINATION OF PEOPLES', 'MERCENARIES']","['SELF-DETERMINATION OF PEOPLES', 'MERCENARIES']",[],all_match
5024,3840129,https://digitallibrary.un.org/record/3840129,A/RES/74/137,"['RACIAL DISCRIMINATION', 'PROGRAMMES OF ACTION']","['RACIAL DISCRIMINATION', 'PROGRAMMES OF ACTION']",[],all_match
5025,3840130,https://digitallibrary.un.org/record/3840130,A/RES/74/136,"['RACIAL DISCRIMINATION', 'ELIMINATION']",['RACIAL DISCRIMINATION'],['ELIMINATION'],partial_match
5026,3840131,https://digitallibrary.un.org/record/3840131,A/RES/74/132,"['UN. HUMAN RIGHTS COUNCIL', 'REPORTS']",[],"['UN. HUMAN RIGHTS COUNCIL', 'REPORTS']",no_match
5027,3840132,https://digitallibrary.un.org/record/3840132,A/RES/74/159,['HUMAN RIGHTS ADVANCEMENT'],['HUMAN RIGHTS ADVANCEMENT'],[],all_match
5028,3840211,https://digitallibrary.un.org/record/3840211,A/RES/74/215,['SUSTAINABLE DEVELOPMENT'],['SUSTAINABLE DEVELOPMENT'],[],all_match
5029,3840212,https://digitallibrary.un.org/record/3840212,A/RES/74/208,['SUSTAINABLE DEVELOPMENT'],['SUSTAINABLE DEVELOPMENT'],[],all_match
5030,3840213,https://digitallibrary.un.org/record/3840213,A/RES/74/216,"['AGENDA 21', 'PROGRAMME IMPLEMENTATION']",['PROGRAMME IMPLEMENTATION'],['AGENDA 21'],partial_match
5031,3840214,https://digitallibrary.un.org/record/3840214,A/RES/74/204,['COMMODITIES'],['COMMODITIES'],[],all_match
5032,3840215,https://digitallibrary.un.org/record/3840215,A/RES/74/202,['DEVELOPMENT FINANCE'],['DEVELOPMENT FINANCE'],[],all_match
5033,3840216,https://digitallibrary.un.org/record/3840216,A/RES/74/201,['INTERNATIONAL TRADE'],['INTERNATIONAL TRADE'],[],all_match
5034,3840217,https://digitallibrary.un.org/record/3840217,A/RES/74/200,['INTERNATIONAL TRADE'],['INTERNATIONAL TRADE'],[],all_match
5035,3840218,https://digitallibrary.un.org/record/3840218,A/RES/74/224,['NATURE'],[],['NATURE'],no_match
5036,3840219,https://digitallibrary.un.org/record/3840219,A/RES/74/226,['STORMS'],['STORMS'],[],all_match
5037,3840220,https://digitallibrary.un.org/record/3840220,A/RES/74/228,"['GLOBALIZATION', 'UN']",['GLOBALIZATION'],['UN'],partial_match
5038,3840221,https://digitallibrary.un.org/record/3840221,A/RES/74/237,['RURAL POVERTY'],['RURAL POVERTY'],[],all_match
5039,3840222,https://digitallibrary.un.org/record/3840222,A/RES/74/241,['FOOD SECURITY'],['FOOD SECURITY'],[],all_match
5040,3840223,https://digitallibrary.un.org/record/3840223,A/RES/74/243,"['TERRITORIES OCCUPIED BY ISRAEL', 'NATURAL RESOURCES']","['TERRITORIES OCCUPIED BY ISRAEL', 'NATURAL RESOURCES']",[],all_match
5041,3841021,https://digitallibrary.un.org/record/3841021,A/RES/74/246,"['HUMAN RIGHTS', 'REPORTS', 'HUMAN RIGHTS', 'MYANMAR']","['HUMAN RIGHTS', 'HUMAN RIGHTS', 'MYANMAR']",['REPORTS'],partial_match
5042,3841022,https://digitallibrary.un.org/record/3841022,A/RES/74/251,"['UN', 'PROGRAMME PLANNING']",['PROGRAMME PLANNING'],['UN'],partial_match
5043,3841023,https://digitallibrary.un.org/record/3841023,A/RES/74/247,['CYBERCRIME'],['CYBERCRIME'],[],all_match
5044,3846846,https://digitallibrary.un.org/record/3846846,A/RES/74/267,"['UN SYSTEM', 'STRENGTHENING']",[],"['UN SYSTEM', 'STRENGTHENING']",no_match
5045,3879561,https://digitallibrary.un.org/record/3879561,A/RES/74/302,"['AFRICA', 'DEVELOPMENT']","['AFRICA', 'DEVELOPMENT']",[],all_match
5046,3879562,https://digitallibrary.un.org/record/3879562,A/RES/74/301,"['AFRICA', 'SUSTAINABLE DEVELOPMENT', 'PARTNERSHIP']","['AFRICA', 'SUSTAINABLE DEVELOPMENT', 'PARTNERSHIP']",[],all_match
5047,3879564,https://digitallibrary.un.org/record/3879564,A/RES/74/300,['ORGANIZATION FOR DEMOCRACY AND ECONOMIC DEVELOPMENT - GUAM'],[],['ORGANIZATION FOR DEMOCRACY AND ECONOMIC DEVELOPMENT - GUAM'],no_match
5048,3880645,https://digitallibrary.un.org/record/3880645,A/RES/74/307,"['UN SYSTEM', 'STRENGTHENING']",[],"['UN SYSTEM', 'STRENGTHENING']",no_match
5049,3880646,https://digitallibrary.un.org/record/3880646,A/RES/74/306,"['UN CONFERENCES', 'UN RESOLUTIONS', 'IMPLEMENTATION']",[],"['UN CONFERENCES', 'UN RESOLUTIONS', 'IMPLEMENTATION']",no_match
5050,3889751,https://digitallibrary.un.org/record/3889751,A/RES/75/4,"['UN SYSTEM', 'STRENGTHENING']",[],"['UN SYSTEM', 'STRENGTHENING']",no_match
5051,3893458,https://digitallibrary.un.org/record/3893458,A/RES/75/26,['PEACE'],['PEACE'],[],all_match
5052,3893459,https://digitallibrary.un.org/record/3893459,A/RES/75/23,['PALESTINE QUESTION'],['PALESTINE QUESTION'],[],all_match
5053,3893460,https://digitallibrary.un.org/record/3893460,A/RES/75/24,['MIDDLE EAST SITUATION'],['MIDDLE EAST SITUATION'],[],all_match
5054,3893461,https://digitallibrary.un.org/record/3893461,A/RES/75/22,['PALESTINE QUESTION'],['PALESTINE QUESTION'],[],all_match
5055,3893462,https://digitallibrary.un.org/record/3893462,A/RES/75/20,['PALESTINE QUESTION'],['PALESTINE QUESTION'],[],all_match
5056,3893463,https://digitallibrary.un.org/record/3893463,A/RES/75/21,['PALESTINE QUESTION'],['PALESTINE QUESTION'],[],all_match
5057,3893734,https://digitallibrary.un.org/record/3893734,A/RES/75/29,['ARMED CONFLICTS PREVENTION'],[],['ARMED CONFLICTS PREVENTION'],no_match
5058,3893776,https://digitallibrary.un.org/record/3893776,A/RES/75/60,"['BALLISTIC MISSILES', 'CODES OF CONDUCT']","['BALLISTIC MISSILES', 'CODES OF CONDUCT']",[],all_match
5059,3893799,https://digitallibrary.un.org/record/3893799,A/RES/75/55,"['CHEMICAL WEAPONS', 'TREATIES']","['CHEMICAL WEAPONS', 'TREATIES']",[],all_match
5060,3893802,https://digitallibrary.un.org/record/3893802,A/RES/75/50,"['CONVENTIONAL ARMS', 'REGIONAL PROGRAMMES']",['REGIONAL PROGRAMMES'],['CONVENTIONAL ARMS'],partial_match
5061,3893803,https://digitallibrary.un.org/record/3893803,A/RES/75/52,"['LANDMINES', 'TREATIES']","['LANDMINES', 'TREATIES']",[],all_match
5062,3893804,https://digitallibrary.un.org/record/3893804,A/RES/75/46,"['CHEMICAL AND BIOLOGICAL WARFARE', 'TREATIES']","['CHEMICAL AND BIOLOGICAL WARFARE', 'TREATIES']",[],all_match
5063,3893805,https://digitallibrary.un.org/record/3893805,A/RES/75/47,"['MULTILATERALISM', 'DISARMAMENT']","['MULTILATERALISM', 'DISARMAMENT']",[],all_match
5064,3893807,https://digitallibrary.un.org/record/3893807,A/RES/75/39,"['NUCLEAR WEAPONS', 'HUMANITARIAN CONSEQUENCES']",['NUCLEAR WEAPONS'],['HUMANITARIAN CONSEQUENCES'],partial_match
5065,3893808,https://digitallibrary.un.org/record/3893808,A/RES/75/40,"['NUCLEAR WEAPONS', 'TREATIES']","['NUCLEAR WEAPONS', 'TREATIES']",[],all_match
5066,3893809,https://digitallibrary.un.org/record/3893809,A/RES/75/42,['DEPLETED URANIUM'],['DEPLETED URANIUM'],[],all_match
5067,3893810,https://digitallibrary.un.org/record/3893810,A/RES/75/45,"['NUCLEAR DISARMAMENT', 'CONFERENCES']","['NUCLEAR DISARMAMENT', 'CONFERENCES']",[],all_match
5068,3893811,https://digitallibrary.un.org/record/3893811,A/RES/75/44,"['DISARMAMENT', 'UN. GENERAL ASSEMBLY (4TH SPECIAL SESS. ON DISARMAMENT : xxxx)']",['DISARMAMENT'],['UN. GENERAL ASSEMBLY (4TH SPECIAL SESS. ON DISARMAMENT : xxxx)'],partial_match
5069,3893828,https://digitallibrary.un.org/record/3893828,A/RES/75/87,"['NUCLEAR WEAPON TESTS', 'TREATIES']","['NUCLEAR WEAPON TESTS', 'TREATIES']",[],all_match
5070,3893833,https://digitallibrary.un.org/record/3893833,A/RES/75/86,"['MEDITERRANEAN REGION', 'REGIONAL SECURITY']","['MEDITERRANEAN REGION', 'REGIONAL SECURITY']",[],all_match
5071,3893834,https://digitallibrary.un.org/record/3893834,A/RES/75/82,"['DISARMAMENT', 'UN. GENERAL ASSEMBLY (10TH SPECIAL SESS. : 1978)']",['DISARMAMENT'],['UN. GENERAL ASSEMBLY (10TH SPECIAL SESS. : 1978)'],partial_match
5072,3893835,https://digitallibrary.un.org/record/3893835,A/RES/75/84,"['MIDDLE EAST', 'NUCLEAR PROLIFERATION']",['MIDDLE EAST'],['NUCLEAR PROLIFERATION'],partial_match
5073,3893836,https://digitallibrary.un.org/record/3893836,A/RES/75/75,"['NUCLEAR WEAPONS USE', 'TREATIES']","['NUCLEAR WEAPONS USE', 'TREATIES']",[],all_match
5074,3893837,https://digitallibrary.un.org/record/3893837,A/RES/75/72,"['DISARMAMENT', 'GENERAL AND COMPLETE']",['DISARMAMENT'],['GENERAL AND COMPLETE'],partial_match
5075,3893838,https://digitallibrary.un.org/record/3893838,A/RES/75/73,['NUCLEAR-WEAPON-FREE ZONES'],['NUCLEAR-WEAPON-FREE ZONES'],[],all_match
5076,3893839,https://digitallibrary.un.org/record/3893839,A/RES/75/71,"['NUCLEAR WEAPONS', 'ELIMINATION']",['NUCLEAR WEAPONS'],['ELIMINATION'],partial_match
5077,3893840,https://digitallibrary.un.org/record/3893840,A/RES/75/69,"['OUTER SPACE', 'CONFIDENCE-BUILDING MEASURES']","['OUTER SPACE', 'CONFIDENCE-BUILDING MEASURES']",[],all_match
5078,3893841,https://digitallibrary.un.org/record/3893841,A/RES/75/66,"['NUCLEAR WEAPONS USE', 'UN. INTERNATIONAL COURT OF JUSTICE OPINION']",['NUCLEAR WEAPONS USE'],['UN. INTERNATIONAL COURT OF JUSTICE OPINION'],partial_match
5079,3893842,https://digitallibrary.un.org/record/3893842,A/RES/75/68,['DISARMAMENT AGREEMENTS'],['DISARMAMENT AGREEMENTS'],[],all_match
5080,3893843,https://digitallibrary.un.org/record/3893843,A/RES/75/65,"['NUCLEAR DISARMAMENT', 'TREATY COMPLIANCE']","['NUCLEAR DISARMAMENT', 'TREATY COMPLIANCE']",[],all_match
5081,3893844,https://digitallibrary.un.org/record/3893844,A/RES/75/62,['CLUSTER MUNITIONS'],['CLUSTER MUNITIONS'],[],all_match
5082,3893845,https://digitallibrary.un.org/record/3893845,A/RES/75/64,"['ARMS TRANSFERS', 'TREATIES']","['ARMS TRANSFERS', 'TREATIES']",[],all_match
5083,3893846,https://digitallibrary.un.org/record/3893846,A/RES/75/63,['NUCLEAR DISARMAMENT'],['NUCLEAR DISARMAMENT'],[],all_match
5084,3893847,https://digitallibrary.un.org/record/3893847,A/RES/75/32,"['INFORMATION', 'INTERNATIONAL SECURITY']","['INFORMATION', 'INTERNATIONAL SECURITY']",[],all_match
5085,3893848,https://digitallibrary.un.org/record/3893848,A/RES/75/33,"['MIDDLE EAST', 'NUCLEAR-WEAPON-FREE ZONES']","['MIDDLE EAST', 'NUCLEAR-WEAPON-FREE ZONES']",[],all_match
5086,3893849,https://digitallibrary.un.org/record/3893849,A/RES/75/31,['WEAPONS OF MASS DESTRUCTION'],['WEAPONS OF MASS DESTRUCTION'],[],all_match
5087,3893850,https://digitallibrary.un.org/record/3893850,A/RES/75/34,"['NON-NUCLEAR-WEAPON STATES', 'SECURITY']",['NON-NUCLEAR-WEAPON STATES'],['SECURITY'],partial_match
5088,3893851,https://digitallibrary.un.org/record/3893851,A/RES/75/36,"['ARMS RACE', 'OUTER SPACE']","['ARMS RACE', 'OUTER SPACE']",[],all_match
5089,3893852,https://digitallibrary.un.org/record/3893852,A/RES/75/35,"['ARMS RACE', 'OUTER SPACE']","['ARMS RACE', 'OUTER SPACE']",[],all_match
5090,3893853,https://digitallibrary.un.org/record/3893853,A/RES/75/37,"['WEAPONS', 'OUTER SPACE']",['OUTER SPACE'],['WEAPONS'],partial_match
5091,3893854,https://digitallibrary.un.org/record/3893854,A/RES/75/57,['NUCLEAR NON-PROLIFERATION'],['NUCLEAR NON-PROLIFERATION'],[],all_match
5092,3894180,https://digitallibrary.un.org/record/3894180,A/RES/75/90,['AFGHANISTAN SITUATION'],['AFGHANISTAN SITUATION'],[],all_match
5093,3894258,https://digitallibrary.un.org/record/3894258,A/RES/75/123,['DECOLONIZATION'],['DECOLONIZATION'],[],all_match
5094,3894273,https://digitallibrary.un.org/record/3894273,A/RES/75/94,"['UNRWA', 'ACTIVITIES']",['ACTIVITIES'],['UNRWA'],partial_match
5095,3894274,https://digitallibrary.un.org/record/3894274,A/RES/75/93,"['UNRWA', 'ACTIVITIES']",['ACTIVITIES'],['UNRWA'],partial_match
5096,3894275,https://digitallibrary.un.org/record/3894275,A/RES/75/99,"['TERRITORIES OCCUPIED BY ISRAEL', 'HUMAN RIGHTS', 'REPORTS']","['TERRITORIES OCCUPIED BY ISRAEL', 'HUMAN RIGHTS']",['REPORTS'],partial_match
5097,3894278,https://digitallibrary.un.org/record/3894278,A/RES/75/98,"['TERRITORIES OCCUPIED BY ISRAEL', 'HUMAN RIGHTS', 'REPORTS']","['TERRITORIES OCCUPIED BY ISRAEL', 'HUMAN RIGHTS']",['REPORTS'],partial_match
5098,3894279,https://digitallibrary.un.org/record/3894279,A/RES/75/95,"['UNRWA', 'ACTIVITIES']",['ACTIVITIES'],['UNRWA'],partial_match
5099,3894280,https://digitallibrary.un.org/record/3894280,A/RES/75/102,"['NON-SELF-GOVERNING TERRITORIES', 'REPORTS']",['NON-SELF-GOVERNING TERRITORIES'],['REPORTS'],partial_match
5100,3894281,https://digitallibrary.un.org/record/3894281,A/RES/75/97,"['TERRITORIES OCCUPIED BY ISRAEL', 'HUMAN RIGHTS', 'REPORTS']","['TERRITORIES OCCUPIED BY ISRAEL', 'HUMAN RIGHTS']",['REPORTS'],partial_match
5101,3894283,https://digitallibrary.un.org/record/3894283,A/RES/75/96,"['TERRITORIES OCCUPIED BY ISRAEL', 'HUMAN RIGHTS', 'REPORTS']","['TERRITORIES OCCUPIED BY ISRAEL', 'HUMAN RIGHTS']",['REPORTS'],partial_match
5102,3894284,https://digitallibrary.un.org/record/3894284,A/RES/75/121,['DECOLONIZATION'],['DECOLONIZATION'],[],all_match
5103,3894285,https://digitallibrary.un.org/record/3894285,A/RES/75/103,"['NON-SELF-GOVERNING TERRITORIES', 'ECONOMIC INTERESTS']",['NON-SELF-GOVERNING TERRITORIES'],['ECONOMIC INTERESTS'],partial_match
5104,3894287,https://digitallibrary.un.org/record/3894287,A/RES/75/104,"['DECOLONIZATION', 'UN SYSTEM']",['DECOLONIZATION'],['UN SYSTEM'],partial_match
5105,3894323,https://digitallibrary.un.org/record/3894323,A/RES/75/122,['DECOLONIZATION'],['DECOLONIZATION'],[],all_match
5106,3894511,https://digitallibrary.un.org/record/3894511,A/RES/75/130,['HEALTH'],['HEALTH'],[],all_match
5107,3894838,https://digitallibrary.un.org/record/3894838,A/RES/75/161,"[""WOMEN'S ADVANCEMENT""]","[""WOMEN'S ADVANCEMENT""]",[],all_match
5108,3894839,https://digitallibrary.un.org/record/3894839,A/RES/75/151,"['SOCIAL DEVELOPMENT', 'CONFERENCES']","['SOCIAL DEVELOPMENT', 'CONFERENCES']",[],all_match
5109,3894840,https://digitallibrary.un.org/record/3894840,A/RES/75/165,"['UN. HUMAN RIGHTS COUNCIL', 'REPORTS']",[],"['UN. HUMAN RIGHTS COUNCIL', 'REPORTS']",no_match
5110,3894841,https://digitallibrary.un.org/record/3894841,A/RES/75/169,"['RACIAL DISCRIMINATION', 'ELIMINATION']",['RACIAL DISCRIMINATION'],['ELIMINATION'],partial_match
5111,3894842,https://digitallibrary.un.org/record/3894842,A/RES/75/163,"['UN HIGH COMMISSIONER FOR REFUGEES', 'REPORTS']",[],"['UN HIGH COMMISSIONER FOR REFUGEES', 'REPORTS']",no_match
5112,3894843,https://digitallibrary.un.org/record/3894843,A/RES/75/177,['HUMAN RIGHTS ADVANCEMENT'],['HUMAN RIGHTS ADVANCEMENT'],[],all_match
5113,3894844,https://digitallibrary.un.org/record/3894844,A/RES/75/172,['SELF-DETERMINATION OF PEOPLES'],['SELF-DETERMINATION OF PEOPLES'],[],all_match
5114,3894845,https://digitallibrary.un.org/record/3894845,A/RES/75/171,"['SELF-DETERMINATION OF PEOPLES', 'MERCENARIES']","['SELF-DETERMINATION OF PEOPLES', 'MERCENARIES']",[],all_match
5115,3894846,https://digitallibrary.un.org/record/3894846,A/RES/75/181,"['HUMAN RIGHTS ADVANCEMENT', 'SANCTIONS', 'INTERNATIONAL RELATIONS']","['HUMAN RIGHTS ADVANCEMENT', 'SANCTIONS', 'INTERNATIONAL RELATIONS']",[],all_match
5116,3894847,https://digitallibrary.un.org/record/3894847,A/RES/75/179,"['HUMAN RIGHTS ADVANCEMENT', 'RIGHT TO FOOD']","['HUMAN RIGHTS ADVANCEMENT', 'RIGHT TO FOOD']",[],all_match
5117,3894848,https://digitallibrary.un.org/record/3894848,A/RES/75/178,"['HUMAN RIGHTS ADVANCEMENT', 'DEMOCRACY']","['HUMAN RIGHTS ADVANCEMENT', 'DEMOCRACY']",[],all_match
5118,3894858,https://digitallibrary.un.org/record/3894858,A/RES/75/192,"['HUMAN RIGHTS', 'REPORTS', 'HUMAN RIGHTS', 'UKRAINE']","['HUMAN RIGHTS', 'HUMAN RIGHTS', 'UKRAINE']",['REPORTS'],partial_match
5119,3894863,https://digitallibrary.un.org/record/3894863,A/RES/75/191,"['HUMAN RIGHTS', 'REPORTS', 'HUMAN RIGHTS', 'IRAN (ISLAMIC REPUBLIC OF)']","['HUMAN RIGHTS', 'HUMAN RIGHTS', 'IRAN (ISLAMIC REPUBLIC OF)']",['REPORTS'],partial_match
5120,3894865,https://digitallibrary.un.org/record/3894865,A/RES/75/193,"['HUMAN RIGHTS', 'REPORTS', 'HUMAN RIGHTS', 'SYRIAN ARAB REPUBLIC']","['HUMAN RIGHTS', 'HUMAN RIGHTS', 'SYRIAN ARAB REPUBLIC']",['REPORTS'],partial_match
5121,3894866,https://digitallibrary.un.org/record/3894866,A/RES/75/183,"['HUMAN RIGHTS ADVANCEMENT', 'CAPITAL PUNISHMENT']","['HUMAN RIGHTS ADVANCEMENT', 'CAPITAL PUNISHMENT']",[],all_match
5122,3894868,https://digitallibrary.un.org/record/3894868,A/RES/75/189,"['HUMAN RIGHTS ADVANCEMENT', 'SUMMARY EXECUTIONS']","['HUMAN RIGHTS ADVANCEMENT', 'SUMMARY EXECUTIONS']",[],all_match
5123,3894869,https://digitallibrary.un.org/record/3894869,A/RES/75/182,"['HUMAN RIGHTS ADVANCEMENT', 'RIGHT TO DEVELOPMENT']","['HUMAN RIGHTS ADVANCEMENT', 'RIGHT TO DEVELOPMENT']",[],all_match
5124,3895363,https://digitallibrary.un.org/record/3895363,A/RES/75/213,"['2030 AGENDA', 'PROGRAMME IMPLEMENTATION']",['PROGRAMME IMPLEMENTATION'],['2030 AGENDA'],partial_match
5125,3895364,https://digitallibrary.un.org/record/3895364,A/RES/75/211,['SUSTAINABLE DEVELOPMENT'],['SUSTAINABLE DEVELOPMENT'],[],all_match
5126,3895365,https://digitallibrary.un.org/record/3895365,A/RES/75/204,['DEVELOPMENT FINANCE'],['DEVELOPMENT FINANCE'],[],all_match
5127,3895366,https://digitallibrary.un.org/record/3895366,A/RES/75/209,['SUSTAINABLE DEVELOPMENT'],['SUSTAINABLE DEVELOPMENT'],[],all_match
5128,3895367,https://digitallibrary.un.org/record/3895367,A/RES/75/203,['INTERNATIONAL TRADE'],['INTERNATIONAL TRADE'],[],all_match
5129,3895466,https://digitallibrary.un.org/record/3895466,A/RES/75/236,"['TERRITORIES OCCUPIED BY ISRAEL', 'NATURAL RESOURCES']","['TERRITORIES OCCUPIED BY ISRAEL', 'NATURAL RESOURCES']",[],all_match
5130,3895469,https://digitallibrary.un.org/record/3895469,A/RES/75/222,['STORMS'],['STORMS'],[],all_match
5131,3895470,https://digitallibrary.un.org/record/3895470,A/RES/75/225,"['GLOBALIZATION', 'INTERDEPENDENCE']","['GLOBALIZATION', 'INTERDEPENDENCE']",[],all_match
5132,3895472,https://digitallibrary.un.org/record/3895472,A/RES/75/232,['RURAL POVERTY'],['RURAL POVERTY'],[],all_match
5133,3895473,https://digitallibrary.un.org/record/3895473,A/RES/75/226,['MIGRATION'],['MIGRATION'],[],all_match
5134,3895476,https://digitallibrary.un.org/record/3895476,A/RES/75/233,"['OPERATIONAL ACTIVITIES', 'UN SYSTEM']",['OPERATIONAL ACTIVITIES'],['UN SYSTEM'],partial_match
5135,3896178,https://digitallibrary.un.org/record/3896178,A/RES/75/250A,"['UN INTERIM FORCE IN LEBANON', 'FINANCING']",['FINANCING'],['UN INTERIM FORCE IN LEBANON'],partial_match
5136,3896179,https://digitallibrary.un.org/record/3896179,A/RES/75/254A-C,"['UN', 'BUDGET (2021)']",[],"['UN', 'BUDGET (2021)']",no_match
5137,3896180,https://digitallibrary.un.org/record/3896180,A/RES/75/240,"['INFORMATION', 'INTERNATIONAL SECURITY']","['INFORMATION', 'INTERNATIONAL SECURITY']",[],all_match
5138,3896181,https://digitallibrary.un.org/record/3896181,A/RES/75/238,"['HUMAN RIGHTS', 'REPORTS', 'HUMAN RIGHTS', 'MYANMAR']","['HUMAN RIGHTS', 'HUMAN RIGHTS', 'MYANMAR']",['REPORTS'],partial_match
5139,3896182,https://digitallibrary.un.org/record/3896182,A/RES/75/239,['LAW OF THE SEA'],['LAW OF THE SEA'],[],all_match
5140,3896183,https://digitallibrary.un.org/record/3896183,A/RES/75/237,"['RACIAL DISCRIMINATION', 'PROGRAMMES OF ACTION']","['RACIAL DISCRIMINATION', 'PROGRAMMES OF ACTION']",[],all_match
5141,3897076,https://digitallibrary.un.org/record/3897076,A/RES/75/254[C],"['UN', 'BUDGET (2021)']",[],"['UN', 'BUDGET (2021)']",no_match
5142,3897077,https://digitallibrary.un.org/record/3897077,A/RES/75/254[A],"['UN', 'BUDGET (2021)']",[],"['UN', 'BUDGET (2021)']",no_match
5143,3897078,https://digitallibrary.un.org/record/3897078,A/RES/75/254[B],"['UN', 'BUDGET (2021)']",[],"['UN', 'BUDGET (2021)']",no_match
5144,3902234,https://digitallibrary.un.org/record/3902234,A/RES/75/260,"['HIV/AIDS', 'DECLARATIONS']","['HIV/AIDS', 'DECLARATIONS']",[],all_match
5145,3903150,https://digitallibrary.un.org/record/3903150,A/RES/75/265,"['ORGANISATION FOR THE PROHIBITION OF CHEMICAL WEAPONS', 'UN']",[],"['ORGANISATION FOR THE PROHIBITION OF CHEMICAL WEAPONS', 'UN']",no_match
5146,3926467,https://digitallibrary.un.org/record/3926467,A/RES/75/277,['RESPONSIBILITY TO PROTECT'],['RESPONSIBILITY TO PROTECT'],[],all_match
5147,3928346,https://digitallibrary.un.org/record/3928346,A/RES/75/284,"['HIV/AIDS', 'DECLARATIONS']","['HIV/AIDS', 'DECLARATIONS']",[],all_match
5148,3929264,https://digitallibrary.un.org/record/3929264,A/RES/75/285,['ORGANIZATION FOR DEMOCRACY AND ECONOMIC DEVELOPMENT - GUAM'],[],['ORGANIZATION FOR DEMOCRACY AND ECONOMIC DEVELOPMENT - GUAM'],no_match
5149,3929594,https://digitallibrary.un.org/record/3929594,A/RES/75/287,['ARMED CONFLICTS PREVENTION'],[],['ARMED CONFLICTS PREVENTION'],no_match
5150,3929865,https://digitallibrary.un.org/record/3929865,A/RES/75/289,"['CUBA', 'UNITED STATES']","['CUBA', 'UNITED STATES']",[],all_match
5151,3930118,https://digitallibrary.un.org/record/3930118,A/RES/75/290A,"['UN CONFERENCES', 'MILLENNIUM SUMMIT', 'CONFERENCES']",['CONFERENCES'],"['UN CONFERENCES', 'MILLENNIUM SUMMIT']",partial_match
5152,3930612,https://digitallibrary.un.org/record/3930612,A/RES/75/250B,"['UN INTERIM FORCE IN LEBANON', 'FINANCING']",['FINANCING'],['UN INTERIM FORCE IN LEBANON'],partial_match
5153,3949878,https://digitallibrary.un.org/record/3949878,A/RES/76/11,['MIDDLE EAST SITUATION'],['MIDDLE EAST SITUATION'],[],all_match
5154,3949881,https://digitallibrary.un.org/record/3949881,A/RES/76/10,['PALESTINE QUESTION'],['PALESTINE QUESTION'],[],all_match
5155,3949882,https://digitallibrary.un.org/record/3949882,A/RES/76/12,['MIDDLE EAST SITUATION'],['MIDDLE EAST SITUATION'],[],all_match
5156,3950466,https://digitallibrary.un.org/record/3950466,A/RES/76/48,"['NUCLEAR DISARMAMENT', 'DECLARATIONS']","['NUCLEAR DISARMAMENT', 'DECLARATIONS']",[],all_match
5157,3950467,https://digitallibrary.un.org/record/3950467,A/RES/76/50,"['ARMS TRANSFERS', 'TREATIES']","['ARMS TRANSFERS', 'TREATIES']",[],all_match
5158,3950468,https://digitallibrary.un.org/record/3950468,A/RES/76/51,"['FISSIONABLE MATERIALS', 'TREATIES']","['FISSIONABLE MATERIALS', 'TREATIES']",[],all_match
5159,3950469,https://digitallibrary.un.org/record/3950469,A/RES/76/47,['CLUSTER MUNITIONS'],['CLUSTER MUNITIONS'],[],all_match
5160,3950470,https://digitallibrary.un.org/record/3950470,A/RES/76/65,"['MEDITERRANEAN REGION', 'REGIONAL SECURITY']","['MEDITERRANEAN REGION', 'REGIONAL SECURITY']",[],all_match
5161,3950471,https://digitallibrary.un.org/record/3950471,A/RES/76/53,"['NUCLEAR WEAPONS USE', 'UN. INTERNATIONAL COURT OF JUSTICE OPINION']",['NUCLEAR WEAPONS USE'],['UN. INTERNATIONAL COURT OF JUSTICE OPINION'],partial_match
5162,3950472,https://digitallibrary.un.org/record/3950472,A/RES/76/54,"['NUCLEAR WEAPONS', 'ELIMINATION']",['NUCLEAR WEAPONS'],['ELIMINATION'],partial_match
5163,3950473,https://digitallibrary.un.org/record/3950473,A/RES/76/56,"['NUCLEAR WEAPONS USE', 'TREATIES']","['NUCLEAR WEAPONS USE', 'TREATIES']",[],all_match
5164,3950474,https://digitallibrary.un.org/record/3950474,A/RES/76/63,"['MIDDLE EAST', 'NUCLEAR PROLIFERATION']",['MIDDLE EAST'],['NUCLEAR PROLIFERATION'],partial_match
5165,3950475,https://digitallibrary.un.org/record/3950475,A/RES/76/66,"['NUCLEAR WEAPON TESTS', 'TREATIES']","['NUCLEAR WEAPON TESTS', 'TREATIES']",[],all_match
5166,3950476,https://digitallibrary.un.org/record/3950476,A/RES/76/46,['NUCLEAR DISARMAMENT'],['NUCLEAR DISARMAMENT'],[],all_match
5167,3950477,https://digitallibrary.un.org/record/3950477,A/RES/76/44,"['SOUTHERN HEMISPHERE', 'NUCLEAR-WEAPON-FREE ZONES']",['NUCLEAR-WEAPON-FREE ZONES'],['SOUTHERN HEMISPHERE'],partial_match
5168,3950561,https://digitallibrary.un.org/record/3950561,A/RES/76/36,"['NUCLEAR DISARMAMENT', 'CONFERENCES']","['NUCLEAR DISARMAMENT', 'CONFERENCES']",[],all_match
5169,3950562,https://digitallibrary.un.org/record/3950562,A/RES/76/40,"['MULTILATERALISM', 'DISARMAMENT']","['MULTILATERALISM', 'DISARMAMENT']",[],all_match
5170,3950563,https://digitallibrary.un.org/record/3950563,A/RES/76/42,"['CONVENTIONAL ARMS', 'REGIONAL PROGRAMMES']",['REGIONAL PROGRAMMES'],['CONVENTIONAL ARMS'],partial_match
5171,3950564,https://digitallibrary.un.org/record/3950564,A/RES/76/30,"['NUCLEAR WEAPONS', 'HUMANITARIAN CONSEQUENCES']",['NUCLEAR WEAPONS'],['HUMANITARIAN CONSEQUENCES'],partial_match
5172,3950565,https://digitallibrary.un.org/record/3950565,A/RES/76/31,"['NUCLEAR NON-PROLIFERATION', 'INTERNATIONAL OBLIGATIONS']","['NUCLEAR NON-PROLIFERATION', 'INTERNATIONAL OBLIGATIONS']",[],all_match
5173,3950566,https://digitallibrary.un.org/record/3950566,A/RES/76/33,"['NUCLEAR NON-PROLIFERATION', 'TREATY COMPLIANCE']","['NUCLEAR NON-PROLIFERATION', 'TREATY COMPLIANCE']",[],all_match
5174,3950567,https://digitallibrary.un.org/record/3950567,A/RES/76/34,"['NUCLEAR WEAPONS', 'TREATIES']","['NUCLEAR WEAPONS', 'TREATIES']",[],all_match
5175,3950568,https://digitallibrary.un.org/record/3950568,A/RES/76/25,['NUCLEAR-WEAPON-FREE ZONES'],['NUCLEAR-WEAPON-FREE ZONES'],[],all_match
5176,3950569,https://digitallibrary.un.org/record/3950569,A/RES/76/26,"['LANDMINES', 'TREATIES']","['LANDMINES', 'TREATIES']",[],all_match
5177,3950570,https://digitallibrary.un.org/record/3950570,A/RES/76/27,['NUCLEAR NON-PROLIFERATION'],['NUCLEAR NON-PROLIFERATION'],[],all_match
5178,3950571,https://digitallibrary.un.org/record/3950571,A/RES/76/29,"['CHEMICAL WEAPONS', 'TREATIES']","['CHEMICAL WEAPONS', 'TREATIES']",[],all_match
5179,3950572,https://digitallibrary.un.org/record/3950572,A/RES/76/20,"['MIDDLE EAST', 'NUCLEAR-WEAPON-FREE ZONES']","['MIDDLE EAST', 'NUCLEAR-WEAPON-FREE ZONES']",[],all_match
5180,3950573,https://digitallibrary.un.org/record/3950573,A/RES/76/21,"['NON-NUCLEAR-WEAPON STATES', 'SECURITY']",['NON-NUCLEAR-WEAPON STATES'],['SECURITY'],partial_match
5181,3950574,https://digitallibrary.un.org/record/3950574,A/RES/76/23,"['WEAPONS', 'OUTER SPACE']",['OUTER SPACE'],['WEAPONS'],partial_match
5182,3950575,https://digitallibrary.un.org/record/3950575,A/RES/76/17,"['INDIAN OCEAN', 'ZONES OF PEACE']","['INDIAN OCEAN', 'ZONES OF PEACE']",[],all_match
5183,3950576,https://digitallibrary.un.org/record/3950576,A/RES/76/49,"['NUCLEAR DISARMAMENT', 'TREATY COMPLIANCE']","['NUCLEAR DISARMAMENT', 'TREATY COMPLIANCE']",[],all_match
5184,3950786,https://digitallibrary.un.org/record/3950786,A/RES/76/69,['PEACE'],['PEACE'],[],all_match
5185,3950789,https://digitallibrary.un.org/record/3950789,A/RES/76/70,['ARMED CONFLICTS PREVENTION'],[],['ARMED CONFLICTS PREVENTION'],no_match
5186,3950793,https://digitallibrary.un.org/record/3950793,A/RES/76/85,"['NON-SELF-GOVERNING TERRITORIES', 'REPORTS']",['NON-SELF-GOVERNING TERRITORIES'],['REPORTS'],partial_match
5187,3950795,https://digitallibrary.un.org/record/3950795,A/RES/76/86,"['NON-SELF-GOVERNING TERRITORIES', 'ECONOMIC INTERESTS']",['NON-SELF-GOVERNING TERRITORIES'],['ECONOMIC INTERESTS'],partial_match
5188,3950796,https://digitallibrary.un.org/record/3950796,A/RES/76/87,"['DECOLONIZATION', 'UN SYSTEM']",['DECOLONIZATION'],['UN SYSTEM'],partial_match
5189,3950798,https://digitallibrary.un.org/record/3950798,A/RES/76/82,"['TERRITORIES OCCUPIED BY ISRAEL', 'HUMAN RIGHTS']","['TERRITORIES OCCUPIED BY ISRAEL', 'HUMAN RIGHTS']",[],all_match
5190,3950799,https://digitallibrary.un.org/record/3950799,A/RES/76/81,"['TERRITORIES OCCUPIED BY ISRAEL', 'HUMAN RIGHTS']","['TERRITORIES OCCUPIED BY ISRAEL', 'HUMAN RIGHTS']",[],all_match
5191,3950802,https://digitallibrary.un.org/record/3950802,A/RES/76/79,"['UNRWA', 'ACTIVITIES']",['ACTIVITIES'],['UNRWA'],partial_match
5192,3950806,https://digitallibrary.un.org/record/3950806,A/RES/76/80,"['TERRITORIES OCCUPIED BY ISRAEL', 'HUMAN RIGHTS']","['TERRITORIES OCCUPIED BY ISRAEL', 'HUMAN RIGHTS']",[],all_match
5193,3950868,https://digitallibrary.un.org/record/3950868,A/RES/76/77,"['UNRWA', 'ACTIVITIES']",['ACTIVITIES'],['UNRWA'],partial_match
5194,3950870,https://digitallibrary.un.org/record/3950870,A/RES/76/78,"['UNRWA', 'ACTIVITIES']",['ACTIVITIES'],['UNRWA'],partial_match
5195,3950871,https://digitallibrary.un.org/record/3950871,A/RES/76/104,['DECOLONIZATION'],['DECOLONIZATION'],[],all_match
5196,3950872,https://digitallibrary.un.org/record/3950872,A/RES/76/105,['DECOLONIZATION'],['DECOLONIZATION'],[],all_match
5197,3951456,https://digitallibrary.un.org/record/3951456,A/RES/76/175,['HUMAN RIGHTS ADVANCEMENT'],['HUMAN RIGHTS ADVANCEMENT'],[],all_match
5198,3951457,https://digitallibrary.un.org/record/3951457,A/RES/76/178,"['HUMAN RIGHTS', 'REPORTS', 'HUMAN RIGHTS', 'IRAN (ISLAMIC REPUBLIC OF)']","['HUMAN RIGHTS', 'HUMAN RIGHTS', 'IRAN (ISLAMIC REPUBLIC OF)']",['REPORTS'],partial_match
5199,3951458,https://digitallibrary.un.org/record/3951458,A/RES/76/179,"['HUMAN RIGHTS', 'REPORTS', 'HUMAN RIGHTS', 'UKRAINE']","['HUMAN RIGHTS', 'HUMAN RIGHTS', 'UKRAINE']",['REPORTS'],partial_match
5200,3951459,https://digitallibrary.un.org/record/3951459,A/RES/76/162,['HUMAN RIGHTS ADVANCEMENT'],['HUMAN RIGHTS ADVANCEMENT'],[],all_match
5201,3951460,https://digitallibrary.un.org/record/3951460,A/RES/76/163,"['HUMAN RIGHTS ADVANCEMENT', 'RIGHT TO DEVELOPMENT']","['HUMAN RIGHTS ADVANCEMENT', 'RIGHT TO DEVELOPMENT']",[],all_match
5202,3951461,https://digitallibrary.un.org/record/3951461,A/RES/76/165,"['HUMAN RIGHTS ADVANCEMENT', 'DEMOCRACY']","['HUMAN RIGHTS ADVANCEMENT', 'DEMOCRACY']",[],all_match
5203,3951462,https://digitallibrary.un.org/record/3951462,A/RES/76/166,"['HUMAN RIGHTS ADVANCEMENT', 'RIGHT TO FOOD']","['HUMAN RIGHTS ADVANCEMENT', 'RIGHT TO FOOD']",[],all_match
5204,3951463,https://digitallibrary.un.org/record/3951463,A/RES/76/155,"['HUMAN RIGHTS ADVANCEMENT', 'HUMAN RIGHTS INSTITUTIONS', 'SOUTHWEST ASIA AND ARAB COUNTRIES']","['HUMAN RIGHTS ADVANCEMENT', 'HUMAN RIGHTS INSTITUTIONS']",['SOUTHWEST ASIA AND ARAB COUNTRIES'],partial_match
5205,3951464,https://digitallibrary.un.org/record/3951464,A/RES/76/160,['HUMAN RIGHTS ADVANCEMENT'],['HUMAN RIGHTS ADVANCEMENT'],[],all_match
5206,3951465,https://digitallibrary.un.org/record/3951465,A/RES/76/161,"['HUMAN RIGHTS ADVANCEMENT', 'SANCTIONS', 'INTERNATIONAL RELATIONS']","['HUMAN RIGHTS ADVANCEMENT', 'SANCTIONS', 'INTERNATIONAL RELATIONS']",[],all_match
5207,3951466,https://digitallibrary.un.org/record/3951466,A/RES/76/149,"['RACIAL DISCRIMINATION', 'ELIMINATION']",['RACIAL DISCRIMINATION'],['ELIMINATION'],partial_match
5208,3951467,https://digitallibrary.un.org/record/3951467,A/RES/76/150,['SELF-DETERMINATION OF PEOPLES'],['SELF-DETERMINATION OF PEOPLES'],[],all_match
5209,3951468,https://digitallibrary.un.org/record/3951468,A/RES/76/151,"['SELF-DETERMINATION OF PEOPLES', 'MERCENARIES']","['SELF-DETERMINATION OF PEOPLES', 'MERCENARIES']",[],all_match
5210,3951469,https://digitallibrary.un.org/record/3951469,A/RES/76/143,"['UN HIGH COMMISSIONER FOR REFUGEES', 'REPORTS']",[],"['UN HIGH COMMISSIONER FOR REFUGEES', 'REPORTS']",no_match
5211,3951470,https://digitallibrary.un.org/record/3951470,A/RES/76/145,"['UN. HUMAN RIGHTS COUNCIL', 'REPORTS']",[],"['UN. HUMAN RIGHTS COUNCIL', 'REPORTS']",no_match
5212,3951471,https://digitallibrary.un.org/record/3951471,A/RES/76/134,"['SOCIAL DEVELOPMENT', 'CONFERENCES']","['SOCIAL DEVELOPMENT', 'CONFERENCES']",[],all_match
5213,3951510,https://digitallibrary.un.org/record/3951510,A/RES/76/191,['INTERNATIONAL TRADE'],['INTERNATIONAL TRADE'],[],all_match
5214,3951511,https://digitallibrary.un.org/record/3951511,A/RES/76/192,['DEVELOPMENT FINANCE'],['DEVELOPMENT FINANCE'],[],all_match
5215,3951513,https://digitallibrary.un.org/record/3951513,A/RES/76/190,['INTERNATIONAL TRADE'],['INTERNATIONAL TRADE'],[],all_match
5216,3951514,https://digitallibrary.un.org/record/3951514,A/RES/76/225,"['TERRITORIES OCCUPIED BY ISRAEL', 'NATURAL RESOURCES']","['TERRITORIES OCCUPIED BY ISRAEL', 'NATURAL RESOURCES']",[],all_match
5217,3951515,https://digitallibrary.un.org/record/3951515,A/RES/76/199,['SUSTAINABLE DEVELOPMENT'],['SUSTAINABLE DEVELOPMENT'],[],all_match
5218,3951516,https://digitallibrary.un.org/record/3951516,A/RES/76/211,['STORMS'],['STORMS'],[],all_match
5219,3951518,https://digitallibrary.un.org/record/3951518,A/RES/76/219,['RURAL POVERTY'],['RURAL POVERTY'],[],all_match
5220,3951519,https://digitallibrary.un.org/record/3951519,A/RES/76/194,['COMMODITIES'],['COMMODITIES'],[],all_match
5221,3951523,https://digitallibrary.un.org/record/3951523,A/RES/76/200,['SUSTAINABLE DEVELOPMENT'],['SUSTAINABLE DEVELOPMENT'],[],all_match
5222,3952165,https://digitallibrary.un.org/record/3952165,A/RES/76/245,"['UN', 'BUDGET (2022)']",[],"['UN', 'BUDGET (2022)']",no_match
5223,3952166,https://digitallibrary.un.org/record/3952166,A/RES/76/233,['CONVENTIONAL WEAPONS'],['CONVENTIONAL WEAPONS'],[],all_match
5224,3952167,https://digitallibrary.un.org/record/3952167,A/RES/76/234,"['DISARMAMENT', 'GENERAL AND COMPLETE']",['DISARMAMENT'],['GENERAL AND COMPLETE'],partial_match
5225,3952168,https://digitallibrary.un.org/record/3952168,A/RES/76/230,"['DISARMAMENT AGREEMENTS', 'OUTER SPACE']","['DISARMAMENT AGREEMENTS', 'OUTER SPACE']",[],all_match
5226,3952169,https://digitallibrary.un.org/record/3952169,A/RES/76/228,"['HUMAN RIGHTS', 'REPORTS', 'HUMAN RIGHTS', 'SYRIAN ARAB REPUBLIC']","['HUMAN RIGHTS', 'HUMAN RIGHTS', 'SYRIAN ARAB REPUBLIC']",['REPORTS'],partial_match
5227,3952170,https://digitallibrary.un.org/record/3952170,A/RES/76/231,"['OUTER SPACE', 'PRINCIPLES']","['OUTER SPACE', 'PRINCIPLES']",[],all_match
5228,3952171,https://digitallibrary.un.org/record/3952171,A/RES/76/226,"['RACIAL DISCRIMINATION', 'PROGRAMMES OF ACTION']","['RACIAL DISCRIMINATION', 'PROGRAMMES OF ACTION']",[],all_match
5229,3954788,https://digitallibrary.un.org/record/3954788,A/RES/76/72,['LAW OF THE SEA'],['LAW OF THE SEA'],[],all_match
5230,3959039,https://digitallibrary.un.org/record/3959039,A/RES/ES-11/1,"['UKRAINE', 'POLITICAL CONDITIONS']","['UKRAINE', 'POLITICAL CONDITIONS']",[],all_match
5231,3965954,https://digitallibrary.un.org/record/3965954,A/RES/ES-11/2,"['UKRAINE', 'POLITICAL CONDITIONS']","['UKRAINE', 'POLITICAL CONDITIONS']",[],all_match
5232,3967778,https://digitallibrary.un.org/record/3967778,A/RES/ES-11/3,"['UKRAINE', 'POLITICAL CONDITIONS']","['UKRAINE', 'POLITICAL CONDITIONS']",[],all_match
5233,3976352,https://digitallibrary.un.org/record/3976352,A/RES/76/267,['ORGANIZATION FOR DEMOCRACY AND ECONOMIC DEVELOPMENT - GUAM'],[],['ORGANIZATION FOR DEMOCRACY AND ECONOMIC DEVELOPMENT - GUAM'],no_match
5234,3979135,https://digitallibrary.un.org/record/3979135,A/RES/76/290,"['UN INTERIM FORCE IN LEBANON', 'FINANCING']",['FINANCING'],['UN INTERIM FORCE IN LEBANON'],partial_match
5235,3982659,https://digitallibrary.un.org/record/3982659,A/RES/76/300,['HUMAN RIGHTS ADVANCEMENT'],['HUMAN RIGHTS ADVANCEMENT'],[],all_match
5236,3990400,https://digitallibrary.un.org/record/3990400,A/RES/ES-11/4,"['UKRAINE', 'POLITICAL CONDITIONS']","['UKRAINE', 'POLITICAL CONDITIONS']",[],all_match
5237,3993232,https://digitallibrary.un.org/record/3993232,A/RES/77/7,"['CUBA', 'UNITED STATES']","['CUBA', 'UNITED STATES']",[],all_match
5238,3993873,https://digitallibrary.un.org/record/3993873,A/RES/77/10,['AFGHANISTAN SITUATION'],['AFGHANISTAN SITUATION'],[],all_match
5239,3994052,https://digitallibrary.un.org/record/3994052,A/RES/ES-11/5,"['UKRAINE', 'POLITICAL CONDITIONS']","['UKRAINE', 'POLITICAL CONDITIONS']",[],all_match
5240,3995020,https://digitallibrary.un.org/record/3995020,A/RES/77/13,"['COLLECTIVE SECURITY TREATY ORGANIZATION', 'UN']",[],"['COLLECTIVE SECURITY TREATY ORGANIZATION', 'UN']",no_match
5241,3995021,https://digitallibrary.un.org/record/3995021,A/RES/77/19,"['CENTRAL EUROPEAN INITIATIVE', 'UN']",[],"['CENTRAL EUROPEAN INITIATIVE', 'UN']",no_match
5242,3996092,https://digitallibrary.un.org/record/3996092,A/RES/77/24,['PALESTINE QUESTION'],['PALESTINE QUESTION'],[],all_match
5243,3996093,https://digitallibrary.un.org/record/3996093,A/RES/77/25,['PALESTINE QUESTION'],['PALESTINE QUESTION'],[],all_match
5244,3996094,https://digitallibrary.un.org/record/3996094,A/RES/77/26,['MIDDLE EAST SITUATION'],['MIDDLE EAST SITUATION'],[],all_match
5245,3996095,https://digitallibrary.un.org/record/3996095,A/RES/77/23,['PALESTINE QUESTION'],['PALESTINE QUESTION'],[],all_match
5246,3996096,https://digitallibrary.un.org/record/3996096,A/RES/77/22,['PALESTINE QUESTION'],['PALESTINE QUESTION'],[],all_match
5247,3996836,https://digitallibrary.un.org/record/3996836,A/RES/77/96,['DUAL-USE TECHNOLOGY'],['DUAL-USE TECHNOLOGY'],[],all_match
5248,3996837,https://digitallibrary.un.org/record/3996837,A/RES/77/91,"['MIDDLE EAST', 'NUCLEAR PROLIFERATION']",['MIDDLE EAST'],['NUCLEAR PROLIFERATION'],partial_match
5249,3996838,https://digitallibrary.un.org/record/3996838,A/RES/77/93,"['MEDITERRANEAN REGION', 'REGIONAL SECURITY']","['MEDITERRANEAN REGION', 'REGIONAL SECURITY']",[],all_match
5250,3996839,https://digitallibrary.un.org/record/3996839,A/RES/77/94,"['NUCLEAR WEAPON TESTS', 'TREATIES']","['NUCLEAR WEAPON TESTS', 'TREATIES']",[],all_match
5251,3996881,https://digitallibrary.un.org/record/3996881,A/RES/77/66,"['DISARMAMENT', 'GENERAL AND COMPLETE']",['DISARMAMENT'],['GENERAL AND COMPLETE'],partial_match
5252,3996894,https://digitallibrary.un.org/record/3996894,A/RES/77/65,['NUCLEAR DISARMAMENT'],['NUCLEAR DISARMAMENT'],[],all_match
5253,3996895,https://digitallibrary.un.org/record/3996895,A/RES/77/67,['NUCLEAR-WEAPON-FREE ZONES'],['NUCLEAR-WEAPON-FREE ZONES'],[],all_match
5254,3996896,https://digitallibrary.un.org/record/3996896,A/RES/77/63,"['LANDMINES', 'TREATIES']","['LANDMINES', 'TREATIES']",[],all_match
5255,3996897,https://digitallibrary.un.org/record/3996897,A/RES/77/68,"['FISSIONABLE MATERIALS', 'TREATIES']","['FISSIONABLE MATERIALS', 'TREATIES']",[],all_match
5256,3996898,https://digitallibrary.un.org/record/3996898,A/RES/77/62,"['ARMS TRANSFERS', 'TREATIES']","['ARMS TRANSFERS', 'TREATIES']",[],all_match
5257,3996899,https://digitallibrary.un.org/record/3996899,A/RES/77/69,"['ARMS TRANSFERS', 'TRANSPARENCY']",['ARMS TRANSFERS'],['TRANSPARENCY'],partial_match
5258,3996900,https://digitallibrary.un.org/record/3996900,A/RES/77/61,"['CONVENTIONAL ARMS', 'REGIONAL PROGRAMMES']",['REGIONAL PROGRAMMES'],['CONVENTIONAL ARMS'],partial_match
5259,3996901,https://digitallibrary.un.org/record/3996901,A/RES/77/57,"['NUCLEAR WEAPONS USE', 'UN. INTERNATIONAL COURT OF JUSTICE OPINION']",['NUCLEAR WEAPONS USE'],['UN. INTERNATIONAL COURT OF JUSTICE OPINION'],partial_match
5260,3996902,https://digitallibrary.un.org/record/3996902,A/RES/77/58,"['BALLISTIC MISSILES', 'CODES OF CONDUCT']","['BALLISTIC MISSILES', 'CODES OF CONDUCT']",[],all_match
5261,3996903,https://digitallibrary.un.org/record/3996903,A/RES/77/53,"['NUCLEAR WEAPONS', 'HUMANITARIAN CONSEQUENCES']",['NUCLEAR WEAPONS'],['HUMANITARIAN CONSEQUENCES'],partial_match
5262,3996904,https://digitallibrary.un.org/record/3996904,A/RES/77/73,"['CHEMICAL WEAPONS', 'TREATIES']","['CHEMICAL WEAPONS', 'TREATIES']",[],all_match
5263,3996905,https://digitallibrary.un.org/record/3996905,A/RES/77/54,"['NUCLEAR WEAPONS', 'TREATIES']","['NUCLEAR WEAPONS', 'TREATIES']",[],all_match
5264,3996906,https://digitallibrary.un.org/record/3996906,A/RES/77/50,"['CHEMICAL AND BIOLOGICAL WARFARE', 'TREATIES']","['CHEMICAL AND BIOLOGICAL WARFARE', 'TREATIES']",[],all_match
5265,3996907,https://digitallibrary.un.org/record/3996907,A/RES/77/74,['NUCLEAR NON-PROLIFERATION'],['NUCLEAR NON-PROLIFERATION'],[],all_match
5266,3996908,https://digitallibrary.un.org/record/3996908,A/RES/77/49,['DEPLETED URANIUM'],['DEPLETED URANIUM'],[],all_match
5267,3996909,https://digitallibrary.un.org/record/3996909,A/RES/77/76,"['NUCLEAR WEAPONS', 'ELIMINATION']",['NUCLEAR WEAPONS'],['ELIMINATION'],partial_match
5268,3996910,https://digitallibrary.un.org/record/3996910,A/RES/77/47,"['NUCLEAR DISARMAMENT', 'CONFERENCES']","['NUCLEAR DISARMAMENT', 'CONFERENCES']",[],all_match
5269,3996911,https://digitallibrary.un.org/record/3996911,A/RES/77/77,"['RADIOACTIVE MATERIALS', 'TERRORISM']","['RADIOACTIVE MATERIALS', 'TERRORISM']",[],all_match
5270,3996912,https://digitallibrary.un.org/record/3996912,A/RES/77/48,"['MULTILATERALISM', 'DISARMAMENT']","['MULTILATERALISM', 'DISARMAMENT']",[],all_match
5271,3996913,https://digitallibrary.un.org/record/3996913,A/RES/77/42,"['WEAPONS', 'OUTER SPACE']",['OUTER SPACE'],['WEAPONS'],partial_match
5272,3996914,https://digitallibrary.un.org/record/3996914,A/RES/77/78,['DISARMAMENT AGREEMENTS'],['DISARMAMENT AGREEMENTS'],[],all_match
5273,3996915,https://digitallibrary.un.org/record/3996915,A/RES/77/41,"['ARMS RACE', 'OUTER SPACE']","['ARMS RACE', 'OUTER SPACE']",[],all_match
5274,3996916,https://digitallibrary.un.org/record/3996916,A/RES/77/39,"['NON-NUCLEAR-WEAPON STATES', 'SECURITY']",['NON-NUCLEAR-WEAPON STATES'],['SECURITY'],partial_match
5275,3996917,https://digitallibrary.un.org/record/3996917,A/RES/77/79,['CLUSTER MUNITIONS'],['CLUSTER MUNITIONS'],[],all_match
5276,3996918,https://digitallibrary.un.org/record/3996918,A/RES/77/38,"['MIDDLE EAST', 'NUCLEAR-WEAPON-FREE ZONES']","['MIDDLE EAST', 'NUCLEAR-WEAPON-FREE ZONES']",[],all_match
5277,3996919,https://digitallibrary.un.org/record/3996919,A/RES/77/37,"['INFORMATION', 'INTERNATIONAL SECURITY']","['INFORMATION', 'INTERNATIONAL SECURITY']",[],all_match
5278,3996920,https://digitallibrary.un.org/record/3996920,A/RES/77/82,"['NUCLEAR WEAPONS USE', 'TREATIES']","['NUCLEAR WEAPONS USE', 'TREATIES']",[],all_match
5279,3996921,https://digitallibrary.un.org/record/3996921,A/RES/77/36,"['INFORMATION', 'INTERNATIONAL SECURITY']","['INFORMATION', 'INTERNATIONAL SECURITY']",[],all_match
5280,3997044,https://digitallibrary.un.org/record/3997044,A/RES/77/89,"['UN. CONFERENCE ON DISARMAMENT', 'REPORTS']",[],"['UN. CONFERENCE ON DISARMAMENT', 'REPORTS']",no_match
5281,3997179,https://digitallibrary.un.org/record/3997179,A/RES/77/129,"['NON-SELF-GOVERNING TERRITORIES', 'REPORTS']",['NON-SELF-GOVERNING TERRITORIES'],['REPORTS'],partial_match
5282,3997180,https://digitallibrary.un.org/record/3997180,A/RES/77/126,"['UNRWA', 'ACTIVITIES']",['ACTIVITIES'],['UNRWA'],partial_match
5283,3997230,https://digitallibrary.un.org/record/3997230,A/RES/77/131,"['DECOLONIZATION', 'UN SYSTEM']",['DECOLONIZATION'],['UN SYSTEM'],partial_match
5284,3997231,https://digitallibrary.un.org/record/3997231,A/RES/77/130,"['NON-SELF-GOVERNING TERRITORIES', 'ECONOMIC INTERESTS']",['NON-SELF-GOVERNING TERRITORIES'],['ECONOMIC INTERESTS'],partial_match
5285,3997232,https://digitallibrary.un.org/record/3997232,A/RES/77/125,"['TERRITORIES OCCUPIED BY ISRAEL', 'HUMAN RIGHTS']","['TERRITORIES OCCUPIED BY ISRAEL', 'HUMAN RIGHTS']",[],all_match
5286,3997233,https://digitallibrary.un.org/record/3997233,A/RES/77/124,"['UNRWA', 'ACTIVITIES']",['ACTIVITIES'],['UNRWA'],partial_match
5287,3997234,https://digitallibrary.un.org/record/3997234,A/RES/77/123,"['UNRWA', 'ACTIVITIES']",['ACTIVITIES'],['UNRWA'],partial_match
5288,3997235,https://digitallibrary.un.org/record/3997235,A/RES/77/122,"['UNRWA', 'ACTIVITIES']",['ACTIVITIES'],['UNRWA'],partial_match
5289,3997237,https://digitallibrary.un.org/record/3997237,A/RES/77/149,['DECOLONIZATION'],['DECOLONIZATION'],[],all_match
5290,3997238,https://digitallibrary.un.org/record/3997238,A/RES/77/148,['DECOLONIZATION'],['DECOLONIZATION'],[],all_match
5291,3997573,https://digitallibrary.un.org/record/3997573,A/RES/77/160,['SUSTAINABLE DEVELOPMENT'],['SUSTAINABLE DEVELOPMENT'],[],all_match
5292,3997574,https://digitallibrary.un.org/record/3997574,A/RES/77/157,['SUSTAINABLE DEVELOPMENT'],['SUSTAINABLE DEVELOPMENT'],[],all_match
5293,3997612,https://digitallibrary.un.org/record/3997612,A/RES/77/175,"['GLOBALIZATION', 'UN']",['GLOBALIZATION'],['UN'],partial_match
5294,3997619,https://digitallibrary.un.org/record/3997619,A/RES/77/174,"['GLOBALIZATION', 'INTERDEPENDENCE']","['GLOBALIZATION', 'INTERDEPENDENCE']",[],all_match
5295,3997625,https://digitallibrary.un.org/record/3997625,A/RES/77/171,['STORMS'],['STORMS'],[],all_match
5296,3997632,https://digitallibrary.un.org/record/3997632,A/RES/77/183,['RURAL POVERTY'],['RURAL POVERTY'],[],all_match
5297,3997638,https://digitallibrary.un.org/record/3997638,A/RES/77/187,"['TERRITORIES OCCUPIED BY ISRAEL', 'NATURAL RESOURCES']","['TERRITORIES OCCUPIED BY ISRAEL', 'NATURAL RESOURCES']",[],all_match
5298,3997709,https://digitallibrary.un.org/record/3997709,A/RES/77/238,['NARCOTIC DRUGS'],['NARCOTIC DRUGS'],[],all_match
5299,3997710,https://digitallibrary.un.org/record/3997710,A/RES/77/230,"['HUMAN RIGHTS', 'REPORTS', 'HUMAN RIGHTS', 'SYRIAN ARAB REPUBLIC']","['HUMAN RIGHTS', 'HUMAN RIGHTS', 'SYRIAN ARAB REPUBLIC']",['REPORTS'],partial_match
5300,3997713,https://digitallibrary.un.org/record/3997713,A/RES/77/229,"['HUMAN RIGHTS', 'REPORTS', 'HUMAN RIGHTS', 'UKRAINE']","['HUMAN RIGHTS', 'HUMAN RIGHTS', 'UKRAINE']",['REPORTS'],partial_match
5301,3997720,https://digitallibrary.un.org/record/3997720,A/RES/77/228,"['HUMAN RIGHTS', 'REPORTS', 'HUMAN RIGHTS', 'IRAN (ISLAMIC REPUBLIC OF)']","['HUMAN RIGHTS', 'HUMAN RIGHTS', 'IRAN (ISLAMIC REPUBLIC OF)']",['REPORTS'],partial_match
5302,3997726,https://digitallibrary.un.org/record/3997726,A/RES/77/222,"['HUMAN RIGHTS ADVANCEMENT', 'CAPITAL PUNISHMENT']","['HUMAN RIGHTS ADVANCEMENT', 'CAPITAL PUNISHMENT']",[],all_match
5303,3997731,https://digitallibrary.un.org/record/3997731,A/RES/77/218,"['HUMAN RIGHTS ADVANCEMENT', 'SUMMARY EXECUTIONS']","['HUMAN RIGHTS ADVANCEMENT', 'SUMMARY EXECUTIONS']",[],all_match
5304,3997738,https://digitallibrary.un.org/record/3997738,A/RES/77/216,['HUMAN RIGHTS ADVANCEMENT'],['HUMAN RIGHTS ADVANCEMENT'],[],all_match
5305,3997741,https://digitallibrary.un.org/record/3997741,A/RES/77/215,"['HUMAN RIGHTS ADVANCEMENT', 'DEMOCRACY']","['HUMAN RIGHTS ADVANCEMENT', 'DEMOCRACY']",[],all_match
5306,3997744,https://digitallibrary.un.org/record/3997744,A/RES/77/214,"['HUMAN RIGHTS ADVANCEMENT', 'SANCTIONS', 'INTERNATIONAL RELATIONS']","['HUMAN RIGHTS ADVANCEMENT', 'SANCTIONS', 'INTERNATIONAL RELATIONS']",[],all_match
5307,3997748,https://digitallibrary.un.org/record/3997748,A/RES/77/212,"['HUMAN RIGHTS ADVANCEMENT', 'RIGHT TO DEVELOPMENT']","['HUMAN RIGHTS ADVANCEMENT', 'RIGHT TO DEVELOPMENT']",[],all_match
5308,3997749,https://digitallibrary.un.org/record/3997749,A/RES/77/208,['SELF-DETERMINATION OF PEOPLES'],['SELF-DETERMINATION OF PEOPLES'],[],all_match
5309,3997750,https://digitallibrary.un.org/record/3997750,A/RES/77/206,"['SELF-DETERMINATION OF PEOPLES', 'MERCENARIES']","['SELF-DETERMINATION OF PEOPLES', 'MERCENARIES']",[],all_match
5310,3997760,https://digitallibrary.un.org/record/3997760,A/RES/77/205,"['RACIAL DISCRIMINATION', 'PROGRAMMES OF ACTION']","['RACIAL DISCRIMINATION', 'PROGRAMMES OF ACTION']",[],all_match
5311,3997769,https://digitallibrary.un.org/record/3997769,A/RES/77/204,"['RACIAL DISCRIMINATION', 'ELIMINATION']",['RACIAL DISCRIMINATION'],['ELIMINATION'],partial_match
5312,3997770,https://digitallibrary.un.org/record/3997770,A/RES/77/193,"[""WOMEN'S ADVANCEMENT""]","[""WOMEN'S ADVANCEMENT""]",[],all_match
5313,3997771,https://digitallibrary.un.org/record/3997771,A/RES/77/200,"['UN. HUMAN RIGHTS COUNCIL', 'REPORTS']",[],"['UN. HUMAN RIGHTS COUNCIL', 'REPORTS']",no_match
5314,3998306,https://digitallibrary.un.org/record/3998306,A/RES/77/243,"['PEACE', 'COUNTER-TERRORISM']","['PEACE', 'COUNTER-TERRORISM']",[],all_match
5315,3999151,https://digitallibrary.un.org/record/3999151,A/RES/77/263A,"['UN', 'BUDGET (2023)']",[],"['UN', 'BUDGET (2023)']",no_match
5316,3999153,https://digitallibrary.un.org/record/3999153,A/RES/77/250,"['DISARMAMENT AGREEMENTS', 'OUTER SPACE']","['DISARMAMENT AGREEMENTS', 'OUTER SPACE']",[],all_match
5317,3999158,https://digitallibrary.un.org/record/3999158,A/RES/77/247,"['TERRITORIES OCCUPIED BY ISRAEL', 'HUMAN RIGHTS']","['TERRITORIES OCCUPIED BY ISRAEL', 'HUMAN RIGHTS']",[],all_match
5318,3999186,https://digitallibrary.un.org/record/3999186,A/RES/77/248,['LAW OF THE SEA'],['LAW OF THE SEA'],[],all_match
5319,4003689,https://digitallibrary.un.org/record/4003689,A/RES/77/272,"['ORGANISATION FOR THE PROHIBITION OF CHEMICAL WEAPONS', 'UN']",[],"['ORGANISATION FOR THE PROHIBITION OF CHEMICAL WEAPONS', 'UN']",no_match
5320,4003921,https://digitallibrary.un.org/record/4003921,A/RES/ES-11/6,"['UKRAINE', 'POLITICAL CONDITIONS']","['UKRAINE', 'POLITICAL CONDITIONS']",[],all_match
5321,4009707,https://digitallibrary.un.org/record/4009707,A/RES/77/284,"['COUNCIL OF EUROPE', 'UN']",[],"['COUNCIL OF EUROPE', 'UN']",no_match
5322,4014141,https://digitallibrary.un.org/record/4014141,A/RES/77/301,['UN CONFERENCES'],[],['UN CONFERENCES'],no_match
5323,4014142,https://digitallibrary.un.org/record/4014142,A/RES/77/313,"['UN INTERIM FORCE IN LEBANON', 'FINANCING']",['FINANCING'],['UN INTERIM FORCE IN LEBANON'],partial_match
5324,4014190,https://digitallibrary.un.org/record/4014190,A/RES/77/293,['ORGANIZATION FOR DEMOCRACY AND ECONOMIC DEVELOPMENT - GUAM'],[],['ORGANIZATION FOR DEMOCRACY AND ECONOMIC DEVELOPMENT - GUAM'],no_match
5325,4016932,https://digitallibrary.un.org/record/4016932,A/RES/77/321,['LAW OF THE SEA'],['LAW OF THE SEA'],[],all_match
5326,4020262,https://digitallibrary.un.org/record/4020262,A/RES/77/338,"['SHANGHAI COOPERATION ORGANIZATION', 'UN']",[],"['SHANGHAI COOPERATION ORGANIZATION', 'UN']",no_match
5327,4025240,https://digitallibrary.un.org/record/4025240,A/RES/ES-10/21,"['TERRITORIES OCCUPIED BY ISRAEL', 'SETTLEMENT POLICY']","['TERRITORIES OCCUPIED BY ISRAEL', 'SETTLEMENT POLICY']",[],all_match
5328,4025656,https://digitallibrary.un.org/record/4025656,A/RES/78/6,"['INTERNATIONAL CRIMINAL COURT', 'REPORTS']",[],"['INTERNATIONAL CRIMINAL COURT', 'REPORTS']",no_match
5329,4025763,https://digitallibrary.un.org/record/4025763,A/RES/78/7,"['CUBA', 'UNITED STATES']","['CUBA', 'UNITED STATES']",[],all_match
5330,4027907,https://digitallibrary.un.org/record/4027907,A/RES/78/10,"['SPORTS', 'OLYMPIC GAMES']","['SPORTS', 'OLYMPIC GAMES']",[],all_match
5331,4028491,https://digitallibrary.un.org/record/4028491,A/RES/78/11,['MIDDLE EAST SITUATION'],['MIDDLE EAST SITUATION'],[],all_match
5332,4029001,https://digitallibrary.un.org/record/4029001,A/RES/78/32,['CLUSTER MUNITIONS'],['CLUSTER MUNITIONS'],[],all_match
5333,4029002,https://digitallibrary.un.org/record/4029002,A/RES/78/33,"['NUCLEAR WEAPONS USE', 'UN. INTERNATIONAL COURT OF JUSTICE OPINION']",['NUCLEAR WEAPONS USE'],['UN. INTERNATIONAL COURT OF JUSTICE OPINION'],partial_match
5334,4029003,https://digitallibrary.un.org/record/4029003,A/RES/78/34,"['NUCLEAR WEAPONS', 'HUMANITARIAN CONSEQUENCES']",['NUCLEAR WEAPONS'],['HUMANITARIAN CONSEQUENCES'],partial_match
5335,4029004,https://digitallibrary.un.org/record/4029004,A/RES/78/35,"['NUCLEAR WEAPONS', 'TREATIES']","['NUCLEAR WEAPONS', 'TREATIES']",[],all_match
5336,4029005,https://digitallibrary.un.org/record/4029005,A/RES/78/37,"['CONVENTIONAL ARMS', 'REGIONAL PROGRAMMES']",['REGIONAL PROGRAMMES'],['CONVENTIONAL ARMS'],partial_match
5337,4029006,https://digitallibrary.un.org/record/4029006,A/RES/78/40,"['NUCLEAR WEAPONS', 'ELIMINATION']",['NUCLEAR WEAPONS'],['ELIMINATION'],partial_match
5338,4029007,https://digitallibrary.un.org/record/4029007,A/RES/78/41,['NUCLEAR-WEAPON-FREE ZONES'],['NUCLEAR-WEAPON-FREE ZONES'],[],all_match
5339,4029008,https://digitallibrary.un.org/record/4029008,A/RES/78/42,"['NUCLEAR DISARMAMENT', 'TREATY COMPLIANCE']","['NUCLEAR DISARMAMENT', 'TREATY COMPLIANCE']",[],all_match
5340,4029009,https://digitallibrary.un.org/record/4029009,A/RES/78/44,['NUCLEAR NON-PROLIFERATION'],['NUCLEAR NON-PROLIFERATION'],[],all_match
5341,4029010,https://digitallibrary.un.org/record/4029010,A/RES/78/45,"['LANDMINES', 'TREATIES']","['LANDMINES', 'TREATIES']",[],all_match
5342,4029011,https://digitallibrary.un.org/record/4029011,A/RES/78/47,['CONVENTIONAL WEAPONS'],['CONVENTIONAL WEAPONS'],[],all_match
5343,4029012,https://digitallibrary.un.org/record/4029012,A/RES/78/48,"['ARMS TRANSFERS', 'TREATIES']","['ARMS TRANSFERS', 'TREATIES']",[],all_match
5344,4029013,https://digitallibrary.un.org/record/4029013,A/RES/78/50,"['NUCLEAR-WEAPON-FREE ZONE', 'SOUTHERN HEMISPHERE']",[],"['NUCLEAR-WEAPON-FREE ZONE', 'SOUTHERN HEMISPHERE']",no_match
5345,4029014,https://digitallibrary.un.org/record/4029014,A/RES/78/51,"['DISARMAMENT', 'GENERAL AND COMPLETE']",['DISARMAMENT'],['GENERAL AND COMPLETE'],partial_match
5346,4029015,https://digitallibrary.un.org/record/4029015,A/RES/78/53,['NUCLEAR DISARMAMENT'],['NUCLEAR DISARMAMENT'],[],all_match
5347,4029016,https://digitallibrary.un.org/record/4029016,A/RES/78/55,"['NUCLEAR WEAPONS USE', 'TREATIES']","['NUCLEAR WEAPONS USE', 'TREATIES']",[],all_match
5348,4029017,https://digitallibrary.un.org/record/4029017,A/RES/78/63,"['MIDDLE EAST', 'NUCLEAR PROLIFERATION']",['MIDDLE EAST'],['NUCLEAR PROLIFERATION'],partial_match
5349,4029018,https://digitallibrary.un.org/record/4029018,A/RES/78/65,"['MEDITERRANEAN REGION', 'REGIONAL SECURITY']","['MEDITERRANEAN REGION', 'REGIONAL SECURITY']",[],all_match
5350,4029019,https://digitallibrary.un.org/record/4029019,A/RES/78/66,"['NUCLEAR WEAPON TESTS', 'TREATIES']","['NUCLEAR WEAPON TESTS', 'TREATIES']",[],all_match
5351,4029020,https://digitallibrary.un.org/record/4029020,A/RES/78/28,"['FISSIONABLE MATERIALS', 'TREATIES']","['FISSIONABLE MATERIALS', 'TREATIES']",[],all_match
5352,4029220,https://digitallibrary.un.org/record/4029220,A/RES/78/17,"['MIDDLE EAST', 'NUCLEAR-WEAPON-FREE ZONES']","['MIDDLE EAST', 'NUCLEAR-WEAPON-FREE ZONES']",[],all_match
5353,4029221,https://digitallibrary.un.org/record/4029221,A/RES/78/26,"['MULTILATERALISM', 'DISARMAMENT']","['MULTILATERALISM', 'DISARMAMENT']",[],all_match
5354,4029222,https://digitallibrary.un.org/record/4029222,A/RES/78/27,"['NUCLEAR DISARMAMENT', 'CONFERENCES']","['NUCLEAR DISARMAMENT', 'CONFERENCES']",[],all_match
5355,4029223,https://digitallibrary.un.org/record/4029223,A/RES/78/13,"['INDIAN OCEAN', 'ZONES OF PEACE']","['INDIAN OCEAN', 'ZONES OF PEACE']",[],all_match
5356,4029224,https://digitallibrary.un.org/record/4029224,A/RES/78/29,"['CHEMICAL WEAPONS', 'TREATIES']","['CHEMICAL WEAPONS', 'TREATIES']",[],all_match
5357,4029225,https://digitallibrary.un.org/record/4029225,A/RES/78/20,"['OUTER SPACE', 'PRINCIPLES']","['OUTER SPACE', 'PRINCIPLES']",[],all_match
5358,4029226,https://digitallibrary.un.org/record/4029226,A/RES/78/30,"['NUCLEAR NON-PROLIFERATION', 'INTERNATIONAL OBLIGATIONS']","['NUCLEAR NON-PROLIFERATION', 'INTERNATIONAL OBLIGATIONS']",[],all_match
5359,4029227,https://digitallibrary.un.org/record/4029227,A/RES/78/15,['WEAPONS OF MASS DESTRUCTION'],['WEAPONS OF MASS DESTRUCTION'],[],all_match
5360,4029228,https://digitallibrary.un.org/record/4029228,A/RES/78/18,"['NON-NUCLEAR-WEAPON STATES', 'SECURITY']",['NON-NUCLEAR-WEAPON STATES'],['SECURITY'],partial_match
5361,4029229,https://digitallibrary.un.org/record/4029229,A/RES/78/21,"['WEAPONS', 'OUTER SPACE']",['OUTER SPACE'],['WEAPONS'],partial_match
5362,4029230,https://digitallibrary.un.org/record/4029230,A/RES/78/16,"['INFORMATION', 'INTERNATIONAL SECURITY']","['INFORMATION', 'INTERNATIONAL SECURITY']",[],all_match
5363,4029432,https://digitallibrary.un.org/record/4029432,A/RES/78/69,['LAW OF THE SEA'],['LAW OF THE SEA'],[],all_match
5364,4029433,https://digitallibrary.un.org/record/4029433,A/RES/78/78,"['TERRITORIES OCCUPIED BY ISRAEL', 'HUMAN RIGHTS']","['TERRITORIES OCCUPIED BY ISRAEL', 'HUMAN RIGHTS']",[],all_match
5365,4029434,https://digitallibrary.un.org/record/4029434,A/RES/78/83,"['DECOLONIZATION', 'UN SYSTEM']",['DECOLONIZATION'],['UN SYSTEM'],partial_match
5366,4029435,https://digitallibrary.un.org/record/4029435,A/RES/78/73,"['UNRWA', 'ACTIVITIES']",['ACTIVITIES'],['UNRWA'],partial_match
5367,4029436,https://digitallibrary.un.org/record/4029436,A/RES/78/100,['DECOLONIZATION'],['DECOLONIZATION'],[],all_match
5368,4029437,https://digitallibrary.un.org/record/4029437,A/RES/78/75,"['UNRWA', 'ACTIVITIES']",['ACTIVITIES'],['UNRWA'],partial_match
5369,4029438,https://digitallibrary.un.org/record/4029438,A/RES/78/81,"['NON-SELF-GOVERNING TERRITORIES', 'REPORTS']",['NON-SELF-GOVERNING TERRITORIES'],['REPORTS'],partial_match
5370,4029439,https://digitallibrary.un.org/record/4029439,A/RES/78/74,"['UNRWA', 'ACTIVITIES']",['ACTIVITIES'],['UNRWA'],partial_match
5371,4029440,https://digitallibrary.un.org/record/4029440,A/RES/78/77,"['TERRITORIES OCCUPIED BY ISRAEL', 'HUMAN RIGHTS']","['TERRITORIES OCCUPIED BY ISRAEL', 'HUMAN RIGHTS']",[],all_match
5372,4029441,https://digitallibrary.un.org/record/4029441,A/RES/78/101,['DECOLONIZATION'],['DECOLONIZATION'],[],all_match
5373,4029442,https://digitallibrary.un.org/record/4029442,A/RES/78/76,"['TERRITORIES OCCUPIED BY ISRAEL', 'HUMAN RIGHTS']","['TERRITORIES OCCUPIED BY ISRAEL', 'HUMAN RIGHTS']",[],all_match
5374,4029443,https://digitallibrary.un.org/record/4029443,A/RES/78/82,"['NON-SELF-GOVERNING TERRITORIES', 'ECONOMIC INTERESTS']",['NON-SELF-GOVERNING TERRITORIES'],['ECONOMIC INTERESTS'],partial_match
5375,4029732,https://digitallibrary.un.org/record/4029732,A/RES/ES-10/22,"['TERRITORIES OCCUPIED BY ISRAEL', 'SETTLEMENT POLICY']","['TERRITORIES OCCUPIED BY ISRAEL', 'SETTLEMENT POLICY']",[],all_match
5376,4030698,https://digitallibrary.un.org/record/4030698,A/RES/78/203,"['HUMAN RIGHTS ADVANCEMENT', 'RIGHT TO DEVELOPMENT']","['HUMAN RIGHTS ADVANCEMENT', 'RIGHT TO DEVELOPMENT']",[],all_match
5377,4030699,https://digitallibrary.un.org/record/4030699,A/RES/78/202,"['HUMAN RIGHTS ADVANCEMENT', 'SANCTIONS', 'INTERNATIONAL RELATIONS']","['HUMAN RIGHTS ADVANCEMENT', 'SANCTIONS', 'INTERNATIONAL RELATIONS']",[],all_match
5378,4030700,https://digitallibrary.un.org/record/4030700,A/RES/78/201,['HUMAN RIGHTS ADVANCEMENT'],['HUMAN RIGHTS ADVANCEMENT'],[],all_match
5379,4030701,https://digitallibrary.un.org/record/4030701,A/RES/78/200,['HUMAN RIGHTS ADVANCEMENT'],['HUMAN RIGHTS ADVANCEMENT'],[],all_match
5380,4030702,https://digitallibrary.un.org/record/4030702,A/RES/78/196,"['HUMAN RIGHTS ADVANCEMENT', 'DEMOCRACY']","['HUMAN RIGHTS ADVANCEMENT', 'DEMOCRACY']",[],all_match
5381,4030703,https://digitallibrary.un.org/record/4030703,A/RES/78/192,['SELF-DETERMINATION OF PEOPLES'],['SELF-DETERMINATION OF PEOPLES'],[],all_match
5382,4030704,https://digitallibrary.un.org/record/4030704,A/RES/78/191,"['SELF-DETERMINATION OF PEOPLES', 'MERCENARIES']","['SELF-DETERMINATION OF PEOPLES', 'MERCENARIES']",[],all_match
5383,4030705,https://digitallibrary.un.org/record/4030705,A/RES/78/190,"['RACIAL DISCRIMINATION', 'ELIMINATION']",['RACIAL DISCRIMINATION'],['ELIMINATION'],partial_match
5384,4030708,https://digitallibrary.un.org/record/4030708,A/RES/78/186,"['UN. HUMAN RIGHTS COUNCIL', 'REPORTS']",[],"['UN. HUMAN RIGHTS COUNCIL', 'REPORTS']",no_match
5385,4030709,https://digitallibrary.un.org/record/4030709,A/RES/78/183 B,"['UN HIGH COMMISSIONER FOR REFUGEES', 'REPORTS']",[],"['UN HIGH COMMISSIONER FOR REFUGEES', 'REPORTS']",no_match
5386,4030710,https://digitallibrary.un.org/record/4030710,A/RES/78/183 A,"['UN HIGH COMMISSIONER FOR REFUGEES', 'REPORTS']",[],"['UN HIGH COMMISSIONER FOR REFUGEES', 'REPORTS']",no_match
5387,4030711,https://digitallibrary.un.org/record/4030711,A/RES/78/144,['SUSTAINABLE DEVELOPMENT'],['SUSTAINABLE DEVELOPMENT'],[],all_match
5388,4030712,https://digitallibrary.un.org/record/4030712,A/RES/78/143,['SUSTAINABLE DEVELOPMENT'],['SUSTAINABLE DEVELOPMENT'],[],all_match
5389,4030713,https://digitallibrary.un.org/record/4030713,A/RES/78/135,['INTERNATIONAL TRADE'],['INTERNATIONAL TRADE'],[],all_match
5390,4030714,https://digitallibrary.un.org/record/4030714,A/RES/78/222,"['HUMAN RIGHTS', 'REPORTS', 'HUMAN RIGHTS', 'SYRIAN ARAB REPUBLIC']","['HUMAN RIGHTS', 'HUMAN RIGHTS', 'SYRIAN ARAB REPUBLIC']",['REPORTS'],partial_match
5391,4030715,https://digitallibrary.un.org/record/4030715,A/RES/78/221,"['HUMAN RIGHTS', 'REPORTS', 'HUMAN RIGHTS', 'UKRAINE']","['HUMAN RIGHTS', 'HUMAN RIGHTS', 'UKRAINE']",['REPORTS'],partial_match
5392,4030716,https://digitallibrary.un.org/record/4030716,A/RES/78/220,"['HUMAN RIGHTS', 'REPORTS', 'HUMAN RIGHTS', 'IRAN (ISLAMIC REPUBLIC OF)']","['HUMAN RIGHTS', 'HUMAN RIGHTS', 'IRAN (ISLAMIC REPUBLIC OF)']",['REPORTS'],partial_match
5393,4030717,https://digitallibrary.un.org/record/4030717,A/RES/78/209,"['HUMAN RIGHTS ADVANCEMENT', 'HUMAN RIGHTS INSTITUTIONS', 'SOUTHWEST ASIA AND ARAB COUNTRIES']","['HUMAN RIGHTS ADVANCEMENT', 'HUMAN RIGHTS INSTITUTIONS']",['SOUTHWEST ASIA AND ARAB COUNTRIES'],partial_match
5394,4030718,https://digitallibrary.un.org/record/4030718,A/RES/78/208,"['HUMAN RIGHTS ADVANCEMENT', 'ELECTION VERIFICATION', 'UN']","['HUMAN RIGHTS ADVANCEMENT', 'ELECTION VERIFICATION']",['UN'],partial_match
5395,4030928,https://digitallibrary.un.org/record/4030928,A/RES/78/150,['SUSTAINABLE DEVELOPMENT'],['SUSTAINABLE DEVELOPMENT'],[],all_match
5396,4031002,https://digitallibrary.un.org/record/4031002,A/RES/78/230,['TAXATION'],['TAXATION'],[],all_match
5397,4031003,https://digitallibrary.un.org/record/4031003,A/RES/78/251,"['UN', 'BUDGET (2024)']",[],"['UN', 'BUDGET (2024)']",no_match
5398,4031004,https://digitallibrary.un.org/record/4031004,A/RES/78/241,"['DISARMAMENT', 'GENERAL AND COMPLETE']",['DISARMAMENT'],['GENERAL AND COMPLETE'],partial_match
5399,4031005,https://digitallibrary.un.org/record/4031005,A/RES/78/240,"['DISARMAMENT', 'GENERAL AND COMPLETE']",['DISARMAMENT'],['GENERAL AND COMPLETE'],partial_match
5400,4031006,https://digitallibrary.un.org/record/4031006,A/RES/78/239,"['NUCLEAR DISARMAMENT', 'VERIFICATION']","['NUCLEAR DISARMAMENT', 'VERIFICATION']",[],all_match
5401,4031007,https://digitallibrary.un.org/record/4031007,A/RES/78/238,"['DISARMAMENT AGREEMENTS', 'OUTER SPACE']","['DISARMAMENT AGREEMENTS', 'OUTER SPACE']",[],all_match
5402,4031008,https://digitallibrary.un.org/record/4031008,A/RES/78/237,"['INFORMATION', 'INTERNATIONAL SECURITY']","['INFORMATION', 'INTERNATIONAL SECURITY']",[],all_match
5403,4031009,https://digitallibrary.un.org/record/4031009,A/RES/78/234,"['RACIAL DISCRIMINATION', 'PROGRAMMES OF ACTION']","['RACIAL DISCRIMINATION', 'PROGRAMMES OF ACTION']",[],all_match
5404,4031236,https://digitallibrary.un.org/record/4031236,A/RES/78/170,"['TERRITORIES OCCUPIED BY ISRAEL', 'NATURAL RESOURCES']","['TERRITORIES OCCUPIED BY ISRAEL', 'NATURAL RESOURCES']",[],all_match
5405,4031240,https://digitallibrary.un.org/record/4031240,A/RES/78/158,['STORMS'],['STORMS'],[],all_match
5406,4031242,https://digitallibrary.un.org/record/4031242,A/RES/78/165,['RURAL POVERTY'],['RURAL POVERTY'],[],all_match
5407,4040686,https://digitallibrary.un.org/record/4040686,A/RES/78/264,['PEACE'],['PEACE'],[],all_match
5408,4045077,https://digitallibrary.un.org/record/4045077,A/RES/78/273,"['UN', 'BUDGET (2024)']",[],"['UN', 'BUDGET (2024)']",no_match
5409,4045078,https://digitallibrary.un.org/record/4045078,A/RES/78/272,"['MARINE ECOSYSTEMS', 'BIOLOGICAL DIVERSITY']","['MARINE ECOSYSTEMS', 'BIOLOGICAL DIVERSITY']",[],all_match
5410,4046991,https://digitallibrary.un.org/record/4046991,A/RES/ES-10/23,"['TERRITORIES OCCUPIED BY ISRAEL', 'SETTLEMENT POLICY']","['TERRITORIES OCCUPIED BY ISRAEL', 'SETTLEMENT POLICY']",[],all_match
5411,4048673,https://digitallibrary.un.org/record/4048673,A/RES/78/282,['PEACE'],['PEACE'],[],all_match
5412,4050309,https://digitallibrary.un.org/record/4050309,A/RES/78/283,['ORGANIZATION FOR DEMOCRACY AND ECONOMIC DEVELOPMENT - GUAM'],[],['ORGANIZATION FOR DEMOCRACY AND ECONOMIC DEVELOPMENT - GUAM'],no_match
5413,4053203,https://digitallibrary.un.org/record/4053203,A/RES/78/305,"['UN INTERIM FORCE IN LEBANON', 'FINANCING']",['FINANCING'],['UN INTERIM FORCE IN LEBANON'],partial_match
5414,4053933,https://digitallibrary.un.org/record/4053933,A/RES/78/316,"['UKRAINE', 'POLITICAL CONDITIONS']","['UKRAINE', 'POLITICAL CONDITIONS']",[],all_match
5415,4061432,https://digitallibrary.un.org/record/4061432,A/RES/ES-10/24,"['TERRITORIES OCCUPIED BY ISRAEL', 'SETTLEMENT POLICY']","['TERRITORIES OCCUPIED BY ISRAEL', 'SETTLEMENT POLICY']",[],all_match
5416,4064867,https://digitallibrary.un.org/record/4064867,A/RES/79/6,"['INTERNATIONAL CRIMINAL COURT', 'REPORTS']",[],"['INTERNATIONAL CRIMINAL COURT', 'REPORTS']",no_match
5417,4064910,https://digitallibrary.un.org/record/4064910,A/RES/79/7,"['CUBA', 'UNITED STATES']","['CUBA', 'UNITED STATES']",[],all_match
5418,4066401,https://digitallibrary.un.org/record/4066401,A/RES/79/10,"['COLLECTIVE SECURITY TREATY ORGANIZATION', 'UN']",[],"['COLLECTIVE SECURITY TREATY ORGANIZATION', 'UN']",no_match
5419,4067944,https://digitallibrary.un.org/record/4067944,A/RES/79/48,"['CHEMICAL AND BIOLOGICAL WARFARE', 'TREATIES']","['CHEMICAL AND BIOLOGICAL WARFARE', 'TREATIES']",[],all_match
5420,4067945,https://digitallibrary.un.org/record/4067945,A/RES/79/17,"['NON-NUCLEAR-WEAPON STATES', 'SECURITY']",['NON-NUCLEAR-WEAPON STATES'],['SECURITY'],partial_match
5421,4067946,https://digitallibrary.un.org/record/4067946,A/RES/79/35,"['NUCLEAR DISARMAMENT', 'TREATY COMPLIANCE']","['NUCLEAR DISARMAMENT', 'TREATY COMPLIANCE']",[],all_match
5422,4067947,https://digitallibrary.un.org/record/4067947,A/RES/79/55,"['RADIOACTIVE MATERIALS', 'TERRORISM']","['RADIOACTIVE MATERIALS', 'TERRORISM']",[],all_match
5423,4067948,https://digitallibrary.un.org/record/4067948,A/RES/79/36,['NUCLEAR-WEAPON-FREE ZONES'],['NUCLEAR-WEAPON-FREE ZONES'],[],all_match
5424,4067949,https://digitallibrary.un.org/record/4067949,A/RES/79/60,"['NUCLEAR WEAPON TESTS', 'LEGACY']",['NUCLEAR WEAPON TESTS'],['LEGACY'],partial_match
5425,4067950,https://digitallibrary.un.org/record/4067950,A/RES/79/32,"['NUCLEAR WEAPONS USE', 'UN. INTERNATIONAL COURT OF JUSTICE OPINION']",['NUCLEAR WEAPONS USE'],['UN. INTERNATIONAL COURT OF JUSTICE OPINION'],partial_match
5426,4067951,https://digitallibrary.un.org/record/4067951,A/RES/79/37,"['NUCLEAR WEAPONS', 'HUMANITARIAN CONSEQUENCES']",['NUCLEAR WEAPONS'],['HUMANITARIAN CONSEQUENCES'],partial_match
5427,4067952,https://digitallibrary.un.org/record/4067952,A/RES/79/39,"['NUCLEAR DISARMAMENT', 'DECLARATIONS']","['NUCLEAR DISARMAMENT', 'DECLARATIONS']",[],all_match
5428,4067953,https://digitallibrary.un.org/record/4067953,A/RES/79/77,"['NUCLEAR WEAPON TESTS', 'TREATIES']","['NUCLEAR WEAPON TESTS', 'TREATIES']",[],all_match
5429,4067954,https://digitallibrary.un.org/record/4067954,A/RES/79/21,"['DISARMAMENT AGREEMENTS', 'OUTER SPACE']","['DISARMAMENT AGREEMENTS', 'OUTER SPACE']",[],all_match
5430,4067956,https://digitallibrary.un.org/record/4067956,A/RES/79/26,"['CONVENTIONAL ARMS', 'REGIONAL PROGRAMMES']",['REGIONAL PROGRAMMES'],['CONVENTIONAL ARMS'],partial_match
5431,4067957,https://digitallibrary.un.org/record/4067957,A/RES/79/64,"['NUCLEAR WEAPONS USE', 'TREATIES']","['NUCLEAR WEAPONS USE', 'TREATIES']",[],all_match
5432,4067958,https://digitallibrary.un.org/record/4067958,A/RES/79/52,"['ARMS TRANSFERS', 'TREATIES']","['ARMS TRANSFERS', 'TREATIES']",[],all_match
5433,4067959,https://digitallibrary.un.org/record/4067959,A/RES/79/50,['NUCLEAR DISARMAMENT'],['NUCLEAR DISARMAMENT'],[],all_match
5434,4067960,https://digitallibrary.un.org/record/4067960,A/RES/79/22,"['OUTER SPACE', 'PRINCIPLES']","['OUTER SPACE', 'PRINCIPLES']",[],all_match
5435,4067961,https://digitallibrary.un.org/record/4067961,A/RES/79/74,"['MIDDLE EAST', 'NUCLEAR PROLIFERATION']",['MIDDLE EAST'],['NUCLEAR PROLIFERATION'],partial_match
5436,4067962,https://digitallibrary.un.org/record/4067962,A/RES/79/54,['STOCKPILE MANAGEMENT'],['STOCKPILE MANAGEMENT'],[],all_match
5437,4068136,https://digitallibrary.un.org/record/4068136,A/RES/79/83,['MIDDLE EAST SITUATION'],['MIDDLE EAST SITUATION'],[],all_match
5438,4068137,https://digitallibrary.un.org/record/4068137,A/RES/79/82,['PALESTINE QUESTION'],['PALESTINE QUESTION'],[],all_match
5439,4068138,https://digitallibrary.un.org/record/4068138,A/RES/79/81,['PALESTINE QUESTION'],['PALESTINE QUESTION'],[],all_match
5440,4068170,https://digitallibrary.un.org/record/4068170,A/RES/79/88,"['UNRWA', 'ACTIVITIES']",['ACTIVITIES'],['UNRWA'],partial_match
5441,4068172,https://digitallibrary.un.org/record/4068172,A/RES/79/95,"['NON-SELF-GOVERNING TERRITORIES', 'ECONOMIC INTERESTS']",['NON-SELF-GOVERNING TERRITORIES'],['ECONOMIC INTERESTS'],partial_match
5442,4068173,https://digitallibrary.un.org/record/4068173,A/RES/79/96,"['DECOLONIZATION', 'UN SYSTEM']",['DECOLONIZATION'],['UN SYSTEM'],partial_match
5443,4068174,https://digitallibrary.un.org/record/4068174,A/RES/79/89,"['UNRWA', 'ACTIVITIES']",['ACTIVITIES'],['UNRWA'],partial_match
5444,4068175,https://digitallibrary.un.org/record/4068175,A/RES/79/94,"['NON-SELF-GOVERNING TERRITORIES', 'REPORTS']",['NON-SELF-GOVERNING TERRITORIES'],['REPORTS'],partial_match
5445,4068176,https://digitallibrary.un.org/record/4068176,A/RES/79/113,['DECOLONIZATION'],['DECOLONIZATION'],[],all_match
5446,4068177,https://digitallibrary.un.org/record/4068177,A/RES/79/115,['DECOLONIZATION'],['DECOLONIZATION'],[],all_match
5447,4068178,https://digitallibrary.un.org/record/4068178,A/RES/79/90,"['TERRITORIES OCCUPIED BY ISRAEL', 'HUMAN RIGHTS']","['TERRITORIES OCCUPIED BY ISRAEL', 'HUMAN RIGHTS']",[],all_match
5448,4068179,https://digitallibrary.un.org/record/4068179,A/RES/79/114,['DECOLONIZATION'],['DECOLONIZATION'],[],all_match
5449,4068181,https://digitallibrary.un.org/record/4068181,A/RES/79/91,"['TERRITORIES OCCUPIED BY ISRAEL', 'HUMAN RIGHTS']","['TERRITORIES OCCUPIED BY ISRAEL', 'HUMAN RIGHTS']",[],all_match
5450,4068497,https://digitallibrary.un.org/record/4068497,A/RES/79/62,['AUTONOMOUS WEAPONS'],[],['AUTONOMOUS WEAPONS'],no_match
5451,4068498,https://digitallibrary.un.org/record/4068498,A/RES/79/61,['DISARMAMENT AGREEMENTS'],['DISARMAMENT AGREEMENTS'],[],all_match
5452,4068499,https://digitallibrary.un.org/record/4068499,A/RES/79/58,['CLUSTER MUNITIONS'],['CLUSTER MUNITIONS'],[],all_match
5453,4068500,https://digitallibrary.un.org/record/4068500,A/RES/79/56,"['CHEMICAL WEAPONS', 'TREATIES']","['CHEMICAL WEAPONS', 'TREATIES']",[],all_match
5454,4068501,https://digitallibrary.un.org/record/4068501,A/RES/79/49,['DEPLETED URANIUM'],['DEPLETED URANIUM'],[],all_match
5455,4068502,https://digitallibrary.un.org/record/4068502,A/RES/79/47,"['NUCLEAR DISARMAMENT', 'CONFERENCES']","['NUCLEAR DISARMAMENT', 'CONFERENCES']",[],all_match
5456,4068503,https://digitallibrary.un.org/record/4068503,A/RES/79/46,"['MULTILATERALISM', 'DISARMAMENT']","['MULTILATERALISM', 'DISARMAMENT']",[],all_match
5457,4068504,https://digitallibrary.un.org/record/4068504,A/RES/79/41,"['NUCLEAR WEAPONS', 'ELIMINATION']",['NUCLEAR WEAPONS'],['ELIMINATION'],partial_match
5458,4068505,https://digitallibrary.un.org/record/4068505,A/RES/79/38,"['NUCLEAR WEAPONS', 'TREATIES']","['NUCLEAR WEAPONS', 'TREATIES']",[],all_match
5459,4068506,https://digitallibrary.un.org/record/4068506,A/RES/79/34,"['LANDMINES', 'TREATIES']","['LANDMINES', 'TREATIES']",[],all_match
5460,4068507,https://digitallibrary.un.org/record/4068507,A/RES/79/33,['NUCLEAR NON-PROLIFERATION'],['NUCLEAR NON-PROLIFERATION'],[],all_match
5461,4068508,https://digitallibrary.un.org/record/4068508,A/RES/79/29,"['BALLISTIC MISSILES', 'CODES OF CONDUCT']","['BALLISTIC MISSILES', 'CODES OF CONDUCT']",[],all_match
5462,4068509,https://digitallibrary.un.org/record/4068509,A/RES/79/20,"['WEAPONS', 'OUTER SPACE']",['OUTER SPACE'],['WEAPONS'],partial_match
5463,4068510,https://digitallibrary.un.org/record/4068510,A/RES/79/16,"['MIDDLE EAST', 'NUCLEAR-WEAPON-FREE ZONES']","['MIDDLE EAST', 'NUCLEAR-WEAPON-FREE ZONES']",[],all_match
5464,4068511,https://digitallibrary.un.org/record/4068511,A/RES/79/135,"['CENTRAL EUROPEAN INITIATIVE', 'UN']",[],"['CENTRAL EUROPEAN INITIATIVE', 'UN']",no_match
5465,4068512,https://digitallibrary.un.org/record/4068512,A/RES/79/134,"['ORGANISATION FOR THE PROHIBITION OF CHEMICAL WEAPONS', 'UN']",[],"['ORGANISATION FOR THE PROHIBITION OF CHEMICAL WEAPONS', 'UN']",no_match
5466,4068916,https://digitallibrary.un.org/record/4068916,A/RES/79/76,"['MEDITERRANEAN REGION', 'REGIONAL SECURITY']","['MEDITERRANEAN REGION', 'REGIONAL SECURITY']",[],all_match
5467,4068917,https://digitallibrary.un.org/record/4068917,A/RES/79/80,['DUAL-USE TECHNOLOGY'],['DUAL-USE TECHNOLOGY'],[],all_match
5468,4069197,https://digitallibrary.un.org/record/4069197,A/RES/ES-10/26,"['TERRITORIES OCCUPIED BY ISRAEL', 'SETTLEMENT POLICY']","['TERRITORIES OCCUPIED BY ISRAEL', 'SETTLEMENT POLICY']",[],all_match
5469,4069198,https://digitallibrary.un.org/record/4069198,A/RES/ES-10/25,"['TERRITORIES OCCUPIED BY ISRAEL', 'SETTLEMENT POLICY']","['TERRITORIES OCCUPIED BY ISRAEL', 'SETTLEMENT POLICY']",[],all_match
5470,4069200,https://digitallibrary.un.org/record/4069200,A/RES/79/18,"['ARMS RACE', 'OUTER SPACE']","['ARMS RACE', 'OUTER SPACE']",[],all_match
5471,4069373,https://digitallibrary.un.org/record/4069373,A/RES/79/144,['LAW OF THE SEA'],['LAW OF THE SEA'],[],all_match
5472,4069721,https://digitallibrary.un.org/record/4069721,A/RES/79/152,"[""WOMEN'S ADVANCEMENT""]","[""WOMEN'S ADVANCEMENT""]",[],all_match
5473,4069722,https://digitallibrary.un.org/record/4069722,A/RES/79/157,"['UN. HUMAN RIGHTS COUNCIL', 'REPORTS']",[],"['UN. HUMAN RIGHTS COUNCIL', 'REPORTS']",no_match
5474,4069723,https://digitallibrary.un.org/record/4069723,A/RES/79/160,"['RACIAL DISCRIMINATION', 'ELIMINATION']",['RACIAL DISCRIMINATION'],['ELIMINATION'],partial_match
5475,4069724,https://digitallibrary.un.org/record/4069724,A/RES/79/161,"['RACIAL DISCRIMINATION', 'PROGRAMMES OF ACTION']","['RACIAL DISCRIMINATION', 'PROGRAMMES OF ACTION']",[],all_match
5476,4069725,https://digitallibrary.un.org/record/4069725,A/RES/79/162,"['SELF-DETERMINATION OF PEOPLES', 'MERCENARIES']","['SELF-DETERMINATION OF PEOPLES', 'MERCENARIES']",[],all_match
5477,4069726,https://digitallibrary.un.org/record/4069726,A/RES/79/163,['SELF-DETERMINATION OF PEOPLES'],['SELF-DETERMINATION OF PEOPLES'],[],all_match
5478,4069727,https://digitallibrary.un.org/record/4069727,A/RES/79/167,"['HUMAN RIGHTS ADVANCEMENT', 'SANCTIONS', 'INTERNATIONAL RELATIONS']","['HUMAN RIGHTS ADVANCEMENT', 'SANCTIONS', 'INTERNATIONAL RELATIONS']",[],all_match
5479,4069728,https://digitallibrary.un.org/record/4069728,A/RES/79/168,"['HUMAN RIGHTS ADVANCEMENT', 'DEMOCRACY']","['HUMAN RIGHTS ADVANCEMENT', 'DEMOCRACY']",[],all_match
5480,4069729,https://digitallibrary.un.org/record/4069729,A/RES/79/169,['HUMAN RIGHTS ADVANCEMENT'],['HUMAN RIGHTS ADVANCEMENT'],[],all_match
5481,4069730,https://digitallibrary.un.org/record/4069730,A/RES/79/170,"['HUMAN RIGHTS ADVANCEMENT', 'RIGHT TO DEVELOPMENT']","['HUMAN RIGHTS ADVANCEMENT', 'RIGHT TO DEVELOPMENT']",[],all_match
5482,4069731,https://digitallibrary.un.org/record/4069731,A/RES/79/176,"['HUMAN RIGHTS ADVANCEMENT', 'SUMMARY EXECUTIONS']","['HUMAN RIGHTS ADVANCEMENT', 'SUMMARY EXECUTIONS']",[],all_match
5483,4069732,https://digitallibrary.un.org/record/4069732,A/RES/79/179,"['HUMAN RIGHTS ADVANCEMENT', 'CAPITAL PUNISHMENT']","['HUMAN RIGHTS ADVANCEMENT', 'CAPITAL PUNISHMENT']",[],all_match
5484,4069733,https://digitallibrary.un.org/record/4069733,A/RES/79/183,"['HUMAN RIGHTS', 'REPORTS', 'HUMAN RIGHTS', 'IRAN (ISLAMIC REPUBLIC OF)']","['HUMAN RIGHTS', 'HUMAN RIGHTS', 'IRAN (ISLAMIC REPUBLIC OF)']",['REPORTS'],partial_match
5485,4069734,https://digitallibrary.un.org/record/4069734,A/RES/79/184,"['HUMAN RIGHTS', 'REPORTS', 'HUMAN RIGHTS', 'UKRAINE']","['HUMAN RIGHTS', 'HUMAN RIGHTS', 'UKRAINE']",['REPORTS'],partial_match
5486,4069735,https://digitallibrary.un.org/record/4069735,A/RES/79/185,"['HUMAN RIGHTS', 'REPORTS', 'HUMAN RIGHTS', 'SYRIAN ARAB REPUBLIC']","['HUMAN RIGHTS', 'HUMAN RIGHTS', 'SYRIAN ARAB REPUBLIC']",['REPORTS'],partial_match
5487,4069876,https://digitallibrary.un.org/record/4069876,A/RES/79/195,['INTERNATIONAL TRADE'],['INTERNATIONAL TRADE'],[],all_match
5488,4069877,https://digitallibrary.un.org/record/4069877,A/RES/79/200,['SUSTAINABLE DEVELOPMENT'],['SUSTAINABLE DEVELOPMENT'],[],all_match
5489,4069878,https://digitallibrary.un.org/record/4069878,A/RES/79/201,['SUSTAINABLE DEVELOPMENT'],['SUSTAINABLE DEVELOPMENT'],[],all_match
5490,4069879,https://digitallibrary.un.org/record/4069879,A/RES/79/215,"['GLOBALIZATION', 'INTERDEPENDENCE']","['GLOBALIZATION', 'INTERDEPENDENCE']",[],all_match
5491,4069880,https://digitallibrary.un.org/record/4069880,A/RES/79/216,"['GLOBALIZATION', 'UN']",['GLOBALIZATION'],['UN'],partial_match
5492,4069881,https://digitallibrary.un.org/record/4069881,A/RES/79/225,['RURAL POVERTY'],['RURAL POVERTY'],[],all_match
5493,4069882,https://digitallibrary.un.org/record/4069882,A/RES/79/229,"['TERRITORIES OCCUPIED BY ISRAEL', 'NATURAL RESOURCES']","['TERRITORIES OCCUPIED BY ISRAEL', 'NATURAL RESOURCES']",[],all_match
5494,4069883,https://digitallibrary.un.org/record/4069883,A/RES/79/232,"['UN SYSTEM', 'STRENGTHENING']",[],"['UN SYSTEM', 'STRENGTHENING']",no_match
5495,4070016,https://digitallibrary.un.org/record/4070016,A/RES/79/235,['TAXATION'],['TAXATION'],[],all_match
5496,4070017,https://digitallibrary.un.org/record/4070017,A/RES/79/238,"['DISARMAMENT', 'GENERAL AND COMPLETE']",['DISARMAMENT'],['GENERAL AND COMPLETE'],partial_match
5497,4070018,https://digitallibrary.un.org/record/4070018,A/RES/79/239,"['DISARMAMENT', 'GENERAL AND COMPLETE']",['DISARMAMENT'],['GENERAL AND COMPLETE'],partial_match
5498,4070037,https://digitallibrary.un.org/record/4070037,A/RES/79/241,"['DISARMAMENT', 'GENERAL AND COMPLETE']",['DISARMAMENT'],['GENERAL AND COMPLETE'],partial_match
5499,4070039,https://digitallibrary.un.org/record/4070039,A/RES/79/240,"['NUCLEAR DISARMAMENT', 'VERIFICATION']","['NUCLEAR DISARMAMENT', 'VERIFICATION']",[],all_match
5500,4070464,https://digitallibrary.un.org/record/4070464,A/RES/79/249,"['UN', 'BUDGET CONTRIBUTIONS']",['BUDGET CONTRIBUTIONS'],['UN'],partial_match
5501,4070472,https://digitallibrary.un.org/record/4070472,A/RES/79/256,"['UN', 'BUDGET (2025)']",[],"['UN', 'BUDGET (2025)']",no_match
5502,4076672,https://digitallibrary.un.org/record/4076672,A/RES/ES-11/7,"['UKRAINE', 'POLITICAL CONDITIONS']","['UKRAINE', 'POLITICAL CONDITIONS']",[],all_match
5503,4076673,https://digitallibrary.un.org/record/4076673,A/RES/ES-11/8,"['UKRAINE', 'POLITICAL CONDITIONS']","['UKRAINE', 'POLITICAL CONDITIONS']",[],all_match
5504,4078354,https://digitallibrary.un.org/record/4078354,A/RES/79/267,['UN CONFERENCES'],[],['UN CONFERENCES'],no_match
5505,4078355,https://digitallibrary.un.org/record/4078355,A/RES/79/266,['UN CONFERENCES'],[],['UN CONFERENCES'],no_match
5506,4078357,https://digitallibrary.un.org/record/4078357,A/RES/79/269,['PEACE'],['PEACE'],[],all_match
5507,4078358,https://digitallibrary.un.org/record/4078358,A/RES/79/270,['PEACE'],['PEACE'],[],all_match
5508,4079240,https://digitallibrary.un.org/record/4079240,A/RES/79/276,['UN CONFERENCES'],[],['UN CONFERENCES'],no_match
5509,4079241,https://digitallibrary.un.org/record/4079241,A/RES/79/278,"['HUMAN RIGHTS', 'REPORTS', 'HUMAN RIGHTS', 'MYANMAR']","['HUMAN RIGHTS', 'HUMAN RIGHTS', 'MYANMAR']",['REPORTS'],partial_match
5510,4080624,https://digitallibrary.un.org/record/4080624,A/RES/79/284,"['COUNCIL OF EUROPE', 'UN']",[],"['COUNCIL OF EUROPE', 'UN']",no_match
5511,4080625,https://digitallibrary.un.org/record/4080625,A/RES/79/283,['UN CONFERENCES'],[],['UN CONFERENCES'],no_match
5512,4081135,https://digitallibrary.un.org/record/4081135,A/RES/79/287,['HEALTH'],['HEALTH'],[],all_match
5513,4082671,https://digitallibrary.un.org/record/4082671,A/RES/79/290,"['ASSOCIATION OF SOUTHEAST ASIAN NATIONS', 'UN']",[],"['ASSOCIATION OF SOUTHEAST ASIAN NATIONS', 'UN']",no_match
5514,4082960,https://digitallibrary.un.org/record/4082960,A/RES/79/291,['UN CONFERENCES'],[],['UN CONFERENCES'],no_match
5515,4083048,https://digitallibrary.un.org/record/4083048,A/RES/79/292,['ORGANIZATION FOR DEMOCRACY AND ECONOMIC DEVELOPMENT - GUAM'],[],['ORGANIZATION FOR DEMOCRACY AND ECONOMIC DEVELOPMENT - GUAM'],no_match
5516,4083529,https://digitallibrary.un.org/record/4083529,A/RES/ES-10/27,"['TERRITORIES OCCUPIED BY ISRAEL', 'SETTLEMENT POLICY']","['TERRITORIES OCCUPIED BY ISRAEL', 'SETTLEMENT POLICY']",[],all_match
5517,4083624,https://digitallibrary.un.org/record/4083624,A/RES/79/293,"['ECONOMIC SANCTIONS', 'INTERNATIONAL RELATIONS']",['INTERNATIONAL RELATIONS'],['ECONOMIC SANCTIONS'],partial_match
5518,4084391,https://digitallibrary.un.org/record/4084391,A/RES/79/316,['PEACE'],['PEACE'],[],all_match
5519,4084392,https://digitallibrary.un.org/record/4084392,A/RES/79/315,['PEACE'],['PEACE'],[],all_match
5520,4084393,https://digitallibrary.un.org/record/4084393,A/RES/79/314,"['UN CONFERENCES', 'LAW OF THE SEA']",['LAW OF THE SEA'],['UN CONFERENCES'],partial_match
5521,4084394,https://digitallibrary.un.org/record/4084394,A/RES/79/313,['UN CONFERENCES'],[],['UN CONFERENCES'],no_match
5522,4084395,https://digitallibrary.un.org/record/4084395,A/RES/79/308,"['UN INTERIM FORCE IN LEBANON', 'FINANCING']",['FINANCING'],['UN INTERIM FORCE IN LEBANON'],partial_match
5523,4084801,https://digitallibrary.un.org/record/4084801,A/RES/79/317,['AFGHANISTAN SITUATION'],['AFGHANISTAN SITUATION'],[],all_match
5524,4085849,https://digitallibrary.un.org/record/4085849,A/RES/79/319,"['INTER-PARLIAMENTARY UNION', 'UN']",[],"['INTER-PARLIAMENTARY UNION', 'UN']",no_match
5525,4085850,https://digitallibrary.un.org/record/4085850,A/RES/79/321,['PEACE'],['PEACE'],[],all_match
5526,4087202,https://digitallibrary.un.org/record/4087202,A/RES/79/323,['UN CONFERENCES'],[],['UN CONFERENCES'],no_match
5527,4087205,https://digitallibrary.un.org/record/4087205,A/RES/79/326,"['COMMONWEALTH OF INDEPENDENT STATES', 'UN']",['COMMONWEALTH OF INDEPENDENT STATES'],['UN'],partial_match
5528,4087776,https://digitallibrary.un.org/record/4087776,A/RES/79/329,"['AFRICAN UNION', 'UN']",[],"['AFRICAN UNION', 'UN']",no_match
5529,4087777,https://digitallibrary.un.org/record/4087777,A/RES/79/330,"['ECONOMIC COOPERATION ORGANIZATION', 'UN']",[],"['ECONOMIC COOPERATION ORGANIZATION', 'UN']",no_match
5530,4087778,https://digitallibrary.un.org/record/4087778,A/RES/79/331,"['INTERNATIONAL ORGANIZATION OF LA FRANCOPHONIE', 'UN']",[],"['INTERNATIONAL ORGANIZATION OF LA FRANCOPHONIE', 'UN']",no_match
5531,4087780,https://digitallibrary.un.org/record/4087780,A/RES/79/332,"['SHANGHAI COOPERATION ORGANIZATION', 'UN']",[],"['SHANGHAI COOPERATION ORGANIZATION', 'UN']",no_match
5532,4087781,https://digitallibrary.un.org/record/4087781,A/RES/79/333,['HEALTH'],['HEALTH'],[],all_match
5533,4087782,https://digitallibrary.un.org/record/4087782,A/RES/79/334,"['TECHNOLOGICAL CHANGE', 'SUSTAINABLE DEVELOPMENT']","['TECHNOLOGICAL CHANGE', 'SUSTAINABLE DEVELOPMENT']",[],all_match
