undl_id,wc_title
278340,kampuchea
278341,grenada
278342,"armed israeli aggression against the iraqi nuclear installations and its grave consequences for the established international system concerning the peaceful uses of nuclear energy, the non-proliferation of nuclear weapons and international peace and security"
278343,proposed new racial constitution of south africa
278344,the falkland islands (malvinas)
278639,the comorian island of mayotte
278640,the universal realization of the right of peoples to self-determination and of the speedy granting of independence to colonial countries and peoples for the effective guarantee and observance of human rights
278641,the international convention on the suppression and punishment of the crime of apartheid
278642,achieving far-reaching social and economic changes for the purpose of social progress
278643,afghanistan and its implications for international peace and security
278644,cultural property to the countries of origin
278645,the united nations disengagement obsever force
278646,the united nations disengagement obsever force
278647,namibia resulting from the illegal occupation of the territory by south africa
278648,security council
278649,work of the un council for namibia
278651,information and mobilization of international public opinion in support of namibia
278652,un fund for namibia
278653,the united nations interim force in lebanon
278654,south africa
278655,action against apartheid
278656,apartheid on the countries of southern africa
278657,sanctions against south africa
278658,apartheid
278659,israel and south africa
278660,military and nuclear collaboration with south africa
278661,south africa
278662,oil embargo against south africa
278663,apartheid in sports
278664,non-self-governing territories transmitted under article 73e of the charter of the united nations
278665,"foreign economic and other interests which are impeding the implementation of the declaration on the granting of independence to colonial countries and peoples in namibia and in all other territories under colonial domination and efforts to eliminate colonialism, apartheid and racial discrimination in southern africa"
278666,the declaration on the granting of independence to colonial countries and peoples by the specialized agencies and the international institutions associated with un
278667,the declaration on the granting of independence to colonial countries and peoples
278668,information on decolonization
278669,palestine
278670,palestine
278671,palestine
278672,palestine
278673,palestine
278674,third united nations conference on the law of the sea
278675,general assembly oncerning the signature and ratification of additional protocol i of the treaty for the prohibition of nuclear weapons in latin america (treaty of tlatelolco)
278676,all test explosions of nuclear weapons
278677,a comprehensive nuclear test-ban treaty
278678,a nuclear-weapon-free zone in south asia
278679,an international convention on the strengthening of the security of non-nuclear-weapon states against the use or threat of use of nuclear weapons
278680,effective international arrangements to assure non-nuclear-weapon states against the use or threat of use of nuclear weapons
278681,israeli nuclear armament
278682,an arms race in outer space
278684,disarmament and development
278686,immediate cessation and prohibition of nuclear-weapon tests
278687,freeze on nuclear weapons
278688,nuclear-arms freeze
278689,world disarmament campaign : action and activities
278690,convention on the prohibition of the use of nuclear weapons
278691,disarmament and international security
278692,the conclusions of the second review conference of the parties of the treaty on the non-proliferation of nuclear weapons and establishment of the preparatory committee for the third review conference of the parties to the treaty
278693,condemnation of nuclear war
278694,nuclear-weapon freeze
278695,investigate israeli practices affecting the human rights of the population of the occupied territories
278696,investigate israeli practices affecting the human rights of the population of the occupied territories
278697,investigate israeli practices affecting the human rights of the population of the occupied territories
278698,investigate israeli practices affecting the human rights of the population of the occupied territories
278699,investigate israeli practices affecting the human rights of the population of the occupied territories
278700,investigate israeli practices affecting the human rights of the population of the occupied territories
278701,investigate israeli practices affecting the human rights of the population of the occupied territories
278702,investigate israeli practices affecting the human rights of the population of the occupied territories
278703,international co-operation in the peaceful uses of outer space
278704,comprehensive review of the whole question of peace-keeping operations in all their aspects
278705,question relating to information
278706,palestine refugees
278707,"member states of grants and scholarships for higher education, including vocational training, for palestine refugees"
278708,palestine refugees in the gaza strip
278709,ration distribution to palestine refugees
278710,population and refugees displaced since 1967
278711,palestine refugees properties
278712,palestine refugees
278713,palestine refugees in the west bank
278714,"university of jerusalem ""al-quds"" for palestine refugees"
278715,israel's decision to build a canal linking the mediterranean sea to the dead sea
278716,human rights and fundamental freedoms in guatemala
278717,human rights and fundamental freedoms in el salvador
278718,human rights and fundamental freedoms in chile
278719,prostitution
278720,preparations for the world conference to review and appraise the achievements of the united nations decade for women
278721,human rights and scientific and technological developments
278722,human rights and use of scientific and technological developments
278723,the united nations system for improving the effective enjoyment of human rights and fundamental freedoms
278724,the principles and norms of international law relating to the new international economic order
278725,offences against the peace and security of mankind
278726,the principle of non-use of force in international relations
278727,permanent sovereignty over national resources in the occupied palestinian and other arab territories
278728,the palestinian people
278729,transport and communications decade in africa
278730,development aspects of the reverse transfer technology
278731,remnants of war
278732,living conditions of the palestinian people in the occupied palestinian territories
278733,land-locked developing countries
278734,united nations institute for training and research
278735,the middle east
278736,the middle east
278737,the middle east
278738,the middle east
278739,the middle east
278741,the declaration on the denuclearization of africa
278742,nuclear capability of south africa
278743,the development and manufacture of new types of weapons of mass destruction and new systems of such weapons
278744,bilateral nuclear-arms negotiations
278746,nuclear weapons and prevention of nuclear war
278747,the nuclear neutron weapon
278748,nuclear weapons in all aspects
278749,international co-operation for disarmament
278750,nuclear war
278751,
278752,disarmament
278753,unilateral nuclear disarmament measures
278754,disarmament week
278755,
278757,bilateral nuclear-arms negotiations
278758,bilateral nuclear-arms negotiations
278759,military budgets
278760,chemical and bacteriological weapons
278761,chemical and bacteriological (biological) weapons
278762,conventional disarmament
278763,providing objective information on military capabilities
278764,the production of fissionable material for weapons purposes
278765,"curbing the naval arms race : limitation and reduction of naval armaments, extension of confidence-building measures to seas and oceans"
278766,naval arms race
278767,independent commission on disarmament and security issues
278768,and supplement to the comprehensive study on the question of nuclear-weapon-free zones in all its aspects
278769,institutional arrangments relating to the process of disarmament
278770,international security
278771,the collective security provisions of the charter of the united nations for the maintenance of international peace and security
278772,confidence-building in international economic relations
278773,economic measures as a means of political and economic coercion against developing countries
278774,strengthening the capacity of the united nations system to respond to natural disasters and other disaster situations
278775,programme budget
278776,postage stamps
278777,united nations common system : report of the international civil service commission
278779,the united nations joint staff pension board
278780,the proposed programme budget
278781,health insurance contributions by the organizations of the united nations common system
278782,budget appropriations for biennium 1984-1985
278783,appropriation
278784,unforeseen and extraordinary expenses
278785,working capital fund
278786,pension scheme for the members of the international court of justice
278816,south africa
278835,kampuchea
278836,the falkland islands (malvinas)
278837,pattern of conferences
278838,co-operation between the united nations and the league of arab states
278839,the right of peoples to peace
278840,afghanistan and its implications for international peace and security
278841,"armed israeli aggression against the iraqi nuclear installations and its grave consequences for the established international system concerning the peaceful uses of nuclear energy, the non-proliferation of nuclear weapons and international peace and security"
278842,"the enjoyment of human rights of political, military, economic and other forms of assistance given to the racist and colonialist régime of south africa"
278843,the universal realization of the right of peoples to self-determination and of the speedy granting of independence to colonial countries and peoples for the effective guarantee and observance of human rights
278844,the international convention on the suppression and punishment of the crime of apartheid
278847,an international convention on the strengthening of the security of non-nuclear-weapon states against the use or threat of use of nuclear weapons
278848,the elimination of racial discrimination
278851,the comorian island of mayotte
278852,western sahara
278853,non-self-governing territories transmitted under article 73e of the charter of the united nations
278854,"foreign economic and other interests which are impeding the implementation of the declaration on the granting of independence to colonial countries and peoples in namibia and in all other territories under colonial domination and efforts to eliminate colonialism, apartheid and racial discrimination in southern africa"
278855,the declaration on the granting of independence to colonial countries and peoples by the specialized agencies and the international institutions associated with the united nations
278856,the comorian island of mayotte
278857,palestine
278858,palestine
278859,palestine
278860,co-operation between the united nations and the league of arab states
278862,palestine
278863,namibia resulting from illegal occupation of the territory by south africa
278864,namibia : implementation of security council
278865,work of the un council for namibia
278866,information and mobilization of international public opinion in support of namibia
278867,un fund for namibia
278868,general assembly oncerning the signature and ratification of additional protocol i of the treaty for the prohibition of nuclear weapons in latin america (treaty of tlatelolco)
278869,all test explosions of nuclear weapons
278870,a comprehensive nuclear-test-ban treaty
278871,a nuclear-weapon-free zone in south asia
278872,an international convention on the strengthening of the security of non-nuclear-weapon states against the use or threat of use of nuclear weapons
278873,effective international arrangements to assure non-nuclear-weapon states against the use or threat of use of nuclear weapons
278874,an arms race in outer space
278875,general assembly n the immediate cessation and prohibition of nuclear-weapon tests
278876,the declaration on the denuclearization of africa
278877,the declaration on the denuclearization of africa : nuclear capability of south africa
278878,the development and manufacture of new types of weapons of mass destruction and new systems of such weapons
278879,world disarmament campaign : actions and activities
278880,nuclear-arms freeze
278881,world disarmament campaign
278882,freeze on nuclear weapons
278883,convention on the prohibition of the use of nuclear weapons
278884,disarmament and international security
278885,military budgets
278886,chemical and bacteriological (biological) weapons
278887,chemical and bacteriological weapons
278888,chemical and bacteriological (biological) weapons
278889,the rates of reimbursement to the governments of troop-contributing states
278891,the united nations interim force in lebanon
278892,comprehensive sanctions against the apartheid regime and support to the liberation struggle in south africa
278893,apartheid
278894,israel and south africa
278895,apartheid in sports
278896,public information and public action against apartheid
278897,concerted international action for the elimination of apartheid
278898,law of the sea
278899,the principles and norms of international law relating to the new international economic order
278900,national liberation movements recognized by the organization of african unity and/or by the league of arab states
278901,offences against the peace and security of mankind
278902,the principle of non-use of force in international relations
278903,the multilateral treaty-making process
278904,the declaration on the granting of independence to colonial countries and peoples
278905,information on decolonization
278906,activities in observance of the twenty-fifth anniversary of the declaration on the granting of independence to colonial countries and peoples
278907,investigate israeli practices affecting the human rights of the population of the occupied territories
278908,investigate israeli practices affecting the human rights of the population of the occupied territories
278909,investigate israeli practices affecting the human rights of the population of the occupied territories
278910,investigate israeli practices affecting the human rights of the population of the occupied territories
278911,investigate israeli practices affecting the human rights of the population of the occupied territories
278912,investigate israeli practices affecting the human rights of the population of the occupied territories
278913,investigate israeli practices affecting the human rights of the population of the occupied territories
278915,investigate israeli practices affecting the human rights of the population of the occupied territories
278916,information
278917,information
278918,palestine refugees in the near east : assistance to palestine refugees
278919,"palestine refugees in the near east : offers by member states of grants and scholarships for higher education, including vocational training, for palestine refugees"
278920,palestine refugees in the near east : palestine refugees in the gaza strip
278921,palestine refugees in the near east : resumption of the ration distribution to palestine refugees
278922,palestine refugees in the near east : population and refugees displaced since 1967
278923,palestine refugees in the near east : revenues derived from palestine refugee properties
278924,palestine refugees in the near east : protection of palestine refugees
278925,palestine refugees in the near east : palestine refugees in the west bank
278926,"palestine refugees in the near east : university of jerusalem ""al-quds"" for palestine refugees"
278927,israel's decision to build a canal linking the mediterranean sea to the dead sea
278928,human rights and fundamental freedoms in el salvador
278929,human rights and fundamental freedoms in guatemala
278930,human rights and fundamental freedoms in chile
278931,senior women's programme officers posts at the regional commissions
278932,convention on the elimination of all forms of discrimination against women
278933,human rights and scientific and technological developments
278934,human rights and use of scientific and technological developments
278935,elaboration of a 2nd optional protocol to the international covenant on civil and political rights aiming at the abolition of the death penalty
278937,the united nations system for improving the effective enjoyment of human rights and fundamental freedoms
278939,the middle east
278941,the middle east
278942,the middle east
278943,israeli nuclear armament
278944,unilateral nuclear disarmament measures
278945,bilateral nuclear-arms negotiations
278946,nuclear weapons in all aspects
278947,nuclear weapons and prevention of nuclear war
278948,the nuclear neutron weapon
278949,climatic effects of nuclear war : nuclear winter
278950,bilateral nuclear-arms negotiations
278951,united nations institute for disarmament research
278952,disarmament week
278953,the nuclear-arms race and nuclear disarmament
278954,
278955,international co-operation for disarmament
278956,the conference on disarmament
278957,
278958,nuclear war
278959,review conference of the parties to the convention on the prohibition of military or any other hostile use of environmental modification techniques
278960,study of the question of nuclear-weapon-free zones in all its aspects
278961,nuclear-weapon freeze
278962,contribution of the specialized agencies and other organizations and programmes of the united nations system to the cause of arms limitation and disarmament
278963,military research and development
278964,the production of fissionable material for weapons purposes
278965,curbing the naval arms race
278966,the declaration on the strengthening of international security
278967,the declaration on the preparation of societies for life in peace
278968,the collective security provisions of the charter of the united nations for the maintenance of international peace and security
278969,the policy of state terrorism and any actions by states aimed at undermining the socio-political system in other sovereign states
278970,the 40th anniversary of the un
278971,economic rights and duties of states
278972,remnants of war
278973,living conditions of the palestinian people in the occupied palestinian territories
278974,long-term financing and the future role of the united nations institute for training and research
278975,economic measures as a means of political and economic coercion against developing countries
278976,development aspects of the reverse transfer of technology
278977,development and international economic co-operation
278978,land-locked developing countries
278979,economic development projects in the occupied palestinian territories
278980,the palestinian people
278981,confidence-building in international economic relations
278982,protection against products harmful to health and the environment
278983,transport and communications decade in africa
278984,industrial development co-operation
278985,industrial development decade for africa
278986,the programme budget
278987,the programme budget
278988,the programme budget
278990,the programme budget
278991,revised budget appropriations
278992,revised income estimates
278993,financing appropriations
278994,impact of inflation and monetary instability on the regular budget of the united nations
278995,staff and administrative questions of the economic commission for western asia
279735,"armed israeli aggression against the iraqi nuclear installations and its grave consequences for the established international system concerning the peaceful uses of nuclear energy, the non-proliferation of nuclear weapons and international peace and security"
279736,kampuchea
279737,right of peoples to peace
279738,afghanistan and its implications for international peace and security
279739,bilateral nuclear-arms negotiations
279740,cultural property to the countries of origin
279741,the falkland islands (malvinas)
279742,achieving far-reaching social and economic changes for the purpose of social progress
279743,the universal realization of the right of peoples to self-determination and of the speedy granting of independence to colonial countries and peoples for the effective guarantee and observance of human rights
279744,the international convention on the suppression and punishment of the crime of apartheid
279745,the elimination of racial discrimination
279746,western sahara
279747,non-self-governing territories transmitted under article 73 e of the charter of the united nations
279748,"foreign economic and other interests which are impeding the implementation of the declaration on the granting of independence to colonial countries and peoples in namibia and in all other territories under colonial domination and efforts to eliminate colonialism, apartheid and racial discrimination in southern africa"
279749,the declaration on the granting of independence to colonial countries and peoples by the specialized agencies and the international institutions associated with the united nations
279750,twenty-fifth anniversary of the declaration on the granting of independence to colonial countries and peoples
279751,the declaration on the granting of independence to colonial countries and peoples
279752,information on decolonization
279753,the un disengagement observer force
279754,the un disengagement observer force
279786,law of the sea
279787,comprehensive sanctions against the racist regime of south africa
279788,south africa and assistance to the liberation movements
279789,world conference on sanctions against racist south africa
279790,public information and public action against apartheid
279791,israel and south africa
279792,apartheid
279793,international convention against apartheid in sports
279794,concerted international action for the elimination of apartheid
279795,the principles and norms of international law relating to the new international economic order
279796,offences against the peace and security of mankind
279797,the principle of non-use of force in international relations
279798,general assembly oncerning the signature and ratification of additional protocol i of the treaty for the prohibition of nuclear weapons in latin america (treaty of tlatelolco)
279799,all test explosions of nuclear weapons
279800,all test explosions of nuclear weapons
279801,a comprehensive nuclear-test-ban treaty
279802,a nuclear-weapon-free zone in south asia
279803,effective international arrangements to assure non-nuclear-weapon states against the use or threat of use of nuclear weapons
279804,an arms race in outer space
279805,general assembly n the immediate cessation and prohibition of nuclear-weapon tests
279807,the declaration on the denuclearization of africa
279808,the declaration on the denuclearization of africa : nuclear capability of south africa
279809,the development and manufacture of new types of weapons of mass destruction and new systems of such weapons
279810,military budgets
279811,chemical and bacteriological weapons
279812,chemical and bacteriological (biological) weapons
279813,israeli nuclear armament
279814,conventional disarmament on a regional scale
279815,general and complete disarmament : study on the naval arms race
279816,general and complete disarmament : prohibition of the production of fissionable material for weapons purposes
279817,general and complete disarmament : nuclear-weapon freeze
279818,general and complete disarmament : curbing the naval arms race : limitation and reduction of naval armaments and extension of confidence-building measures to seas and oceans
279819,general and complete disarmament : objective information on military matters
279820,general and complete disarmament : compliance with arms limitation and disarmament agreements
279821,general and complete disarmament : 3rd review conference of the parties to the treaty on the non-proliferation of nuclear weapons
279822,general and complete disarmament : disarmament and the maintenance of international peace and security
279823,palestine
279824,palestine
279825,palestine
279826,palestine
279827,namibia : situation in namibia resulting from the illegal occupation of the territory by south africa
279828,namibia : implementation of security council
279829,namibia : programme of work of the un council for namibia
279830,namibia : dissemination of information and mobillization of international public opinion in support of namibia
279831,namibia : un fund for namibia
279832,namibia : special session of the general assembly on the question of namibia
279833,world social situation
279834,human rights and use of scientific and technological developments
279835,human rights and scientific and technological developments
279836,"indivisibility and interdependence of economic, social, cultural, civil and political rights"
279837,the united nations system for improving the effective enjoyment of human rights and fundamental freedoms
279838,human rights and fundamental freedoms in afghanistan
279839,human rights and fundamental freedoms in el salvador
279840,human rights and fundamental freedoms in guatemala
279841,human rights in the islamic republic of iran
279842,human rights and fundamental freedoms in chile
279843,"measures to be taken against nazi, fascist and neo-fascist activities and all other forms of totalitarian ideologies and practices based on racial intolerance, hatred and terror"
279844,international security
279845,the collective security provisions of the charter of the united nations for the maintenance of international peace and security
279846,antarctica
279847,v
279848,nuclear war
279849,antarctica
279850,the nuclear-arms race and nuclear disarmament
279851,antarctica
279852,economic and social consequences of the armaments race and its extremely harmful effects on world peace and security
279853,disarmament and international security
279854,nuclear-arms freeze
279855,world disarmament campaign
279856,nuclear weapons in all aspects
279857,nuclear weapons and prevention of nuclear war
279858,bilateral nuclear-arms and space-arms negotiations
279859,convention on the prohibition of the use of nuclear weapons
279860,un programmes of fellowship on disarmament
279861,world disarmament campaign : actions and activities
279862,freeze on nuclear weapons
279863,international co-operation for disarmament
279864,the nuclear neutron weapon
279865,disarmament week
279866,"climatic effects of nuclear war, including nuclear winter"
279867,the conference on disarmament
279868,
279869,investigate isareli practices affecting the human rights of the population of the occupied territories
279870,investigate isareli practices affecting the human rights of the population of the occupied territories
279871,investigate isareli practices affecting the human rights of the population of the occupied territories
279873,investigate isareli practices affecting the human rights of the population of the occupied territories
279874,investigate isareli practices affecting the human rights of the population of the occupied territories
279875,investigate isareli practices affecting the human rights of the population of the occupied territories
279876,investigate isareli practices affecting the human rights of the population of the occupied territories
279877,information
279878,information
279879,unrwa : assistance to palestine refugees
279880,"unrwa : offers by member states of grants and scholarships for higher education, including vocational training, for palestine refugees"
279881,unrwa : palestine refugees in the gaza strip
279882,unrwa : resumption of the ration distribution to palestine refugees
279883,unrwa : population and refugees displaced since 1967
279884,unrwa : revenues derived from palestine refugees properties
279885,unrwa : protection of palestine refugees
279886,unrwa : palestine refugees in the west bank
279887,"unrwa : university of jerusalem ""al-quds"" for palestine refugees"
279888,israel's decision to build a canal linking the mediterranean sea to the dead sea
279889,the middle east
279890,the middle east
279891,the middle east
279892,economic development projects in the occupied palestinian territories
279893,the palestinian people
279894,international economic security
279895,economic rights and duties of states
279896,the particular needs and problems of land-locked developing countries
279897,economic measures as a means of political and economic coercion against developing countries
279898,trade embargo against nicaragua
279899,reverse transfer of technology
279900,remnants of war
279901,international co-operation in the field of the environment
279902,living conditions of the palestinian people in the occupied palestinian territories
279903,long-term trends in economic development
279904,programme budget
279905,financial emergency of the un
279906,the un interim force in lebanon
279907,the un interim force in lebanon
279908,the rates of reimbursement to the governments of troop-contributing states
279909,assessments for the apportionment of the expenses of the united nations
279910,un office in nairobi
279911,budget appropriations
279912,income estimates
279913,appropriations
279914,unforeseen and extraordinary expenses
279915,working capital fund
279916,"emoluments, pension scheme and conditions of service for the members of the international court of justice."
280663,co-operation between the united nations and the league of arab states
280664,kampuchea
280665,"armed israeli aggression against the iraqi nuclear installations and its grave consequences for the established international system concerning the peaceful uses of nuclear energy, the non-proliferation of nuclear weapons and international peace and security"
280666,non-self-governing territories transmitted under article 73 e of the charter of the united nations
280668,"foreign economic and other interests which are impeding the implementation of the declaration on the granting of independence to colonial countries and peoples in namibia and in all other territories under colonial domination and efforts to eliminate colonialism, apartheid and racial discrimination in southern africa"
280669,the declaration on the granting of independence to colonial countries and peoples by the specialized agencies and the international institutions associated with the united nations
280670,western sahara
280671,the comorian island of mayotte
280672,judgment of the international court of justice of 27 june 1986 concerning military and paramilitary activities in and against nicaragua : need for immediate compliance
280673,afghanistan and its implications for international peace and security
280674,law of the sea
280675,south africa and assistance to the liberation movements
280676,comprehensive and mandatory sanctions against the racist regime of south africa
280677,israel and south africa
280678,apartheid
280679,statute of the international convention against apartheid in sports
280680,oil embargo against south africa
280681,concerted international action for the elimination of apartheid
280682,the assembly of heads of state and government of the organization of african unity on the aerial and naval military attack against the socialist people's libyan arab jamahiriya by the present united states administration in april 1986
280683,namibia resulting from the illegal occupation of the territory by south africa
280684,namibia : implementation of security council
280685,work of the un council for namibia
280686,information and mobilization of international public opinion in support of the immediate independence of namibia
280687,un fund for namibia
280688,the falkland islands (malvinas)
280689,the declaration on the granting of independence to colonial countries and peoples
280690,the declaration on the granting of independence to colonial countries and peoples
280691,information on decolonization
280692,palestine
280693,palestine
280694,palestine
280695,palestine
280696,the un disengagement observer force
280697,the un disengagement observer force
280698,general assembly oncerning the signature and ratification of additional protocol i of the treaty for the prohibition of nuclear weapons in latin america (treaty of tlatelolco)
280699,all nuclear-test explosions
280700,all nuclear-test explosions
280701,a comprehensive nuclear-test-ban treaty
280702,a nuclear-weapon-free zone in south asia
280703,effective international arrangements on the strengthening of the security of non-nuclear-weapon states against the use or threat of use of nuclear weapons
280704,effective international arrangements to assure non-nuclear-weapon states against the use or threat of use of nuclear weapons
280705,an arms race in outer space
280706,general assembly n the immediate cessation and prohibiton of nuclear-weapon tests
280707,the declaration on the denuclearization of africa
280708,the declaration on the denuclearization of africa : nuclear capability of south africa
280709,the development and manufacture of new types of weapons of mass destruction and new systems of such weapons
280710,chemical and bacteriological weapons
280711,chemical and bacteriological (biological) weapons
280712,general and complete disarmament : objective information on military matters
280713,general and complete disarmament : contribution of the specialized agencies and other organizations and programmes of the un system to the cause of arms limitation and disarmament
280714,general and complete disarmament : confidence-building and security-building measures and conventional disarmament
280715,general and complete disarmament : conventional disarmament
280716,comprehensive study on the military use of research and development : military use of research and development
280717,"general and complete disarmament : prohibition of the development, production, stockpiling and use of radiological weapons"
280718,general and complete disarmament : naval armaments and disarmament
280719,general and complete disarmament : prohibition of the production of fissionable material for weapons purposes
280720,general and complete disarmament : conventional disarmament on a regional basis
280721,general and complete disarmament : notification of nuclear tests
280722,world disarmament campaign : actions and activities
280723,world disarmament campaign
280724,guidelines for confidence-building measures
280725,freeze on nuclear weapons
280726,convention on the prohibition of the use of nuclear weapons
280727,un programme of fellowships on disarmament
280728,general assembly on a nuclear arms freeze
280729,investigate israeli practices affecting the human rights of the population of the occupied territories
280730,investigate israeli practices affecting the human rights of the population of the occupied territories
280731,investigate israeli practices affecting the human rights of the population of the occupied territories
280732,investigate israeli practices affecting the human rights of the population of the occupied territories
280733,investigate israeli practices affecting the human rights of the population of the occupied territories
280734,investigate israeli practices affecting the human rights of the population of the occupied territories
280735,investigate israeli practices affecting the human rights of the population of the occupied territories
280736,information
280737,information
280738,information
280739,palestine refugees in the near east : assistance to palestine refugees
280740,palestine refugees in the near east : grants and scholarships for palestine refugees
280741,palestine refugees in the near east : palestine refugees in the gaza strip
280742,palestine refugees in the near east : resumption of the ration distribution
280743,palestine refugees in the near east : population and refugees displaced since 1967
280744,palestine refugees in the near east : revenues derived from palestine refugees properties
280745,palestine refugees in the near east : protection of palestine refugees
280746,palestine refugees in the near east : palestine refugees in the west bank
280747,"palestine refugees in the near east : university of jerusalem ""al-quds"""
280748,national liberation movements recognized by the organization of african unity and/or by the league of arab states
280749,the principles and norms of international law relating to the new international economic order
280750,offences against the peace and security of mankind
280752,bilateral nuclear-arms negotiations
280753,nuclear weapons and prevention of nuclear war
280754,disarmament week
280755,the nuclear-arms race and nuclear disarmament
280756,nuclear war
280757,"climatic effects of nuclear war, including nuclear winter"
280758,
280759,
280760,international co-operation for disarmament
280761,the conference on disarmament
280762,bilateral nuclear-arms negotiations
280763,
280764,the conference on disarmament
280765,antarctica
280766,antarctica
280767,antarctica
280768,international security
280769,need for result-oriented political dialogue to improve the international situation
280771,a comprehensive system of international peace and security
280772,israeli nuclear armament
280773,"the enjoyment of human rights of political, military, economic and other forms of assistance given to the racist and colonialist régime of south africa"
280774,the universal realization of the right of peoples to self-determination and of the speedy granting of independence to colonial countries and peoples for the effective guarantee and observance of human rights
280775,mercenaries as a means to violate human rights and to impede the exercise of the right of peoples to self-determination
280776,the international convention on the suppression and punishment of the crime of apartheid
280777,human rights and use of scientific and technological developments
280778,human rights and scientific and technological developments
280780,"indivisibility and interdependence of economic, social, cultural, civil and political rights"
280781,measures of assistance provided to south african and namibian refugee women and children
280782,the right to development
280783,the united nations system for improving the effective enjoyment of human rights and fundamental freedoms
280784,everyone to own property alone as well as in association with others and its contribution to the economic and social development of member states
280785,right to development
280786,displaced persons in ethiopia
280787,sub-commission on prevention of discrimination and protection of minorities
280788,realization of the right to adequate housing
280789,measures to improve the situation and ensure the human rights and dignity of all migrant workers
280790,international co-operation in the field of human rights
280791,the human rights and fundamental freedoms in guatemala
280792,human rights in el salvador
280793,human rights and fundamental freedoms in afghanistan
280794,human rights in the islamic republic of iran
280795,human rights and fundamental freedoms in chile
280796,the middle east
280797,the middle east
280798,the middle east
280799,trade embargo against nicaragua
280800,economic measures as a means of political and economic coercion against developing countries
280801,the un interim force in lebanon
280803,the un interim force in lebanon
280804,net transfer of resources from developing to developed countries
280805,the palestinian people
280806,the secretary-general in implementation of general assembly
280807,proclamation of the world decade for cultural development
280808,uganda
280809,mozambique
280810,special assistance to front-line states
280811,"benin, the central african republic, the comoros, democratic yemen, djibouti, equatorial guinea, the gambia, guinea, guinea-bissau, haiti, madagascar, nicaragua, sierra leone and vanuatu"
280812,health insurance coverage for locally-recruited staff in general service and related categories at designated duty stations
280813,news service of the department of political and security council affairs
280814,loan to united nations industrial development organization
280815,judgement no. 370 of the united nations administrative tribunal related to the suspension of class 12 post adjustment in new york
280817,job classification of the general service and related categories
280818,programme budget : revised budget appropriations
280819,programme budget : revised income estimates
280820,programme budget - financing of appropriations
280821,un conference for the promotion of international co-operation in the peaceful uses of nuclear energy
280822,right of peoples to peace
280823,a zone of peace and co-operation of the south atlantic
281002,kampuchea
281003,co-operation between the united nations and the league of arab states
281004,cultural property to the countries of origin
281005,namibia resulting from the illegal occupation of the territory by south africa
281006,namibia : implementation of security council
281007,work of the un council for namibia
281008,information and mobilization of international public opinion in support of the immediate independence of namibia
281009,un fund for namibia
281010,afghanistan and its implications for international peace and security
281011,peace and co-operation of the south atlantic
281012,the comorian island of mayotte
281013,judgment of the international court of justice of 27 june 1986 concerning military and paramilitary activities in and against nicaragua : need for immediate compliance
281014,the falkland islands (malvinas)
281015,law of the sea
281016,international solidarity with the liberation struggle in south africa
281017,application of co-ordinated and strictly monitored measures against south africa
281018,comprehensive and mandatory sanctions against the racist regime of south africa
281019,israel and south africa
281020,apartheid
281021,oil embargo against south africa
281022,concerted international action for the elimination of apartheid
281023,general assembly oncerning the signature and ratification of additional protocol i of the treaty for the prohibition of nuclear weapons in latin america (treaty of tlatelolco)
281024,all nuclear-test explosions
281025,all nuclear-test explosions
281026,a comprehensive nuclear-test-ban treaty
281027,a nuclear-weapon-free zone in south asia
281028,effective international arrangements on the strengthening of the security of non-nuclear-weapon states against the use or threat of use of nuclear weapons
281029,an arms race in outer space
281030,the declaration on denuclearization of africa
281031,the declaration on denuclearization of africa : nuclear capability of south africa
281032,the development and manufacture of new types of weapons of mass destruction and new systems of such weapons
281033,general and completed disarmament : bilateral nuclear-arms negotiations
281034,general and completed disarmament : notification of nuclear tests
281035,general and completed disarmament : bilateral nuclear-arms negotiations
281036,"general and completed disarmament : prohibition of the development, production, stockpiling and use of radiological weapons"
281037,general and completed disarmament : objective information on military matters
281038,general and completed disarmament : implementation of general assembly resolutions in the field of disarmament
281039,general and completed disarmament : naval armaments and disarmament
281040,general and completed disarmament : prohibition of the production of fissionable material for weapons purposes
281041,general and completed disarmament : conventional disarmament on a regional scale
281042,
281043,freeze on nuclear weapons
281044,convention on the prohibition of the use of nuclear weapons
281045,world disarmament campaign
281046,general assembly on a nuclear-arms freeze
281047,un programme of fellowships on disarmament
281048,nuclear weapons and prevention of nuclear war
281049,
281050,the nuclear-arms race and nuclear disarmament
281051,nuclear war
281052,international co-operation for disarmament
281053,disarmament week
281054,the conference on disarmament
281055,the conference on disarmament
281056,
281057,rationalization of the work of the 1st committee
281058,israeli nuclear armament
281059,antarctica
281060,antarctica
281061,achieving far-reaching social and economic changes for the purpose of social progress
281062,"efforts and measures for securing the implementation by states and the enjoyment by youth of human rights in conditions of peace, particularly the right to education and to work"
281063,the international convention on the suppression and punishment of the crime of apartheid
281064,palestine
281065,palestine
281066,palestine
281067,palestine
281068,unrwa : assistance to palestine refugees
281069,"unrwa : offers by member states of grants and scholarships for higher education, including vocational training, for palestine refugees"
281070,unrwa : palestine refugees in the gaza strip
281071,unrwa : resumption of the ration distribution to palestine refugees
281072,unrwa : population and refugees displaced since 1967
281073,unrwa : revenues derived from palestine refugee properties
281074,unrwa : protection of palestine refugees
281075,unrwa : palestine refugees in the west bank
281076,"unrwa : university of jerusalem ""al-quds"" for palestine refugees"
281077,the united nations disengagement observer force
281078,the declaration on the granting of independence to colonial countries and peoples
281079,information on decolonization
281080,non-self-governing territories transmitted under article 73 e of the charter of the united nations
281081,"foreign economic and other interests which are impeding the implementation of the declaration on the granting of independence to colonial countries and peoples in namibia and in all other territories under colonial domination and efforts to eliminate colonialism, apartheid and racial discrimination in southern africa"
281082,the declaration on the granting of independence to colonial countries and peoples by the specialized agencies and the international institutions associated with the united nations
281083,western sahara
281084,new caledonia
281085,the declaration on the preparation of societies for life in peace
281086,international security
281087,comprehensive system of international peace and security
281088,the universal realization of the right of peoples to self-determination and of the speedy granting of independence to colonial countries and peoples for the effective guarantee and observance of human rights
281089,mercenaries as a means to violate human rights and to impede the exercise of the right of peoples to self-determination
281090,human rights and use of scientific and technological developments
281091,human rights and scientific and technological developments
281092,a convention on the rights of the child
281093,"indivisibility and interdependence of economic, social, cultural, civil and political rights"
281094,the impact of property on the enjoyment of human rights and fundamental freedoms
281095,the united nations system for improving the effective enjoyment of human rights and fundamental freedoms
281096,need to enhance international co-operation in the field of the protection of and assistance for the family
281097,human rights and fundamental freedoms in afghanistan
281098,human rights in the islamic republic of iran
281099,displaced persons in ethiopia
281100,measures to improve the situation and ensure the human rights and dignity of all migrant workers
281101,improvement of social life
281102,realization of the right to adequate housing
281103,human rights and fundamental freedoms in chile
281104,the principles and norms of international law relating to the new international economic order
281105,peaceful settlement of disputes between states
281106,crimes against the peace and security of mankind
281107,draft convention on international bills of exchange and international promissory notes
281108,development and strengthening of good-neighbourliness between states
281109,"measures to prevent international terrorism which endangers or takes innocent human lives or jeopardizes fundamental freedoms and study of the underlying causes of those forms of terrorism and acts of violence which lie in misery, frustration, grievance and despair and which cause some people to sacrifice human lives, including their own, in an attempt to effect radical changes : a, report of the secretary-general ; b, convening, under the auspices of the united nations, of an international conference to define terrorism and to differentiate it from the struggle of peoples for national liberation"
281110,investigate israeli practices affecting the human rights of the population of the occupied territories
281111,investigate israeli practices affecting the human rights of the population of the occupied territories
281112,investigate israeli practices affecting the human rights of the population of the occupied territories
281113,investigate israeli practices affecting the human rights of the population of the occupied territories
281114,investigate israeli practices affecting the human rights of the population of the occupied territories
281115,investigate israeli practices affecting the human rights of the population of the occupied territories
281116,investigate israeli practices affecting the human rights of the population of the occupied territories
281117,question relating to information
281118,question relating to information
281119,international economic security
281120,the palestinian people
281121,economic measures as a means of political and economic coercion against developing countries
281122,the particular needs and problems of land-locked developing countries
281123,trade embargo against nicaragua
281124,international co-operation in the field of the environment
281125,living conditions of the palestinian people in the occupied palestinian territories
281126,furthering international co-operation regarding the external debt problems
281127,assistance for reconstruction and development of lebanon
281128,special economic assistance to chad
281129,special assistance to front-line states
281130,special assistance to maldives for disaster relief and the strengthening of its coastal defences
281131,el salvador
281132,special economic assistance to central america
281133,"benin, the central african republic, democratic yemen, djibouti, ecuador, the gambia, madagascar, nicaragua and vanuatu"
281134,the middle east
281135,the middle east
281136,the middle east
281137,the middle east
281138,the host country
281145,the united nations interim force in lebanon
281146,the rates of reimbursement to the governments of troop-contributing states
281147,programme budget : budget appropriations
281148,effective international arrangements to assure non-nuclear-weapon states against the use or threat of use of nuclear weapons
281330,the host country : proposed closure of the palestine liberation organization office in new york
281331,the host country : proposed closure of the palestine liberation organization office in new york
281332,the host country
281336,the host country
281348,co-operation between the united nations and the league of arab states
281349,judgment of the international court of justice of 27 june 1986 concerning military and paramilitary activities in and against nicaragua : need for immediate compliance
281350,co-operation between the united nations and the organization of african unity
281351,"pretoria's racial ""municipal elections"""
281352,the comorian island of mayotte
281353,law of the sea
281354,kampuchea
281355,the uprising (intifadah) of the palestinian people
281356,right of peoples to peace
281357,peace and co-operation of the south atlantic
281359,namibia : the situation in namibia resulting from illegal occupation of the territory by south africa
281360,the falkland islands (malvinas)
281361,namibia : implementation of security council
281362,namibia : programme of work of the un council for namibia
281363,namibia : dissemination of information and mobilization of international public opinion in support of the immediate independence of namibia
281364,namibia : un fund for namibia
281365,non-self-governing territories transmitted under article 73 e of the charter of the united nations
281366,"foreign economic and other interests which are impeding the implementation of the declaration on the granting of independence to colonial countries and peoples in namibia and in all other territories under colonial domination and efforts to eliminate colonialism, apartheid and racial discrimination in southern africa"
281367,the declaration on the granting of independence to colonial countries and peoples by the specialized agencies and the international institutions associated with the united nations
281368,western sahara
281369,the declaration on the granting of independence to colonial countries and peoples
281370,information on decolonization
281371,international decade for the eradication of colonialism
281373,the host country
281374,the host country
281375,apartheid of the government of south africa : international solidarity with the liberation struggle in south africa
281376,apartheid of the government of south africa : military collaboration with south africa
281377,apartheid of the government of south africa : comprehensive and mandatory sanctions against the racist regime of south africa
281378,"apartheid of the government of south africa : imposition, co-ordination and strict monitoring of measures against racist south africa"
281379,apartheid of the government of south africa : relations between south africa and israel
281380,apartheid of the government of south africa : apartheid
281381,apartheid of the government of south africa : dissemination of information against the policies of apartheid of the regime of racist south africa
281382,apartheid of the government of south africa : oil embargo against south africa
281383,apartheid of the government of south africa : concerted international action for the elimination of apartheid
281385,the middle east
281386,the middle east
281387,the middle east
281388,palestine refugees in the near east : assistance to palestine refugees
281389,"palestine refugees in the near east : offers by member states of grants and scholarships for higher education, including vocational training, for palestine refugees"
281390,palestine refugees in the near east : palestine refugees in territory occupied by israel since 1967
281391,palestine refugees in the near east : resumption of the ration distribution to palestine refugees
281392,palestine refugees in the near east : return of population and refugees displaced since 1967
281393,palestine refugees in the near east : revenues derived from palestine refugee properties
281394,palestine refugees in the near east : protection of palestine refugees
281395,"palestine refugees in the near east : university of jerusalem ""al-quds"" for palestine refugees"
281396,investigate israeli practices affecting the human rights of the population of the occupied territories
281397,investigate israeli practices affecting the human rights of the population of the occupied territories
281398,investigate israeli practices affecting the human rights of the population of the occupied territories
281399,investigate israeli practices affecting the human rights of the population of the occupied territories
281400,investigate israeli practices affecting the human rights of the population of the occupied territories
281401,investigate israeli practices affecting the human rights of the population of the occupied territories
281402,investigate israeli practices affecting the human rights of the population of the occupied territories
281403,information
281404,information
281406,all nuclear-test explosions
281407,all nuclear-test explosions
281408,a comprehensive nuclear-test-ban treaty
281409,a nuclear-weapon-free zone in south asia
281410,effective international arrangements on the strengthening of the security of non-nuclear-weapon states against the use or threat of use of nuclear weapons
281411,effective international arrangements to assure non-nuclear-weapon states against the use or threat of use of nuclear weapons
281412,an arms race in outer space
281413,the declaration on the denuclearization of africa
281414,the declaration on the denuclearization of africa : nuclear capability of south africa
281415,the development and manufacture of new types of weapons of mass destruction and new systems of such weapons
281416,general and complete disarmament : bilateral nuclear-arms negotiation
281417,general and complete disarmament : objective information on military matters
281418,general and complete disarmament : implementation of general assembly resolutions in the field of disarmament
281419,general and complete disarmament : international arms transfers
281420,"general and complete disarmament : prohibition of the development, production, stockpiling and use of radiological weapons"
281421,general and complete disarmament : prohibition of the production of fissionable material for weapons purposes
281422,general and complete disarmament : naval armaments and disarmament
281423,general and complete disarmament : comprehensive un study on nuclear weapons
281424,general and complete disarmament : bilateral nuclear-arms negotiations
281425,general and complete disarmament : prohibition of the dumping of radioactive wastes for hostile purposes
281426,general and complete disarmament : conventional disarmament on a regional scale
281427,general and complete disarmament : dumping of radioactive wastes
281428,disarmament and international security
281429,nuclear arms freeze
281430,world disarmament campaign
281431,convention on the prohibition of the use of nuclear weapons
281432,scientific and technological developments and their impact on international security
281433,third special session of the general assembly devoted to disarmament
281434,nuclear weapons and rpevention of nuclear war
281435,international co-operation for disarmament
281436,"climatic effects of nuclear war, including nuclear winter : report of the secretary-general"
281437,the nuclear-arms race and nuclear disarmament
281438,nuclear war
281439,the conference on disarmament
281440,economic and social consequences of the armaments race and its extremely harmful effects on world peace and security
281441,the conference on disarmament
281442,israeli nuclear armament
281443,study of the role of the un in the field of verification
281444,the conclusions of the 3rd review conference of the parties to the treaty on the non-proliferation of nuclear weapons and establishment of a preparatory committee for the 4th review conference
281445,antarctica
281446,antarctica
281447,need for a result-oriented political dialogue to improve the international situation
281448,tenth anniversary of the adoption of the declaration on the preparation of societies for life in peace
281449,international security
281450,comprehensive approach to strengthening international peace and security in accordance with the charter of the united nations
281451,"the enjoyment of human rights of political, military, economic and other forms of assistance given to the racist and colonialist régime of south africa"
281452,the international convention on the suppression and punishment of the crime of apartheid
281453,the universal realization of the right of peoples to self-determination and of the speedy granting of independence to colonial countries and peoples for the effective guarantee and observance of human rights
281454,mercenaries as a means to violate human rights and to impede the exercise of the right of peoples to self-determination
281455,human rights and scientific and technological developments
281456,"indivisibility and interdependence of economic, social, cultural, civil and political rights"
281457,the impact of property on the enjoyment of human rights and fundamental freedoms
281458,the united nations system for improving the effective enjoyment of human rights and fundamental freedoms
281459,the united nations system for improving the effective enjoyment of human rights and fundamental freedoms
281460,human rights in the islamic republic of iran
281461,measures to improve the situation and ensure the human rights and dignity of all migrant workers
281462,improvement of social life
281463,human rights and fundamental freedoms in chile
281464,national liberation movements recognized by the organization of african unity and/or by the league of arab states
281465,national liberation movements recognized by the organization of african unity and/or by the league of arab states
281466,the principles and norms of international law relating to the new international economic order
281467,peaceful settlement of disputes between states
281468,crimes against the peace and security of mankind
281469,good neighbourliness between states
281470,good neighbourliness between states
281472,the palestinian people
281473,preparation for an international development strategy for the 4th united nations development decade
281474,trade embargo against nicaragua
281475,international conference on money and finance
281476,international co-operation for the eradication of poverty in developing countries
281477,fulfillment of the target for official development assistance
281478,external debt crisis and development : towards a durable solution of the debt problems
281479,special assistance to front-line states
281480,conferences
281481,the united nations disengagement observer force
281482,the united nations interim force in lebanon
281673,palestine
281674,palestine
281675,palestine
281676,palestine
281677,palestine
281687,palestine
281697,death sentence passed on a south african patriot
281698,the uprising (intifadah) of the palestinian people
281699,co-operation between the united nations and the league of arab states
281700,the comorian island of mayotte
281702,cultural property to the countries of origin
281706,peace and co-operation of the south atlantic
281707,kampuchea
281708,african alternative framework to structural adjustment programmes for socio-economic recovery and transformation
281709,law of the sea
281710,international solidarity with the liberation struggle in south africa
281711,comprehensive and mandatory sanctions against the racist regime of south africa
281712,"imposition, co-ordination and strict monitory of measures against racist south africa"
281713,international financial pressures on the apartheid economy of south africa
281714,south africa and israel
281715,apartheid
281716,oil embargo against south africa
281717,military collaboration with south africa
281718,concerted international action for elimination of apartheid
281719,support for the work of the commission against apartheid in sports
281720,the principles and norms of international law relating to the new international economic order
281721,peaceful settlement of disputes between states
281722,crimes against the peace and security of mankind
281723,the middle east
281725,the middle east
281726,the middle east
281727,palestine
281728,palestine
281729,palestine
281730,palestine
281731,judgement of the international court of justice of 27 june 1986 concerning military and paramilitary activities in and against nicaragua : need for immediate compliance
281732,palestine refugees
281733,member states of grants and scholarships for higher education for palestine refugees
281734,palestine refugees in the palestinian territory occupied by israel since 1967
281735,the ration distribution to palestine refugees
281736,return of population and refugees displaced since 1967
281737,palestine refugees properties
281738,palestine refugees
281739,"university of jerusalem ""al-quds"" for palestine refugees"
281740,palestinian students and educational institutions and safeguarding of the security of the facilities of the un relief and works agency for palestine refugees in the near east in the occupied palestinian territory
281741,investigate israeli practices affecting the human rights of the population of the occupied territories
281742,investigate israeli practices affecting the human rights of the population of the occupied territories
281743,investigate israeli practices affecting the human rights of the population of the occupied territories
281744,investigate israeli practices affecting the human rights of the population of the occupied territories
281746,investigate israeli practices affecting the human rights of the population of the occupied territories
281747,investigate israeli practices affecting the human rights of the population of the occupied territories
281748,investigate israeli practices affecting the human rights of the population of the occupied territories
281749,information
281750,world social situation
281751,the united nations system for improving the effective enjoyment of human rights and fundamental freedoms
281752,the international convention on the suppression and punishment of the crime of apartheid
281753,the universal realization of the right of peoples to self-determination and of the speedy granting of independence to colonial countries and peoples for the effective guarantee and observance of human rights
281754,mercenaries as a means to violate human rights and to impede the exercise of the right of peoples to self-determination
281755,non-self-governing territories transmitted under article 73 e of the charter of the united nations
281756,"foreign economic and other interests which are impeding the implementation of the declaration on the granting of independence to colonial countries and peoples in namibia and in all other territories under colonial domination and efforts to eliminate colonialism, apartheid and racial discrimination in southern africa"
281757,the declaration on the granting of independence to colonial countries and peoples by the specialized agencies and the international institutions associated with the united nations
281758,activities in observance of the 30th anniversary of the declaration on the granting of independence to colonial countries and peoples
281759,the declaration on the granting of independence to colonial countries and peoples
281760,information on decolonization
281761,general assembly oncerning the signature and ratification of additional protocol i of the treaty for the prohibition of nuclear weapons in latin america (treaty of tlatelolco)
281762,all nuclear-test explosions
281763,"the treaty banning nuclear weapon tests in the atmosphere, in outer space and under water"
281764,a comprehensive nuclear-test-ban treaty
281766,a nuclear-weapon-free zone in south asia
281767,effective international arrangements on the strengthening of the security of non-nuclear-weapon states against the use or threat of use of nuclear weapons
281768,effective international arrangements to assure non-nuclear-weapon states against the use or threat of use of nuclear weapons
281769,an arms race in outer space
281770,the declaration on denuclearization of africa
281771,nuclear capability of south africa
281772,military budgets
281773,military budgets
281774,"the development, production, stockpiling and use of radiological weapons"
281775,bilateral nuclear-arms negotiations
281776,objective information on military matters
281777,resolutions in the field of disarmament
281778,the production of fissionable material for weapons purposes
281779,conversion of military resources
281780,bilateral nuclear-arms negotiations
281781,naval armaments and disarmament
281782,international arms transfers
281783,defensive security concepts and policies
281784,the dumping of radioactive wastes
281785,conventional disarmament on a regional scale
281786,world disarmament campaign
281787,convention on the prohibition of the use of nuclear weapons
281788,nuclear-arms freeze
281789,"un regional centres for peace and disarmament in africa and asia and the un regional centre for peace, disarmament and development in latin america and the caribbean"
281790,scientific and technological developments and their impact on international security
281791,science and technology for disarmament
281792,comprehensive programme of disarmament
281793,nuclear weapons and prevention of nuclear war
281794,the conference on disarmament
281795,nuclear-arms race and prevention of nuclear war
281796,south pacific nuclear-free-zone treaty
281797,the declaration of the indian ocean as a zone of peace
281798,israeli nuclear armament
281799,education for disarmament
281800,international security
281801,elaboration of a 2nd optional protocol to the international covenant on civil and political rights aiming at the abolition of the death penalty
281802,"indivisibility and interdependence of economic, social, cultural, civil and political rights"
281803,the principles of national sovereignty and non-interference in the internal affairs of states in their electoral processes
281804,human rights in chile
281805,the commission on human rights and the further promotion of human rights and fundamental freedoms
281806,international assistance for the economic rehabilitation of angola
281807,economic rights and duties of states
281808,living conditions of the palestinian people in the occupied palestinian territory
281809,special assistance to the front-line states
281810,a durable solution of external debt problems
281811,the particular needs and problems of land-locked developing countries
281812,economic measures as a means of political and economic coercion against developing countries
281813,trade embargo against nicaragua
281814,commodities
281815,trends in the transfer of resources to and from the developing countries and their impact on the economic growth and sustained development of those countries
281816,the palestinian people
281817,the military intervention by the united states of america in panama on the situation in central america
282037,antarctica
282038,antarctica
282055,namibia
282083,the comorian island of mayotte
282086,non-self-governing territories transmitted under article 73 e of the charter of the united nations
282087,"foreign and other interests which are impeding the implementation of the declaration on the granting of independence to colonial countries and peoples in territories under colonial domination and efforts to eliminate colonialism, apartheid and racial discrimination in southern africa"
282088,the declaration on the granting of independence to colonial countries and peoples by the specialized agencies and the international institutions associated with the united nations
282089,thirtieth anniversary of the declaration on the granting of independence to colonial countries and peoples
282090,the declaration on the granting of independence to colonial countries and peoples
282091,information on decolonization
282092,national liberation movements recognized by the organization of african unity and/or by the league of arab states
282093,"effective measures to enhance the protection, security and safety of diplomatic and consular missions and representatives"
282094,the united nations and on the strengthening of the role of the organization
282095,rationalization of existing united nations procedures
282096,peace and co-operation of the south atlantic
282097,guam
282102,general assembly oncerning the signature and ratification of additional protocol i of the treaty for the prohibition of nuclear weapons in latin america and the caribbean (treaty of tlatelolco)
282103,all nuclear-test explosions
282104,"the treaty banning nuclear weapon tests in the atmosphere, in outer space and under water"
282105,a comprehensive nuclear-test-ban treaty
282106,a nuclear-weapon-free zone in south asia
282107,effective international arrangements to assure non-nuclear-weapon states against the use or threat of use of nuclear weapons
282108,an arms race
282109,confidence-building measures in outer space
282110,denuclearization of africa
282111,nuclear capability of south africa
282112,bilateral nuclear-arms negotiations
282113,bilateral nuclear-arms negotiations
282114,attacks on nuclear facilities
282115,dumping of radioactive wastes
282116,the production of fissionable material for weapons purposes
282117,charting potential uses of resources allocated to military activities for civilian endeavours to protect the environment
282118,defensive security concepts and policies
282119,regional disarmament
282120,convention on the prohibition of the use of nulear weapons
282121,nuclear-arms freeze
282122,scientific and technological developments and their impact on international security
282123,the nuclear-arms race and nuclear disarmament and prevention of nuclear war
282124,the conference on disarmament
282125,comprehensive programme on disarmament
282126,israeli nuclear armament
282127,palestine
282128,palestine
282129,palestine
282130,international peace conference on the middle east
282131,the uprising (intifadah) of the palestinian people
282135,unrwa : assistance to palestine refugees
282136,"member states of grants and scholarships for higher education, including vocational training, for palestine refugees"
282137,palestine refugees in the palestinian territory occupied by israel since 1967
282138,the ration distribution to palestine refugees
282139,return of population and refugees displaced since 1967
282140,palestine refugees' properties
282141,palestine refugees
282142,"university of jerusalem ""al-quds"" for palestine refugees"
282143,palestinian students and educational institutions and safeguarding of the security of the facilities of unrwa in the occupied palestinian territory
282144,investigate israeli practices affecting the human rights of the palestinian people and other arabs of the occupied territories
282145,investigate israeli practices affecting the human rights of the palestinian people and other arabs of the occupied territories
282146,investigate israeli practices affecting the human rights of the palestinian people and other arabs of the occupied territories
282147,investigate israeli practices affecting the human rights of the palestinian people and other arabs of the occupied territories
282148,investigate israeli practices affecting the human rights of the palestinian people and other arabs of the occupied territories
282149,investigate israeli practices affecting the human rights of the palestinian people and other arabs of the occupied territories
282150,investigate israeli practices affecting the human rights of the palestinian people and other arabs of the occupied territories
282151,the declaration of the indian ocean as a zone of peace
282152,international security
282153,co-operation between the united nations and the league of arab states
282154,the middle east
282155,the middle east
282156,the middle east
282157,"the enjoyment of human rights of political, military, economic and other forms of assistance given to the racist and colonialist régime of south africa"
282158,world social situation
282159,antarctica
282160,antarctica
282161,the international convention on the suppression and punishment of the crime of apartheid
282162,the united nations system for improving the effective enjoyment of human rights and fundamental freedoms
282163,the universal realization of the right of peoples to self-determination and of the speedy granting of independence to colonial countries and peoples for the effective guarantee and observance of human rights
282164,mercenaries as a means to violate human rights and to impede the exercise of the right of peoples to self-determination
282165,law of the sea
282167,the principle of periodic and genuine elections
282168,the principles of national sovereignty and non-interference in the internal affairs of states in their electoral processes
282169,international year for the world's indigenous people
282170,the situation of human rights in occupied kuwait
282171,concerted and effective measures aimed at eradicating apartheid
282172,military collaboration with south africa
282173,south africa and israel
282174,apartheid
282175,oil embargo against south africa
282176,support for the work of the commission against apartheid in sports
282178,the palestinian people
282179,entrepreneurship
282474,the comorian island of mayotte
282476,cultural property to the countries of origin
282479,the international atomic energy agency
282481,peace and cooperation of the south atlantic
282484,cooperation between the united nations and the league of arab states
282485,"the treaty banning nuclear weapon tests in the atmosphere, in outer space and under water"
282486,comprehensive nuclear-test-ban treaty
282487,a nuclear-weapon-free zone in south asia
282488,effective international arrangements to assure non-nuclear-weapon states against the use or threat of use of nuclear weapons
282489,an arms race in outer space
282490,the denuclearization of africa : nuclear capacity of south africa
282491,regional disarmament
282492,bilateral nuclear-arms negotiations
282493,nuclear-arms freeze
282494,convention on prohibition of use of nuclear weapons
282495,comprehensive programme of disarmament
282496,the conference on disarmament
282497,israeli nuclear armament
282498,antarctica
282499,antarctica
282500,production of fissionable material for weapon purposes
282501,palestine refugees in the near east (unrwa) : assistance to palestine refugees
282502,member states of grants and scholarships for higher education for palestine refugees
282503,palestine refugees in palestinian territory occupied by israel since 1967
282504,ration distribution to palestine refugees
282505,return of the population and refugees displaced since 1967
282506,palestine refugees properties
282508,palestine refugees
282509,"university of jerusalem ""al-quds"""
282510,palestinian students and educational institutions and safeguarding of the security of unrwa in the occupied palestinian territory
282511,investigate israeli practices affecting the human rights of the palestinian people and other arabs of the occupied territories
282512,investigate israeli practices affecting the human rights of the palestinian people and other arabs of the occupied territories
282513,investigate israeli practices affecting the human rights of the palestinian people and other arabs of the occupied territories
282514,investigate israeli practices affecting the human rights of the palestinian people and other arabs of the occupied territories
282515,investigate israeli practices affecting the human rights of the palestinian people and other arabs of the occupied territories
282516,investigate israeli practices affecting the human rights of the palestinian people and other arabs of the occupied territories
282517,investigate israeli practices affecting the human rights of the palestinian people and other arabs of the occupied territories
282518,armaments
282519,un regional centres for peace and disarmament
282520,the declaration of the indian ocean as a zone of peace
282521,the principles and norms of international law relating to the new international economic order
282522,non-self-governing territories transmitted under article 73 e of the charter of the united nations
282523,"foreign economic and other interests which are impeding the implementation of the declaration on the granting of independence to colonial countries and peoples in territories under colonial domination and efforts to eliminate colonialism, apartheid and racial discrimination in southern africa"
282524,the declaration on the granting of independence to colonial countries and peoples by the specialized agencies and the international institutions associated with the united nations
282525,the declaration on the granting of independence to colonial countries and peoples
282527,information on decolonization
282528,palestine
282529,palestine
282530,palestine
282531,international peace conference on the middle east
282532,the uprising (intifadah) of the palestinian people
282533,law of the sea
282534,apartheid
282535,military and other collaboration with south africa
282536,south africa and israel
282537,oil embargo against south africa
282540,the middle east
282541,the middle east
282542,the international convention on the suppression and punishment of the crime of apartheid
282543,racism and racial discrimination
282544,the universal realization of the right of peoples to self-determination and of the speedy granting of independence to colonial countries and peoples for the effective guarantee and observance of human rights
282545,mercenaries as a means to violate human rights and to impede the exercise of the right of peoples to self-determination
282546,world social situation
282547,the united nations system for improving the effective enjoyment of human rights and fundamental freedoms
282548,the principles of national sovereignty and non-interference in the internal affairs of states in their electoral processess
282549,human rights in iraq
282550,human rights in kuwait under iraqi occupation
282551,the principle of periodic and genuine elections
282552,united nations african institute for the prevention of crime and the treatment of offenders
282553,living conditions of the palestinian people in the occupied palestinian territory
282554,"adverse economic effects of israeli settlements in the occupied palestinian territory, including jerusalem, and other arab territories occuped since 1967"
282555,the palestinian people
282556,economic measures as a means of political and economic coercion against developing countries
282557,international cooperation to mitigate the environmental consequences on kuwait and other countries in the region resulting from the situation between iraq and kuwait
282811,bosnia and herzegovina
282817,recommendation of the security council of 19 september 1992
282824,the international atomic energy agency
282825,the comorian island of mayotte
282826,cooperation between the united nations and the league of arab states
282830,non-self-governing territories transmitted under article 73 e of the charter of the united nations
282831,"those foreign economic and other interests which impede the implementation of the declaration on the granting of independence to colonial countries and peoples in territories under colonial domination and efforts to eliminate colonialism, apartheid and racial discrimination in southern africa"
282832,the declaration on the granting of independence to colonial countries and peoples by the specialized agencies and the international institutions associated with the united nations
282835,"ending the economic, commercial and financial embargo imposed by the united states of america against cuba"
282836,the declaration on the granting of independence to colonial countries and peoples
282837,information on decolonization
282838,national liberation movements recognized by the organization of african unity and/or by the league of arab states
282847,scientific and technological developments and their impact on international security
282848,"the treaty banning nuclear weapon tests in the atmosphere, in outer space and under water"
282849,comprehensive nuclear-test-ban treaty
282850,a nuclear-weapon-free zone in south asia
282851,effective international arrangements to assure non-nuclear-weapon states against the use or threat of use of nuclear weapons
282852,an arms race in outer space
282853,general and complete disarmament : treaty on the non-proliferation of nuclear weapons : 1995 conference and its preparatory committee
282854,production of fissionable material
282855,regional disarmament
282856,convention on prohibition of the use of nuclear weapons
282857,nuclear-arms freeze
282858,united nations institute for disarmament research
282859,israeli nuclear armament
282860,the declaration of the indian ocean as a zone of peace
282861,international security
282862,maintenance of international security
282863,the middle east
282864,the middle east
282865,palestine
282866,palestine
282867,palestine
282868,palestine
282869,palestine
282870,law of the sea
282871,palestine refugees in the near east : assistance to palestine refugees
282872,grants and scholarships for palestine refugees
282873,palestine refugees in territory occupied since 1967
282874,ration distribution to palestine refugees
282875,return of population and refugees displaced since 1967
282876,palestine refugees' properties
282877,palestine refugees
282878,"university of jerusalem ""al-quds"""
282879,palestinian educational institutions and un relief and works agency for palestine refugees in the near east
282880,investigate israeli practices affecting the human rights of the palestinian people and other arabs of the occupied territories.
282881,investigate israeli practices affecting the human rights of the palestinian people and other arabs of the occupied territories.
282882,investigate israeli practices affecting the human rights of the palestinian people and other arabs of the occupied territories.
282883,investigate israeli practices affecting the human rights of the palestinian people and other arabs of the occupied territories.
282884,investigate israeli practices affecting the human rights of the palestinian people and other arabs of the occupied territories.
282885,investigate israeli practices affecting the human rights of the palestinian people and other arabs of the occupied territories.
282886,investigate israeli practices affecting the human rights of the palestinian people and other arabs of the occupied territories.
282887,peace and cooperation of the south atlantic
282888,regional confidence-building measures
282890,the international convention on the suppression and punishment of the crime of apartheid
282891,the universal realization of the right of peoples to self-determination and of the speedy granting of independence to colonial countries and peoples for the effective guarantee and observance of human rights
282892,mercenaries as a means to violate human rights and to impede the exercise of the right of peoples to self-determination
282893,united nations african institute for the prevention of crime and the treatment of offenders
282894,apartheid of the government of south africa : oil embargo against south africa
282895,apartheid of the government of south africa : military and other collaboration with south africa
282896,apartheid of the government of south africa : relations between south africa and israel
282897,apartheid of the government of south africa : support for work of commission against apartheid in sports
282898,bosnia and herzegovina
282899,the principles of national sovereignty and non-interference in the internal affairs of states in their electoral processes
282900,the united nations system for improving the effective enjoyment of human rights and fundamental freedoms
282901,the principle of periodic and genuine elections
282902,human rights in cuba
282903,the sudan
282904,human rights in iraq
282905,human rights in the islamic republic of iran
282906,international cooperation to mitigate the environmental consequences on kuwait and other countries in the region resulting from the situation between iraq and kuwait
282909,the palestinian people
282910,"economic and social repercussions of the israeli settlements on the palestinian people in the palestinian territory, including jerusalem, occupied since 1967, and on the arab population of the syrian golan"
282911,international debt crisis and development : enhanced international cooperation towards a durable solution to the external debt problems of developing countries
283166,antarctica
283200,recommendation of the security council of 28 april 1993
283233,the international atomic energy agency
283234,cultural property to the countries of origin
283235,"ending the economic, commercial and financial embargo imposed by the united states of america against cuba"
283246,peace and cooperation of the south atlantic
283272,law of the sea
283273,unrwa : assistance to palestine refugees
283274,"member states of grants and scholarships for higher education, including vocational training, for palestine refugees"
283275,palestine refugees in the palestinian territory occupied by israel since 1967
283276,return of population and refugees displaced since 1967
283277,palestine refugees' properties
283278,palestine refugees
283279,"university of jerusalem ""al-quds"" for palestine refugees"
283280,palestinian students and educational institutions and safeguarding of the security of the facilities of unrwa
283281,investigate israeli practices affecting the human rights of the palestinian people and other arabs of the occupied territories
283282,investigate israeli practices affecting the human rights of the palestinian people and other arabs of the occupied territories
283283,investigate israeli practices affecting the human rights of the palestinian people and other arabs of the occupied territories
283284,investigate israeli practices affecting the human rights of the palestinian people and other arabs of the occupied territories
283285,non-self-governing territories transmitted under article 73 e of the charter of the united nations
283286,foreign economic and other interests which impede the implementation of the declaration on the granting of independence to colonial countries and peoples in territories under colonial domination
283287,the declaration on the granting of independence to colonial countries and peoples by the specialized agencies and the international institutions associated with the united nations
283288,the declaration on the granting of independence to colonial countries and peoples
283289,information on decolonization
283290,the comorian island of mayotte
283291,the middle east : jerusalem
283292,the middle east : syrian golan
283293,middle east peace process
283294,scientific and technological developments and their impact on international security
283295,"science and technology in the context of international security, disarmament and other related fields"
283296,"verification in all its aspects, including the role of the united nations in the field of verification"
283297,"the treaty banning nuclear weapon tests in the atmosphere, in outer space and under water"
283298,an arms race in outer space
283299,general and complete disarmament
283300,measures to curb illicit transfer and use of conventional arms
283301,regional disarmament
283302,conventional arms control at regional and subregional levels
283303,a nuclear-weapon-free zone in south asia
283304,convention on prohibitions or restrictions on the use of certain conventional weapons which may be deemed to be excessively injurious or to have indiscriminate effects
283305,the declaration of the indian ocean as a zone of peace
283306,international security
283307,maintenance of international security
283308,regional confidence-building measures
283309,convention on prohibition of the use of nuclear weapons
283311,israeli nuclear armament
283312,effective international arrangements to assure non-nuclear-weapon states against the use or threat of use of nuclear weapons
283315,bosnia and herzegovina
283316,the international convention on the suppression and punishment of the crime of apartheid
283317,mercenaries as a means to violate human rights and to impede the exercise of the right of peoples to self-determination
283318,the universal realization of the right of peoples to self-determination and of the speedy granting of independence to colonial countries and peoples for the effective guarantee and observance of human rights
283319,united nations african institute for the prevention of crime and the treatment of offenders
283320,the united nations system for improving the effective enjoyment of human rights and fundamental freedoms
283321,the principles of national sovereignty and non-interference in the internal affairs of states in their electoral processes
283322,the principle of periodic and genuine elections
283323,situation on human rights in cuba
283324,human rights in iraq
283325,human rights in the islamic republic of iran
283326,human rights in the sudan
283327,palestine : committee on the exercise of the inalienable rights of the palestinian people
283328,palestinian rights of the secretariat
283329,department of public information of the secretariat
283330,peaceful settlement of the question of palestine
283331,economic measures as a means of political and economic coercion against developing countries
283332,enhanced international cooperation towards a durable solution to the external debt problems of developing countries
283333,"economic and social repercussions of the israeli settlements on the palestinian people in the palestinian territory, including jerusalem, occupied since 1967, and on the arab population of the syrian golan"
283556,antarctica
283566,agreement relating to the implementation of part xi of the united nations convention on the law of the sea of 10 december 1982
283584,"ending the economic, commercial and financial embargo imposed by the united states of america against cuba"
283587,bosnia and herzegovina
283588,individual territories.
283594,the comorian island of mayotte
283601,peace and cooperation of the south atlantic
283602,law of the sea
283604,the committee on the peaceful uses of outer space
283605,unrwa : assistance to palestine refugees
283606,persons displaced as result of june 1967 and subsequent hostilities
283607,"member states of grants and scholarships for high education, including vocational training, for palestine refugees"
283608,the united nations relief and works agency for palestine refugees in the near east (unrwa)
283609,palestine refugees properties
283610,"university of jerusalem ""al quds"""
283611,investigate israeli practices affecting the human rights of palestinian people and other arabs of the occupied territories
283612,investigate israeli practices affecting the human rights of palestinian people and other arabs of the occupied territories
283613,investigate israeli practices affecting the human rights of palestinian people and other arabs of the occupied territories
283614,investigate israeli practices affecting the human rights of palestinian people and other arabs of the occupied territories
283615,non-self-governing territories transmitted under article 73 e of the charter of the united nations
283616,foreign economic and other interests which impede the implementation of the declaration on the granting of independence to colonial countries and peoples in territories under colonial domination
283617,the declaration on the granting of independence to colonial countries and peoples by the specialized agencies and the international institutions associated with the united nations
283618,the occupied territories of croatia
283619,draft articles on the law of the non-navigational uses of international watercourses
283620,the united nations and on the strengthening of the role of the organization
283621,the exercise of the inalienable rights of the palestinian people
283622,palestinian rights of the secretariat
283623,palestine : department of public information of the secretariat
283624,peaceful settlement of the question of palestine
283625,the international atomic energy agency
283626,scientific and technological developments and their impact on international security
283627,"science and technology in the contect of international security, disarmament and other related fields"
283628,"the treaty banning nuclear weapon tests in the atmosphere, in outer space and under water"
283629,a nuclear-weapon-free zone in south asia
283630,effective international arrangements to assure non-nuclear-weapon states against the use or threat of use of nuclear weapons
283631,an arms race in outer space
283632,the declaration of the 1990s as the third disarmament decade
283633,armaments
283634,step-by-step reduction of nuclear threat
283635,1995 review and extension conference of states parties to the treaty on the non-proliferation of nuclear weapons
283636,states for curbing illicit traffic in small arms and collecting them
283637,nuclear disarmament with a view to the ultimate elimination of nuclear weapons
283638,request for an advisory opinion from the international court of justice (icj) on the legalilty of the threat or use of nuclear weapons
283639,regional disarmament
283640,conventional arms control at the regional and subregional levels
283641,bilateral nuclear-arms negotiations and nuclear disarmament
283642,convention on the prohibition of the use of nuclear weapons
283643,the guidelines for appropriate types of confidence-building measures
283644,nuclear proliferation in the middle east
283645,the declaration of the indian ocean as a zone of peace
283646,the south atlantic region as a nuclear-weapon-free zone
283647,the middle east : jerusalem
283648,the middle east - syrian golan
283649,middle east peace process
283650,the declaration on the granting of independence to colonial countries and peoples
283651,information on decolonization
283669,"economic and social repercussions of the israeli settlements on the palestinian people in the palestinian territory, including jerusalem, occupied since 1967, and on the arab population of the syrian golan"
283671,the palestinian people to self-determination
283672,mercenaries as a means to violate human rights and to impede the exercise of the right of peoples to self-determination
283673,the universal realization of the right of peoples to self-determination and of the speedy granting of independence to colonial countries and peoples for the effective guarantee and observance of human rights
283674,the principles of national sovereignty and non-interference in the internal affairs of states in their electoral process
283675,the universal freedom of travel and the vital importance of family reunification
283676,the united nations system for improving the effective enjoyment of human rights and fundamental freedoms
283677,the united nations in enhancing the effectiveness of the principle of periodic and genuine elections and the promotion of democratization
283678,"human rights in the republic of bosnia and herzegovina, the republic of croatia and the federal republic of yugoslavia (serbia and montenegro)"
283679,human rights in the sudan
283680,human rights in cuba
283681,human rights in the islamic republic of iran
283682,human rights in iraq
283683,human rights in kosovo
283917,"accreditation of non-governmental organizations to the 4th world conference on women : action for equality, development and peace"
284059,the international atomic energy agency
284060,"ending the economic, commercial and financial embargo imposed by the united states of america against cuba"
284061,multilingualism
284062,peace and cooperation of the south atlantic
284093,middle east peace process
284094,jerusalem
284095,the syrian golan
284096,law of the sea
284097,palestine refugees
284098,persons displaced as a result of the june 1967 and subsequent hostilities
284099,"member states of grants and scholarships for higher education, including vocational training, for palestines refugees"
284100,unrwa
284101,palestine refugees' properties
284102,"university of jerusalem ""al-quds"" for palestine refugees"
284103,investigate israeli practices affecting the human rights of the palestinian people and other arabs of the occupied territories
284104,investigate israeli practices affecting the human rights of the palestinian people and other arabs of the occupied territories
284105,investigate israeli practices affecting the human rights of the palestinian people and other arabs of the occupied territories
284106,investigate israeli practices affecting the human rights of the palestinian people and other arabs of the occupied territories
284107,non-self-governing territories transmitted under article 73 e of the charter of the united nations
284108,foreign economic and other interests which impede the implementation of the declaration on the granting of independence to colonial countries and peoples in territories under colonial domination
284109,the declaration on the granting of independence to colonial countries and peoples by the specialized agencies and the international institutions associated with the united nations
284110,"general : questions of american samoa, anguilla, bermuda, the british virgin islands, the cayman islands, guam, montserrat, pitcairn, st. helena, tokelau, the turks and caicos islands and the united states virgin islands."
284111,the declaration on the granting of independence to colonial countries and peoples
284112,information on decolonization
284118,the united nations and on the strengthening of the role of the organization
284119,return to restitution of cultural property to the countries of origin
284123,"verification in all its aspects, including the role of the united nations in the field of verification"
284124,"science and technology in the context of international security, disarmament and other related fields"
284125,"the treaty banning nuclear weapen tests in the atmosphere, in outer space and under water"
284126,a nuclear-weapon-free zone in south asia
284127,effective international arrangements to assure non-nuclear-weapon states against the use or threat of use of nuclear weapons
284128,nuclear testing
284129,small arms
284130,nuclear disarmament with a view to the ultimate elimination of nuclear weapons
284132,armaments
284133,disarmament
284134,bilateral nuclear arms negotiations and nuclear disarmament
284135,regional disarmament
284136,conventional arms control at the regional and subregional levels
284137,environmental norms in the drafting and implementation of agreements on disarmament and arms control
284138,bilateral nuclear arms negotiations and nuclear disarmament
284139,nuclear disarmament
284140,1995 review and extension conference of the parties to the treaty on the non-proliferation of nuclear weapons
284141,convention on the prohibition of the use of nuclear weapons
284142,nuclear proliferation in the middle east
284143,the declaration of the indian ocean as a zone of peace
284145,the exercise of the inalienable rights of the palestinian people
284146,palestinian rights of the secretariat
284147,department of public information of the secretariat
284148,peaceful settlement of the question of palestine
284151,economic measures as a means of political and economic coersion against developing countries
284152,"economic and social repercussions of the israeli settlements on the palestinian people in the palestinian territory, including jerusalem, occupied since 1967, and on the arab population of the occupied syrian golan"
284155,mercenaries as a means to violate human rights and to impede the exercise of the right of people to self-determination
284156,the palestinian people to self-determination
284157,the principles of national sovereignty and non-interference in the internal affairs of states in their electoral processes
284158,universal freedom of travel and the vital importance of family reunification
284159,the united nations in enhancing the effectiveness of the principle of periodic and genuine elections and the promotion of democratization
284160,human rights in the islamic republic of iran
284161,human rights in kosovo
284162,human rights in iraq
284163,"human rights in the republic of bosnia and herzegovina, the republic of croatia and the federal republic of yugoslavia (serbia and montenegro)"
284164,human rights in the sudan
284165,the human rights in cuba
284166,human rights in nigeria
284470,science and technology in the context of international security and disarmament
284471,an arms race in outer space
284472,the middle east
284473,the united nations interim force in lebanon
284474,the international atomic energy agency
284475,peace and cooperation of the south atlantic
284476,"ending the economic, commercial and financial embargo imposed by the united states of america against cuba"
284477,comprehensive nuclear-test-ban treaty
284496,coercive economic measures as a means of political and economic compulsion
284502,the exercise of the inalienable rights of the palestinian people
284503,palestinian rights of the secretariat
284504,palestine of the department of public information of the secretariat
284505,peaceful settlement of the question of palestine
284506,jerusalem
284507,the syrian golan
284508,the middle east peace process
284510,law of the sea
284512,science and technology in the context of international security and disarmament
284513,"science and technology in the context of international security, disarmament and other related fields"
284514,a nuclear-weapon-free zone in south asia
284515,effective international arrangements to assure non-nuclear-weapon states against the use or threat of use of nuclear weapons
284516,an arms race in outer space
284517,the non-proliferation of nuclear weapons : 2000 review conference of the parties to the treaty on the non-proliferation of nuclear weapons and its preparatory committee
284518,the nuclear-weapon-free southern hemisphere and adjacent areas
284519,disarmament
284520,environmental norms in the drafting and implementation of agreements on disarmament and arms control
284521,nuclear disarmament with a view to the ultimate elimination of nuclear weapons
284522,armaments
284523,bilateral nuclear arms negotiations and nuclear disarmament
284524,regional disarmament
284525,advisory opinion of the international court of justice on the legality of the threat or use of nuclear weapons
284526,nuclear disarmament
284527,the 1925 geneva protocol
284528,conventional arms control at the regional and subregional levels
284529,bilateral nuclear arms negotiations and nuclear disarmament
284530,an international agreement to ban anti-personnel landmines
284531,convention on the prohibition of the use of nuclear weapons
284532,expansion of the membership of the conference on disarmament
284533,nuclear proliferation in the middle east
284534,the declaration of the indian ocean as a zone of peace
284535,the maintenance of international security : prevention of the violent disintegration of states
284545,cooperation between the united nations and the organization for security and cooperation in europe
284548,the palestinian people to self-determination
284549,mercenaries os a means of violating human rights and impeding the exercise of the right of peoples to self-determination
284550,universal freedom of travel and the vital importance of family reunification
284552,enhancement of international cooperation in the field of human rights
284553,human rights and unilateral coercive measures
284554,human rights in iraq
284556,human rights in the islamic republic of iran
284557,human rights in nigeria
284558,human rights in kosovo
284560,human rights in the sudan
284561,human rights in cuba
284563,"human rights in the republic of bosnia and herzegovina, the republic of croatia and the federal republic of yugoslavia (serbia and montenegro)"
284564,palestine refugees
284565,persons displaced as a result of the june 1967 and subsequent hostilities
284566,"member states of grants and scholarships for higher education, including vocational training for palestine refugees"
284567,the united nations relief and works agency for palestine refugees in the near east
284568,palestine refugees' properties and their revenues
284569,"university of jerusalem ""al-quds"" for palestine refugees"
284570,investigate israeli practices affecting the human rights of the palestinian people and other arabs of the occupied territories : resolution <on the report of the special political and decolonization committee (4th committee) (a/51/592)>
284571,"the geneva convention relative to the protection of civilian persons in time of war, of 12 august 1949, to the occupied palestinian territory, including jerusalem, and the other occupied arab territories"
284572,"israeli settlements in the occupied palestinian territory, including jerusalem, and the occupied syrian golan"
284573,"israeli practices affecting the human rights of the palestinian people in the occupied palestinian territory, including jerusalem"
284574,the occupied syrian golan
284575,comprehensive review of the whole question of peacekeeping operations in all their aspects
284576,united nations public information policies and activities
284577,non-self-governing territories transmitted under article 73 e of the charter of the united nations
284578,foreign economic and other interests which impede the implementation of the declaration on the granting of independence to colonial countries and peoples in territories under colonial domination
284579,the declaration on the granting of independence to colonial countries and peoples by the specialized agencies and the international institutions associated with the united nations
284580,the declaration on the granting of independence to colonial countries and peoples
284581,information on decolonization
284599,"permanent sovereignty of the palestinian people in the occupied palestinian territory, including jerusalem, and of the arab population in the occupied syrian golan over their natural resources"
284607,the security council
284609,emergency assistance to the sudan
284610,bosnia and herzegovina
284611,proclamation of 21 november as world television day
284612,united nations pension system
284771,"israeli settlement activities in the occupied palestinian territory, in particular in occupied east jerusalem"
284784,illegal israeli actions in occupied east jerusalem and the rest of the occupied palestinian territory
284828,illegal israeli actions in occupied east jerusalem and the rest of the occupied palestinian territory
284833,convention on the law of the non-navigational uses of international watercourses
284834,the united nations interim force in lebanon
284860,"ending the economic, commercial and financial embargo imposed by the united states of america against cuba"
284862,the international atomic energy agency
284863,illegal israeli actions in occupied east jerusalem and the rest of the occupied palestinian territory
284868,peace and cooperation of the south atlantic
284872,cooperation between the united nations and the organization for security and cooperation in europe
284873,cultural property to the countries of origin
284874,oceans and the law of the sea
284893,science and technology in the context of international security and disarmament
284894,a nuclear-weapon-free zone in south asia
284895,effective international arrangements to assure non-nuclear-weapon states against the use or threat of use of nuclear weapons
284896,an arms race in outer space
284897,"convention on the prohibition of the use, stockpiling, production and transfer of anti-personnel mines and on their destruction"
284898,armaments
284899,environmental norms in the drafting and implementation of agreements on disarmament and arms control
284900,contributions towards banning anti-personnel landmines
284901,small arms
284902,nuclear disarmament with a view to the ultimate elimination of nuclear weapons
284903,nuclear disarmament
284904,bilateral nuclear arms negotiations and nuclear disarmament
284905,the nuclear-weapon-free southern hemishpere and adjacent areas
284906,advisory opinion of the international court of justice on the legality of the threat or use of nuclear weapons
284907,conventional arms control at the regional and subregional levels
284908,armaments
284909,convention on theh prohibition of the use of nuclear weapons
284910,the un in disarmament
284911,nuclear proliferation in the middle east
284913,the declaration of the indian ocean as a zone of peace
284914,the exercise of the inalienable rights of the palestinian people
284915,palestinian rights of the secretariat
284916,palestine
284917,peaceful settlement of the question of palestine
284918,jerusalem
284919,the middle east : the syrian golan
284920,palestine refugees
284921,persons displaced as a result of the june 1967 and subsequent hostilities
284922,"member states of grants and scholarships for higher education, including vocational training, for palestine refugees"
284923,the united nations relief and works agency for palestine refugees in the near east
284924,palestine refugees' properties and their revenues
284925,"university of jerusalem ""al-quds"" for palestine refugees"
284926,investigate israeli practices affecting the human rights of the palestinian people and other arabs of the occupied territories
284927,"the geneva convention relative to the protection of civilian persons in time of war, of 12 august 1949, to the occupied palestinian territory, including jerusalem, and the other occupied arab territories"
284928,"israeli settlements in the occupied palestinian territory, including jerusalem, and the occupied syrian golan"
284929,"israeli practices affecting the human rights of the palestinian people in the occupied palestinian territory, including jerusalem"
284930,the occupied syrian golan
284931,non-self-governing territories transmitted under article 73 e of the charter of the united nations
284932,economic and other activities which affect the interests of the peoples of the non-self-governing territories
284933,the declaration on the granting of independence to colonial countries and peoples by the specialized agencies and the international institutions associated with the united nations
284934,the declaration on the granting of independence to colonial countries and peoples
284935,information on decolonization
284937,mercenaries as a means of violating human rights and impeding the exercise of the rights of peoples to self-determination
284938,the palestinian people to self-determination
284939,the principles of national sovereignty and non-interference in the internal affairs of states in their electoral processes
284940,human rights and unilateral coercive measures
284941,universal freedom of travel and the vital importance of family reunification
284942,the united nations in enhancing the effectiveness of the principle of periodic and genuine elections and the promotion of democratization
284943,"united nations action in the field of human rights through the promotion of international cooperation and the importance of non-selectivity, impartiality and objectivity"
284944,human rights and terrorism
284945,right to development
284946,human rights in kosovo
284947,human rights in the sudan
284948,human rights in iraq
284949,human rights in the islamic republic of iran
284950,human rights in cuba
284951,human rights in nigeria
284952,"human rights in bosnia and herzegovina, the republic of croatia and the federal republic of yugoslavia"
284953,emergency assistance to the sudan
284954,unilateral economic measures as a means of political and economic coercion against developing countries
284955,"permanent sovereignty of the palestinian people in the occupied palestinian territory, including jerusalem, and of the arab population in the occupied syrian golan over their natural resources"
285234,the international atomic energy agency
285260,peace and cooperation of the south atlantic
285263,jerusalem
285264,the middle east : the syrian golan
285265,the exercise of the inalienable rights of the palestinian people
285266,palestinian rights of the secretariat
285267,palestine of the department of public information of the secretariat
285268,peaceful settlement of the question of palestine
285269,palestine refugees
285270,persons displaced as a result of the june 1967 and subsequent hostilities
285271,"member states of grants and scholarships for higher education, including vocational training, for palestine refugees"
285272,the united nations relief and works agency for palestine refugees in the near east
285273,palestine refugees' properties and their revenues
285274,"university of jerusalem ""al-quds"" for palestine refugees"
285275,investigate israeli practices affecting the human rights of the palestinian people and other arabs of the occupied territories
285276,"the geneva convention relative to the protection of civilian persons in time of war, of 12 august 1949, to the occupied palestinian territory, including jerusalem, and the other occupied arab territories"
285277,"israeli settlements in the occupied palestinian territory, including jerusalem, and the occupied syrian golan"
285278,"israeli practices affecting the human rights of the palestinian people in the occupied palestinian territory, including jerusalem"
285279,the occupied syrian golan
285280,non-self-governing territories transmitted under article 73 e of the charter of the united nations
285281,economic and other activities which affect the interests of the peoples of the non-self-governing territories
285282,the declaration on the granting of independence to colonial countries and peoples by the specialized agencies and the international institutions associated with the united nations
285283,the declaration on the granting of independence to colonial countries and peoples
285284,information on decolonization
285287,maintenance of international security : prevention of the violent disintegration of states
285288,science and technology in the context of international security and disarmament
285289,effective international arrangements to assure non-nuclear-weapon states against the use or threat of use of nuclear weapons
285290,an arms race in outer space
285291,small arms
285292,reducing nuclear danger
285293,nuclear testing
285294,regional disarmament
285295,environmental norms in drafting and implementation of agreements on disarmament and arms control
285296,the 1925 geneva protocol
285297,"convention on the prohibition of the use, stockpiling, production and transfer of anti-personnel mines and on their destruction"
285298,conventional arms control at the regional and subregional levels
285299,nuclear-weapon-free southern hemisphere and adjacent areas
285300,armaments
285301,nuclear disarmament with a view to the ultimate elimination of nuclear weapons
285302,armaments
285303,the advisory opinion of the international court of justice on the legality of the threat or use of nuclear weapons
285304,nuclear disarmament
285305,a nuclear-weapon-free world : the need for a new agenda
285306,bilateral nuclear arms negotiations and nuclear disarmament
285307,convention on the prohibition of the use of nuclear weapons
285308,nuclear proliferation in the middle east
285309,cooperation between the united nations and the organization for security and cooperation in europe
285318,mercenaries as a means of violating human rights and impeding the exercise of the right of peoples to self-determination
285319,the palestinian people to self-determination
285320,human rights and unilateral coercive measures
285321,universal freedom of travel and the vital importance of family reunification
285322,right to development
285323,human rights in iraq
285324,human rights in the islamic republic of iran
285325,"human rights in bosnia and herzegovina, the republic of croatia and the federal republic of yugoslavia (serbia and montenegro)"
285326,human rights in kosovo
285330,"permanent sovereignty of the palestinian people in the occupied palestinian territory, including jerusalem, and of the arab population in the occupied syrian golan over their natural resources"
285523,the united nations interim force in lebanon
285524,participation of palestine in the work of the united nations
285525,"ending the economic, commercial and financial embargo imposed by the united states of america against cuba"
285526,coercive economic measures as a means of political and economic compulsion
285527,oceans and the law of the sea
285559,the united nations interim force in lebanon
404018,oceans and the law of the sea
404019,peace and cooperation of the south atlantic
404021,the international atomic energy agency
404022,jerusalem
404023,the syrian golan
404024,the exercise of the inalienable rights of the palestinian people
404025,palestinian rights of the secretariat
404026,special information programme of the question of palestine of the department of public information of the secretariat
404028,peaceful settlement of the question of palestine
404029,the declaration of the indian ocean as a zone of peace
404030,science and technology in the context of international security and disarmament
404031,effective international arrangements to assure non-nuclear-weapon states against the use or threat of use of nuclear weapons
404032,an arms race in outer space
404033,preservation of and compliance with the treaty on the limitation of anti-ballistic missile system
404034,"the convention on the prohibition of the use, stockpiling, production and transfer of anti-personnel mines and on their destruction"
404035,nuclear disarmament with a view to the ultimate elimination of nuclear weapons
404036,missiles
404037,a nuclear-weapon-free world:#the need for a new agenda
404038,armaments
404039,reducing nuclear danger
404040,nuclear-weapon-free southern hemisphere and adjacent areas
404041,conventional arms control at the regional and subregional levels
404042,armaments
404043,nuclear disarmament
404044,the advisory opinion of the international court of justice on the legality of the threat or use of nuclear weapons
404045,environmental norms in the drafting and implementation of agreements on disarmament and arms control
404046,convention on the prohibition of the use of nuclear weapons
404047,nuclear proliferation in the middle east
404048,maintenance of international security - stability and development of south-eastern europe
404049,comprehensive nuclear-test-ban treaty
404052,"ending the economic, commercial and financial embargo imposed by the united states of america against cuba"
404054,palestine refugees
404055,persons displaced as a result of the june 1967 and subsequent hostilities
404056,"member states of grants and scholarships for higher education, including vocational training, for palestine refugees"
404057,operation of the united nations relief and works agency for palestine refugees in the near east
404058,palestine refugees' properties and their revenues
404059,"university of jerusalem ""al-quds"" for palestine refugees"
404060,investigate israeli practices affecting the human rights of the palestinian people and other arabs of the occupied territories
404061,"the geneva convention relative to the protection of civilian persons in time of war, of 12 august 1949, to the occupied palestinian territory, including jerusalem, and the other occupied arab territories"
404062,"israeli settlements in the occupied palestinian territory, including jerusalem, and the occupied syrian golan"
404063,"israeli practices affecting the human rights of the palestinian people in the occupied palestinian territory, including jerusalem"
404064,the occupied syrian golan
404065,non-self-governing territories transmitted under article 73 e of the charter of the united nations
404066,economic and other activities which affect the interests of the peoples of the non-self-governing territories
404067,the declaration on the granting of independence to colonial countries and peoples by the specialized agencies and the international institutions associated with the united nations
404068,the declaration on the granting of independence to colonial countries and peoples
404069,information on decolonization
404531,cooperation between the united nations and the organization for security and cooperation in europe
404532,small arms
404565,mercenaries as a means of violating human rights and impeding the exercise of the right of peoples to self-determination
404566,the palestinian people to self-determination
404567,human rights and terrorism
404568,globalization and its impact on the full enjoyment of all human rights
404569,the principles of national sovereignty and non-interference in the internal affairs of states in their electoral processes
404570,universal freedom of travel and the vital importance of family reunification
404571,human rights and unilateral coercive measures
404580,the united nations in enhancing the effectiveness of the principle of periodic and genuine elections and the promotion of democratization
404581,development
404582,human rights situation in the islamic republic of iran
404583,human rights situation in iraq
404584,human rights in the democratic republic of the congo
404585,human rights in the sudan
404586,human rights in kosovo
404587,"human rights in bosnia and herzegovina, the republic of croatia and the federal republic of yugoslavia (serbia and montenegro)"
404946,"a stable international financial system, responsive to the challenges of development, especially in the developing countries"
404978,unilateral economic measures as a means of political and economic coercion against developing countries
404979,"permanent sovereignty of the palestinian people in the occupied palestinian territory, including jerusalem, and of the arab population in the occupied syrian golan over their natural resources"
405168,measures to eliminate international terrorism
422519,the un interim force in lebanon
426078,illegal israeli actions in occupied east jerusalem and the rest of the occupied palestinian territory
426217,"ending the economic, commercial and financial embargo imposed by the united states of america against cuba"
426984,unilateral and extraterritorial coercive economic measures as a means of political and economic compulsion
426989,oceans and the law of the sea
426997,"large-scale pelagic drift-net fishing, unauthorized fishing in zones of national jurisdiction and on the high seas, fisheries by-catch and discards, and other developments"
427081,illegal israeli actions in occupied east jerusalem and the rest of the occupied palestinian territory
427247,illegal israeli actions in occupied east jerusalem and the rest of the occupied palestinian territory.
427520,science and technology in the context of international security and disarmament
427521,effective international arrangements to assure non-nuclear-weapon states against the use or threat of use of nuclear weapon
427522,an arms race in outer space
427523,missiles
427524,preservation of an compliance with the treaty on the limitation of anti-ballistic missile system
427525,a nuclear-weapon-free world : the need for a new agenda
427526,2000 review conference of the parties to the treaty on the non-proliferation of nuclear weapons
427527,nuclear-weapon-free southern hemisphere and adjacent areas
427528,the 1925 geneva protocol
427529,environmental norms in the drafting and implementation of agreements on disarmament and arms control
427530,reducing nuclear danger
427531,conventional arms control at the regional and subregional levels
427532,a path to the total elimination of nuclear weapons
427533,nuclear disarmament
427534,armaments
427535,"the convention on the prohibition of the use, stockpiling, production and transfer of anti-personnel mines and on their destruction"
427536,the advisory opinion of the international court of justice on the legality of the threat or use of nuclear weapons
427537,convention on the prohibition of the use of nuclear weapons
427538,nuclear proliferation in the middle east
427539,comprehensive nuclear-test-ban treaty
428379,peace and cooperation of the south atlantic
428568,jerusalem
428569,the syrian golan
428570,the exercise of the inalienable rights of the palestinian people
428571,palestinian rights of the secretariat
428572,palestine of the department of public information of the secretariat
428573,peaceful settlement of the question of palestine
428793,working towards the elimination of crimes against women committed in the name of honour
428794,mercenaries as a means of violating human rights and impeding the exercise of the right of peoples to self-determination
428795,the palestinian people to self-determination
428797,migrants
428798,promoting and consolidating democracy
428799,universal freedom of travel and the vital importance of family reunification
428800,the purposes and principles contained in the charter of the united nations to achieve international cooperation in promoting and encouraging respect for human rights and for fundamental freedoms and in solving international problems of a humanitarian character
428801,globalization and its impact on the full enjoyment of all human rights
428802,a democratic and equitable international order
428803,human rights and unilateral coercive measures
428804,human rights in the islamic republic of iran
428805,human rights situation in iraq
428806,human rights in the sudan
428807,human rights in the democratic republic of the congo
429139,palestine refugees
429140,persons displaced as a result of the june 1967 and subsequent hostilities
429141,"member states of grants and scholarships for higher education, including vocational training, for palestine refugees"
429142,operation of the united nations relief and works agency for palestine refugees in the near east
429143,palestine refugees' properties and their revenues
429144,"university of jerusalem ""al-quds"" for palestine refugees"
429145,investigate israeli practices affecting the human rights of the palestinian people and other arabs of the occupied territories
429146,"the geneva convention relative to the protection of civilian persons in time of war, of 12 august 1949, to the occupied palestinian territory, including jerusalem, and the other occupied arab territories"
429147,"israeli settlements in the occupied palestinian territory, including jerusalem, and the occupied syrian golan"
429148,"israeli practices affecting the human rights of the palestinian people in the occupied palestinian territory, including jerusalem"
429149,the occupied syrian golan
429150,non-self-governing territories transmitted under article 73 e of the charter of the united nations
429151,economic and other activities which affect the interests of the peoples of the non-self-governing territories
429152,the declaration on the granting of independence to colonial countries and peoples by the specialized agencies and the international institutions associated with the united nations
429153,information on decolonization
429154,second international decade for the eradication of colonialism
429155,the declaration on the granting of independence to colonial countries and peoples
429344,measures to eliminate international terrorism
429857,cooperation between the united nations and the organization for security and cooperation in europe
429858,the united nations interim force in lebanon
429936,"permanent sovereignty of the palestinian people in the occupied palestinian territory, including jerusalem, and of the arab population in the occupied syrian golan over their natural resources"
442961,the united nations interim force in lebanon
453666,the declaration of the indian ocean as a zone of peace
453671,oceans and the law of the sea
453713,effective international arrangements to assure non-nuclear-weapon states against the use or threat of use of nuclear weapons
453721,science and technology in the context of international security and disarmament
453722,an arms race in outer space
453723,preservation of and compliance with the treaty on the limitation of anti-ballistic missile sytems
453724,missiles
453725,reducing nuclear danger
453726,environmental norms in the drafting and implementation of agreements on disarmament and arms control
453727,nuclear-weapon-free southern hemisphere and adjacent areas
453728,conventional arms control at the regional and subregional levels
453731,"the convention on the prohibition of the use, stockpiling, production and transfer of anti-personnel mines and on their destruction"
453733,a path to the total elimination of nuclear weapons
453735,2005 review conference of the parties to the treaty on the non-proliferation of nuclear weapons and its preparatory committee
453736,armaments
453738,nuclear disarmament
453740,the advisory opinion of the international court of justice on the legality of the threat or use of nuclear weapons
453747,convention on the prohibition of the use of nuclear weapons
453748,nuclear proliferation in the middle east
453749,jerusalem
453750,the syrian golan
453751,the exercise of the inalienable rights of the palestinian people
453753,palestinian rights of the secretariat
453754,palestine of the department of of public information of the secretariat
453755,peaceful settlement of the question of palestine
454252,cooperation between the united nations and the preparatory commission for the comprehensive nuclear-test-ban treaty organization
454253,palestine refugees
454254,persons displaced as a result of the june 1967 and subsequent hostilities
454255,"member states of grants and scholarships for higher education, including vocational training, for palestine refugees"
454256,the united nations relief and works agency for palestine refugees in the near east
454257,palestine refugees' properties and their revenues
454263,"university of jerusalem ""al-quds"" for palestine refugees"
454271,investigate israeli practices affecting the human rights of the palestinian people and other arabs of the occupied territories
454275,"the geneva convention relative to the protection of civilian persons in time of war, of 12 august 1949, to the occupied palestinian territory, including jerusalem, and the other occupied arab territories"
454280,"israeli settlements in the occupied palestinian territory, including jerusalem, and the occupied syrian golan"
454283,"israeli practicies affecting the human rights of the palestinian people in the occupied palestinian territory, including jerusalem"
454287,the occupied syrian golan
454290,non-self-governing territories transmitted under article 73 e of the charter of the united nations
454291,economic and other activities which affect the interests of the peoples of the non-self-governing territories
454294,the declaration on the granting of independence to colonial countries and peoples by the specialized agencies and the international institutions associated with the united nations
454296,information on decolonization
454297,the declaration on the granting of independence to colonial countries and peoples
454728,the international atomic energy agency
454775,the palestinian people to self-determination
454776,equitable geographical distribution of the membership of the human rights instruments
454777,human rights and unilateral coercive measures
454778,development
454779,a democratic and equitable international order
454783,the purposes and principles contained in the charter of the united nations to achieve international cooperation in promoting and encouraging respect for human rights and for fundamental freedoms and in solving international problems of humanitarian character
454789,the principles of national sovereignty and non-interference in the internal affairs of states in their electoral processes as an important element for the promotion and protection of human rights
454814,food
454821,the united nations in enhancing the effectiveness of the principle of periodic and genuine elections and the promotion of democratization
454822,human rights and terrorism
454825,globalization and its impact on the full enjoyment of all human rights
454826,human rights in the islamic republic of iran
454829,situtation of human rights in the democratic republic of the congo
454845,human rights in iraq
454848,human rights in the sudan
455251,illegal israeli actions in occupied east jerusalem and rest of the occupied palestinian territory
455262,illegal israeli actions in occupied east jerusalem and the rest of the occupied palestinian territory
455673,unilateral economic measures as a means of political and economic coercion against developing countries
455676,"permanent sovereignty of the palestinian people in the occupied palestinian territory, including jerusalem, and of the arab population in the occupied syrian golan over their natural resources"
455678,the united nations interim force in lebanon
455679,cooperation between the united nations and the organization for security and cooperation in europe
455680,mercenaries as a means of violating human rights and impeding the exercise of the right of peoples to self-determination
462340,"comprehensive implementation of and follow-up to the world conference against racism, racial discrimination, xenophobia and related intolerance"
464215,illegal israeli actions in occupied east jerusalem and the rest of the occupied palestinian territory
464310,peace and cooperation of the south atlantic
464314,"ending the economic, commercial and financial embargo imposed by the united states of america against cuba"
468522,the united nations interim force in lebanon
470868,illegal israeli actions in occupied east jerusalem and the rest of the occupied palestinian territory
476195,unilateral extraterritorial coercive economic measures as a means of political and economic compulsion
478298,the international atomic energy agency
478356,"ending the economic, commercial and financial embargo imposed by the united states of america against cuba"
479322,cooperation between the un and the preparatory commission for the comprehensive nuclear-test-ban treaty organization
479323,science and technology in the context of international security and disarmament
479325,effective international arrangements to assure non-nuclear-weapon states against the use or threat of use of nuclear weapons
479326,an arms race in outer space
479327,non-strategic nuclear weapons
479328,a nuclear-weapon-free world : the need for a new agenda
479329,the 1925 geneva protocol
479330,multilateralism in the area of disarmament and non-proliferation
479331,environmental norms in the drafting and implementation of agreements on disarmament and arms control
479332,disarmament and development
479334,"national legislation on transfer of arms, military equipment and dual use of goods and technology"
479335,missiles
479336,nuclear-weapon-free southern hemisphere and adjacent areas
479337,"the convention on the prohibition of the use, stockpiling, production and transfer of anti-personnel mines and on their destruction"
479339,armaments
479340,conventional arms control at the regional and subregional levels
479341,a path to the total elimination of nuclear weapons
479343,nuclear disarmament
479344,reducing nuclear danger
479345,"the advisory opinion of the international court of justice on the ""legality of the threat or use of nuclear weapons """
479346,convention on the prohibition of the use of nuclear weapons
479347,nuclear proliferation in the middle east
479348,comprehensive nuclear-test-ban treaty
480138,the exercise of the inalienable rights of the palestinian people
480140,palestinian rights of the secretariat
480141,palestine of the department of public information of the secretariat
480142,peaceful settlement of the question of palestine
480148,jerusalem
480150,the syrian golan
482346,palestinian refugees
482348,persons displaced as a result of the june 1967 and subsequent hostilities
482349,"member states of grants and scholarships for higher education, including vocational training, for palestine refugees"
482375,the united nations relief and works agency for palestine refugees in the near east
482376,palestine refugees' properties and their revenues
482377,"university of jerusalem ""al-quds"" for palestine refugees"
482378,investigate israeli practices affecting the human rights of the palestinian people and other arabs of the occupied territories
482379,"the geneva convention relative to the protection of civilian persons in time of war, of 12 august 1949, to the occupied palestinian territory, including east jerusalem, and the other occupied arab territories"
482382,"israeli settlements in the occupied palestinian territory, including east jerusalem, and the occupied syrian golan"
482383,"israeli practices affecting the human rights of the palestinian people in the occupied palestinian territory, including east jerusalem"
482386,occupied syrian golan
482388,non-self-governing territories transmitted under article 73e of the charter of the united nations
482389,economic and other activities which affect the interests of the peoples of the non-self-governing territories
482390,the declaration on the granting of independence to colonial countries and peoples by the specialized agencies and the international institutions associated with the united nations
482391,information on decolonization
482392,the declaration on the granting of independence to colonial countries and peoples
482393,oceans and the law of the sea
482398,cooperation between the united nations and the council of europe
482399,future operations of the international research and training institute for the advancement of women
482400,and assistance to palestinian children
482402,the child
482404,"the fight against racism, racial discrimination, xenophobia and related intolerance and the comprehensive implementation of and follow-up to the durban declaration and programme of action"
482406,mercenaries as a means of violating human rights and impeding the exercise of the right of peoples to self-determination
482407,the palestinian people to self-determination
482408,"optional protocol to the convention against torture and other cruel, inhuman or degrading treatment or punishment"
482409,globalization and its impact on the full enjoyment of all human rights
482410,a democratic and equitable international order
482411,"extrajudicial, summary or arbitrary executions"
482518,peoples to peace
482520,the purposes and principles contained in the charter of the united nations to achieve international cooperation in promoting and encouraging respect for human rights and for fundamental freedoms and in solving international problems of a humanitarian character
482521,human rights and unilateral coercive measures
482522,development
482533,food
482534,universal freedom of travel and the vital importance of family reunification
482535,khmer rouge trials
482536,human rights situation in iraq
482537,human rights in the democratic republic of the congo
482538,"permanent sovereignty of the palestinian people in the occupied palestinian territory, including east jerusalem, and of the arab population in the occupied syrian golan over their natural resources"
482539,cooperation between the united nations and the organization for security and cooperation in europe
482541,human rights in the sudan
497742,the united nations interim force in lebanon
504164,illegal israeli actions in occupied east jerusalem and the rest of the occupied palestinian territory
504508,illegal israeli actions in occupied east jerusalem and the rest of the occupied palestinian territory
505386,"ending the economic, commercial and financial embargo imposed by the united states of america against cuba"
505387,the international atomic energy agency
507405,the exercise of the inalienable rights of the palestinian people
507406,palestinian rights of the secretariat
507407,palestine of the department of public information of the secretariat
507408,peaceful settlement of the question of palestine
507409,jerusalem
507410,the syrian golan
507717,illegal israeli actions in occupied east jerusalem and the rest of the occupied palestinian territory
508001,science and technology in the context of international security and disarmament
508002,effective international arrangements to assure non-nuclear-weapon states against the use or threat of use of nuclear weapons
508005,an arms race in outer space
508006,missiles
508007,conventional arms control at the regional and subregional levels
508008,confidence-building measures in the regional and subregional context
508010,multilateralism in the area of disarmament and non-proliferation
508011,environmental norms in the drafting and implementation of agreements on disarmament and arms control
508014,reducing nuclear danger
508016,nuclear-weapon-free southern hemisphere and adjacent areas
508018,non-strategic nuclear weapons
508021,"the convention on the prohibition of the use, stockpiling, production and transfer of anti-personnel mines and on their destruction"
508023,armaments
508024,nuclear disarmament
508027,a path to total elimination of nuclear weapons
508028,convention on the prohibition of the use of nuclear weapons
508030,nuclear proliferation in the middle east
508032,comprehensive nuclear-test-ban treaty
508075,the declaration of the indian ocean as a zone of peace
508079,palestine refugees
508084,persons displaced as a result of the june 1967 and subsequent hostilities
508085,the un relief and works agency for palestine refugees in the near east
508087,palestine refugees' properties and their revenues
508100,palestine refugees and support for the un relief and works agency for palestine refugees in the near east
508109,investigate israeli practices affecting the human rights of the palestinian people and other arabs of the occupied territories
508117,"the geneva convention relative to the protection of civilian persons in time of war, of 12 august 1949, to the occupied palestinian territory, including east jerusalem, and the other occupied arab territories"
508121,"israeli settlements in the occupied palestinian territory, including east jerusalem, and the occupied syrian golan"
508126,"israeli practices affecting the human rights of the palestinian people in the occupied palestinian territory, including east jerusalem"
508130,the occupied syrian golan
508133,non-self-governing territories transmitted under article 73 e of the charter of the united nations
508136,economic and other activities which affect the interests of the peoples of the non-self-governing territories
508172,the declaration on the granting of independence to colonial countries and peoples by the specialized agencies and the international institutions associated with the united nations
508173,information on decolonization
508174,the declaration on the granting of independence to colonial countries and peoples
508289,the advisory opinion of the international court of justice on the legality of the threat or use of nuclear weapons
508317,a nuclear-weapon-free world : a new agenda
508874,the palestinian people
508875,special assistance for the economic recovery and reconstruction of the democratic republic of the congo
509151,and assistance to palestinian children
509153,the child
509154,universal realization of the right of peoples to self-determination
509155,mercenaries as a means of violating human rights and impeding the exercise of the right of peoples to self-determination
509156,human rights and unilateral coercive measures
509158,development
509171,everyone to the enjoyment of the highest attainable standard of physical and mental health
509173,human rights and terrorism
509174,"access to medication in the context of pandemics such as hiv/aids, tuberculosis and malaria"
509176,the un in enchancing the effectiveness of the principle of periodic and genuine elections and the promotion of democratization
509177,all forms of religious intolerance
509179,food
509180,human rights and fundamental freedoms while countering terrorism
509181,the purposes and principles contained in the charter of the un to achieve international cooperation in promoting and encouraging respect for human rights and for fundamental freedoms and in solving international problems of a humanitarian character
509182,the principles of national sovereignty and diversity of democratic systems in electoral processes as an important element for the promotion and protection of human rights
509183,peace as a vital requirement for the full enjoyment of all human rights by all
509184,globalization and its impact on the full enjoyment of all human rights
509185,human rights in turkmenistan
509186,human rights in the islamic republic of iran
509188,human rights in the democratic republic of the congo
509375,the palestinian people to self-determination
509380,"the total elimination of racism, racial discrimination, xenophobia and related intolerance and the comprehensive implementation of and follow-up to the durban declaration and programme of action"
509418,unilateral economic measures as a means of political and economic coercion against developing countries
509419,"permanent sovereignty of the palestinian people in the occupied palestinian territory, including east jerusalem, and of the arab population in the occupied syrian golan over their natural resources"
509420,oceans and the law of the sea
509421,future operation of the international research and training institute for the advancement of women
509429,the special representative for children and armed conflict
521431,"the occupied territory, including east jerusalem"
524030,the un interim force in lebanon
526686,"advisory opinion of the international court of justice on the legal consequences of the construction of a wall in the occupied palestinian territory, including in and around east jerusalem"
527352,reaffirming the cental role of the united nations in the maintenance of international peace and security and the promotion of international cooperation
534121,"ending the economic, commercial and financial embargo imposed by the unites states of america against cuba"
534130,cooperation between the united nations and the preparatory commission for the comprehensive nuclear-test-ban treaty organization
534386,the international atomic energy agency
535326,oceans and law of the sea
536082,the exercise of inalienable rights of the palestinian people
536083,palestinian rights of the secretariat
536087,peaceful settlement of the question of palestine
536088,jerusalem
536089,the syrian golan
536120,palestine of the department of public information of the secretariat
536203,science and technology in the context of international security and disarmament
536205,effective international arrangements to assure non-nuclear-weapon states against the use or threat of use of nuclear weapons
536206,arms race in outer space
536207,missiles
536209,environmental norms in the drafting and implementation of agreements on disarmament and arms control
536211,multilateralism in area of disarmament and non-proliferation
536213,the 1925 geneva protocol
536217,accelerating implementation of nuclear disarmament commitments
536218,nuclear disarmament
536220,disarmament and development
536223,reducing nuclear danger
536228,"the conference on disarmament decision (cd/1547) of 11 august 1998 to establish, under item 1 of its agenda entitled ""cessation of the nuclear arms race and nuclear disarmament"", an ad hoc committee to negotiate, on the basis of the report of the special coordinator (cd/1299) and the mandate contained therein, a non-discriminatory, multilateral and internationally and effectively verifiable treaty banning the production of fissile material for nuclear weapons or other nuclear explosive devices"
536236,the advisory opinion of the international court of justice on the legality of the threat or use of nuclear weapons
536241,"the convention on the prohibition of the use, stockpiling, production and transfer of anti-personnel mines and on their destruction"
536245,nuclear-weapon-free southern hemisphere and adjacent areas
536248,conventional arms control at regional and subregional levels
536251,the hague code of conduct against ballistic missile proliferation
536255,convention on the prohibition of use of nuclear weapons
536256,risk of nuclear proliferation in the middle east
536259,comprehensive nuclear-test-ban treaty
536958,a path to the total elimination of nuclear weapons
537015,palestine refugees
537018,persons displaced as a result of the june 1967 and subsequent hostilities
537019,the united nations relief and works agency for palestine refugees in the near east
537020,palestine refugees' properties and their revenues
537021,investigate israeli practices affecting the human rights of the palestinian people and other arabs of the occupied territories
537022,"the geneva convention relative to the protection of civilian persons in time of war, of 12 august 1949, to the occupied palestinian territory, including east jerusalem, and the other occupied arab territories"
537023,"israeli settlements in the occupied palestinian territory, including east jerusalem and the occupied syrian golan"
537024,"israeli practices affecting the human rights of the palestinian people in the occupied palestinian territory, including east jerusalem : resolution / submitted by the general assembly"
537025,the occupied syrian golan
537026,economic and other activities which affect the interests of the peoples of the non-self-governing territories
537028,non-self governing territories transmitted under article 73 e of the charter of the united nations
537030,the declaration on the granting of independence to colonial countries and people by the specialized agencies and the international institutions associated with the united nations
537031,western sahara
537033,information on decolonization
537038,the declaration on the granting of independence to colonial countries and peoples
537669,the situation of and assistance to palestinian children
537671,"the total elimination of racism, racial discrimination, xenophobia and related intolerance and the comprehensive implementation of and follow-up to the durban declaration and programme of action"
537673,mercenaries as a means of violating human rights and impeding the exercise of the right of peoples to self-determination
537675,the palestinian people to self-determination
537676,equitable geographical distribution in the membership of the human rights treaty bodies
537677,globalization and its impact on the full enjoyment of all human rights
537679,development
537703,a democratic and equitable international order
537711,human rights and terrorism
537717,human rights and unilateral coercive measures
537719,"extrajudicial, summary or arbitrary executions"
537720,all forms of religious intolerance
537722,"enhancing the role of regional, subregional and other organizations and arrangements in promoting and consolidating democracy"
537724,food
537725,universal freedom of travel and the vital importance of family reunification
537726,the purposes and principles contained in the charter of the united nations to achieve international cooperation in promoting and encouraging respect for human rights and for fundamental freedoms and in solving international problems of a humanitarian character
537728,human rights in the islamic republic of iran
537730,human rights in turkmenistan
537731,human rights in the democratic republic of the congo
538026,international trade and development
538027,"permanent sovereignty of the palestinian people in the occupied palestinian territory, including east jerusalem, and of the arab population in the occupied syrian golan over their natural resources"
538295,future operation of the international research and training institute for the advancement of women
538364,the child
543081,united nations declaration on human cloning
551967,the united nations interim force in lebanon
560077,the international atomic energy agency
560083,"ending the economic, commercial and financial embargo imposed by the united states of america against cuba"
561604,oceans and the law of the sea
561747,the exercise of the inalienable rights of the palestinian people
561748,palestinian rights of the secretariat
561751,palestine of the department of public information of the secretariat
561753,peaceful settlement of the question of palestine
561754,the syrian golan
561756,jerusalem
562360,the field of information and telecommunications in the context of international security
562361,the development and manufacture of new types of weapons of mass destruction and new systems of such weapons : report of the conference on disarmament
562362,the declaration of the indian ocean as a zone of peace
562363,science and technology in the context of international security and disarmament
562388,effective international arrangements to assure non-nuclear-weapon states against the use or threat of use of nuclear weapons
562391,an arms race in outer space
562392,"non-proliferation, arms limitation and disarmament agreements"
562396,a nuclear-weapon-free world : accelerating the implementation of nuclear disarmament commitments
562398,nuclear-weapon-free southern hemisphere and adjacent areas : accelerating the implementation of nuclear disarmament commitments
562400,multilateralism in the area of disarmament and non-proliferation
562402,environmental norms in the draftign and implementation of agreements on disarmament and arms control
562404,disarmament and development
562405,the hague code of conduct against ballistic missile proliferation
562408,renewed determination towards the total elimination of nuclear weapons
562412,transparency and confidence-building measures in outer space activities
562423,"addressing the negative humanitarian and development impact of the illicit manufacture, transfer and circulation of small arms and light weapons and their excessive accumulation"
562427,nuclear disarmament
562433,nuclear disarmament obligations agreed to at the 1995 and 2000 review conferences of the parties to the treaty on the non-proliferation of nuclear weapons
562434,conventional arms control at the regional and subregional levels
562436,the advisory opinion of the international court of justice on the legality of the threat or use of nuclear weapons
562500,reducing nuclear danger
562501,"the convention on the prohibition of the use, stockpiling, production and transfer of anti-personnel mines and on their destruction"
562504,convention on the prohibition of the use of nuclear weapons
562506,nuclear proliferation in the middle east
562507,comprehensive nuclear-test-ban treaty
562599,palestine refugees
562602,persons displaced as a result of the june 1967 and subsequent hostilities
562864,palestine refugees' properties and their revenues
562869,investigate israeli practices affecting the human rights of the palestinian people and other arabs of the occupied territories
562870,"the geneva convention relative to the protection of civilian persons in time of war, of 12 august 1949, to the occupied palestinian territory, including east jerusalem, and the other occupied arab territories"
562872,"israeli settlements in the occupied palestinian territory, including east jerusalem, and the occupied syrian golan"
562873,"israeli practices affecting the human rights of the palestinian people in the occupied palestinian territory, including east jerusalem"
562876,the occupied syrian golan
562877,non-self-governing territories transmitted under article 73 e of the charter of the united nations
562879,economic and other activities which affect the interests of the peoples of the non-self-governing territories
562929,the declaration on the granting of independence to colonial countries and peoples by the specialized agencies and the internatinal institutions associated with the united nations
562933,information on decolonization
562935,the declaration on the granting of independence to colonial countries and peoples
562938,second international decade for the eradication of colonialism
563423,"certain practices that contribute to fueling contemporary forms of racism, racial discrimination, xenophobia and related intolerance"
563431,"the total elimination of racism, racial discrimination, xenophobia and related intolerance and the comprehensive implementation of and follow-up to the durban declaration and programme of action"
563432,the palestinian people to self-determination
563434,combating defamation of religions
563436,globalization and its impact on the full enjoyment of all human rights
563437,human rights and unilateral coercive measures
563438,development
563440,the united nations in enhancing the effectiveness of the principle of periodic and genuine elections and the promotion of democratization
563457,peace as a vital requirement for the full enjoyment of all human rights by all
563459,the principles of national sovereignty and diversity of democratic systems in electoral processes as an important element for the promotion and protection of human rights
563460,food
563461,human rights in the islamic republic of iran
563463,human rights in turkmenistan
563464,human rights in the democratic people’s republic of korea
563465,human rights in uzbekistan
563466,human rights in the democratic republic of the congo
563614,the united nations relief and works agency for palestine refugees in the near east
563797,"permanent sovereignty of the palestinian people in the occupied palestinian territory, including east jerusalem, and of the arab population in the occupied syrian golan over their natural resources"
563799,international trade and development
563800,unilateral economic measures as a means of political and economic coercion against developing countries
563801,"international year of deserts and desertification, 2006"
563978,armaments
563979,future operation of the international research and training institute for the advancement of women
563980,convention on the elimination of all forms of discrimination against women
563982,the child
571955,human rights council
574516,investing in the united nations: for a stronger organization worldwide
578375,the united nations interim force in lebanon
587480,the international atomic energy agency
587505,"ending the economic, commercial and financial embargo imposed by the united states of america against cuba"
587673,the exercise of the inalienable rights of the palestinian people
587685,palestinian rights of the secretariat
587707,question of palestine of the department of public information of the secretariat
587737,jerusalem
587738,peaceful settlement of the question of palestine
587749,the syrian golan
587912,cooperation between the united nations and the preparatory commission for the comprehensive nuclear-test-ban treaty organization
588079,the field of information and telecommunications in the context of international security
588082,science and technology in the context of international security and disarmament
588085,effective international arrangements to assure non-nuclear-weapon states against the use or threat of use of nuclear weapons
588086,an arms race in outer space
588088,missiles
588089,disarmament
588092,the 1925 geneva protocol
588117,multilateralism in the area of disarmament and non-proliferation
588126,environmental norms in the drafting and implementation of agreements on disarmament and arms control
588127,disarmament and development
588139,a nuclear-weapon-free world : accelerating the implementation of nuclear disarmament commitments
588140,the illicit trade in small arms and light weapons in all its aspects
588141,a 4th disarmament decade
588156,nuclear-weapon-free southern hemisphere and adjacent areas
588161,2010 review conference of the parties to the treaty on the non-proliferation of nuclear weapons and its preparatory committee
588168,problems arising from the accumulation of conventional ammunition stockpiles in surplus
588175,renewed determination towards the total elimination of nuclear weapons
588176,transparency and confidence-building measures in outer space activities
588177,consolidation of peace through practical disarmament measures
588181,armaments
588186,nuclear disarmament
588201,conventional arms control at the regional and subregional levels
588207,the advisory opinion of the international court of justice on the legality of the threat or use of nuclear weapons
588224,"the convention on the prohibition of the use, stockpiling, production and transfer of anti-personnel mines and on their destruction"
588237,reducing nuclear danger
588251,a nuclear-weapon-free zone in central asia
588253,"an arms trade treaty : establishing common international standards for the import, export and transfer of conventional arms"
588269,convention on the prohibition of the use of nuclear weapons
588854,palestine refugees
588859,persons displaced as a result of the june 1967 and subsequent hostilities
588875,the united nations relief and works agency for palestine refugees in the near east
588889,palestine refugees' properties and their revenues
588895,investigate israeli practices affecting the human rights of the palestinian people and other arabs of the occupied territories
588902,"the geneva convention relative to the protection of civilian persons in time of war, of 12 august 1949, to the occupied palestinian territory, including east jerusalem, and other occupied arab territories"
588908,"israeli settlements in the occupied palestinian territory, including east jerusalem, and the occupied syrian golan"
588911,"israeli settlements in the occupied palestinian territory, including east jerusalem, and the occupied syrian golan"
588920,the occupied syrian golan
588928,non-self-governing territories transmitted under article 73 e of the charter of the united nations
588934,economic and other activities which affect the interests of the peoples of the non-self-governing territories
588948,western sahara
588952,"questions of american samoa, anguilla, bermuda, the british virgin islands, the cayman islands, guam, montserrat, pitcairn, saint helena, the turks and caicos islands and the united states virgin islands"
588953,information on decolonization
588954,the declaration on the granting of independence to colonial countries and peoples
588959,the palestinian people
589951,the child
590162,"certain practices that contribute to fuelling contemporary forms of racism, racial discrimination, xenophobia and related intolerance"
590164,"the total elimination of racism, racial discrimination, xenophobia and related intolerance and the comprehensive implementation of and follow-up to the durban declaration and programme of action"
590170,mercenaries as a means of violating human rights and impeding the exercise of the right of peoples to self-determination
590174,the palestinian people to self-determination
590183,the human rights situation arising from the recent israeli military operations in lebanon
590195,globalization and its impact on the full enjoyment of all human rights
590198,composition of the staff of the office of the united nations high commissioner for human rights
590199,a democratic and equitable international order
590200,universal freedom of travel and the vital importance of family reunification
590215,food
590216,combating defamation of religions
590229,equitable and mutually respectful dialogue on human rights
590279,development
590294,human rights and unilateral coercive measures
590297,"extrajudicial, summary or arbitrary executions"
590298,human rights in the democratic people's republic of korea
590299,human rights in belarus
590300,human rights in the islamic republic of iran
590303,working group of the commission on human rights to elaborate a draft declaration in accordance with paragraph 5 of general assembly f 23 december 1994
590310,"permanent sovereignty of the palestinian people in the occupied palestinian territory, including east jerusalem, and of the arab population in the occupied syrian golan over their natural resources"
590311,international trade and development
590380,oil slick on lebanese shores
590394,global climate for present and future generations of mankind
590428,oceans and the law of the sea
590464,the declaration on the granting of independence to colonial countries and peoples by the specialized agencies and the international institutions associated with the united nations
590466,human rights in myanmar
590543,the united nations interim force in lebanon
596019,nuclear proliferation in the middle east
596023,comprehensive nuclear-test-ban treaty
602411,appeal for clemency in favor of south african freedom fighters
602429,south africa's application for credit from the international monetary fund
605273,consequences of the prolongation of the armed conflict between iran and iraq
605488,"armed israeli agression against iraqi nuclear installations and its grave consequences for the established international system concerning the peaceful uses of nuclear energy, the non-proliferation of nuclear weapons and international peace and security"
605494,financial emergency of the united nations
607133,"united nations conference on succession of states in respect of state property, archives and debt"
609112,kampuchea
609117,the falkland islands (malvinas)
609197,united nations declaration on the rights of indigenous peoples
609285,world charter for nature
609389,the united nations interim force in lebanon
609394,the united nations interim force in lebanon
609404,the international atomic energy agency
609462,western sahara
609492,non-self-governing territories transmitted under article 73 e of the charter of the united nations
609711,east timor
609712,"foreign economic and other interests which are impeding the implementation of the declaration on the granting of independence to colonial countries and peoples in namibia and in all other territories under colonial domination and efforts to eliminate colonialism, apartheid and racial discrimination in southern africa"
610102,the declaration on the granting of independence to colonial countries and peoples by the specialized agencies and the international institutions associated with the united nations
610124,the declaration on the granting of independence to colonial countries and peoples
610129,information on decolonization
610134,afghanistan and its implications for international peace and security
610150,the united nations disengagement observer force
610328,"the enjoyment of human rights of political, military, economic and other forms of assistance given to the racist and colonialist regime of south africa"
610331,the united nations disengagement observer force
611242,administrative costs of the office of the united nations high commissioner for refugees
611786,world disarmament campaign
611967,world conference of the united nations decade for women
612921,the occupied arab territories
612987,palestine
613000,work of the committee on the exercise of the inalienable rights of the palestinian people
613049,palestine question
613050,palestine question
613051,palestine question
613058,palestine question
613060,palestine question
613066,palestine question
613302,"ending the economic, commercial and financial embargo imposed by the united states of america against cuba"
613360,the declaration of the indian ocean as a zone of peace
613363,the field of information and telecommunications in the context of international security
613369,effective international arrangements to assure non-nuclear-weapon states against the use or threat of use of nuclear weapons
613384,an arms race in outer space
613394,nuclear disarmament obligations agreed to at the 1995 and 2000 review conferences of the parties to the treaty on the non proliferation of nuclear weapons
613409,a nuclear-weapon-free world : accelerating the implementation of nuclear disarmament commitments
613414,multilateralism in the area of disarmament and non-proliferation
613417,environmental norms in the drafting and implementation of agreements on disarmament and arms control
613418,disarmament
613419,the use of armaments and ammunitions containing depleted uranium
613420,the south-east asia nuclear-weapon-free zone (bangkok treaty)
613421,reducing nuclear danger
613425,nuclear-weapon-free southern hemisphere and adjacent areas
613895,decreasing the operational readiness of nuclear weapons systems
613897,renewed determination towards the total elimination of nuclear weapons
613901,the advisory opinion of the international court of justice on the legality of the threat or use of nuclear weapons
613902,"the convention on the prohibition of the use, stockpiling, production and transfer of anti-personnel mines and on their destruction"
613903,nuclear disarmament
613904,transparency and confidence-building measures in outer space activities
613909,conventional arms control at the regional and subregional levels
613913,the illicit trade in small arms and light weapons in all its aspects
613920,disarmament and development
613927,convention on the prohibition of the use of nuclear weapons
614124,nuclear proliferation in the middle east
614125,comprehensive nuclear-test-ban treaty
614165,the exercise of the inalienable rights of the palestinian people
614166,palestinian rights of the secretariat
614177,palestine of the department of public information of the secretariat
614178,peaceful settlement of the question of palestine
614179,jerusalem
614180,the syrian golan
614214,palestine refugees
614524,persons displaced as a result of the june 1967 and subsequent hostilities
614525,the united nations relief and works agency for palestine refugees in the near east
614526,palestine refugees' properties and their revenues
614527,investigate israeli practices affecting the human rights of the palestinian people and other arabs of the occupied territories
614528,"the geneva convention relative to the protection of civilian persons in time of war, of 12 august 1949, to the occupied palestinian territory, including east jerusalem, and the other occupied arab territories"
614529,"israeli settlements in the occupied palestinian territory, including east jerusalem, and the occupied syrian golan"
614530,"israeli practices affecting the human rights of the palestinian people in the occupied palestinian territory, including east jerusalem"
614531,the occupied syrian golan
614532,non-self-governing territories transmitted under article 73 e of the charter of the united nations
614533,economic and other activities which affect the interests of the peoples of the non-self-governing territories
614534,the declaration on the granting of independence to colonial countries and peoples by the specialized agencies and the international institutions associated with the united nations
614535,information on decolonization
614536,the declaration on the granting of independence to colonial countries and peoples
614666,the child
614669,"certain practices that contribute to fuelling contemporary forms of racism, racial discrimination, xenophobia and related intolerance"
614671,the human rights council on the preparations for the durban review conference
614674,mercenaries as a means of violating human rights and impeding the exercise of the right of peoples to self-determination
614675,the palestinian people to self-determination
614676,the use of the death penalty
614679,the united nations in enhancing the effectiveness of the principle of periodic and genuine elections and the promotion of democratization
614680,globalization and its impact on the full enjoyment of all human rights
614903,combating defamation of religions
614906,development
614909,human rights and unilateral coercive measures
614918,peace as a vital requirement for the full enjoyment of all human rights by all
615009,food
615015,the purposes and principles contained in the charter of the united nations to achieve international cooperation in promoting and encouraging respect for human rights and for fundamental freedoms and in solving international problems of a humanitarian character
615020,human rights in the democratic people's republic of korea
615027,human rights in the islamic republic of iran
615032,human rights in belarus
615088,"permanent sovereignty of the palestinian people in the occupied palestinian territory, including east jerusalem, and of the arab population in the occupied syrian golan over their natural resources"
615093,unilateral economic measures as a means of political and economic coercion against developing countries
615099,international trade and development
615103,oil slick on lebanese shores
615131,agricultural technology for development
615158,oceans and the law of the sea
615159,united nations regional centre for peace and disarmament in africa
615161,convention on the elimination of all forms of discrimination against women
615162,the human rights council
615163,"the total elimination of racism, racial discrimination, xenophobia and related intolerance and the comprehensive implementation of and follow-up to the durban declaration and programme of action"
615165,human rights in myanmar
615197,the proposed programme budget
615330,the programme for the decade for action to combat racism and racial discrimination
615709,the universal realization of the right of peoples to self-determination and of the speedy granting of independence to colonial countries and peoples for the effective guarantee and observance of human rights
615931,the elimination of racial discrimination
616327,palestine
616375,hearing for the jewish agency for palestine
616392,appreciation of the work of the united nations palestine commission
616402,the grave situation in tunisia obtaining since 19 july 1961
616483,the international convention on the suppression and punishment of the crime of apartheid
616495,aging
616501,the comorian island of mayotte
616593,united nations emergency force : cost estimates and financing for the period 1 july to 31 december 1963
616597,united nations operation in the congo : cost estimates and financing for the period 1 july to 31 december 1963
616599,payment of arrears in respect of assessed contributions to the united nations emergency force special account and the ad hoc account for the united nations operations in the congo
616734,third united nations conference on the law of the sea
616735,further appeal for clemency in favour of south african freedom fighters
616776,south west africa
616829,
616906,the united nations interim force in lebanon
616908,namibia and programme of action in support of self-determination and national independence for namibia
616935,afghanistan and its implications for international peace and security
616993,humanitarian assistance
617000,measures taken by israel to change the status of the city of jerusalem
617003,measures taken by israel to change the status of the city of jerusalem
617008,the middle east
617025,
617249,south africa
617254,concerned international action for the elimination of apartheid
617300,comprehensive and mandatory sanctions against south africa
617425,
617426,hungary
617433,hungary
617441,hungary
617442,hungary
617455,
617461,
617462,
617463,
617520,
617522,
617539,military and nuclear collaboration with south africa
617554,apartheid
617562,israel and south africa
617620,apartheid in sports
617784,namibia
617994,south africa
618004,oil embargo against south africa
618006,general assembly oncerning thesignature and ratification of additional protocol i of the treaty for the prohibition of nuclear weapons in latin america (treaty of tlatelolco)
618065,all test explosions of nuclear weapons
618076,a comprehensive nuclear-test-ban treaty
618095,nuclear capability of south africa
618105,the declaration [on the denuclearization of africa]
618576,renunciation of the use of new discoveries and scientific and technological achievements for military purposes
618665,new types of weapons of mass destruction and new systems of weapons
618673,a nuclear-weapon-free zone in south asia
618924,bilateral nuclear arms negotiations
618945,international co-operation for disarmament
619243,nuclear weapons in all aspects
619294,the nuclear neutron weapon
619308,
619310,disarmament
619580,nuclear war
619581,nuclear weapons and prevention of nuclear war
619681,monitoring of disarmament agreements and strengthening of international security : proposal for the establishment of an international satellite monitoring agency
619683,an international convention on the strengthening of the security of non-nuclear-weapon states against the use or threat of use of nuclear weapons
620115,effective international arrangements to assure non-nuclear-weapon states against the use or threat of use of nuclear weapons
620121,israeli nuclear armament
620159,an arms race in outer space
620167,disarmament and development
620182,immediate cessation and prohibition of nuclear weapon tests
620226,palestine
620375,palestine
620380,palestine
620383,palestine
620665,investigate israeli practices affecting the human rights of the population of the occupied territories
620679,investigate israeli practices affecting the human rights of the population of the occupied territories
620768,investigate israeli practices affecting the human rights of the population of the occupied territories
620809,investigate israeli practices affecting the human rights of the population of the occupied territories
620822,investigate israeli practices affecting the human rights of the population of the occupied territories
620825,investigate israeli practices affecting the human rights of the population of the occupied territories
620838,investigate israeli practices affecting the human rights of the population of the occupied territories
621276,palestine
621443,information
621451,military budgets
621604,chemical and bacteriological (biological) weapons
621630,chemical and bacteriological (biological) weapons
621706,provisional procedures to uphold the authority of the 1925 geneva protocol
621712,chemical and bacteriological (biological) weapons
622108,non-stationing of nuclear weapons on the territories of states where there are no such weapons at present
622478,the comorian island of mayotte
622838,an arms race in outer space and prohibition of anti-satellite systems
623453,access to the language training programme by accredited staff of permanent mission at headquarters
623769,the production of fissionable material for weapons purposes
623776,and supplement to the comprehensive study of the question of nuclear-weapon-free zones in all aspects
623800,measures to provide objective information on military capabilities
623801,review conference of the parties to the convention on the prohibition of military or any other hostile use of environmental modification techniques
624048,military research and development
624065,freeze in nuclear weapons
624136,offences against the peace and security of mankind
624138,the principles and norms of international law relating to the new international economic order
624139,national liberation movements recognized by the organization of african unity and/or by the league of arab states
624141,the principle of non-use of force in international relations
624143,the united nations and on the strengthening of the role of the organization
624214,nuclear arms freeze
624216,convention on the prohibition of the use of nuclear weapons
624217,disarmament and international security
624219,world disarmament campaign
624318,international security
624319,university of jerusalem for palestine refugees
624320,"member states of grants and scholarships for higher education, including vocational training, for palestine refugees"
624490,personnel questions
624540,palestine refugees in the gaza strip
624541,the ration distribution to palestine refugees
624542,population and refugees displaced since 1967
624543,palestine refugee properties
624544,special identification cards to all palestine refugees
624554,palestine refugees
624574,palestine refugees
624717,questions related to the united nations joint staff pension fund
625079,israel's decision to build a canal linking the mediterranean sea to the dead sea
625084,the middle east
625090,the middle east
625092,the middle east
625097,the middle east
625101,the middle east
625107,the middle east
625213,assessments for the apportionment of expenses of the united nations
625215,the international civil service commission
625216,the united nations interim force in lebanon
625217,the united nations interim force in lebanon
625218,impact of inflation and monetary instability on the regular budget of the united nations
625219,the united nations joint staff pension board
625413,the palestinian people
625419,permanent sovereignty over national resources in the occupied palestinian and other arab territories
625420,protection against products harmful to health and the environment
625433,the multinational programming and operational centres of the economic commission for africa on an established basis
625435,transport and communications decade in africa
625436,united nations institute for training and research
625437,the united nations disaster relief coordinator
625439,united nations conference for the promotion of international co-operation in the peaceful uses of nuclear energy
625453,human rights and fundamental freedoms in chile
625464,human rights and fundamental freedoms in guatemala
625467,human rights and fundamental freedoms in el salvador
625468,human rights and scientific and technological developments
625469,human rights and scientific and technological developments
625470,alternate approaches and ways and means within the united nations system for improving the effective enjoyment of human rights and fundamental freedoms
625693,further promotion and protection of human rights and fundamental freedoms
625695,the implementation of the charter of economic rights and duties of states
625696,development aspects of the reverse transfer of technology
625698,industrial development co-operation
625699,remnants of war
625706,living conditions of the palestinian people in the occupied palestinian territories
625707,land-locked developing countries
625708,travel of representatives from the least developed countries to attend regional preparatory meetings for the seventh united nations congress on the prevention of crime and the treatment of offenders
625709,information and mobilization of international public opinion in support of namibia
625710,namibia resulting from the illegal occupation of the territory by south africa
625711,security council
625712,work of the united nations council for namibia
625713,namibia
625714,personnel questions
625715,the privileges and immunities of officials of the united nations and the specialized agencies and related organizations
625716,adequacy of the conference facilities of the economic commission for africa in addis ababa
625773,changes in the top echelon of the secretariat
625777,the financing of the administrative costs of the office of the united nations high commissioner for refugees
625781,revised budget appropriations
625786,appropriations
625788,long-term financial and institutional arrangements for the united nations financing system for science and technology for development
625791,immediate implementation of the nairobi programme of action for the development and utilization of new and renewable sources of energy
625794,development of the energy resources of developing countries
625795,immediate measures in favour of the developing countries
625796,cyprus
626550,belize to membership in the united nations
626552,kampuchea
626554,historical responsibility of states for the preservation of nature for present and future generations
626555,the programme for the decade for action to combat racism and racial discrimination
626556,the elimination of racial discrimination
626564,the international convention on the suppression and punishment of the crime of apartheid
626569,recent developments in connexion with excavations in eastern jerusalem
626572,promoting the co-operative movement
626574,achieving far-reaching social and economic changes for the purpose of social progress
626577,crime prevention and criminal justice and development
626578,the international atomic energy agency
626594,training programme for the english and french translators/precis-writers at the economic commission for africa
626638,"armed israeli aggression against the iraqi nuclear installations and its grave consequences for the established international system concerning the peaceful uses of nuclear energy, the non-proliferation of nuclear weapons and international peace and security"
626641,"efforts and measures for securing the implementation and the enjoyment by youth of human rights, particularly the right to education and to work"
626642,the principle of non-use of force in international relations
626815,afghanistan and its implications for international peace and security
626816,the international law commission : amendments to articles 2 and 9 of the statute of the commission
626817,western sahara
626818,non-self-governing territories transmitted under article 73e of the charter of the united nations
626819,east timor
626820,"foreign economic and other interests which are impeding the implementation of the declaration on the granting of independence to colonial countries and peoples in namibia and in all other territories under colonial domination and efforts to eliminate colonialism, apartheid and racial discrimination in southern africa"
626821,the declaration on the granting of independence to colonial countries and peoples by the specialized agencies and the international institutions associated with the united nations
626822,human rights and scientific and technological developments
626829,the united nations disengagement observer force
626865,united nations accommodation in nairobi
626866,interorganizational security measures
626871,an information systems unit in the department of international economic and social affairs
626872,appropriations
626873,budget appropriations
626874,unforeseen and extraordinary expenses
626875,working capital fund
626878,palestine
626883,palestine
626885,palestine
626886,palestine
626896,namibia resulting from the illegal occupation of the territory by south africa
626897,member states in support of namibia
626898,work of the united nations council for namibia
626899,intergovernmental and non-governmental organizations with respect to namibia
626900,information on namibia
626901,namibia
626905,united nations accommodation in nairobi
626906,the declaration on the granting of independence to colonial countries and peoples
626909,information on decolonization
626910,living conditions of the palestinian people
626911,all test explosions of nuclear weapons
626912,the declaration [on the denuclearization of africa]
626915,nuclear capability of south africa
626917,nuclear-weapon-free zone in the region of the middle east
626920,a nuclear-weapon-free zone in south asia
626921,the united nations and on the strengthening of the role of the organization
626924,the development and manufacture of new types of weapons of mass destruction and new systems of such weapons
626925,the united nations system for improving the effective enjoyment of human rights and fundamental freedoms
626928,the nuclear neutron weapon
626980,united nations interim force in lebanon
626981,united nations conference on trade and development
626982,"member states of grants and scholarships for higher education, including vocational training, for palestine refugees"
626983,university of jerusalem for palestine refugees
626984,palestine refugees
626985,the palestine refugess properties
626986,population and refugees displaced since 1967
626987,palestine refugees in the gaza strip
626988,investigate israeli practices affecting the human rights of the population of the occupied territories
626994,investigate israeli practices affecting the human rights of the population of the occupied territories
626995,investigate israeli practices affecting the human rights of the population of the occupied territories
626997,investigate israeli practices affecting the human rights of the population of the occupied territories
626998,investigate israeli practices affecting the human rights of the population of the occupied territories
626999,investigate israeli practices affecting the human rights of the population of the occupied territories
627000,investigate israeli practices affecting the human rights of the population of the occupied territories
627001,questions related to information
627002,israel's decision to build a canal linking the mediterranean sea to the dead sea
627004,united nations voluntary fund for victims of torture
627007,human rights and fundamental freedoms in el salvador
627008,human rights in chile
627009,human rights relating to the case of mr. ziad abu eain
627010,south africa
627011,apartheid
627012,israel and south africa
627013,pulbic information and public actions against apartheid and role of the mass media in the struggle against apartheid
627014,women and children under apartheid
627015,"academic, cultural and sports boycotts of south africa"
627016,international conference of trade unions on sanctions against south africa
627017,oil embargo against south africa
627018,arms embargo against south africa
627019,military and nuclear collaboration with south africa
627020,comprehensive and mandatory sanctions against south africa
627021,acts of agression by the apartheid regime against angola and other independent african states
627022,international year of mobilization for sanctions against south africa
627023,south africa
627024,permanent sovereignty over national resources in the occupied palestinian and other arab territories
627025,the particular needs and problems of land-locked developing countries
627026,problem of remnants of war
627027,the middle east
627028,strengthening the capacity of the united nations system to respond to natural disasters and other disaster situations
627029,the middle east
627030,assessments for the apportionment of the expenses of the united nations
627031,the privileges and immunities of officials of the united nations and the specialized agencies and related organizations
627032,final income estimates
627033,final budget appropriations
627063,"world-wide action for collecting signatures in support of measures to prevent nuclear war, to curb the arms race and for disarmament"
627064,nuclear weapons and prevention of nuclear war
627065,multilateral disarmament agreements
627066,disarmament
627067,nuclear weapons in all their aspects
627068,international co-operation for disarmament
627069,world disarmament campaign
627257,the united nations disengagement observer force
627702,an international convention on the strengthening of the security of non-nuclear-weapon states against the use or threat of use of nuclear weapons
627703,effective international arrangements to assure non-nuclear-weapon states against the use or threat of use of nuclear weapons
627704,chemical and bacteriological (biological) weapons
627706,chemical and bacteriological (biological) weapons
627707,chemical and bacteriological (biological) weapons
627708,disarmament and international security
627709,the membership of the committee on disarmament
627711,the production of fissionable material for weapons use
627712,non-stationing of nuclear weapons on the territories of states where there are no such weapons at present
627714,job classification and career development of language staff
627715,arms race in outer space
627716,conventional disarmament
627717,israeli nuclear armament
627719,a treaty on the prohibition of the stationing of weapons of any kind in outer space
627722,the prevention of nuclear catastrophe
627773,the declaration on the strengthening of international security
627775,the inadmissibility of intervention and interference in the internal affairs of states
627776,the declaration on the preparation of societies for life in peace
627777,the comorian island of mayotte
627778,offences against the peace and security of mankind
627779,the principles and norms of international law relating to the new international economic order
627783,the multilateral treaty-making process
627785,financial emergency of the united nations
627786,financial emergency of the united nations
627787,palestine
627788,palestine
628525,disarmament
628526,israeli nuclear armament
628527,the declaration on the strengthening of international security
628528,non-interference in the international affairs of states
628615,the united nations and on the strengthening of the role of the organizations
628616,consolidation and progressive development of the principles and norms of international and economic law relating in particular to the legal assets of the new international economic order
628617,national liberation movements recognized by the organization of african unity and/or by the league of arab states
628618,palestine
628619,palestine
628620,palestine
628621,palestine
628622,palestine
628623,the united nations system for improving the effective enjoyment of human rights and fundamental freedoms
628626,nuclear weapons
628630,human rights in bolivia
628632,human rights in chile
628633,voluntary fund of the united nations for victims of gross and flagrant violations of human rights
628635,the situation of human rights and fundamental freedoms in el salvador
628636,measures to improve the situation and ensure the human rights and dignity of all migrant workers
628637,"measures to be taken against nazi, fascist and neo-fascist activities and all other forms of totalitarian ideologies and practices based on racial intolerance, hatred and terror"
628638,south africa
628641,military and nuclear collaboration with south africa
628642,comprehensive sanctions against south africa
628644,oil embargo against south africa
629364,kampuchea
629367,historical responsibility of states for the preservation of nature for present and future generations
629369,summary records for meetings of subsidary organs of the general assembly
629370,palestine refugees
629372,"member states of grants and scholarships for higher education, including vocational training, for palestine refugees"
629373,population and refugees displaced since 1967
629377,palestine refugees in the gaza strip
629380,belize
629382,non-self-governing territories transmitted under article 73e of the charter of the united nations
629391,east timor
629395,"foreign economic and other interests which are impeding the implementation of the declaration on the granting of independence to colonial countries and peoples in namibia and in all other territories under colonial domination and efforts to eliminate colonialism, apartheid and racial discrimination in southern africa"
629397,the declaration on the granting of independence to colonial countries and peoples by the specialized agencies and the international institutions associated with the united nations
629398,"cultural, academic and other boycotts of south africa"
629399,transnational corporations in south africa
629401,international campaigns against apartheid
629402,afghanistan and its implications for international peace and security
629403,israel and south africa
629405,international conference on sanctions against south africa
629406,the international convention on the supression and punishment of the crime of apartheid
629407,the oppressed people of south africa and their national liberation movement
629408,apartheid in sports
629409,women and children under apartheid
629411,united nations resolution on apartheid by governments and intergovernmental organizations
629412,apartheid
629413,the comorian island of mayotte
629414,south africa
629415,the middle east
629417,access by staff representatives to the 5th committee
629419,the rates of reinbursement on the governments of troop-contributing states
629420,the international civil service commission
629422,the united nations disengagement observer force
629426,united nations accommodation at santiago
629427,the united nations disengagement observer force
629428,the question of honoraria payable to members of organs and subsidary organs of the united nations
629430,emoluments of and pension scheme for the members of the international court of justice
629431,enhancing the effectivness of the principle of non-use of force in international relations
629432,revised budget appropriations
629433,financial appropriations
629435,namibia resulting from the illegal occupation of the territory by south africa
629436,intensification and co-ordination of united nations action in support of namibia
629437,work of the united nations council for namibia
629438,intergovernmental and non-governmental organizations with respect to namibia
629439,support for the united nations institute for namibia
629440,nationhood programme for namibia
629441,namibia
629442,information on namibia
629443,namibian uranium
629444,situation resulting from south africa's refusal to comply with united nations resolutions on namibia
629446,economic rights and duties of states
629464,the particular needs and problems of land-locked development countries
629465,united nations conference on trade and development
629466,living conditions of the palestinian people
629467,financial emergency of the united nations
629468,financing the united nations interim force in lebanon
629469,financing the united nations interim force in lebanon
629594,plan of the action for the full implemenation of the declaration on the granting of independence to colonial countries and peoples
629596,the declaration on the granting of independence to colonial countries and peoples
629598,information on decolonization
629600,investigate israeli practices affecting the human rights of the population of the occupied territories
629601,investigate israeli practices affecting the human rights of the population of the occupied territories
629603,investigate israeli practices affecting the human rights of the population of the occupied territories
629604,investigate israeli practices affecting the human rights of the population of the occupied territories
629605,investigate israeli practices affecting the human rights of the population of the occupied territories
629607,investigate israeli practices affecting the human rights of the population of the occupied territories
629609,"the malagasy islands of glorieuses, juan de nova, europa and bassas da india"
629611,international co-operation to avert new flows of refugees
629613,human rights and scientific and technological developments
629614,human rights and scientific and technological developments
629623,military budgets
629624,general assembly oncerning the signature and ratification of additional protocol i of the treaty for the prohibition of nuclear weapons in latin america (treaty of tlateloco)
629625,chemical and bacteriological (biological) weapons
629627,all test explosions of nuclear weapons
629628,all nuclear test explosions by all states for all time
630225,nuclear capability of south africa
630227,the declaration [on the denuclearization of africa]
630230,a nuclear-weapon-free zone in south asia
630232,the development and manufacture of new types of weapons of mass destruction and new systems of such weapons
630233,nuclear weapons in all aspects
630234,nuclear weapons in all aspects
630235,nuclear weapons and prevention of nuclear war
630236,paragraph 125 of the final document
630237,disarmament
630238,an international convention on the strengthening of the security of non-nuclear-weapon states against the use or threat of use of nuclear weapons
630240,an international convention to assure non-nuclear-weapon states against the use or threat of use of nuclear weapons
630242,conventional disarmament
630246,non-stationing of nuclear weapons on the territories of states where there are no such weapons at present
630247,the production of fissionable material for weapons purposes
632041,the occupied territories of azerbaijan
632080,"internally displaced persons and refugees from abkhazia, georgia"
632095,global forum on migration and development
632867,
632868,assessments for the apportionment of the expenses of the united nations
632871,the united nations emergency force and the united nations disengagement observer force
632874,the united nations emergency force and the united nations disengagement observer force
632875,the united nations emergency force and the united nations disengagement observer force
632877,the united nations emergency force and the united nations disengagement observer force
632882,the united nations interim force in lebanon
632883,the united nations interim force in lebanon
632884,the united nations interim force in lebanon
632885,the united nations interim force in lebanon
632886,the principle of non-use of force in international relations
632887,kampuchea
632961,the programme for the decade for action to combat racism & racial discrimination
632962,the international convention on the suppression and punishment of the crime of apartheid
632963,the occupied territories
632964,cyprus
632965,the non-self-governing territories transmitted under article 73e of the charter of the united nations
632966,western sahara
632967,belize
633049,east timor
633050,"foreign economic and other interests which are impeding the implementation of the declaration on the granting of independance to colonial countries and peoples in southern rhodesia and namibia and in all other territories under colonial domination and efforts to eliminate colonialism, apartheid and racial discrimination in southern africa"
633051,the declaration on the granting of independence to colonial countries and peoples by the specialized agencies and the international institutions associated with the united nations
633052,the universal realization of the right of peoples to self-determination and of the speedy granting of independence to colonial countries and peoples for the effective guarantee and observance of human rights
633053,the united nations system for improvising the effective enjoyment of human rights and fundamental freedoms
633054,services of the secretariat concerned with human rights
633055,the united nations system for the improvement of the effective enjoyment of human rights and fundamental freedoms
633056,palestine refugees
633057,"member states of grants and scholarships for higher education, including vocational training, for the palestinian refugees"
633058,population and refugees displaced since 1967
633059,palestine refugees in the gaza strip
633060,the united nations disaster relief co-ordinator
633061,palestine
633062,palestine
633074,palestine
633075,palestine
633087,the comorian island of mayotte
633108,the middle east
633109,the declaration [on the denuclearization of africa]
633110,a nuclear-weapon-free zone in the region of the middle east
633111,general assembly
633112,a nuclear-weapon-free-zone in south asia
633113,the development and manufacture of new types of weapons of mass destruction and new systems of such weapons
633157,the declaration of the indian ocean as a zone of peace
633159,the declaration of the indian ocean as a zone of peace
633160,disarmament
633162,monitoring of disarmament agreements and strengthening of international security
633163,nuclear weapons and prevention on nuclear war
633165,nuclear weapons in all aspects
633166,an international convention on the strengthening of guarantees of the security of non-nuclear-weapon states
633167,an international convention to assure the non-nuclear-weapon states against the use or threat of use of nuclear weapons
633168,the security of non-nuclear-weapon states against the use or threat of use of nuclear weapons
633170,non-stationing of nuclear weapons on the territories of states where there are no such weapons at present
633173,the production of fissionable material for weapons purposes
633175,study of institutional arrangements relating to the process of disarmament
633177,international co-operation for disarmament
633181,israeli nuclear armament
633182,investigate israeli practices affecting the human rights of the population of the occupied territories
633183,investigate israeli practices affecting the human rights of the population of the occupied territories
633185,investigate israeli practices affecting the human rights of the population of the occupied territories
633187,"the islands of gloriesus, juan de nova, europa and bassas da india"
635764,work of the united nations council for namibia
635765,intensification and co-ordination of united nations action in support of namibia
635766,intergovermental and non-governmental organizations with respect to namibia
635767,information on namibia
635768,namibia resulting from the illegal occupation of the territory by south africa
635769,south africa
635770,international conference on sanctions against south africa
635771,arms embargo against south africa
635772,nuclear collaboration with south africa
635773,oil embargo against south africa
635774,the oppressed people of south africa and their national liberation movement
635775,information on apartheid
635776,mass media in international action against apartheid
635777,apartheid in sports
635778,israel and south africa
635779,south africa
635780,apartheid
635781,the declaration on the granting of independence to colonial countries and peoples
635782,information on decolonization
635783,the declaration on the strengthening of international security
635784,non-interference in the internal affairs of states
635785,inadmissability of the policy of hegemonism in international relations
635786,living conditions of the palestinian people
635787,the palestinian people
635788,permanent sovereignty over national resources in the occupied arab territories
635789,"measures to prevent international terrorism which endangers or takes innocent human lives or jeopardizes fundamental freedoms, and study of the underlying causes of those forms of terrorism and acts of violence which lie in misery, frustration, grievance and despair and which cause some people to sacrifice human lives, including their own, in an attempt to effect radical changes"
635790,the united nations and on the strengthening of the role of the organization
635791,consolidation and progressive development of the principles and norms of international economic law relating in particular to the legal aspects of the international economic order
635792,world conference of the united nations decade for women
635793,provisional agenda for the world conference of the united nations decade for women
635794,the rates of reimbursement to the governments of troop-contributed states
635795,measures to improve the situation and ensure the human rights and dignity of all migrant workers
635796,united nations trust fund for chile
635797,human rights in chile
635798,convention on the elimination of all forms of discrimination against women
635799,plan of action to combat desertification
635800,southern rhodesia
635801,the world inflationary phenomenon on the development process
635802,the particular needs and problems of land-locked developing countries
635803,multilateral trade negotiations
635804,the land-locked developing countries
635805,proposals for the new international development strategy
635806,international monetary reform
635807,participation of united nations staff in the consultative bodies within the united nations system
635808,the united nations joint staff pension board
635809,investments of the united nations joint staff pension fund
635810,investments of the united nations joint staff pension fund
635811,final budget appropriations
635899,final income estimates
635900,united nations industrial development organization
635902,resources for the implementation of the work programme of the united nations centre for human settlements (habitat) at the regional level
635903,budget appropriations
635904,appropriations
635905,unforeseen and extraordinary expenses
635906,working capital fund
635910,an information systems unit in the department of international economic and social affairs
635913,united nations international school
635915,united nations accommodation at nairobi
635918,"conditions of service and compensation for officials, other than secretariat officials, serving the general assembly"
635919,the travel of representatives of the least developed countries to participate in consultation meetings of the united nations industrial development organization
637262,
637953,the united nations emergency force and of the united nations disengagement observer force
637954,the united nations emergency force and of the united nations disengagement observer force
637960,the united nations emergency force and of the united nations disengagement observer force
637965,the united nations emergency force and of the united nations disengagement observer force
637968,the united nations emergency force and of the united nations disengagement observer force
637971,investigate israeli practices affecting the human rights of the population of the occupied territories
637972,investigate israeli practices affecting the human rights of the population of the occupied territories
637973,investigate israeli practices affecting the human rights of the population of the occupied territories
637974,comprehensive review of the whole question of peace-keeping operations in all their aspects
637975,organizational nomenclature in the secretariat
637976,amendments to the financial regulations of the united nations
637977,1979 budget estimates for the international computing centre
637978,disarmament commission and its committee of the whole
637979,"conditions of service and compensation for officials, other than secretariat officials, serving the general assembly"
637980,revised estimates resulting from the recommendations of the committee for programme and co-ordination at its 17th session and the 2nd part of its 18th session
637985,the question of honoraria payable to members of organs and subsidiary organs of the united nations
637988,"revised estimates under section 1b.5 (executive direction and management, office for special political questions)"
637991,exceptions to the provisions of general assembly
637996,medium-term plan for the period 1980-1983
637998,the international civil service commission
637999,the united nations joint staff pension board
638670,the united nations emergency force and of the united nations disengagement force
638755,the united nations interim force in lebanon
638757,cyprus
638758,third united nations conference on the law of the sea
638759,"the enjoyment of human rights of political, military, economic and other forms of assistance given to colonial and racist regimes in southern africa"
638760,the universal realization of the right of peoples to self-determination and of the speedy granting of independence to colonial countries and peoples for the effective guarantee and observance of human rights
638761,palestine
638762,palestine
638763,palestine
638764,western sahara
638766,belize
638767,non-self-governing territories transmitted under article 73e of the charter of the united nations
638768,southern rhodesia
638769,southern rhodesia
638770,east timor
638771,"foreign economic and other interests which are impeding the implementation of the declaration on the granting of independence to colonial countries and peoples in southern rhodesia and namibia and in all other territories under colonial domination and efforts to eliminate colonialism, apartheid and racial discrimination in southern africa"
638774,the declaration on the granting of independence to colonial countries and peoples by the specialized agencies and the international institutions associated with the united nations
638775,the declaration on the granting of independence to colonial countries and peoples
638776,information on decolonization
638777,world social development
638778,"protection, restitution and return of cultural and artistic property as part of the preservation and further development of cultural values"
638783,human rights and scientific and technological developments
638784,the conclusions of the 1st review conference of the parties to the treaty on the non-proliferation of nuclear weapons and establishment of a preparatory committee for the 2nd conference
638785,general assembly
638786,the declaration on the denuclearization of africa
638787,a nuclear-weapon-free zone in the region of the middle east
638788,a nuclear-weapon-free zone in south asia
638789,the development and manufacture of new types of weapons of mass destruction and new systems of such weapons
638790,the development and manufacture of new types of weapons of mass destruction and new systems of such weapons
638860,military budgets
638861,the declaration of the indian ocean as a zone of peace
638863,military and nuclear collaboration with israel
638869,nuclear weapons and prevention of nuclear war
638870,cessation of further testing of nuclear weapons
638872,disarmament negotiations and machinery
638874,monitoring of disarmament agreements and strengthening of international security
638877,an international convention on the strengthening of guarantees of the security of non-nuclear states
638878,an international convention on the strengthening of guarantees of the security of non-nuclear states
638879,the preparation of societies for life in peace
638881,non-interference in the internal affairs of states
638883,the declaration on the strengthening of international security
638884,nicaragua
638885,land-locked developing countries
638887,plan of action to combat desertification
638888,confidence-building measures
638939,strategic arms limitation talks
638940,nuclear weapons
638941,all aspects of regional disarmament
638942,non-stationing of nuclear weapons on the territories of such states where there are no such weapons at present
638943,disarmament
638944,the production of fissionable material for weapons purposes
638962,the principle of non-use of force in international relations
638963,offences against the peace and security of mankind
638964,the programme for the decade for action to combat racism and racial discrimination
638965,world conference to combat racism and racial discrimination
638966,results of the world conference to combat racism and racial discrimination
638967,the international convention on the suppression and punishment of the crime of apartheid
638968,all forms of religious intolerance
638969,living conditions of the palestinian people
638972,palestine refugees
638975,"member states of grants and scholarships for higher education, including vocational training, for the palestine refugees"
638976,palestine refugees in the gaza strip
638977,population and refugees displaced since 1967
639252,investments of the united nations joint staff pension fund in transnational corporations and in developing countries
639253,acceleration of the transfer of real resources to developing countries
639254,finance for development
639255,the composition of the relevant organs of the united nations : amendments to rules 31 and 38 of the rules of procedure of the general assembly
639256,personnel questions
639257,the palestinian people
639258,the particular needs of the land-locked developing countries
639259,reverse transfer of technology
639260,the world inflationary phenomenon on the development process
639261,debt problems of developing countries
639346,"questions of american samoa, anguilla, bermuda, the british virgin islands, the cayman islands, guam, montserrat, pitcairn, saint helena, the turks and caicos islands and the united states virgin islands"
639347,individual territories
639400,measures to improve the situation and ensure the human rights and dignity of all migrant workers
639402,missing persons in cyprus
639403,the united nations trust fund for chile
639404,human rights in chile
639405,the experience of the ad hoc working group on the situation of human rights in chile
639406,revised budget appropriations
639407,the revised appropriations
639409,accommodation at the vienna international centre
639411,namibia resulting from the illegal occupation of the territory by south africa
639412,refusal of south africa to comply with united nations resolutions on namibia
639413,work of the united nations council for namibia
639415,international mobilization against apartheid
639417,tributes to the memory of leaders and outstanding personalities who have made significant contributions to the struggles of the oppressed peoples
639419,israel and south africa
639420,oil embargo against south africa
639421,nuclear collaboration with south africa
639422,economic collaboration with south africa
639423,information on apartheid
639424,apartheid
639425,the oppressed people of south africa and their national liberation movement
639426,south africa
639427,apartheid in sports
639428,military collaboration with south africa
639429,south africa
639430,the improvement of the status and role of women in education and in the economic and social fields for the achievement of the equality of women with men
639475,request for an advisory opinion of the international court of justice on whether the unilateral declaration of independence of kosovo is in accordance with international law
639624,protectionism
639625,multilateral trade negotiations
639626,"determination of activities that have been completed or are obsolete, of marginal usefulness or ineffective"
639627,revised budget appropriations
639628,revised income estimates
639629,the appropriations
639630,namibia
639631,western sahara
639632,the middle east
642010,international declaration against apartheid in sports
642012,bantustans
642019,south africa
642288,the united nations emergency force and of the united nations disengagement observer force
642335,"recent illegal israeli measures in the occupied arab territories designed to change to legal status, geographical nature and demographic composition of those territories in contravention of the principles of the charter of the united nations, of israel's international obligations under the 4th geneva convention of 1949 and of united nations resolutions, and obstruction of efforts aimed at achieving a just and lasting peace in the middle east"
642378,economic collaboration with south africa
642393,the comorian island of mayotte
642624,economic collaboration with south africa
642626,information on apartheid
642628,work of the apartheid
642629,national liberation movement of south africa
642630,south africa
642631,world conference for action against apartheid
642633,land-locked developing countries
642634,united nations conference on science and technology for development
642635,southern rhodesia
642636,human rights in chile
642637,"persons detained or imprisoned as a result of their struggle against apartheid, racism and racial discrimination, colonialism, aggression and foreign occupation and for self-determination, independence and social progress for their people"
642638,international co-operation in the field of narcotic drugs relating to treatment and rehabilitation
642639,drug abuse control and its programmes related to economic and social development
642640,intensified and co-ordinated efforts to fight the illicit traffic in and illicit demand for narcotic drugs and psychotropic substances
642641,world conference to combat racism and racial discrimination
642642,the united nations system for improving the effective enjoyment of human rights and fundamental freedoms
642643,"women's participation in the strengthening of international peace and security and in the struggle against colonialism, racism, racial discrimination, foreign aggression and occupation and all forms of foreign domination"
642644,"women's participation in the strengthening of international peace and security and in the struggle against colonialism, racism, racial discrimination, foreign aggression and occupation and all forms of foreign domination"
642658,a world treaty on the non-use of force in international relations
642863,information on namibia
643248,south africa
643250,namibia resulting from the illegal occupation of the territory by south africa
643251,intergovernmental and non-governmental organizations with respect to namibia
643252,incendiary and other specific conventional weapons which may be the subject of prohibitions or restrictions of use for humanitarian reasons
643253,non-interference in the internal affairs of states
643255,the declaration on the strengthening of international security
643256,work of the united nations council for namibia
643257,iunited nations water conference
643258,permanent sovereignty over national resources in the occupied arab territories
643259,intensification and co-ordination of united nations action in support of namibia
643260,institutional arrangements for international co-operation in the field of human settlements
643263,special session of the general assembly on the question of namibia
643264,living conditions of the palestinian people
643265,the international convention on the suppression and punishment of the crime of apartheid
643269,the elimination of racial discrimination
643271,the universal realization of the right of peoples to self-determination and of the speedy granting of independence to colonial countries and peoples for the effective guarantee and observance of human rights
643273,the particular needs of the land-locked developing countries
643274,united nations negotiating conference on a common fund under the integrated programme for commodities
643275,international co-operation in the peaceful uses of outer space
643276,cyprus
643281,the middle east
643282,first-class travel in the united nations organizations
643283,brunei
643284,the international civil service commission
643285,belize
643286,non-self-governing territories transmitted under article 73 e of the charter of the united nations
643287,east timor
643288,"foreign economic and other interests which are impeding the implementation of the declaration on the granting of independence to colonial countries and peoples in southern rhodesia and namibia and in all other territories under colonial domination and efforts to eliminate colonialism, apartheid and racial discrimination in southern africa"
643289,the declaration on the granting of independence to colonial countries and peoples by their specialized agencies and the international institutions associated with the united nations
643290,assessment for the apportionment of the expenses of the united nations
643291,palestine
643292,palestine
643339,the declaration on the granting of independence to colonial countries and peoples
643341,general assembly concerning the signature and ratification of additional protocol i of the treaty for the prohibition of nuclear weapons in latin america (treaty of tlatelolco)
643342,cessation of nuclear and thermonuclear tests and conclusion of a treaty designed to achieve a comprehensive test ban; conclusion of a treaty on the complete and general prohibition of nuclear-weapons tests
643343,general assembly oncerning the signature and ratification of additional protocol ii of the treaty for the prohibition of nuclear weapons in latin america (treaty of tlatelolco)
643344,effective measures to implement the purposes and objectives of the disarmament decade
643345,the declaration on the denuclearization of africa
643346,a nuclear-weapon-free zone in the region of the middle east
643347,a nuclear-weapon-free zone in south asia
643348,the development and manufacture of new types of weapons of mass destruction and new systems of such weapons
643349,the development and manufacture of new types of weapons of mass destruction and new systems of such weapons
643350,military budgets
643351,the declaration of the indian ocean as a zone of peace
643352,general and complete disarmament
643353,general and complete disarmament
643354,general and complete disarmament
643355,general and complete disarmament
643356,palestine refugees
643357,palestine refugees in the gaza strip
643358,population and refugees displaced since 1967
643359,investigate israeli practices affecting the human rightsof the population of the occupied territories
643360,investigate israeli practices affecting the human rights of the occupied territories
643361,investigate israeli practices affecting the human rights of the occupied territories
643362,international anti-apartheid year
643363,trade union action against apartheid
643364,israel and south africa
643365,military and nuclear collaboration with south africa
643385,final budget appropriations
643386,organizational nomenclature in the secretariat
643387,arabic language services in the united nations
643388,united nations accommodation at nairobi
643389,form of presentation of the united nations budget
643390,expansion of meeting rooms and improvement of conference servicing and delegate facilities at united nations headquarters
643391,honoraria of members of the human rights committee
643392,budget appropriations
643393,appropriations
643394,unforeseen and extraordinary expenses
643395,working capital fund
643885,"ending the economic, commercial and financial embargo imposed by the united states of america against cuba"
643890,cooperation between the united nations and the preparatory commission for the comprehensive nuclear-test-ban treaty organization
643894,the exercise of the inalienable rights of the palestinian people
643895,palestinian rights of the secretariat
643897,palestine of the department of public information of the secretariat
643898,peaceful settlement of the question of palestine
643899,jerusalem
643901,the syrian golan
643902,the development and manufacture of new types of weapons of mass destruction and new systems of such weapons : report of the conference on disarmament
643903,the field of information and telecommunications in the context of international security
643904,effective international arrangements to assure non-nuclear-weapon states against the use or threat of use of nuclear weapons
643905,an arms race in outer space
643906,decreasing the operational readiness of nuclear weapons systems
643907,"the convention on the prohibition of the use, stockpiling, production and transfer of anti-personnel mines and on their destruction"
643949,conventional arms control at the regional and subregional levels
643951,nuclear disarmament
643953,reducing nuclear danger
643958,the advisory opinion of the international court of justice on the legality of the threat or use of nuclear weapons
643960,multilateralism in the area of disarmament and non-proliferation
643981,the 1925 geneva protocol
643988,the use of armaments and ammunitions containing depleted uranium
643997,missiles
643999,a nuclear-weapon-free world : accelerating the implementation of nuclear disarmament commitments
644005,"non-proliferation, arms limitation and disarmament agreements and commitments"
644046,consolidation of peace through practical disarmament measures
644051,a nuclear-weapon-free zone in central asia
644054,the hague code of conduct against ballistic missile proliferation
644058,nuclear-weapon-free southern hemisphere and adjacent areas
644071,transparency and confidence-building measures in outer space activities
644152,armaments
644182,the illicit trade in small arms and light weapons in all its aspects
644185,renewed determination towards the total elimination of nuclear weapons
644187,convention on the prohibition of the use of nuclear weapons
644200,nuclear proliferation in the middle east
644214,comprehensive nuclear-test-ban treaty
644217,palestine refugees
644218,persons displaced as a result of the june 1967 and subsequent hostilities
644223,palestine refugees' properties and their revenues
644273,investigate israeli practices affecting the human rights of the palestinian people and other arabs of the occupied territories
644277,the united nations relief and works agency for palestine refugees in the near east
644280,"the geneva convention relative to the protection of civilian persons in time of war, of 12 august 1949, to the occupied palestinian territory, including east jerusalem, and the other occupied arab territories"
644287,"israeli settlements in the occupied palestinian territory, including east jerusalem, and the occupied syrian golan"
644294,"israeli practices affecting the human rights of the palestinian people in the occupied palestinian territory, including east jerusalem"
644298,the occupied syrian golan
644299,non-self-governing territories transmitted under article 73 e of the charter of the united nations
644300,economic and other activities which affect the interests of the peoples of the non-self-governing territories
644301,the declaration on the granting of independence to colonial countries and peoples by the specialized agencies and the international institutions associated with the united nations
644310,information on decolonization
644311,the declaration on the granting of independence to colonial countries and peoples
644312,oceans and the law of the sea
644480,the human rights council
644498,"certain practices that contribute to fuelling contemporary forms of racism, racial discrimination, xenophobia and related intolerance"
644534,mercenaries as a means of violating human rights and impeding the exercise of the right of peoples to self-determination
644535,the palestinian people to self-determination
644536,equitable geographical distribution in the membership of the human rights treaty bodies
644537,the use of the death penalty
644538,combating defamation of religions
644553,globalization and its impact on the full enjoyment of all human rights
644555,development
644557,human rights and unilateral coercive measures
644560,"extrajudicial, summary or arbitrary executions"
644567,food
644568,universal freedom of travel and the vital importance of family reunification
644569,a democratic and equitable international order
644571,human rights in the democratic people's republic of korea
644572,human rights in the islamic republic of iran
644683,"permanent sovereignty of the palestinian people in the occupied palestinian territory, including east jerusalem, and of the arab population in the occupied syrian golan over their natural resources"
644732,oil slick on lebanese shores
644738,a new international economic order
644763,"an arms trade treaty : establishing common international standards for the import, export and transfer of conventional arms"
644764,the child
644765,"the total elimination of racism, racial discrimination, xenophobia and related intolerance and the comprehensive implementation of and follow-up to the durban declaration and programme of action"
644767,human rights in myanmar
644975,living conditions of the palestinian people
646023,american samoa
646047,anguilla
646049,bermuda
646050,british virgin islands
646051,cayman islands
646052,guam
646053,montserrat
646054,pitcairn
646055,turks and caicos islands
646058,saint helena
646059,united states virgin islands
646737,investigate israeli practices affecting the human rights of the population of the occupied territories
647344,the united nations emergency force and of the united nations disengagement force
647345,the united nations emergency force and of the united nations disengagement force
647573,action against apartheid
648892,arms embargo against south africa
648894,south africa
648896,apartheid in sports
648897,apartheid
648900,the so-called independent transkei and other bantustans
648901,israel and south africa
649009,"foreign economic and other interests which are impeding the implementation of the declaration on the granting of independence to colonial countries and people in southern rhodesia and namibia and in all other territories under colonial domination and efforts to eliminate colonialism, apartheid and racial discrimination in southern africa"
649011,a world treaty on the non-use of force in international relations
649012,cyprus
649014,conference on international economic co-operation
649016,population and refugees displaced since 1967
649017,palestine refugees in the gaza strip
649018,palestine
649019,new members to the united nations
649023,non-self-governing territories transmitted under article 73 e of the charter of the united nations
649024,the declaration on the granting of independence to colonial countries and peoples by their specialized agencies and the international institutions associated with the united nations
649025,"the enjoyment of human rights of political, military, economic and other forms of assistance given to colonial and racist regimes in southern africa"
649026,the universal realization of the right of peoples to self-determination and of the speedy granting of independence to colonial countries and peoples for the effective guarantee and observance of human rights
649324,the people's republic of angola to membership in the united nations
649325,the falkland islands (malvinas)
649326,belize
649327,timor
649328,brunei
649329,guam
649330,french somaliland
649331,the middle east
649332,peace conference on the middle east
649333,cessation of nuclear and thermonuclear tests and conclusion of and treaty designed to achieve and comprehensive test ban
649684,general assembly concerning the signature and ratification of additional protocol ii of the treaty for the prohibition of nuclear weapons in latin america (treaty of tlatelolco)
649686,the question of nuclear-weapon-free zones in all its aspects
649687,a nuclear-weapon-free zone in the region of the middle east
649688,convention on the prohibition of military or any other hostile use of environmental modification techniques
649689,and nuclear-weapon-free zone in south asia
649690,the development and manufacture of new types of weapons of mass destruction and new systems of such weapons
649691,the conclusions of the 1st review conference of the parties to the treaty on the non-proliferation of nuclear weapons
649692,implementation by states of the provisions of the vienna convention on diplomatic relations of 1961
649693,the programme for the decade for action to combat racism and racial discrimination
649694,world conference to combat racism and racial discrimination
649695,the international convention on the suppression and punishment of the crime of apartheid
649696,world social situation
649698,military budgets
649699,the declaration of the indian ocean as a zone of peace
649700,a treaty on the complete and general prohibition of nuclear-weapon tests
649702,non-interference in the internal affairs of states
649703,the declaration on the strengthening of international security
649704,assessments for the apportionment of the expenses of the united nations
649708,investigate israeli practices affecting the human rights of the occupied territories
649710,investigate israeli practices affecting the human rights of the occupied territories
649732,investigate israeli practices affecting the human rights of the occupied territories
649747,investigate israeli practices affecting the human rights of the occupied territories
649748,human rights in chili
649756,human rights and scientific and technological developments
649758,second annual report of the international civil service commission
649760,the declaration on the granting of independence to colonial countries and peoples
649761,information on decolonization
649762,namibia resulting from the illegal occupation of the territory by south africa
649764,work of the united nations council for namibia
649909,intensification and co-ordination of united nations action in support of namibia
649910,intergovernmental and non-governmental organizations with respect to namibia
649913,information on namibia
649914,observer status for the south west africa people's organization
649915,southern rhodesia
649916,specific action in favour of land-locked developing countries
649917,debt problems of developing countries
649918,industrial redeployment in favour of developing countries
649919,"ways and means of accelerating the transfer of real resources to developing countries on a predictable, assured and continuous basis"
649920,statute of the united nations special fund for land-locked developing countries
649921,"general assembly resolutions 2626 (xxv), 3202 (s-vi), 3281 (xxix) and 3362 (s-vii)"
649922,permanent sovereignty over national resources in the occupied arab territories
649923,general and complete disarmament
649924,general and complete disarmament
649925,general and complete disarmament
649926,expansion of meeting rooms and improvement of conference servicing and delegate facilities at united nations headquarters
649927,the united nations salary system : amendments to the staff regulations of the united nations
649994,investments of the united nations joint staff pension fund
649999,emoluments of the members of the international court of justice
650000,revised estimate concerning the united nations conference on trade and development
650001,revised budget appropirations
650002,appropriations
650003,revised income estimates
650004,yearbook of the united nations
650007,future trend in computer usage
650087,cessation of nuclear and thermonuclear tests and conclusion of a treaty designed to achieve a comprehensive test ban
650088,general assembly concerning the signature and ratification of additional protocol ii of the treaty for the prohibition of nuclear weapons in latin america (treaty of tlatelolco)
650089,the declaration of the indian ocean as a zone of peace
650090,the declaration on the denuclearization of africa
650091,the question of nuclear-weapon-free zones in all its aspects
650092,the question of nuclear-weapon-free zones in all its aspects
650093,general assembly concerning the signature and ratification of additional protocol i of the treaty for the prohibition of nuclear weapons in latin america (treaty of tlatelolco)
650094,a nuclear-weapon-free zone in the region of the middle east
650095,a nuclear-weapon-free zone in the south pacific
650096,a treaty on the complete and general prohibition of nuclear weapon tests
650097,the development and manufacture of new types of weapons of mass destruction and new systems of such weapons
650098,french somaliland
650100,the declaration on the granting of independence to colonial countries and peoples
650101,information on decolonization
650102,general and complete disarmament
650104,general and complete disarmament
650105,general and complete disarmament
650106,general and complete disarmament
650108,general and complete disarmament
650109,timor
650111,economic rights and duties of states
650121,permanent sovereignty over national resources in the occupied arab territories
650123,"women's participation in the strengthening of international peace and security and in the struggle against colonialism, racism, racial discrimination, foreign aggression and occupation and all forms of foreign domination"
650124,world conference of the international women's year
650125,equality between men and women and elimination of discrimination against women
650127,investigate israeli practices affecting the human rights of the population of the occupied territories
650128,investigate israeli practices affecting the human rights of the population of the occupied territories
650129,investigate israeli practices affecting the human rights of the population of the occupied territories
650133,the united nations disaster relief coordinator : financing of emergency relief assistance and technical co-operation activities
650134,revised estimates for the united nations industrial development organization
650135,united nations public information policies and activities
650136,pension scheme
650137,emoluments
650138,financial problems of the united nations
650139,programme budget for biennium 1976-1977
650140,budget appropriations
650141,appropriations
650142,unforeseen and extraordinary expenses
650143,working capital fund
650276,the programme for the decade for action to combat racism and racial discrimination
650278,invitation to the palestine liberation organization to participate in the efforts for peace in the middle east
650279,palestine
650280,the united nations emergency force and of the united nations disengagement observer force
650323,world conference to combat racism and racial discrimination
650324,all forms of racial discrimination
650332,"the enjoyment of human rights of political, military, economic and other forms of assistance given to colonial and racist regimes in southern africa"
650334,the declaration on the strengthening of international security
650335,korea
650336,korea
650339,cyprus
650341,southern rhodesia
650342,"foreign economic and other interests which are impeding the implementation of the declaration on the granting of independence to colonial countries and peoples in southern rhodesia and namibia and in all other territories under colonial domination and efforts to eliminate colonialism, apartheid and racial discrimination in southern africa"
650346,special responsibility of the united nations and the international community towards the oppressed people of south africa
650375,bantustans
650376,apartheid
650377,south africa
650379,the middle east
650397,palestine refugees
650398,population and refugees displaced since 1967
650399,non-self-governing territories transmitted under article 73 e of the charter of the united nations
650427,the declaration on the granting of independence to colonial countries and peoples by the specialized agencies and the international institutions associated with the united nations
650428,brunei
650429,"american samoa, guam and united states virgin islands"
650430,belize
650431,"the new hebrides, pitcairn and tuvalu"
650466,human rights in chile
650468,missing persons in cyprus
650469,the united nations system for improving the effective enjoyment of human rights and fundamental freedoms
650470,spanish sahara
650471,spanish sahara
650472,general assembly
650815,
650861,the united nations and south africa
650876,invitation to the palestine liberation organization
650963,cyprus
650964,the international atomic energy agency
650968,achieving far-reaching social and economic changes for the purpose of social progress
650989,economic rights and duties of states
650990,peaceful settlement of international disputes
651000,assessments for the apportionment of the expenses of the united nations
651003,protection and human rights in chile
651005,palestine
651006,observer status for the palestine liberation organization
651012,restoration of the lawful rights of the royal government of national union of cambodia in the united nations
651013,non-self-governing territories transmitted under article 73 e of the charter of the united nations
651015,investigate israeli practices affecting the human rights of the population of the occupied territories
651016,investigate israeli practices affecting the human rights of the population of the occupied territories
651017,the universal realization of the right of peoples to self-determination and of the speedy granting of independence to colonial countries and peoples for the effective guarantee and observance of human rights
651018,the military budgets of states permanent members of the security council by 10 per cent and utilization of part of the funds thus saved to provide assistance to developing countries
651020,napalm and other incendiary weapons and all aspects of their possible use
651022,napalm and other incendiary weapons and all aspects of their possible use
651025,"bermuda, british virgin islands, cayman islands, montserrat, turks and caicos islands and united states virgin islands"
651026,"american samoa, guam, new hebrides, pitcairn, st. helena and solomon islands"
651029,spanish sahara
651030,non-self-governing territories transmitted under article 73 e of the charter of the united nations
651031,namibia
651032,southern rhodesia
651033,southern rhodesia
651034,"foreign economic and other interests which are impeding the implementation of the declaration on the granting of independence to colonial countries and peoples in southern rhodesia, namibia and territories under portuguese domination and in all other territories under colonial domination and efforts to eliminate colonialism, appartheid and racial discrimination in southern africa"
651038,arms embargo against south africa
651039,release of political prisoners
651040,work of the apartheid
651042,south africa
651045,the united nations habitat and human settlements foundation
651046,the declaration on the granting of independence to colonial countries and peoples
651047,information on decolonization
651048,palestine refugees in the near east
651049,palestine refugees in the near east
651050,the declaration on the strengthening of international security
651051,korea
651053,permanent sovereignty over national resources in the occupied arab territories
651056,"foreign economic and other interests which are impeding the implementation of the declaration on the granting of independence to colonial countries and peoples in southern rhodesia, namibia and territories under portuguese domination and efforts to eliminate colonialism, appartheid and racial discrimination in southern africa"
651057,cessation of nuclear and thermonuclear tests and conclusion of a treaty designed to achieve a comprehensive test ban
651058,general assembly concerning the signature and ratification of additional protocol ii of the treaty for the prohibition of nuclear weapons in latin america (treaty of tlatelolco)
651059,the declaration of the indian ocean as a zone of peace
651060,general and complete disarmament
651061,general and complete disarmament
651062,general and complete disarmament
651096,need to consider suggestions regarding the review of the charter of the united nations
651100,salaries and allowances of staff in the professional and higher categories : amendments to the staff regulations of the united nations
651101,revised budget appropriations
651175,general assembly concerning the signature and ratification of additional protocol i of the treaty for the prohibition of nuclear weapons in latin america (treaty of tlatelolco)
651176,a nuclear-weapon-free zone in the region of the middle east
651193,"action to influence the environment and climate for military and other purposes incompatible with the maintenance of international security, human well-being and health"
651195,declaration and establishment of a nuclear-free zone in south asia
651196,declaration and establishment of a nuclear-free zone in south asia
652180,preservation and further development of cultural values
652181,human rights and scientific and technological developments
652182,scientific and technological developments in the interests of peace and social development
652183,trade union action against apartheid
652184,work of the apartheid
652185,information on apartheid
652186,intensification and co-ordination of united nations action against apartheid
652187,intergovernmental and non-governmental organizations
652188,united nations trust fund for south africa
652189,south africa resulting from the policies of apartheid
652190,atomic radiation
652191,atomic radiation
652192,atomic radiation
652193,niue
652194,"american samoa, gilbert and ellice islands, guam, new hebrides, pitcairn, st. helena, seychelles and solomon islands"
652195,"bermuda, british virgin islands, cayman islands, montserrat, turks and caicos islands and united states virgin islands"
652196,the seychelles
652197,brunei
652198,the falkland islands (malvinas)
652199,the comoro archipelago
652200,spanish sahara
652201,the declaration on the granting of independence to colonial countries and peoples
652203,information on decolonization
652204,international conference of experts for the support of victims of colonialism and apartheid in southern africa
652207,united nations revolving fund for natural resources exploration
652209,special measures related to the particular needs of the landlocked developing countries
652210,permanent sovereignty over natural resources
652211,holding of a special session of the feneral assembly devoted to development and international economic co-operation
652213,permanent sovereignty over natural resources in the occupied arab territories
652216,general and complete disarmament
652224,the trade and development board
652233,political prisoners in south africa
652235,illegal occupation by portuguese military forces of certain sectors of the republic of guinea-bissau and acts of aggression committed by them against the people of the republic
652345,general and complete disarmament
652346,general and complete disarmament
652349,restitution of works of art to countries victims of expropriation
652352,budget appropriations
652353,appropriations
652354,unforeseen and extraordinary expenses
652355,working capital fund
652357,standards of accommodation for official travel of united nations staff
652358,"formulation, review and approval of programmes and budgets"
652367,investigate israeli practices affecting the human rights of the population of the occupied territories
652401,atomic radiation
652402,southern rhodesia
652403,"principles of international co-operation in the detection, arrest, extradition and punishment of persons guilty of war crimes and crimes against humanity"
652404,napalm and other incendiary weapons and all aspects of their possible use
652418,chemical and bacteriological (biological) weapons
652419,suspension of nuclear and thermonuclear tests
652420,suspension of nuclear and thermonuclear tests
652421,general assembly concerning the signature and ratification of additional protocol ii of the treaty for the prohibition of nuclear weapons in latin america (treaty of tlatelolco)
652423,the indian ocean as a zone of peace
652424,united nations university
652430,the indexation of prices
652431,investigate israeli practices affecting the human rights of the population of the occupied territories
652432,investigate israeli practices affecting the human rights of the population of the occupied territories
652433,the military budgets of states permanent members of the security council by 10 per cent and utilization of part of the funds thus saved to provide assistance to developing countries
652434,the military budgets of states permanent members of the security council by 10 per cent and utilization of part of the funds thus saved to provide assistance to developing countries
652435,the united nations emergency force
652436,human rights in armed conflicts
652437,basic principles of the legal status of the combatants struggling against colonial and alien domination and racist regimes
652439,non-self-governing territories transmitted under article 73 e of the charter of the united nations
652440,namibia
652441,namibia
652442,palestine refugees in the near east
652443,palestine refugees in the near east
652531,territories under portuguese administration
652532,the commission of inquiry on the reported massacres in mozambique
652533,southern rhodesia
652534,southern rhodesia
652535,"foreign economic and other interests which are impeding the implementation of the declaration on the granting of independence to colonial countries and peoples in southern rhodesia and namibia and territories under portuguese domination and in all other territories under colonial domination and efforts to eliminate colonialism, apartheid and racial discrimination in southern africa"
652536,the declaration on the granting of independence to colonial countries and peoples by the specialized agencies and the international institutions associated with the united nations
652537,united nations educational and training programme for southern africa
652538,united nations capital development fund
652539,co-operation in the field of the environment concerning natural resources shared by two or more states
652540,criteria governing multilateral financing of housing and human settlements
652541,creation of the post of united nations high commissioner for human rights
652619,the declaration on the granting of independence to colonial countries and peoples by the specialized agencies and the international institutions associated with the united nations
652620,united nations educational and training programme for southern africa
652621,spanish sahara
652622,"american samoa, bahamas, bermuda, british virgin islands, brunei, cayman islands , cocos (keeling) islands, gilbert and ellice islands, guam, montserrat, new hebrides, pitcairn, st. helena, seychelles, solomon islands, turks and caicos islands and united states virgin islands"
652623,the seychelles
652624,niue and the tokelau islands
652625,"antigua, dominica, grenada, st. kitts-nevis-anguilla, st. lucia and st. vincent"
652627,the security council
652628,the indian ocean as a zone of peace
652629,the declaration on the strengthening of international security
652657,international responsibility of states in regard to the environment
652670,investigate israeli practices affecting the human rights of the population of the occupied territories
652671,employment of women in senior and other professional positions by the secretariats of organizations in the united nations system
652672,capital punishment
652673,assistance in narcotics control
652674,international instruments relating to drug abuse control
652675,united nations programme for drug abuse control
652676,permanent sovereignty over natural resources of developing countries
652677,outflow of trained personnel from developing to developed countries
652678,the problem of mass poverty and unemployment in developing countries
652679,population activities
652683,channels of communication with youth and international youth organizations
652685,all forms of religious intolerance
652739,the declaration on the granting of independence to colonial countries and peoples
652756,preparation of an international convention on principles governing the use by states of artificial earth satellites for direct television broadcasting
652923,territories under portuguese administration
652924,maltreatment and torture of prisoners and detainees
652926,united nations trust fund for south africa
652928,work of the apartheid
652934,information on apartheid
652938,south africa resulting from the policies of apartheid
652942,international conference of trade unions against apartheid
652945,world disarmament conference
652946,the results of the conference of non-nuclear-weapon states
652951,the international law commission
652957,general and complete disarmament
652960,general and complete disarmament
652964,chemical and bacteriological (biological) weapons
652967,suspension of nuclear and thermonuclear tests
652976,suspension of nuclear and thermonuclear tests
652984,suspension of nuclear and thermonuclear tests
652987,general assembly concerning the signature and ratification of additional protocol ii of the treaty for the prohibition of nuclear weapons in latin america (treaty of tlatelolco)
652993,force in international relations and permanent prohibition of the use of nuclear weapons
653011,southern rhodesia
653473,
653984,the middle east
653985,the universal realization of the right of peoples to self-determination and of the speedy granting of independence to colonial countries and peoples for the effective guarantee and observance of human rights
653992,assistance in cases of natural disaster and other disaster situations
653994,assessments for the apportionment of the expenses of the united nations
653996,assessments for the apportionment of the expenses of the united nations
653999,assessments for the apportionment of the expenses of the united nations
654001,assessments for the apportionment of the expenses of the united nations
654009,palestine refugees in the near east
654010,palestine refugees in the near east
654011,palestine refugees in the near east
654251,the governing council of the united nations development programme
654299,bahrain to membership in the united nations
654301,qatar to membership in the united nations
654312,oman to membership in the united nations
654350,restoration of the lawful rights of the people's republic of china in the united nations
654352,apartheid of the government of south africa
654357,southern rhodesia
654360,"youth, its problems and needs, and its participation in social development"
654365,world social situation
654368,united nations trust fund for south africa
654375,arms embargo
654376,educational material on apartheid
654378,work of the apartheid
654379,apartheid in sports
654382,bantustans
654384,south africa resulting from the policies of apartheid
654386,information on apartheid
654387,apartheid of the government of south africa
654391,convention on international liability for damage caused by space objects
654404,all forms of racial discrimination
654405,international year for action to combat racism and racial discrimination
654406,draft convention on the suppression and punishment of the crime of apartheid
654407,the universal realization of the right of peoples to self-determination and of the speedy granting of independence to colonial countries and peoples for the effective guarantee and observance of human rights
654408,palestine refugees in the near east
654409,palestine refugees in the near east
654410,
654411,palestine refugees in the near east
654412,the united arab emirates to membership in the united nations
654413,the territories under portuguese administration
654414,southern rhodesia
654415,the middle east
654416,information and mobilization of public opinion relative to the review and appraisal of progress in the implementation of the international development strategy for the second united nations development decade
654417,general and complete disarmament
654418,general and complete disarmament
654419,"convention on the prohibition of the development, production and stockpiling of bacteriological (biological) and toxin weapons and on their destruction"
654420,chemical and bacteriological (biological) weapons
654421,chemical and bacteriological (biological) weapons
656350,suspension of nuclear and thermonuclear tests
656463,need to consider suggestions regarding the review of the charter of the united nations
656467,"united nations programme of assistance in the teaching, study, dissemination and wider appreciation of international law"
656472,papua and the trust territory of new guinea
656475,non-self-governing territories transmitted under article 73 e of the charter of the united nations
656481,oman
656483,"foreign economic and other interests which are impeding the implementation of the declaration on the granting of independence to colonial countries and peoples in southern rhodesia, namibia and territories under portuguese domination and in all other territories under colonial domination and efforts to eliminate colonialism, apartheid and racial discrimination in southern africa"
656484,the declaration on the granting of independence to colonial countries and peoples by the specialized agencies and the international institutions associated with the united nations
656486,united nations educational and training programme for southern africa
656487,territories under portuguese administration
656489,the declaration on the granting of independence to colonial countries and peoples
656490,"american samoa, antigua, bahamas, bermuda, british virgin islands, brunei, cayman islands , cocos (keeling) islands, dominica, gilbert and ellice islands, grenada, guam, montserrat, new hebrides, niue, pitcairn, st. helena, st. kitts-nevis-anguilla, st. lucia, st. vincent, seychelles, solomon islands, tokelau islands, turks and caicos islands and the united states virgin islands"
656491,"antigua, dominica, grenada, st. kitts-nevis-anguilla, st. lucia and st. vincent"
656492,spanish sahara
656494,"the violation of human rights and fundamental freedoms, including policies of racial discrimination and segregation and of apartheid in all countries with particular reference to colonial and other dependant countries and territories"
656496,third session of the united nations conference on trade and development
656500,"transfer of technology, including know-how and patents"
656501,investigate israeli practices affecting the human rights of the population of the occupied territories
656503,"reservation exclusively for peaceful purposes of the sea-bed and the ocean floor, and the subsoil thereof, underlying the high seas beyond the limits of present national jurisdiction and use of their resources in the interests of mankind, and convening of a conference on the law of the sea"
656508,united nations conference for an international convention on adoption law
656510,"reservation exclusively for peaceful purposes of the sea-bed and the ocean floor, and the subsoil thereof, underlying the high seas beyond the limits of present national jurisdiction and use of their resources in the interests of mankind, and convening of a conference on the law of the sea"
656513,"reservation exclusively for peaceful purposes of the sea-bed and the ocean floor, and the subsoil thereof, underlying the high seas beyond the limits of present national jurisdiction and use of their resources in the interests of mankind, and convening of a conference on the law of the sea"
656516,namibia
656519,namibia
656520,human rights in armed conflicts
656521,"measures to prevent international terrorism which endangers or takes innocent human lives or jeopardizes fundamental freedoms, and study of the underlying causes of those forms of terrorism and acts of violence which lie in misery, frustration, grievance and despair and which cause some people to sacrifice human lives, including their own, in an attempt to effect radical changes"
656523,code of conduct for liner conferences
656526,special measures in favour of the least developed among the developing countries
656527,the economic rights and duties of states
656528,information and mobilization of public opinion regarding problems of trade and development
656532,external debt servicing by the developing countries
656536,multilateral trade negotiations
656537,the united nations conference on trade and development on its 3rd session
656539,form of presentation of the united nations budget and duration of the budget cycle
656575,budget appropriations for the financial year 1973
656576,income estimates for the financial year 1973
656577,appropriations for the financial year 1973
656578,unforeseen and extraordinary expenses for the financial year 1973
656579,working capital fund for the financial year 1973
656580,travel funds
656581,the financial situation of the united nations
656582,the financial situation of the united nations
656583,the financial situation of the united nations
656873,southern rhodesia
656986,assistance in cases of natural disaster and other disaster situations
657427,celebration of the 25th anniversary of the united nations
657428,china in the united nations
657429,agreement between the republic of indonesia and the kingdom of the netherlands concerning west new guinea (west irian)
657431,manifesto on southern africa
657432,territories under portuguese administration
657433,southern rhodesia
657434,regular programme of technical assistance for industrial development
657488,korea
657491,namibia
657493,special programme of activities in connexion with the 10th anniversary of the declaration on the granting of independence to colonial countries and people
657494,palestine refugees in the near east
657496,palestine refugees in the near east
657497,and implementation of human rights in occupied territories
657498,"foreign economic and other interests which are impeding the implementation of the declaration on the granting of independence to colonial countries and peoples in southern rhodesia, namibia and territories under portuguese domination and in all other territories under colonial domination and efforts to eliminate colonialism, appartheid and racial discrimination in southern africa"
657505,the declaration on the granting of independence to colonial countries and peoples by the specialized agencies and the international institutions associated with the united nations
657512,namibia
657515,non-self-governing territories transmitted under article 73 e of the charter of the united nations
657516,oman
658140,"the reservation exclusively for peaceful purposes of the sea-bed and the ocean floor, and the subsoil thereof, underlying the high seas beyond the limits of present national jurisdiction, and the use of their resources in the interests of mankind"
658193,rhodesia
658194,china in the united nations
658195,convention on the non-applicability of statutory limitations to war crimes and crimes against humanity
658196,territories under portuguese administration
658197,oman
658198,"foreign economic and other interests which are impeding the implementation of the declaration on the granting of independence to colonial countries and peoples in southern rhodesia, namibia and territories under portuguese domination and in all other territories under colonial domination and efforts to eliminate colonialism, apartheid and racial discrimination in southern africa"
658199,the declaration on the granting of independence to colonial countries and peoples by the specialized agencies and the international institutions associated with the united nations
658200,papua and the trust territory of new guinea
658201,information for non-self governing territories transmitted under article 73e of the charter of the united nations
658202,ifni and spanish sahara
658203,gibraltar
658301,"american samoa, antigua, bahamas, bermuda, british virgin islands, cayman islands , cocos (keeling) islands, dominica, gilbert and ellice islands, grenada, guam, montserrat, new hebrides, niue, pitcairn, st. helena, st. kitts-nevis-anguilla, st. lucia, st. vincent, seychelles, solomon islands, tokelau islands, turks and caicos islands and the united states virgin islands"
658304,united nations educational and training programme for southern africa
658305,and implementation of human rights in occupied territories
658328,namibia
658351,the economic and social council
658353,development and environment
658354,united nations conference on the human environment
658355,investigate israeli practices affecting the human rights of the population of the occupied territories
658358,the indian ocean as a zone of peace
658359,creation of the post of united nations high commissioner for human rights
658361,suspension of nuclear and thermonuclear tests
658362,suspension of nuclear and thermonuclear tests
658363,"united nations building in santiago, chile"
658364,united nations accommodation in bangkok and addis ababa
658365,headquarters accommodation
658366,mural commemorating the world youth assembly
658368,review and reappraisal of united nations information policies and activities
658369,budget appropriations for the financial year 1972
658371,income estimates for the financial year 1972
658372,appropriations for the financial year 1972
658374,unforeseen and extraordinary expenses for the financial year 1972
658375,working capital fund for the financial year 1972
658376,the united nations industrial development organization
658381,capital punishment
658388,
658395,papua new guinea
658397,"antigua, dominica, grenada, st. kitts-nevis-anguilla, st. lucia and st.vincent"
658399,niue and the tokelau islands
658400,"american samoa, bahamas, bermuda, brithish virgin islands, brunei, cayman islands , cocos (keeling) islands, gilbert and ellice islands, guam, montserrat, new hebrides, pitcairn, st.helena, seychelles, solomon islands, turks and caicos islands and the united states virgin islands"
658403,questions of namibia
658405,namibia
658406,"foreign economic and other interests which are impeding the implementation of the declaration on the granting of independence to colonial countries and peoples in southern rhodesia, namibia and territories under portuguese domination and in all other territories under colonial domination and efforts to eliminate colonialism, apartheid and racial discrimination in southern africa"
658407,the declaration on the granting of independence to colonial countries and peoples by the specialized agencies and the international institutions associated with the united nations
658409,united nations educational and training programme for southern africa
658411,southern rhodesia
658412,the declaration on the granting of independence to colonial countries and peoples
658413,information on decolonization
658416,the declaration on the strengthening of international security
658419,"reservation exclusively for peaceful purposes of the sea-bed and the ocean floor, and the subsoil thereof, underlying the high seas beyond the limits of present national jurisdiction and use of their resources in the interests of mankind, and convening of a conference on the law of the sea"
658427,honorarium of the chairman of the advisory committee on administrative and budgetary questions
658428,pension scheme
658429,emoluments
658430,extension of the palais des nations
658431,major maintenance of and improvements to the palais des nations
658801,action for the full implementation of the declaration on the granting of independence to colonial countries and peoples
658802,apartheid of the government of south africa
658803,the middle east
658807,china in the united nations
658810,all forms of racial discrimination
658812,southern rhodesia
658815,the prohibition of the emplacement of nuclear weapons and other weapons of mass destruction on the sea-bed and the ocean floor and in the subsoil thereof
658817,general and complete disarmament
658819,general and complete disarmament
658828,the implementation of general assembly concerning the signature and ratification of additional protocol ii of the treaty for the prohibition of nuclear weapons in latin america (treaty of tlatelolco)
658829,korea
658831,progressive development and codification of the rules of international law relating to international watercourses
658834,apartheid of the government of south africa
658837,apartheid of the government of south africa
658840,palestine refugees in the near east
658841,palestine refugees in the near east
658844,journalists engaged in dangerous missions in areas of armed conflicts
658845,human rights in armed conflicts
658847,human rights in armed conflicts
658849,namibia
658850,namibia
658994,southern rhodesia
659460,commission on the status of women
659461,the recommendations of the international conference on human rights
659463,the recommendations of the international conference on human rights
659467,papua and the trust territories of new guinea
659469,spanish sahara
659471,"american samoa, antigua, bahamas, bermuda, british virgin islands, brunei, cayman islands , cocos (keeling) islands, dominica, gilbert and ellice islands, grenada, guam, montserrat, new hebrides, niue, pitcairn, st. helena, st. kitts-nevis-anguilla, st. lucia, st. vincent, seychelles, solomon islands, tokelau islands, turks and caicos islands and the united states virgin islands"
659472,"antigua, dominica, grenada, st. kitts-nevis-anguilla, st. lucia and st. vincent"
659474,creation of the post of united nations high commissioner for human rights
659484,general and complete disarmament
659491,chemical and bacteriological (biological) weapons
659496,non-nuclear-weapon states
659498,non-nuclear-weapon states
659509,study of the nature of the increases in the level of expenditure in the united nations regular budget
659626,non-nuclear-weapon states
659628,non-nuclear-weapon states
659629,non-nuclear-weapon states
659632,non-nuclear-weapon states
659648,the korean question
659650,"examination of the question of the reservation exclusively for peaceful purposes of the sea-bed and the ocean floor, and the subsoil thereof, underlying the high seas beyond the limits of present national jurisdiction, and the use of their resources in the interests of mankind"
659652,"examination of the question of the reservation exclusively for peaceful purposes of the sea-bed and the ocean floor, and the subsoil thereof, underlying the high seas beyond the limits of present national jurisdiction, and the use of their resources in the interests of mankind"
659659,administrative and budgetary co-ordination of the united nations with the specialized agencies and the international atomic energy agency
659661,inclusion of russian among the working languages of the general assembly (amendment to rule 51 of the rules of procedure of the general assembly) and question of including russian and spanish among the working languages of the security council
659664,composition of the secretariat
659848,international year for human rights
659862,non-proliferation of nuclear weapons
659863,papua and the trust territory of new guinea
659865,fiji
659868,gibraltar
659872,french somaliland
659874,"american samoa, antigua, bahamas, bermuda, british virgin islands, cayman islands , cocos (keeling) islands, dominica, gilbert and ellice islands, grenada, guam, mauritius, montserrat, new hebrides, niue, pitcairn, st. helena, st. kitts-nevis-anguilla, st. lucia, st. vincent, seychelles, solomon islands, swaziland, tokelau islands, turks and caicos islands and the united states virgin islands"
659878,composition of the secretariat
659992,"international covenant on economic, social and cultural rights, international covenant on civil and political rights and optional protocol to the international covenant on civil and political rights"
659993,"international covenant on economic, social and cultural rights, international covenant on civil and political rights and optional protocol to the international covenant on civil and political rights"
659994,"international covenant on economic, social and cultural rights, international covenant on civil and political rights and optional protocol to the international covenant on civil and political rights"
659995,apartheid of the government of the republic of south africa
659996,apartheid of the government of the republic of south africa
660007,comprehensive review of the whole question of peace-keeping operations in all their aspects
660008,the korean question
660010,the trust territory of nauru
660011,papua and the trust territory of new guinea
660012,french somaliland
660013,ifni and spanish sahara
660014,equatorial guinea
660015,gibraltar
660016,"american samoa, antigua, bahamas, bermuda, british virgin islands, cayman islands , cocos (keeling) islands, dominica, gilbert and ellice islands, grenada, guam, mauritius, montserrat, new hebrides, niue, pitcairn, st. helena, st. kitts-nevis-anguilla, st. lucia st. vincent, seychelles, solomon islands, tokelau islands, turks and caicos islands and the united states virgin islands"
660020,oman
660022,composition of the secretariat
660045,the korean question
660046,territories under portuguese administration
660047,china in the united nations
660048,british guiana
660049,ifni and spanish sahara
660050,oman
660051,treaty for the prohibition of nuclear weapons in latin america
660053,cyprus
660054,tibet
660056,"foreign economic and other interests which are impeding the implementation of the declaration on the granting of independence to colonial countries and peoples in southern rhodesia, south west africa and territories under portuguese domination and in all other territories under colonial domination and efforts to eliminate colonialism, apartheid and racial discrimination in southern africa"
660059,a convention on the prohibition of the use of nuclear weapons
660060,technical assistance in industrial development
660110,the declaration on the granting of independence to colonial countries and peoples by the specialized agencies and the international institutions associated with the united nations
660111,united nations capital development fund
660112,south west africa
660113,south west africa
660114,principles of international law concerning friendly relations and co-operation among states in accordance with the charter of the united nations
660115,diplomatic privileges and immunities
660141,the declaration on the granting of independence to colonial countries and peoples
660142,international convention on the elimination of all forms of racial discrimination
660149,territories under portuguese administration
660151,the trust territory of nauru
660152,the trust territory of new guinea and the territory of papua
660154,
660155,united nations emergency force
660166,the inadmissibility of intervention in the domestic affairs of states and the protection of their independence and sovereignty
660167,the korean question
660460,southern rhodesia
660461,south west africa
660463,non-proliferation of nuclear weapons
660464,china in the united nations
660465,"strict observance of the prohibition of the threat or use of force in international relations, and of the right of peoples to self-determination"
660466,principles of international law concerning friendly relations and co-operation among states in accordance with the charter of the united nations
660467,territories under portuguese administration
660468,the declaration on the granting of independence to colonial countries and peoples
660469,united nations emergency force
660470,united nations emergency force
660989,apartheid of the government of the republic of south africa
660990,agreement between the republic of indonesia and the kingdom of the netherlands concerning west new guinea (west irian)
660991,the islamic republic of mauritania to membership in the united nations
660992,china in the united nations
660993,the representation of china in the united nations
661039,the representation of china in the united nations
661040,the federation of malaya to membership in the united nations
661042,the sudan to membership the united nations
661043,the representation of china in the united nations
661359,southern rhodesia
661360,aden
661361,southern rhodesia
661362,china in the united nations
661363,non-proliferation of nuclear weapons
661364,convening a world disarmament conference
661365,general and complete disarmament
661366,suspension of nuclear and thermonuclear tests
661367,the denuclearization of africa
661368,reports of the commissioner-general of the united nations relief and works agency for palestine refugees in the near east
661369,the cook islands
661370,the falkland islands (malvinas)
661371,gibraltar
661372,southern rhodesia
661373,united nations operation in the congo : cost estimates and financing for the period 1 january to 30 june 1964
661374,southern rhodesia
661375,south west africa
661376,convening a conference for the purpose of signing a convention on the prohibition of the use of nuclear and thermo-nuclear weapons
661377,denuclearization of latin america
661378,territories under portuguese administration
661396,oman
662064,southern rhodesia
662065,southern rhodesia
662066,apartheid of the government of the republic of south africa
662067,the urgent need for suspension of nuclear and thermo-nuclear tests
662068,the united nations scientific committee on the effects of atomic radiation
662069,the problem of chinese refugees in hong kong
662070,permanent sovereignty over natural resources
662071,the situation with regard to the implementation of the declaration on the granting of independence to colonial countries and peoples
662072,continuation of suspension of nuclear and thermo-nuclear tests and obligations of states to refrain from their renewal; the urgent need for a treaty to ban nuclear weapons tests under effective international control
662073,continuation of suspension of nuclear and thermo-nuclear tests and obligations of states to refrain their renewal
662074,the urgent need for a treaty to ban nuclear weapons tests under effective international control
662075,the status of algerians imprisoned in france
662076,africa as a denuclearized zone
662077,the prohibition of the use of nuclear and thermo-nuclear weapons
662078,the situation with regard to the implementation of the declaration on the granting of independence to colonial countries and peoples
662079,race conflict in south africa resulting from the policies of apartheid of the government of the repulbic of south africa
662080,china in the united nations
662081,non-compliance of the government of portugal with chapter xi of the charter of the united nations and with general assembly
662082,the renewal of the committee on information from non-self-governing-territories
662083,co-operation of member states
662084,credentials of the representatives of the republic of the congo (leopoldville)
662085,the granting of independence to colonial countries and peoples
662086,racial discrimination in non-self-governing territories
662087,principles which should guide members in determining whether or not an obligation exists to transmit the information called for under article 73 e of the charter
662088,transmission of information under article 73 e of the charter
662122,legal actions to ensure the fulfillment of the obligations assumed by the union of south africa in respect of the territory of south west africa
662544,apartheid of the government of the republic of south africa
662952,procedure for review of united nations administrative tribunal judgments : amendments to the statute of the administrative tribunal
662954,proposal to call a general conference of the members of the united nations for the purpose of reviewing the charter
663061,territories under portuguese administration
663140,assassination of the prime minister of burundi
663764,angola
663767,administrative and budgetary procedures of the united nations
663770,hungary
664260,the situation with regard to the implementation of the declaration on the granting of independence to colonial countries and peoples
664261,installation of mechanical means of voting
664263,the korean question
664264,methods fact-finding
664266,apartheid of the government of the republic of south africa
664267,south west africa
664268,united nations emergency force
664269,the composition of the general committee of the general assembly : amendments to rules 31 and 38 of the assembly's rules of procedure
664273,equitable representation on the security council and the economic and social council
664274,equitable representation on the security council and the economic and social council
664276,"the economic committee, the social committee and the co-ordination committee of the economic and social council"
664377,tibet
664378,race conflict in south africa resulting from the policies of apartheid of the government of the union of south africa
664379,the wider dissemination of nuclear weapons
664380,study of the question of capital punishment
664381,suspension of nuclear and thermo-nuclear tests
664382,an increase in the membership of the security council and of the economic and social council
664383,information on the united nations and on the international trusteeship system in trust territories
664397,french nuclear tests in the sahara
664398,race conflict in south africa resulting from the policies of apartheid of the government of the union of south africa
664399,"disarmament; the discontinuance of atomic and hydrogen weapons tests; the reduction of the military budgets of the union of soviet socialist republics, the united states of america, the united kingdom of great britain and northern ireland and france by 10 to 15 per cent and the use of part of the savings so effected for assistance to the under-developed countries"
664400,progress report of the secretary-general on the united nations emergency force
664401,the korean question
664402,"the economic and social council (chapter i, section vi) : question of increasing the membership of the council"
664403,convening of a second united nations conference on the law of the sea
664891,population growth and economic development
664894,tibet
664895,algeria
664896,the director of the united nations relief and works agency for palestine refugees in the near east
664900,administrative and budgetary procedures of the united nations
664901,united nations operation in the congo : cost estimates and financing
664902,united nations emergency force : cost estimates for the maintenance of the force
664908,the united nations financial position and prospects
664909,the korean question
664910,hungary
664912,angola
664915,general questions relating to the transmission and examination of information from non-self-governing territories
664917,ruanda-urundi
664918,southern rhodesia
665771,people of indian origin in the union of south africa
666131,china in the united nations
666133,a good offices committee on south west africa
666143,"regulation, limitation and balanced reduction of all armed forces and all armaments; conclusion of an international convention (treaty) on the reduction of armaments and the prohibition of atomic, hydrogen and other weapons of mass destruction"
666146,"collective action to inform and enlighten the peoples of the world as to the dangers of the armaments race, and particularly as to the destructive effects of modern weapons"
666148,the membership of the disarmament commission
666150,united nations emergency force
666152,proposed economic commission for africa
666153,the questions of race conflict in south africa resulting from the policies of apartheid of the government of the union of south africa
666155,people of indian origin in the union of south africa
666156,the korean question
667221,morocco to membership the united nations
667222,tunisia to membership the united nations
667223,china in the united nations
667224,membership of the executive board of the united nations children's fund
667225,togoland under british administration
667226,japan to membership the united nations
667227,togoland under french administration
667228,algeria
667615,south west africa
667618,algeria
667622,the wider dissemination of nuclear weapons
667623,suspension of nuclear and thermo-nuclear tests
667624,suspension of nuclear and thermo-nuclear tests
667625,ruanda-urundi
667626,mwami
667635,united nations operations in the congo
667637,"appeal to member states which have particularly close and continuous relations with the government of the union of south africa, with respect to the situation in the territory of south west africa"
667639,south west africa
667641,race conflict in south africa resulting from the policies of apartheid of the government of the union of south africa
667642,the republic of the congo
667643,the republic of the congo
667644,the republic of the congo
667645,new members to the united nations
667646,angola
667647,the director of the relief and works agency for palestine refugees in the near east
667648,ruanda-urundi
667649,information on the united nations and the international trusteeship system in trust territories
667650,the trust territory of the cameroons under united kingdom administration
667653,"complaint by the revolutionary government of cuba regarding the various plans of aggression and acts of intervention being executed by the government of the united states of america against the republic of cuba, constituting a manifest violation of its territorial integrity, sovereignty and independence, and a clear threat to international peace and security"
667655,united nations operations in the congo : 1961 cost estimates and financing
667656,examination of the administrative and budgetary procedures of the united nations
667938,convention on the nationality of married women
667960,united nations capital development fund
667962,agrarian reform
667987,united nations emergency force
668034,hungary
668035,the korean question
668040,people of indian origin in the union of south africa
668047,general questions relating to the transmission and examination of information
668314,hungary
668321,united nations capital development fund
668322,the international flow of private capital
668325,international commodity problems
668340,cost estimates for the maintenance of the united nations emergency force
668353,the peaceful use of outer space
668355,the trust territory of the cameroons under french administration
668356,the trust territory of the cameroons under united kingdom administration
668444,defining agression
668445,togoland under french administration
668456,composition of the general committee of the general assembly
668464,the trust territories of the cameroons under british administration and the cameroons under french administration
668471,the geographical distribution of the staff of the secretariat of the united nations
668477,peaceful and neighbourly relations among states
668552,attainment of self-government or independence by trust territories
668572,ghana to membership in the united nations
668587,new members to the united nations
668597,communication from the government of the netherlands concerning the netherlands antilles and surinam
668598,attainment by the trust territories of the objective of self-government or independence
669305,
669311,
669317,
669321,
669324,
669329,
669331,
669335,
669340,
669343,
669344,
669345,
669416,
669423,application of japan for membership in the international civil aviation organization
669433,korea : reports of the united nations commission for the unification and rehabilitation of korea
669450,people of indian origin in the union of south africa
669452,race conflict in south africa resulting from the policies of apartheid of the government of the union of south africa
669454,race conflict in south africa resulting from the policies of apartheid of the government of the union of south africa
669465,factors which should be taken into account in deciding whether a territory is or is not a territory whose people have not yet attained a full measure of self-government
669477,peoples and nations to self-determination
669486,morocco
669493,convention on the political rights of women
669499,the ewe and togoland unification problem
669502,new members
669503,new members
669512,hearing of petitioners from the trust territory of somaliland under italian administration
669527,economic development through the establishment of fair and equitable international prices for primary commodities and through the execution of national programmes of integrated economic development
669528,migration and economic development
669531,right to exploit freely natural wealth and resources
669591,impartial investigation of charges of use by united nations forces of bacteriological warfare
669653,race conflict in south africa resulting from the policies of apartheid of the government of the union of south africa
669663,the frontier between the trust territory of somaliland under italian administration and ethiopia
669689,the morocco question
669715,south west africa
669716,south west africa
669717,atrocities committed by the north korean and chinese communist forces against united nations prisoners of war in korea
669722,evidence of existence of forced labour
669728,race conflict in south africa resulting from the policies of apartheid of the government of the union of south africa
669748,supplementary estimates for the financial year 1953
670009,the full participation of italy in the work of the trusteeship council
670018,"appointment of an impartial international commission under united nations supervision to carry out a simultaneous investigation in the federal republic of germany, in berlin, and in the soviet zone of germany in order to determine whether existing conditions there make it possible to hold genuinely free elections throughout these areas"
670032,methods which might be used to maintain and strengthen international peace and security in accordance with the purposes and principles of the charter
670033,methods which might be used to maintain and strengthen international peace and security in accordance with the purposes and principles of the charter
670034,economic development of under-developed countries
670035,people of indian origin in the union of south africa
670053,attainment by the trust territories of the objective of self-government
670063,south west africa
670064,south west africa
670081,"threats to the political independence and territorial integrity of china and to the peace of the far east, resulting from soviet violations of the sino-soviet treaty of friendship and alliance of 14 august 1945 and from soviet violations of the charter of the united nations"
670142,commission on the status of women
670144,sub-commission on the prevention of discrimination and protection of minorities
670169,the problem of the independence of korea : report of the united nations commission for the unification and rehabilitation of korea; relief and rehabilitation of korea : report of the united nations agent general for korean reconstruction
670279,uniting for peace
670295,relations of states members and specialized agencies with spain
670330,"threats to the political independence and territorial integrity of china and to the peace of the far east, resulting from soviet violations of the sino-soviet treaty of friendship and alliance of 14 august 1945 and from soviet violations of the charter of the united nations"
670399,people of indian origin in the union of south africa
670401,eritrea : report of the united nations commission for eritrea; report of the interim committee of the general assembly on the report of the united nations commission for eritrea
670406,general procedure of the trusteeship council
670407,annual reports of the trusteeship council
670408,organization and methods of functioning of visiting missions
670409,examination of petitions
670410,information on the implementation of trusteeship council and general assembly resolutions relating to trust territories
670411,abolition of corporal punishment in trust territories
670533,information on human rights in non-self-governing territories
670534,comparable statistical information relating to the subjects treated under article 73 e of the charter
670557,south west africa
670558,south west africa
670559,international control of atomic energy
670560,intervention of the central people's government of the people's republic of china in korea
670563,place of meeting of the 6th regular session of the general assembly
670598,place of meeting of the 6th regular session of the general assembly
670599,additional measures to be employed to meet the aggression in korea
670602,draft convention on freedom of information
670655,intervention of the central people's government of the people's republic of china in korea
670662,"observance in bulgaria, hungary and romania of human rights and fundamental freedoms"
670668,social advancement in trust territories
670670,the flag of the united nations in trust territories
670675,the disposal of the former italian colonies
670676,the disposal of the former italian colonies [with respect to libya]
670677,the disposal of the former italian colonies [with respect to italian somaliland]
670681,the disposal of the former italian colonies [with respect to eritrea]
670741,territories to which chapter xi of the charter applies
670744,convention for the suppression of the traffic in persons and of the exploitation of the prostitution of others
670761,south west africa : reiteration of previous resolutions and submission of reports
670772,palestine : question of an international regime for the jerusalem area and the protection of the holy places
670908,transmission of information under article 73e of the charter
670910,information transmitted under article 73e of the charter
670911,liaison between the economic and social council and the information transmitted under article 73e of the charter
670912,collaboration of the specialized agencies in regard to article 73e of the charter
670928,"transfer to the united nations of functions and powers previously exercised by the league of nations under the international convention relating to economic statistics, signed at geneva on 14 december 1948"
670938,technical assistance for economic development
670942,convocation of a 2nd part of the 3rd session of the general assembly
670943,proposal for the adoption of spanish as one of the working languages of the general assembly
670956,new members
670961,"adoption of the convention on the prevention and punishment of f the crime of genocide, and text of the convention"
670964,international bill of human rights : universal declaration of human rights
670969,palestine - progress report of the united nations mediator
670970,transfer of the assets of the league of nations
670972,appropriations for the financial year 1949
670974,the problem of the independence of korea
670976,"violation by the union of soviet socialist republics of fundamental human rights, traditional diplomatic practices and other principles of the charter"
670984,observance in bulgaria and hungary of human rights and fundamental freedoms
671023,israel to membership in the united nations
671029,draft convention on the international transmission of news and the right of correction
671032,people of indian origin in the union of south africa
671149,threats to the political independence and territorial integrity of greece
671154,"proposed new trusteeship agreements, if any : question of south west africa"
671165,place of meeting of the 3d regular session general assembly
671171,new members
671173,new members
671174,new members
671175,new members
671177,new members
671178,new members
671194,draft convention on genocide
671195,future government of palestine
671205,amendments to the provisional rules of procedure [rule 73]
671206,amendments to the provisional rules of procedure [supplementary rule t]
671208,relations of members of the united nations with spain
671209,provisional rules of procedure of the trusteeship council
671210,non self-governing peoples
671211,refugees
671214,non-governmental bodies on the economic and social council
671248,indians in the union of south africa
671249,relations of members of the united nations with spain
671250,voting procedure in the security council
671253,future status of south west africa
671256,regional conferences of representatives of non-self-governing territories
671257,headquarters of the united nations
671262,request of the world federation of trade unions for a closer connexion with the economic and social council
671263,consultative arrangements with non-governmental organizations
671265,"constitution of the international refugee organization, and agreement on interim measures to be taken in respect of refugees and displaced persons"
671266,"arrangements and measures to be taken by members of the united nations in connexion with displaced persons, refugees, prisoners of war and persons of similar status, pending the establishment of the international refugee organization"
671267,financial provisions (article 10 and annex ii) of the draft constitution of the international refugee organization
671297,trusteeship agreements [new guinea]
671304,trusteeship agreements [ruanda-urundi]
671305,trusteeship agreements [cameroons under french mandate]
671306,trusteeship agreements [togoland under french mandate]
671308,trusteeship agreements [western samoa]
671309,trusteeship agreements [tanganyika]
671310,trusteeship agreements [cameroons under british mandate]
671311,trusteeship agreements [togoland under british mandate]
671314,"internally displaced persons and refugees from abkhazia, georgia and the tskhinvali region/south ossetia, georgia"
671596,the representation of china in the general assembly
671597,technical assistance in promoting and safeguarding the rights of women
671598,development of political rights of women in territories where these rights are not fully enjoyed
671599,people of indian origin in the union of south africa
671600,procedure for the examination of reports and petitions relating to the territory of south west africa
671601,complaint by the union of burma regarding aggression against it by the government of the republic of china
671602,the transmission of information under article 73 e of the charter in respect of greenland
671603,voting procedure on questions relating to reports and petitions concerning the territory of south west africa : request for an advisory opinion from the international court of justice
671738,translation of some official documents of the general assembly into the arabic language in accordance with rule 59 of the rules of procedure of the general assembly
671739,defining aggression
671740,complaint of detention and imprisonment of united nations military personnel in violation of the korean armistice agreement
671773,the korean question
671931,"ending the economic, commercial and financial embargo imposed by the united states of america against cuba"
671951,the united nations interim force in lebanon
671965,south west africa
671966,the non-proliferation of nuclear weapons
672037,the report of the united nations fact-finding mission on the gaza conflict
672215,the transmission of information under article 73 e of the charter in respect of puerto rico
672913,the exercise of the inalienable rights of the palestinian people
672918,palestinian rights of the secretariat
672925,palestine of the department of public information of the secretariat
672938,peaceful settlement of the question of palestine
672993,jerusalem
672995,the syrian golan
673013,the declaration of the indian ocean as a zone of peace
673193,effective international arrangements to assure non-nuclear-weapon states against the use or threat of use of nuclear weapons
673194,an arms race in outer space
673197,nuclear disarmament obligations agreed to at the 1995 and 2000 review conferences of the parties to the treaty on the non-proliferation of nuclear weapons
673200,multilateralism in the area of disarmament and non-proliferation
673259,reducing nuclear danger
673288,the south-east asia nuclear-weapon-free zone (bangkok treaty)
673348,conventional arms control at the regional and subregional levels
673350,nuclear-weapon-free southern hemisphere and adjacent areas
673353,renewed determination towards the total elimination of nuclear weapons
673354,the arms trade treaty
673485,the illicit trade in small arms and light weapons in all its aspects
673488,second conference of states parties and signatories to treaties that establish nuclear-weapon-free zones and mongolia
673489,nuclear disarmament
673490,armaments
673492,the advisory opinion of the international court of justice on the legality of the threat or use of nuclear weapons
673493,"the convention on the prohibition of the use, stockpiling, production and transfer of anti-personnel mines and on their destruction"
673494,a nuclear-weapon-free world : accelerating the implementation of nuclear disarmament commitments
673540,convention on the prohibition of the use of nuclear weapons
673557,nuclear proliferation in the middle east
673629,comprehensive nuclear-test-ban treaty
673642,oceans and the law of the sea
673804,palestine refugees
673806,persons displaced as a result of the june 1967 and subsequent hostilities
673807,the united nations relief and works agency for palestine refugees in the near east
673810,palestine refugees' properties and their revenues
673828,investigate israel practices affecting the human rights of the palestinian people and other arabs of the occupied territories
673829,"the geneva convention relative to the protection of civilian persons in time of war, of 12 august 1949, to the occupied palestinian territory, including east jerusalem, and the other occupied arab territories"
673877,"israeli settlements in the occupied palestinian territory, including east jerusalem, and the occupied syrian golan"
673879,"israeli practices affecting the human rights of the palestinian people in the occupied palestinian territory, including east jerusalem"
673912,the occupied syrian golan
673915,non-self-governing territories transmitted under article 73e of the charter of the united nations
673929,economic and other activities which affect the interests of the peoples of the non-self-governing territories
673931,the declaration on the granting of independence to colonial countries and peoples by the specialized agencies and the international institutions associated with the united nations
673950,information on decolonization
673960,the declaration on the granting of independence to colonial countries and peoples
674037,"certain practices that contribute to fuelling contemporary forms of racism, racial discrimination, xenophobia and related intolerance"
674038,"the total elimination of racism, racial discrimination, xenophobia and related intolerance and the comprehensive implementation of and follow-up to the durban declaration and programme of action"
674042,the palestinian people to self-determination
674093,mercenaries as a means of violating human rights and impeding the exercise of the right of peoples to self-determination
674095,international covenants on human rights
674135,combating defamation of religions
674136,a democratic and equitable international order
674201,globalization and its impact on the full enjoyment of all human rights
674226,human rights and unilateral coercive measures
674250,development
674405,equitable geographical distribution in the membership of the human rights treaty bodies
674406,human rights and cultural diversity
674407,human rights in the democratic people's republic of korea
674408,human rights in the islamic republic of iran
674421,"permanent sovereignty of the palestinian people in the occupied palestinian territory, including east jerusalem, and of the arab population in the occupied syrian golan over their natural resources"
674422,international trade and development
674424,unilateral economic measures as a means of political and economic coercion against developing countries
674741,oil slick on lebanese shores
674770,agricultural technology for development
674774,a new international economic order
675477,human rights in myanmar
680440,second follow-up to the report of the united nations fact-finding mission on the gaza conflict
687112,the human right to water and sanitation
689037,the united nations interim force in lebanon
691396,"internally displaced persons and refugees from abkhazia, georgia, and the tskhinvali region/south ossetia, georgia"
694614,"ending the economic, commercial and financial embargo imposed by the united states of america against cuba"
694906,illegal israeli actions in the occupied east jerusalem and the rest of the occupied palestinian territory
694915,the united nations register of damage caused by the construction of the wall in the occupied palestinian territory
694928,general assembly resolution supporting the immediate ceasefire according to security council
695076,"emoluments, pension scheme and conditions of service for the members of the international court of justice."
695077,"emoluments, pension scheme and conditions of service for the members of the international court of justice."
695078,"emoluments, pension scheme and conditions of service for the members of the international court of justice."
695101,the united nations disengagement observer force
695102,the united nations disengagement observer force
695379,american samoa.
695380,anguilla.
695382,bermuda.
695383,british virgin islands.
695384,cayman islands.
695385,guam.
695387,montserrat.
695388,pitcairn.
695389,st. helena.
695391,tokelau.
695393,turks and caicos islands.
695394,united states virgin islands.
696745,transparency and confidence-building measures in outer space activities
696789,decreasing the operational readiness of nuclear weapons systems
696791,united action towards the total elimination of nuclear weapons
696794,the hague code of conduct against ballistic missile proliferation
696799,preventing and combating illicit brokering activities
696801,the advisory opinion of the international court of justice on the legality of the threat or use of nuclear weapons
696882,effective international arrangements to assure non-nuclear-weapon states against the use or threat of use of nuclear weapons
696884,an arms race in outer space
696886,conventional arms control at the regional and subregional levels
696888,a nuclear-weapon-free zone in central asia
696889,the 1925 geneva protocol
696954,nuclear proliferation in the middle east
697063,"the convention on the prohibition of the use, stockpiling, production and transfer of anti-personnel mines and on their destruction"
697068,fissile material for nuclear weapons or other nuclear explosive devices
697069,disarmament
697287,comprehensive nuclear-test-ban treaty
697294,palestine refugees
697301,the united nations relief and works agency for palestine refugees in the near east
697306,palestine refugees' properties and their revenues
697307,investigate israeli practices affecting the human rights of the palestinian people and other arabs of the occupied territories
697308,"the geneva convention relative to the protection of civilian persons in time of war, of 12 august 1949, to the occupied palestinian territory, including east jerusalem, and the other occupied arab territories"
697309,"israeli settlements in the occupied palestinian territory, including east jerusalem, and the occupied syrian golan"
697314,"israeli practices affecting the human rights of the palestinian people in the occupied palestinian territory, including east jerusalem"
697316,the occupied syrian golan
697317,economic and other activities which affect the interests of the peoples of the non-self-governing territories
697318,the declaration on the granting of independence to colonial countries and peoples by the specialized agencies and the international institutions associated with the united nations
697324,information on decolonization
697325,the declaration on the granting of independence to colonial countries and peoples
697326,fiftieth anniversary of the declaration on the granting of independence to colonial countries and peoples
697327,third international decade for the eradication of colonialism
697331,the exercise of the inalienable rights of the palestinian people
697332,palestinian rights of the secretariat
697333,palestine of the department of public information of the secretariat
697336,peaceful settlement of the question of palestine
697414,jerusalem
697416,the syrian golan
697854,multilateralism in the area of disarmament and non-proliferation
697855,the use of armaments and ammunitions containing depleted uranium
697856,nuclear disarmament
697858,nuclear-weapon-free southern hemisphere and adjacent areas
697859,a nuclear-weapon-free world : accelerating the implementation of nuclear disarmament commitments
697863,international trade and development
697884,reducing nuclear danger
698128,convention on the prohibition of the use of nuclear weapons
698713,oil slick on lebanese shores
698983,persons displaced as a result of the june 1967 and subsequent hostilities
700327,the human rights council
700346,"certain practices that contribute to fuelling contemporary forms of racism, racial discrimination, xenophobia and related intolerance"
700379,the palestinian people to self-determination
700384,mercenaries as a means of violating human rights and impeding the exercise of the right of peoples to self-determination
700454,the use of the death penalty
700507,"extrajudicial, summary or arbitrary executions"
700508,globalization and its impact on the full enjoyment of all human rights
700524,development
700534,human rights and unilateral coercive measures
700542,peace as a vital requirement for the full enjoyment of all human rights by all
700551,a democratic and equitable international order
700637,combating defamation of religions
700650,human rights in the democratic people's republic of korea
700654,human rights in the islamic republic of iran
700704,oceans and the law of the sea
700739,a new international economic order
700753,human rights in myanmar
700847,"the total elimination of racism, racial discrimination, xenophobia and related intolerance and the comprehensive implementation of and follow-up to the durban declaration and programme of action"
701201,"permanent sovereignty of the palestinian people in the occupied palestinian territory, including east jerusalem, and of the arab population in the occupied syrian golan over their natural resources"
701638,the programme budget
703013,participation of the european union in the work of the united nations
704960,the secretary-general on the strengthening of the management capacity of the united nations relief and works agency for palestine refugees in the near east
708290,the human rights council
712767,the united nations interim force in lebanon
716363,
718405,non-self-governing territories transmitted under article 73 e of the charter of the united nations
718557,the development and manufacture of new types of weapons of mass destruction and new systems of such weapons : report of the conference on disarmament
718599,convention on the prohibition of the use of nuclear weapons
718618,nuclear proliferation in the middle east
718624,comprehensive nuclear-test-ban treaty
718652,the declaration of the indian ocean as a zone of peace
719132,"ending the economic, commercial and financial embargo imposed by the united states of america against cuba"
719134,restoration of the rights of membership of libya in the human rights council
719746,effective international arrangements to assure non-nuclear-weapon states against the use or threat of use of nuclear weapons
719747,an arms race in outer space
719748,"nuclear disarmament obligations agreed to at the 1995, 2000 and 2010 review conferences of the parties to the treaty on the non-proliferation of nuclear weapons"
719749,"the convention on the prohibition of the use, stockpiling, production and transfer of anti-personnel mines and on their destruction"
719814,2015 review conference of the parties to the treaty on the non-proliferation of nuclear weapons and its preparatory committee
719823,fissile material for nuclear weapons or other nuclear explosive devices
719827,united action towards the total elimination of nuclear weapons
719829,the advisory opinion of the international court of justice on the legality of the threat or use of nuclear weapons
719860,reducing nuclear danger
719861,"non-proliferation, arms limitation and disarmament agreements and commitments"
719863,nuclear disarmament
719890,multilateralism in the area of disarmament and non-proliferation
719891,conventional arms control at the regional and subregional levels
719898,armaments
719924,a nuclear-weapon-free world : accelerating the implementation of nuclear disarmament commitments
720036,the united nations relief and works agency for palestine refugees in the near east
720043,palestine refugees' properties and their revenues
720046,investigate israeli practices affecting the human rights of the palestinian people and other arabs of the occupied territories
720050,"the geneva convention relative to the protection of civilian persons in time of war, of 12 august 1949, to the occupied palestinian territory, including east jerusalem, and the other occupied arab territories"
720060,palestine refugees
720062,persons displaced as a result of the june 1967 and subsequent hostilities
720116,non-self-governing territories transmitted under article 73 e of the charter of the united nations
720117,economic and other activities which affect the interests of the peoples of the non-self-governing territories
720119,the declaration on the granting of independence to colonial countries and peoples by the specialized agencies and the international institutions associated with the united nations
720161,"israeli settlements in the occupied palestinian territory, including east jerusalem, and the occupied syrian golan"
720162,"israeli practices affecting the human rights of the palestinian people in the occupied palestinian territory, including east jerusalem"
720165,the occupied syrian golan
720379,information on decolonization
720380,the declaration on the granting of independence to colonial countries and peoples
720396,palestinian rights of the secretariat
720397,peaceful settlement of the question of palestine
720398,jerusalem
720399,the syrian golan
720410,the exercise of the inalienable rights of the palestinian people
720416,palestine of the department of public information of the secretariat
720591,terrorist attacks on internationally protected persons
721356,human rights in the islamic republic of iran
721456,human rights in the syrian arab republic
721485,unilateral economic measures as a means of political and economic coercion against developing countries
721707,oil slick on lebanese shores
721805,the syrian arab republic
722029,agricultural technology for development
722846,the human rights council
723989,"the total elimination of racism, racial discrimination, xenophobia and related intolerance and the comprehensive implementation of and follow-up to the durban declaration and programme of action"
723993,equitable geographical distribution in the membership of the human rights treaty bodies
723996,human rights and cultural diversity
724004,globalization and its impact on the full enjoyment of all human rights
724243,"certain practices that contribute to fuelling contemporary forms of racism, racial discrimination, xenophobia and related intolerance"
724245,human rights and unilateral coercive measures
724279,a democratic and equitable international order
724283,"permanent sovereignty of the palestinian people in the occupied palestinian territory, including east jerusalem, and of the arab population in the occupied syrian golan over their natural resources"
724410,the palestinian people to self-determination
724411,development
724459,human rights in the democratic people's republic of korea
724615,mercenaries as a means of violating human rights and impeding the exercise of the right of peoples to self-determination
724755,oceans and the law of the sea
724807,human rights in myanmar
724904,progress towards an accountability system in the united nations secretariat
727813,intergovernmental process of the general assembly on strengthening and enhancing the effective functioning of the human rights treaty body system
730958,"internally displaced persons and refugees from abkhazia, georgia, and the tskhinvali region/south ossetia, georgia"
732147,the united nations interim force in lebanon
733398,the syrian arab republic
738239,"ending the economic, commercial and financial embargo imposed by the united states of america against cuba"
738624,palestine in the united nations
738626,the exercise of the inalienable rights of the palestinian people
738629,palestinian rights of the secretariat
738657,palestine of the department of public information of the secretariat
738659,peaceful settlement of the question of palestine
738660,jerusalem
738661,the syrian golan
738669,comprehensive nuclear-test-ban treaty
738672,effective international arrangements to assure non-nuclear-weapon states against the use or threat of use of nuclear weapons
738674,an arms race in outer space
738675,a nuclear-weapon-free zone in central asia
738679,"the convention on the prohibition of the use, stockpiling, production and transfer of anti-personnel mines and on their destruction"
738682,the advisory opinion of the international court of justice on the legality of the threat or use of nuclear weapons
738683,a nuclear-weapon-free world : accelerating the implementation of nuclear disarmament commitments
738685,the 1925 geneva protocol
738687,the use of armaments and ammunitions containing depleted uranium
738688,multilateralism in the area of disarmament and non-proliferation
738689,high-level meeting of the general assembly on nuclear disarmament
738690,the hague code of conduct against ballistic missile proliferation
738691,preventing and combating illicit brokering activities
738692,reducing nuclear danger
738693,decreasing the operational readiness of nuclear weapons systems
738694,fissile material for nuclear weapons or other nuclear explosive devices
738695,nuclear-weapon-free southern hemisphere and adjacent areas
738696,taking forward multilateral nuclear disarmament negotiations
738697,united action towards the total elimination of nuclear weapons
738698,nuclear disarmament
738699,conventional arms control at the regional and subregional levels
738700,convention on the prohibition of the use of nuclear weapons
738701,nuclear proliferation in the middle east
739430,oceans and the law of the sea
739847,economic and other activities which affect the interests of the peoples of the non-self-governing territories
739848,the declaration on the granting of independence to colonial countries and peoples by the specialized agencies and the international institutions associated with the united nations
739987,palestine refugees
739988,persons displaced as a result of the june 1967 and subsequent hostilities
739989,the united nations relief and works agency for palestine refugees in the near east
739990,palestine refugees' properties and their revenues
739991,investigate israeli practices affecting the human rights of the palestinian people and other arabs of the occupied territories
739992,"the geneva convention relative to the protection of civilian persons in time of war, of 12 august 1949, to the occupied palestinian territory, including east jerusalem, and the other occupied arab territories"
739993,"israeli settlements in the occupied palestinian territory, including east jerusalem, and the occupied syrian golan"
739994,"israeli practices affecting the human rights of the palestinian people in the occupied palestinian territory, including east jerusalem"
739995,the occupied syrian golan
739996,non-self-governing territories transmitted under article 73 e of the charter of the united nations
739997,information on decolonization
739998,the declaration on the granting of independence to colonial countries and peoples
740170,a comprehensive and integral international legal instrument to promote and protect the rights and dignity of older persons
740171,"glorification of nazism : inadmissibility of certain practices that contribute to fuelling contemporary forms of racism, racial discrimination, xenophobia and related intolerance"
740172,"the total elimination of racism, racial discrimination, xenophobia and related intolerance and the comprehensive implementation of and follow-up to the durban declaration and programme of action"
740173,the palestinian people to self-determination
740174,mercenaries as a means of violating human rights and impeding the exercise of the right of peoples to self-determination
740175,united nations human rights training and documentation centre for south-west asia and the arab region
740176,globalization and its impact on the full enjoyment of all human rights
740177,"extrajudicial, summary or arbitrary executions"
740178,human rights and unilateral coercive measures
740179,development
740180,peace as a vital requirement for the full enjoyment of all human rights by all
740181,a democratic and equitable international order
740182,the use of the death penalty
740183,human rights in the islamic republic of iran
740184,human rights in the syrian arab republic
740242,oil slick on lebanese shores
740243,entrepreneurship for development
740244,a new international economic order
740245,international migration and development
740247,"permanent sovereignty of the palestinian people in the occupied palestinian territory, including east jerusalem, and of the arab population in the occupied syrian golan over their natural resources"
740419,the arms trade treaty
740420,the international tribunal for the prosecution of persons responsible for serious violations of international humanitarian law committed in the territory of the former yugoslavia since 1991
746778,the arms trade treaty
750273,the syrian arab republic
751406,"internally displaced persons and refugees from abkhazia, georgia, and the tskhinvali region/south ossetia, georgia"
751572,the united nations interim force in lebanon
760076,"ending the economic, commercial and financial embargo imposed by the united states of america against cuba"
762024,the exercise of the inalienable rights of the palestinian people
764203,palestinian rights of the secretariat
764205,palestine of the department of public information of the secretariat
764206,peaceful settlement of the question of palestine
764207,jerusalem
764214,the syrian golan
764976,the declaration of the indian ocean as a zone of peace
764978,effective international arrangements to assure non-nuclear-weapon states against the use or threat of use of nuclear weapons
764980,an arms race in outer space
764986,"the convention on the prohibition of the use, stockpiling, production and transfer of anti-personnel mines and on their destruction"
764988,the arms trade treaty
764991,the 2013 high-level meeting of the general assembly on nuclear disarmament
764996,"nuclear disarmament obligations agreed to at the 1995, 2000 and 2010 review conferences of the parties to the treaty on the non-proliferation of nuclear weapons"
764998,multilateralism in the area of disarmament and non-proliferation
764999,a nuclear-weapon-free world : accelerating the implementation of nuclear disarmament commitments
765000,reducing nuclear danger
765001,the advisory opinion of the international court of justice on the legality of the threat or use of nuclear weapons
765002,armaments
765003,"national legislation on transfer of arms, military equipment and dual-use goods and technology"
765004,taking forward multilateral nuclear disarmament negotiations
765005,nuclear disarmament
765007,united action towards the total elimination of nuclear weapons
765008,conventional arms control at the regional and subregional levels
765009,convention on the prohibition of the use of nuclear weapons
765010,nuclear proliferation in the middle east
765011,comprehensive nuclear-test-ban treaty
765013,palestine refugees
765014,persons displaced as a result of the june 1967 and subsequent hostilities
765015,the united nations relief and works agency for palestine refugees in the near east
765017,palestine refugees' properties and their revenues
765018,investigate israeli practices affecting the human rights of the palestinian people and other arabs of the occupied territories
765019,"the geneva convention relative to the protection of civilian persons in time of war, of 12 august 1949, to the occupied palestinian territory, including east jerusalem, and the other occupied arab territories"
765020,"israeli settlements in the occupied palestinian territory, including east jerusalem, and the occupied syrian golan"
765021,"israeli practices affecting the human rights of the palestinian people in the occupied palestinian territory, including east jerusalem"
765023,the occupied syrian golan
765024,non-self-governing territories transmitted under article 73 e of the charter of the united nations
765027,economic and other activities which affect the interests of the peoples of the non-self-governing territories
765028,the declaration on the granting of independence to colonial countries and peoples by the specialized agencies and the international institutions associated with the united nations
765029,information on decolonization
765030,the declaration on the granting of independence to colonial countries and peoples
765034,the human rights council
765036,"combating glorification of nazism and other practices that contribute to fuelling contemporary forms of racism, racial discrimination, xenophobia and related intolerance"
765039,"the total elimination of racism, racial discrimination, xenophobia and related intolerance and the comprehensive implementation of and follow-up to the durban declaration and programme of action"
765052,mercenaries as a means of violating human rights and impeding the exercise of the right of peoples to self-determination
765056,the palestinian people to self-determination
765059,development
765063,human rights and cultural diversity
765068,equitable geographical distribution in the membership of the human rights treaty bodies
765071,human rights and unilateral coercive measures
765075,globalization and its impact on the full enjoyment of all human rights
765076,a democratic and equitable international order
765077,human rights in the syrian arab republic
765078,human rights in the islamic republic of iran
765079,unilateral economic measures as a means of political and economic coercion against developing countries
765080,oil slick on lebanese shores
765081,agricultural technology for development
765082,"permanent sovereignty of the palestinian people in the occupied palestinian territory, including east jerusalem, and of the arab population in the occupied syrian golan over their natural resources"
765083,united nations human rights training and documentation centre for south-west asia and the arab region
765084,oceans and the law of the sea
767565,territorial integrity of ukraine
772070,"internally displaced persons and refugees from abkhazia, georgia, and the tskhinvali region/south ossetia, georgia"
774238,the united nations interim force in lebanon
779003,the establishment of a multilateral legal framework for sovereign debt restructuring processes
782030,"ending the economic, commercial and financial embargo imposed by the united states of america against cuba"
782544,cooperation between the united nations and the organization for the prohibition of chemical weapons
820055,the advisory opinion of the international court of justice on the legality of the threat or use of nuclear weapons
820056,an arms race in outer space
820057,the occupied syrian golan
820058,development
820059,"third conference of states parties and signatories to treaties that establish nuclear-weapon-free zones and mongolia, 2015"
820060,investigate israeli practices affecting the human rights of the palestinian people and other arabs of the occupied territories
820061,globalization and its impact on the full enjoyment of all human rights
820062,weapons in outer space
820063,a nuclear-weapon-free world : accelerating the implementation of nuclear disarmament commitments
820064,"the convention on the prohibition of the use, stockpiling, production and transfer of anti-personnel mines and on their destruction"
820065,nuclear disarmament
820066,"israeli practices affecting the human rights of the palestinian people in the occupied palestinian territory, including east jerusalem"
820067,palestine of the department of public information of the secretariat
820068,"the convention on the prohibition of the development, production, stockpiling and use of chemical weapons and on their destruction"
820069,external debt sustainability and development
820070,human rights in the syrian arab republic
820071,the human rights council
820072,comprehensive nuclear-test-ban treaty
820073,the hague code of conduct against ballistic missile proliferation
820074,nuclear-weapon-free southern hemisphere and adjacent areas
820075,the declaration on the granting of independence to colonial countries and peoples
820076,decreasing the operational readiness of nuclear weapons systems
820077,reducing nuclear danger
820078,the 2013 high-level meeting of the general assembly on nuclear disarmament
820079,economic and other activities which affect the interests of the peoples of the non self-governing territories
820080,oceans and law of the sea
820081,united action towards the total elimination of nuclear weapons
820082,the 1925 geneva protocol
820083,"the geneva convention relative to the protection of civilian persons in time of war, of 12 august 1949, to the occupied palestinian territory, including east jerusalem, and the other occupied arab territories"
820084,"extrajudicial, summary or arbitrary executions"
820085,palestine refugees' properties and their revenues
820086,taking forward multilateral nuclear disarmament negotiations
820087,"modalities for the implementation of , entitled ""towards the establishment of a multilateral legal framework for sovereign debt restructuring processes"""
820088,human rights in the islamic republic of iran
820089,south-south cooperation
820090,jerusalem
820091,the united nations relief and works agency for palestine refugees in the near east
820092,the use of armaments and ammunitions containing depleted uranium
820093,effective international arrangements to assure non-nuclear-weapon states against the use or threat of use of nuclear weapons
820094,entrepreneurship for development
820095,the arms trade treaty
820096,oil slick on lebanese shores
820097,information on decolonization
820098,mercenaries as a means of violating human rights and impeding the exercise of the right of peoples to self-determination
820099,peace as a vital requirement for the full enjoyment of all human rights by all
820100,the syrian golan
820101,palestine refugees
820102,non self-governing territories transmitted under article 73 e of the charter of the united nations
820103,"non-proliferation, arms limitation and disarmament agreements and commitments"
820104,raising the flags of non-member observer states at the united nations
820105,human rights and unilateral coercive measures
820106,human rights in the democratic people's republic of korea
820107,the palestinian people to self-determination
820108,"israeli settlements in the occupied palestinian territory, including east jerusalem, and the occupied syrian golan"
820109,peaceful settlement of the question of palestine
820110,the development and manufacture of new types of weapons of mass destruction and new systems of such weapons : report of the conference on disarmament
820111,convention on the prohibition of the use of nuclear weapons
820112,"permanent sovereignty of the palestinian people in the occupied palestinian territory, including east jerusalem, and of the arab population in the occupied syrian golan over their natural resources"
820113,operational activities for development of the united nations system
820114,the exercise of the inalienable rights of the palestinian people
820115,preventing and combating illicit brokering activities
820116,venue of annual sessions of the executive board of the united nations development programme/united nations population fund/united nations office for project services
820117,a democratic and equitable international order
820118,conventional arms control at the regional and subregional levels
820119,international albinism awareness day
820120,basic principles on sovereign debt restructuring processes
820121,palestinian rights of the secretariat
820122,the united nations interim force in lebanon
820123,"concrete action for the total elimination of racism, racial discrimination, xenophobia and related intolerance and the comprehensive implementation of and follow-up to the durban declaration and programme of action"
820124,"internally displaced persons and refugees from abkhazia, georgia, and the tskhinvali region/south ossetia, georgia"
820125,"women, disarmament, non-proliferation and arms control"
820126,united nations human rights training and documentation centre for south-west asia and the arab region
820127,persons displaced as a result of the june 1967 and subsequent hostilities
820128,the use of the death penalty
820129,nuclear proliferation in the middle east
820130,the declaration on the granting of independence to colonial countries and peoples by the specialized agencies and the international institutions associated with the united nations
820131,multilateralism in the area of disarmament and non-proliferation
820132,"combating glorification of nazism, neo-nazism and other practices that contribute to fuelling contemporary forms of racism, racial discrimination, xenophobia and related intolerance"
820133,a new international economic order
827171,palestine refugees
827172,oceans and the law of the sea
827173,fissile material for nuclear weapons or other nuclear explosive devices
827174,humanitarian pledge for the prohibition and elimination of nuclear weapons
827175,economic and other activities which affect the interests of the peoples of the non self-governing territories
827176,development
827177,taking forward multilateral nuclear disarmament negotiations
827178,jerusalem
827179,"the convention on the prohibition of the use, stockpiling, production and transfer of anti-personnel mines and on their destruction"
827180,the 2013 high-level meeting of the general assembly on nuclear disarmament
827181,united action with renewed determination towards the total elimination of nuclear weapons
827182,"combating glorification of nazism, neo-nazism and other practices that contribute to fuelling contemporary forms of racism, racial discrimination, xenophobia and related intolerance"
827183,the declaration of the indian ocean as a zone of peace
827184,the international atomic energy agency
827185,investigate israeli practices affecting the human rights of the palestinian people and other arabs of the occupied territories
827186,human rights in the democratic people's republic of korea
827187,the united nations in enhancing periodic and genuine elections and the promotion of democratization
827188,universal declaration on the achievement of a nuclear-weapon-free world
827189,the arms trade treaty
827190,globalization and its impact on the full enjoyment of all human rights
827191,information on decolonization
827192,human rights and cultural diversity
827193,"the geneva convention relative to the protection of civilian persons in time of war, of 12 august 1949, to the occupied palestinian territory, including east jerusalem, and the other occupied arab territories"
827194,united nations human rights training and documentation centre for south-west asia and the arab region
827195,unilateral economic measures as a means of political and economic coercion against developing countries
827196,a nuclear-weapon-free world
827197,"concrete action for the total elimination of racism, racial discrimination, xenophobia and related intolerance and the comprehensive implementation of and follow-up to the durban declaration and programme of action"
827198,persons displaced as a result of the june 1967 and subsequent hostilities
827199,reducing nuclear danger
827200,mercenaries as a means of violating human rights and impeding the exercise of the right of peoples to self-determination
827201,"israeli practices affecting the human rights of the palestinian people in the occupied palestinian territory, including east jerusalem"
827202,"human rights defenders in the context of the declaration on the right and responsibility of individuals, groups and organs of society to promote and protect universally recognized human rights and fundamental freedoms"
827203,the occupied syrian golan
827204,the palestinian people to self-determination
827205,the convention on cluster munitions
827206,multilateralism in the area of disarmament and non-proliferation
827207,nuclear-weapon-free southern hemisphere and adjacent areas
827208,equitable geographical distribution in the membership of the human rights treaty bodies
827209,the advisory opinion of the international court of justice on the legality of the threat or use of nuclear weapons
827210,"nuclear disarmament obligations agreed to at the 1995, 2000 and 2010 review conferences of the parties to the treaty on the non-proliferation of nuclear weapons"
827211,the syrian golan
827212,"permanent sovereignty of the palestinian people in the occupied palestinian territory, including east jerusalem, and of the arab population in the occupied syrian golan over their natural resources"
827213,human rights in the islamic republic of iran
827214,convention on the prohibition of the use of nuclear weapons
827215,"ending the economic, commercial and financial embargo imposed by the united states of america against cuba"
827216,palestine of the department of public information of the secretariat
827217,the child
827218,the exercise of the inalienable rights of the palestinian people
827219,palestine refugees' properties and their revenues
827220,a democratic and equitable international order
827221,human rights and unilateral coercive measures
827222,the human rights council
827223,palestinian rights of the secretariat
827224,comprehensive nuclear-test-ban treaty
827225,a nuclear-weapon-free world : accelerating the implementation of nuclear disarmament commitments
827226,the declaration on the granting of independence to colonial countries and peoples
827227,an arms race in outer space
827228,nuclear disarmament
827229,2020 review conference of the parties to the treaty on the non-proliferation of nuclear weapons and its preparatory committee
827230,"the convention on the prohibition of the development, production, stockpiling and use of chemical weapons and on their destruction"
827231,"israeli settlements in the occupied palestinian territory, including east jerusalem, and the occupied syrian golan"
827232,the declaration on the granting of independence to colonial countries and peoples by the specialized agencies and the international institutions associated with the united nations
827233,peaceful settlement of the question of palestine
827234,non self-governing territories transmitted under article 73 e of the charter of the united nations
827235,oil slick on lebanese shores
827236,humanitarian consequences of nuclear weapons
827237,conventional arms control at the regional and subregional levels
827238,weapons in outer space
827239,nuclear proliferation in the middle east
827240,agricultural technology for sustainable development
827241,effective international arrangements to assure non-nuclear-weapon states against the use or threat of use of nuclear weapons
827242,human rights in the syrian arab republic
827243,the united nations relief and works agency for palestine refugees in the near east
845066,"internally displaced persons and refugees from abkhazia, georgia, and the tskhinvali region/south ossetia, georgia"
845067,the united nations interim force in lebanon
847070,"ending the economic, commercial and financial embargo imposed by the united states of america against cuba"
849568,cooperation between the united nations and the league of arab states
850614,the exercise of the inalienable rights of the palestinian people
850615,peaceful settlement of the question of palestine
850616,jerusalem
850618,the syrian golan
850619,palestine of the department of public information of the secretariat
855165,the 1925 geneva protocol
855166,entrepreneurship for sustainable development
855167,the convention on cluster munitions
855168,the palestinian people to self-determination
855169,the human rights council
855170,mercenaries as a means of violating human rights and impeding the exercise of the right of peoples to self determination
855171,comprehensive nuclear-test-ban treaty
855172,the use of the death penalty
855173,persons displaced as a result of the june 1967 and subsequent hostilities
855174,"israeli settlements in the occupied palestinian territory, including east jerusalem, and the occupied syrian golan"
855175,nuclear disarmament verification
855176,conventional arms control at the regional and subregional levels
855177,a nuclear-weapon-free world: accelerating the implementation of nuclear disarmament commitments
855178,preventing and combating illicit brokering activities
855179,the united nations relief and works agency for palestine refugees in the near east
855180,oceans and the law of the sea
855181,human rights in the autonomous republic of crimea and the city of sevastopol (ukraine)
855182,"international, impartial and independent mechanism to assist in the investigation and prosecution of persons responsible for the most serious crimes under international law committed in the syrian arab republic since march 2011"
855183,the occupied syrian golan
855184,globalization and its impact on the full enjoyment of all human rights
855185,"concrete action for the total elimination of racism, racial discrimination, xenophobia and related intolerance and the comprehensive implementation of and follow-up to the durban declaration and programme of action"
855186,the field of information and telecommunications in the context of international security
855187,the right to peace
855188,cooperation between the united nations and the organization for the prohibition of chemical weapons
855189,"combating glorification of nazism, neo-nazism and other practices that contribute to fuelling contemporary forms of racism, racial discrimination, xenophobia and related intolerance"
855190,"permanent sovereignty of the palestinian people in the occupied palestinian territory, including east jerusalem, and of the arab population in the occupied syrian golan over their natural resources"
855191,a nuclear-weapon-free world
855192,a new international economic order
855193,the syrian arab republic
855194,the hague code of conduct against ballistic missile proliferation
855195,the arms trade treaty
855196,investigate israeli practices affecting the human rights of the palestinian people and other arabs of the occupied territories
855197,"extrajudicial, summary or arbitrary executions"
855198,human rights in the islamic republic of iran
855199,non-self-governing territories transmitted under article 73 e of the charter of the united nations
855200,the declaration of the granting of independence to colonial countries and peoples by the specialized agencies and the international institutions associated with the united nations
855201,weapons in outer space
855202,reducing nuclear danger
855203,nuclear disarmament
855204,decreasing the operational readiness of nuclear weapons systems
855205,"the convention on the prohibition of the use, stockpiling, production and transfer of anti-personnel mines and on their destruction"
855206,economic and other activities which affect the interests of the peoples of the non-self-governing territories
855207,nuclear proliferation in the middle east
855208,an arms race in outer space
855209,palestine refugees
855210,palestine refugees' properties and their revenues
855211,humanitarian pledge for the prohibition and elimination of nuclear weapons
855212,"national legislation on transfer of arms, military equipment and dual use goods and technology"
855213,the advisory opinion of the international court of justice on the legality of the threat or use of nuclear weapons
855214,the 2013 high-level meeting of the general assembly on nuclear disarmament
855215,the declaration on the granting of independence to colonial countries and peoples
855216,development
855217,effective international arrangements to assure non-nuclear-weapon states against the use or threat of use of nuclear weapons
855218,convention on the prohibition of the use of nuclear weapons
855219,nuclear-weapon-free southern hemisphere and adjacent areas
855220,"the convention on the prohibition of the development, production, stockpiling and use of chemical weapons and on their destruction"
855221,"the geneva convention relative to the protection of civilian persons in time of war, of 12 august 1949, to the occupied palestinian territory, including east jerusalem, and the other occupied arab territories"
855222,oil slick on lebanese shores
855223,united action with renewed determination towards the total elimination of nuclear weapons
855224,humanitarian consequences of nuclear weapons
855225,information on decolonization
855226,multilateralism in the area of disarmament and non-proliferation
855227,human rights in the syrian arab republic
855228,a democratic and equitable international order
855229,taking forward multilateral nuclear disarmament negotiations
855230,armaments
855231,human rights and unilateral coercive measures
855232,fissile material for nuclear weapons or other nuclear explosive devices
855233,"israeli practices affecting the human rights of the palestinian people in the occupied palestinian territory, including east jerusalem"
855234,the use of armaments and ammunitions containing depleted uranium
855235,"agenda 21, the programme for the further implementation of agenda 21 and the outcomes of the world summit on sustainable development and of the united nations conference on sustainable development"
1289215,"internally displaced persons and refugees from abkhazia, georgia, and the tskhinvali region/south ossetia, georgia"
1290041,request for an advisory opinion of the international court of justice on the legal consequences of the separation of the chagos archipelago from mauritius 1965
1298240,the united nations interim force in lebanon
1305244,the united nations in global economic governance
1312218,"ending the economic, commercial and financial embargo imposed by the united states of america against cuba"
1325766,the convention on cluster munitions
1325767,weapons in outer space
1325768,effective international arrangements to assure non-nuclear-weapon states against the use or threat of use of nuclear weapons
1325769,nuclear disarmament
1325770,the declaration of the indian ocean as a zone of peace
1325771,a nuclear-weapon-free world : accelerating the implementation of nuclear disarmament commitments
1325772,taking forward multilateral nuclear disarmament negotiations
1325773,nuclear-weapon-free southern hemisphere and adjacent areas
1325774,reducing nuclear danger
1325775,an arms race in outer space
1325776,disarmament
1325777,"nuclear disarmament obligations agreed to at the 1995, 2000 and 2010 review conferences of the parties to the treaty on the non-proliferation of nuclear weapons"
1325778,"non-proliferation, arms limitation and disarmament agreements and commitments"
1325779,the arms trade treaty
1325780,comprehensive nuclear-test-ban treaty
1325781,nuclear proliferation in the middle east
1325782,the advisory opinion of the international court of justice on the legality of the threat or use of nuclear weapons
1325783,a nuclear-weapon-free world
1325784,the development and manufacture of new types of weapons of mass destruction and new systems of such weapons : report of the conference on disarmament
1325785,"the convention on the prohibition of the development, production, stockpiling and use of chemical weapons and on their destruction"
1325786,"the convention on the prohibition of the use, stockpiling, production and transfer of anti-personnel mines and on their destruction"
1325787,conventional arms control at the regional and subregional levels
1325788,convention on the prohibition of the use of nuclear weapons
1325789,united action with renewed determination towards the total elimination of nuclear weapons
1325790,multilateralism in the area of disarmament and non-proliferation
1325791,humanitarian consequences of nuclear weapons
1325847,"sustainable fisheries, including through the 1995 agreement for the implementation of the provisions of the united nations convention on the law of the sea of 10 december 1982 relating to the conservation and management of straddling fish stocks and highly migratory fish stocks, and related instruments"
1325848,cooperation between the united nations and the organization of islamic cooperation
1325849,the occupied syrian golan
1325850,oceans and the law of the sea
1325851,the declaration on the granting of independence to colonial countries and peoples by the specialized agencies and the international institutions associated with the united nations
1325852,the united nations relief and works agency for palestine refugees in the near east
1325853,palestine refugees' properties and their revenues
1325854,"the geneva convention relative to the protection of civilian persons in time of war, of 12 august 1949, to the occupied palestinian territory, including east jerusalem, and the other occupied arab territories"
1325855,investigate israeli practices affecting the human rights of the palestinian people and other arabs of the occupied territories
1325856,persons displaced as a result of the june 1967 and subsequent hostilities
1325857,economic and other activities which affect the interests of the peoples of the non-self governing territories
1325858,"israeli settlements in the occupied palestinian territory, including east jerusalem, and the occupied syrian golan"
1325859,information on decolonization
1325860,non-self-governing territories transmitted under article 73 e of the charter of the united nations
1325861,"israeli practices affecting the human rights of the palestinian people in the occupied palestinian territory, including east jerusalem"
1325862,guam
1325863,the declaration on the granting of independence to colonial countries and peoples
1325864,palestine refugees
1325973,moderation
1326165,peaceful settlement of the question of palestine
1326166,palestine of the department of public information of the secretariat
1326167,the syrian golan
1326168,jerusalem
1326169,palestinian rights of the secretariat
1326170,the exercise of the inalienable rights of the palestinian people
1327541,the human rights council
1327542,culture and sustainable development
1327543,"ensuring access to affordable, reliable, sustainable and modern energy for all"
1327544,the human rights to safe drinking water and sanitation
1327545,food
1327546,"permanent sovereignty of the palestinian people in the occupied palestinian territory, including east jerusalem, and of the arab population in the occupied syrian golan over their natural resources"
1327547,international trade and development
1327548,agricultural technology for sustainable development
1327549,human rights and cultural diversity
1327550,commodities
1327551,equitable geographical distribution in the membership of the human rights treaty bodies
1327552,the palestinian people to self-determination
1327553,"combating glorification of nazism, neo-nazism and other practices that contribute to fuelling contemporary forms of racism, racial discrimination, xenophobia and related intolerance"
1327554,united nations human rights training and documentation centre for south-west asia and the arab region
1327555,international financial system and development
1327556,jerusalem
1327557,human rights and unilateral coercive measures
1327558,mercenaries as a means of violating human rights and impeding the exercise of the right of peoples to self-determination
1327559,unilateral economic measures as a means of political and economic coercion against developing countries
1327560,the united nations in promoting development in the context of globalization and interdependence
1327561,"concrete action for the total elimination of racism, racial discrimination, xenophobia and related intolerance and the comprehensive implementation of and follow-up to the durban declaration and programme of action"
1327562,the outcome of the world summit for social development and of
1327563,"agriculture development, food security and nutrition"
1327564,"agenda 21, the programme for the further implementation of agenda 21, and the outcomes of the world summit on sustainable development and of the united nations conference on sustainable development"
1327565,human rights in the islamic republic of iran
1327566,globalization and its impact on the full enjoyment of all human rights
1327567,the united nations in enhancing periodic and genuine elections and the promotion of democratization
1327568,development
1327569,a democratic and equitable international order
1327570,human rights in the syrian arab republic
1327571,oil slick on lebanese shores
1327572,"human rights in the autonomous republic of crimea and the city of sevastopol, ukraine"
1467690,the convention on the rights of persons with disabilities and the optional protocol thereto : situation of women and girls with disabilities
1468215,the child
1468216,the 2013 high-level meeting of the general assembly on nuclear disarmament
1470211,human rights in myanmar
1471017,palestinian rights of the secretariat
1479517,the prevention of an arms race in outer space
1479518,terrorism on the enjoyment of human rights
1493353,principles governing the use by states of artificial earth satellites for international direct television broadcasting
1493376,"internally displaced persons and refugees from abkhazia, georgia, and the tskhinvali region/south ossetia, georgia"
1627950,a global pact for the environment
1629999,"internally displaced persons and refugees from abkhazia, georgia and the tskhinvali region/south ossetia, georgia"
1630101,the palestinian civilian population
1630737,complete and unconditional withdrawal of foreign military forces from the territory of the republic of moldova
1634030,the united nations interim force in lebanon
1638050,the united nations interim force in lebanon
1642598,new partnership for africa's development : progress in implementation and international support
1642599,the recommendations contained in the report of the secretary-general on the causes of conflict and the promotion of durable peace and sustainable development in africa
1648364,chair of the group of 77
1650751,"ending the economic, commercial and financial embargo imposed by the united states of america against cuba"
1654157,the exercise of the inalienable rights of the palestinian people
1654158,jerusalem
1654159,the syrian golan
1654160,palestine of the department of public information of the secretariat
1654161,palestinian rights of the secretariat
1654162,peaceful settlement of the question of palestine
1654871,"israeli settlements in the occupied palestinian territory, including east jerusalem, and the occupied syrian golan"
1654872,"israeli practices affecting the human rights of the palestinian people in the occupied palestinian territory, including east jerusalem"
1654873,the declaration on the granting of independence to colonial countries and peoples by the specialized agencies and the international institutions associated with the united nations
1654874,"comprehensive, just and lasting peace in the middle east"
1654875,non self-governing territories transmitted under article 73 e of the charter of the united nations
1654876,palestine refugees
1654878,afghanistan
1654879,"the geneva convention relative to the protection of civilian persons in time of war, of 12 august 1949, to the occupied palestinian territory, including east jerusalem, and the other occupied arab territories"
1654880,the declaration on the granting of independence to colonial countries and peoples
1654881,investigate israeli practices affecting the human rights of the palestinian people and other arabs of the occupied territories
1654882,the occupied syrian golan
1654883,the united nations relief and works agency for palestine refugees in the near east
1654884,information on decolonization
1654885,palestine refugees' properties and their revenues
1654886,economic and other activities which affect the interests of the peoples of the non-self-governing territories
1654887,persons displaced as a result of the june 1967 and subsequent hostilities
1655122,effective international arrangements to assure non-nuclear-weapon states against the use or threat of use of nuclear weapons
1655123,an arms race in outer space
1655124,weapons in outer space
1655126,a nuclear-weapon-free zone in the region of the middle east
1655128,the field of information and telecommunications in the context of international security
1655320,the use of armaments and ammunitions containing depleted uranium
1655321,multilateralism in the area of disarmament and non-proliferation
1655322,the 2013 high-level meeting of the general assembly on nuclear disarmament
1655323,preventing and combating illicit brokering activities
1655324,nuclear disarmament
1655325,decreasing the operational readiness of nuclear weapons systems
1655326,a nuclear-weapon-free world
1655327,fissile material for nuclear weapons or other nuclear explosive devices
1655328,reducing nuclear danger
1655329,universal declaration on the achievement of a nuclear-weapon-free world
1655330,conventional arms control at the regional and subregional levels
1655331,the arms trade treaty
1655332,transparency and confidence-building measures in outer space activities
1655333,"the convention on the prohibition of the development, production, stockpiling and use of chemical weapons and on their destruction"
1655334,the hague code of conduct against ballistic missile proliferation
1655335,united action with renewed determination towards the total elimination of nuclear weapons
1655336,the advisory opinion of the international court of justice on the legality of the threat or use of nuclear weapons
1655337,convention on the prohibition of the use of nuclear weapons
1655338,"fourth conference of nuclear-weapon-free zones and mongolia, 2020"
1655339,security and cooperation in the mediterranean region
1655340,"the convention on the prohibition of the use, stockpiling, production and transfer of anti-personnel mines and on their destruction"
1655341,comprehensive nuclear-test-ban treaty
1655342,disarmament
1655343,humanitarian consequences of nuclear weapons
1655344,the convention on cluster munitions
1655346,the 1925 geneva protocol
1655347,the prohibition of nuclear weapons
1655348,nuclear proliferation in the middle east
1655350,a nuclear-weapon-free world : accelerating the implementation of nuclear disarmament commitments
1655458,oceans and the law of the sea
1655459,international day of multilateralism and diplomacy for peace
1655568,cooperation between the united nations and the organization of islamic cooperation
1655569,global health and foreign policy : healthier world through better nutrition
1656124,"problem of the militarization of the autonomous republic of crimea and the city of sevastopol, ukraine, as well as parts of the black sea and the sea of azov"
1656157,a democratic and equitable international order
1656158,peace as a vital requirement for the full enjoyment of all human rights by all
1656159,mercenaries as a means of violating human rights and impeding the exercise of the right of peoples to self-determination
1656160,united nations declaration on the rights of peasants and other people working in rural areas
1656161,food
1656162,development
1656163,the outcome of the world summit for social development and of
1656164,the palestinian people to self-determination
1656165,the united nations high commissioner for refugees
1656166,"combating glorification of nazism, neo-nazism and other practices that contribute to fuelling contemporary forms of racism, racial discrimination, xenophobia and related intolerance"
1656167,the human rights council
1656168,"promotion and protection of human rights and fundamental freedoms, including the rights to peaceful assembly and freedom of association"
1656169,the use of the death penalty
1656170,human rights and unilateral coercive measures
1656171,"extrajudicial, summary or arbitrary executions"
1656197,human rights in the islamic republic of iran
1656198,human rights in the syrian arab republic
1656199,countering the use of information and communications technologies for criminal purposes
1656414,"global compact for safe, orderly and regular migration"
1656636,"agriculture development, food security and nutrition"
1656637,eradicating rural poverty to implement the 2030 agenda for sustainable development
1656638,international trade and development
1656639,international migration and development
1656640,judgement of the international court of justice of 31 march 2004 concerning avena and other mexican nationals : need for immediate compliance
1656642,a new international economic order
1656643,cooperation between the united nations and the organisation for the prohibition of chemical weapons
1656644,international financial system and development
1656645,"permanent sovereignty of the palestinian people in the occupied palestinian territory, including east jerusalem, and of the arab population in the occupied syrian golan over their natural resources"
1656646,industrial development cooperation
1656647,entrepreneurship for sustainable development
1656648,"agenda 21, the programme for the further implementation of agenda 21 and the outcomes of the world summit on sustainable development and of the united nations conference on sustainable development"
1656649,oil slick on lebanese shores
1657117,advancing responsible state behaviour in cyberspace in the context of international security
1657118,"human rights in the autonomous republic of crimea and the city of sevastopol, ukraine"
1657119,cooperation between the united nations and the league of arab states
1657120,human rights in myanmar
1657121,"concrete action for the total elimination of racism, racial discrimination, xenophobia and related intolerance and the comprehensive implementation of and follow-up to the durban declaration and programme of action"
3807805,advisory opinion of the international court of justice on the legal consequences of the separation of the chagos archipelago from mauritius in 1965
3808112,"internally displaced persons and refugees from abkhazia, georgia, and the tskhinvali region/south ossetia, georgia"
3811071,"torture-free trade : examining the feasibility, scope and parameters for possible common international standards"
3813047,"financial reports and audited financial statements, and reports of the board of auditors"
3813050,format and organizational aspects of the international migration review forums
3813221,cooperation between the united nations and the economic cooperation organization
3814149,cooperation between the united nations and the pacific islands forum
3827191,new partnership for africa's development : progress in implementation and international support
3827192,the recommendations contained in the report of the secretary-general on the causes of conflict and the promotion of durable peace and sustainable development in africa
3827354,academy for human encounters and dialogue
3834943,"ending the economic, commercial and financial embargo imposed by the united states of america against cuba"
3837253,afghanistan
3837825,the syrian golan
3837827,palestinian rights of the secretariat
3837828,peaceful settlement of the question of palestine
3837829,the exercise of the inalienable rights of the palestinian people
3837830,palestine of the department of global communications of the secretariat
3838477,"problem of the militarization of the autonomous republic of crimea and the city of sevastopol, ukraine, as well as parts of the black sea and the sea of azov"
3838653,oceans and the law of the sea
3839812,the united nations relief and works agency for palestine refugees in the near east
3839814,"strengthening and developing the system of arms control, disarmament and non-proliferation treaties and agreements"
3839865,information on decolonization
3839866,the declaration on the granting of independence to colonial countries and peoples
3839867,"objective information on military matters, including transparency of military expenditures"
3839868,the declaration of the indian ocean as a zone of peace
3839870,advancing responsible state behavior in cyberspace in the context of international security
3839871,the field of information and telecommunications in the context of international security
3839872,a nuclear-weapon-free zone in the region of the middle east
3839873,effective international arrangements to assure non-nuclear-weapon states against the use or threat of use of nuclear weapons
3839874,an arms race in outer space
3839953,disarmament
3839954,the advisory opinion of the international court of justice on the legality of the threat or use of nuclear weapons
3839955,"the convention on the prohibition of the use, stockpiling, production and transfer of anti-personnel mines and on their destruction"
3839956,the convention on cluster munitions
3839957,joint courses of action and future-oriented dialogue towards a world without nuclear weapons
3839958,transparency and confidence-building measures in outer space activities
3839959,convention on the prohibition of the use of nuclear weapons
3839960,nuclear proliferation in the middle east
3839961,security and cooperation in the mediterranean region
3839962,comprehensive nuclear-test-ban treaty
3839963,palestine refugees
3839964,persons displaced as a result of the june 1967 and subsequent hostilities
3839965,palestine refugees' properties and their revenues
3839966,investigate israeli practices affecting the human rights of the palestinian people and other arabs of the occupied territories
3839967,"israeli settlements in the occupied palestinian territory, including east jerusalem, and the occupied syrian golan"
3839968,"israeli practices affecting the human rights of the palestinian people in the occupied palestinian territory, including east jerusalem"
3839969,non-self-governing territories transmitted under article 73 e of the charter of the united nations
3839970,economic and other activities which affect the interests of the peoples of the non-self-governing territories
3839971,the declaration on the granting of independence to colonial countries and peoples by the specialized agencies and the international institutions associated with the united nations
3839972,weapons in outer space
3839973,"nuclear disarmament obligations agreed to at the 1995, 2000 and 2010 review conferences of the parties to the treaty on the non-proliferation of nuclear weapons"
3839974,the prevention of an arms race in outer space
3839975,the occupied syrian golan
3839976,conventional arms control at the regional and subregional levels
3839977,"the convention on the prohibition of the development, production, stockpiling and use of chemical weapons and on their destruction"
3839978,the prohibition of nuclear weapons
3839979,reducing nuclear danger
3839980,humanitarian consequences of nuclear weapons
3839981,nuclear disarmament
3839982,a nuclear-weapon-free world : accelerating the implementation of nuclear disarmament commitments
3839983,a nuclear-weapon-free world
3839984,nuclear-weapon-free southern hemisphere and adjacent areas
3839985,the arms trade treaty
3839986,the 2013 high-level meeting of the general assembly on nuclear disarmament
3839987,nuclear disarmament verification
3839988,armaments
3839989,multilateralism in the area of disarmament and non-proliferation
3840115,the palestinian people to self-determination
3840116,human rights in the islamic republic of iran
3840117,"human rights in the autonomous republic of crimea and the city of sevastopol, ukraine"
3840118,human rights in the syrian arab republic
3840119,the outcome of the world summit for social development and of
3840120,human rights and unilateral coercive measures
3840121,development
3840122,equitable geographical distribution in the membership of the human rights treaty bodies
3840123,united nations human rights training and documentation centre for south-west asia and the arab region
3840124,a democratic and equitable international order
3840125,the united nations high commissioner for refugees
3840127,food
3840128,mercenaries as a means of violating human rights and impeding the exercise of the right of peoples to self-determination
3840129,"concrete action for the total elimination of racism, racial discrimination, xenophobia and related intolerance and the comprehensive implementation of and follow-up to the durban declaration and programme of action"
3840130,"combating glorification of nazism, neo-nazism and other practices that contribute to fuelling contemporary forms of racism, racial discrimination, xenophobia and related intolerance"
3840131,the human rights council
3840132,human rights and cultural diversity
3840211,agricultural technology for sustainable development
3840212,oil slick on lebanese shores
3840213,"agenda 21, the programme for the further implementation of agenda 21 and the outcomes of the world summit on sustainable development and of the united nations conference on sustainable development"
3840214,commodities
3840215,international financial system and development
3840216,international trade and development
3840217,unilateral economic measures as a means of political and economic coercion against developing countries
3840218,harmony with nature
3840219,combating sand and dust storms
3840220,the united nations in promoting development in the context of globalization and interdependence
3840221,eradicating rural poverty to implement the 2030 agenda for sustainable development
3840222,international tea day
3840223,"permanent sovereignty of the palestinian people in the occupied palestinian territory, including east jerusalem, and of the arab population in the occupied syrian golan over their natural resources"
3841021,human rights of rohingya muslims and other minorities in myanmar
3841022,programme planning
3841023,countering the use of information and communications technologies for criminal purposes
3846846,the advisory committee on administrative and budgetary questions: amendment to rule 155 of the rules of procedure of the general assembly
3879561,the recommendations contained in the report of the secretary-general on the causes of conflict and the promotion of durable peace and sustainable development in africa
3879562,new partnership for africa's development : progress in implementation and international support
3879564,"internally displaced persons and refugees from abkhazia, georgia, and the tskhinvali region/south ossetia, georgia"
3880645,united response against global health threats : combating covid-19
3880646,comprehensive and coordinated response to the coronavirus disease (covid-19) pandemic
3889751,special session of the general assembly in response to the coronavirus disease (covid-19) pandemic
3893458,"interreligious and intercultural dialogue, understanding and cooperation for peace"
3893459,palestine of the department of global communications of the secretariat
3893460,the syrian golan
3893461,peaceful settlement of the question of palestine
3893462,the exercise of the inalienable rights of the palestinian people
3893463,palestinian rights of the secretariat
3893734,"problem of the militarization of the autonomous republic of crimea and the city of sevastopol, ukraine, as well as parts of the black sea and the sea of azov"
3893776,the hague code of conduct against ballistic missile proliferation
3893799,"the convention on the prohibition of the development, production, stockpiling and use of chemical weapons and on their destruction"
3893802,conventional arms control at the regional and subregional levels
3893803,"the convention on the prohibition of the use, stockpiling, production and transfer of anti personnel mines and on their destruction"
3893804,the 1925 geneva protocol
3893805,multilateralism in the area of disarmament and non proliferation
3893807,humanitarian consequences of nuclear weapons
3893808,the prohibition of nuclear weapons
3893809,the use of armaments and ammunitions containing depleted uranium
3893810,the 2013 high-level meeting of the general assembly on nuclear disarmament
3893811,disarmament
3893828,comprehensive nuclear-test-ban treaty
3893833,security and cooperation in the mediterranean region
3893834,fortieth anniversary of the united nations institute for disarmament research
3893835,nuclear proliferation in the middle east
3893836,convention on the prohibition of the use of nuclear weapons
3893837,decreasing the operational readiness of nuclear weapons systems
3893838,a nuclear-weapon-free world
3893839,joint courses of action and future-oriented dialogue towards a world without nuclear weapons
3893840,transparency and confidence-building measures in outer space activities
3893841,the advisory opinion of the international court of justice on the legality of the threat or use of nuclear weapons
3893842,"strengthening and developing the system of arms control, disarmament and non-proliferation treaties and agreements"
3893843,a nuclear-weapon-free world : accelerating the implementation of nuclear disarmament commitments
3893844,the convention on cluster munitions
3893845,the arms trade treaty
3893846,nuclear disarmament
3893847,advancing responsible state behaviour in cyberspace in the context of international security
3893848,a nuclear-weapon-free zone in the region of the middle east
3893849,the development and manufacture of new types of weapons of mass destruction and new systems of such weapons : report of the conference on disarmament
3893850,effective international arrangements to assure non-nuclear-weapon states against the use or threat of use of nuclear weapons
3893851,"reducing space threats through norms, rules and principles of responsible behaviours"
3893852,an arms race in outer space
3893853,weapons in outer space
3893854,reducing nuclear danger
3894180,afghanistan
3894258,fourth international decade for the eradication of colonialism
3894273,the united nations relief and works agency for palestine refugees in the near east
3894274,palestine refugees
3894275,the occupied syrian golan
3894278,"israeli practices affecting the human rights of the palestinian people in the occupied palestinian territory, including east jerusalem"
3894279,palestine refugees' properties and their revenues
3894280,non-self-governing territories transmitted under article 73 e of the charter of the united nations
3894281,"israeli settlements in the occupied palestinian territory, including east jerusalem, and the occupied syrian golan"
3894283,investigate israeli practices affecting the human rights of the palestinian people and other arabs of the occupied territories
3894284,information on decolonization
3894285,economic and other activities which affect the interests of the peoples of the non-self-governing territories
3894287,the declaration on the granting of independence to colonial countries and peoples by the specialized agencies and the international institutions associated with the united nations
3894323,the declaration on the granting of independence to colonial countries and peoples
3894511,global health and foreign policy : strengthening health system resilience through affordable health care for all
3894838,intensification of efforts to prevent and eliminate all forms of violence against women and girls
3894839,the outcome of the world summit for social development and of
3894840,the human rights council
3894841,"combating glorification of nazism, neo-nazism and other practices that contribute to fuelling contemporary forms of racism, racial discrimination, xenophobia and related intolerance"
3894842,the united nations high commissioner for refugees
3894843,peace as a vital requirement for the full enjoyment of all human rights by all
3894844,the palestinian people to self-determination
3894845,mercenaries as a means of violating human rights and impeding the exercise of the right of peoples to self-determination
3894846,human rights and unilateral coercive measures
3894847,food
3894848,a democratic and equitable international order
3894858,"human rights in the autonomous republic of crimea and the city of sevastopol, ukraine"
3894863,human rights in the islamic republic of iran
3894865,human rights in the syrian arab republic
3894866,the use of the death penalty
3894868,"extrajudicial, summary or arbitrary executions"
3894869,development
3895363,"promoting sustainable consumption and production patterns for the implementation of the 2030 agenda for sustainable development, building on agenda 21"
3895364,entrepreneurship for sustainable development
3895365,international financial system and development
3895366,oil slick on lebanese shores
3895367,international trade and development
3895466,"permanent sovereignty of the palestinian people in the occupied palestinian territory, including east jerusalem, and of the arab population in the occupied syrian golan over their natural resources"
3895469,combating sand and dust storms
3895470,a new international economic order
3895472,eradicating rural poverty to implement the 2030 agenda for sustainable development
3895473,international migration and development
3895476,quadrennial comprehensive policy review of operational activities for development of the united nations system
3896178,the united nations interim force in lebanon
3896179,programme budget
3896180,the field of information and telecommunications in the context of international security
3896181,human rights of rohingya muslims and other minorities in myanmar
3896182,oceans and the law of the sea
3896183,"concrete action for the elimination of racism, racial discrimination, xenophobia and related intolerance and the comprehensive implementation of and follow-up to the durban declaration and programme of action"
3897076,appropriations
3897077,budget appropriations
3897078,income estimates
3902234,organization of the 2021 high-level meeting on hiv/aids
3903150,cooperation between the united nations and the organisation for the prohibition of chemical weapons
3926467,"the responsibility to protect and the prevention of genocide, war crimes, ethnic cleansing and crimes against humanity"
3928346,political declaration on hiv and aids : ending inequalities and getting on track to end aids by 2030
3929264,"internally displaced persons and refugees from abkhazia, georgia, and the tskhinvali region/south ossetia, georgia"
3929594,myanmar
3929865,"ending the economic, commercial and financial embargo imposed by the united states of america against cuba"
3930118,n the strengthening of the economic and social council : resolutions 67/290 on the format and organizational aspects of the high-level political forum on sustainable development and 70/299 on the follow-up and review of the 2030 agenda for sustainable development at the global level
3930612,the united nations interim force in lebanon
3949878,the syrian golan
3949881,peaceful settlement of the question of palestine
3949882,jerusalem
3950466,universal declaration on the achievement of a nuclear-weapon-free world
3950467,the arms trade treaty
3950468,fissile material for nuclear weapons or other nuclear explosive devices
3950469,the convention on cluster munitions
3950470,security and cooperation in the mediterranean region
3950471,the advisory opinion of the international court of justice on the legality of the threat or use of nuclear weapons
3950472,joint courses of action and future-oriented dialogue towards a world without nuclear weapons
3950473,convention on the prohibition of the use of nuclear weapons
3950474,nuclear proliferation in the middle east
3950475,comprehensive nuclear-test-ban treaty
3950476,nuclear disarmament
3950477,nuclear-weapon-free southern hemisphere and adjacent areas
3950561,the 2013 high-level meeting of the general assembly on nuclear disarmament
3950562,multilateralism in the area of disarmament and non-proliferation
3950563,conventional arms control at the regional and subregional levels
3950564,humanitarian consequences of nuclear weapons
3950565,"nuclear disarmament obligations agreed to at the 1995, 2000 and 2010 review conferences of the parties to the treaty on the non-proliferation of nuclear weapons"
3950566,"non-proliferation, arms limitation and disarmament agreements and commitments"
3950567,the prohibition of nuclear weapons
3950568,a nuclear-weapon-free world
3950569,"the convention on the prohibition of the use, stockpiling, production and transfer of anti-personnel mines and on their destruction"
3950570,reducing nuclear danger
3950571,"the convention on the prohibition of the development, production, stockpiling and use of chemical weapons and on their destruction"
3950572,a nuclear-weapon-free zone in the region of the middle east
3950573,effective international arrangements to assure non-nuclear-weapon states against the use or threat of use of nuclear weapons
3950574,weapons in outer space
3950575,the declaration of the indian ocean as a zone of peace
3950576,a nuclear-weapon-free world : accelerating the implementation of nuclear disarmament commitments
3950786,"interreligious and intercultural dialogue, understanding and cooperation for peace"
3950789,"problem of the militarization of the autonomous republic of crimea and the city of sevastopol, ukraine, as well as parts of the black sea and the sea of azov"
3950793,non-self- governing territories transmitted under article 73 e of the charter of the united nations
3950795,economic and other activities which affect the interests of the peoples of the non-self-governing territories
3950796,the declaration on the granting of independence to colonial countries and peoples by the specialized agencies and the international institutions associated with the united nations
3950798,"israeli settlements in the occupied palestinian territory, including east jerusalem, and the occupied syrian golan"
3950799,the occupied syrian golan
3950802,palestine refugees' properties and their revenues
3950806,investigate israeli practices affecting the human rights of the palestinian people and other arabs of the occupied territories
3950868,palestine refugees
3950870,the united nations relief and works agency for palestine refugees in the near east
3950871,information on decolonization
3950872,the declaration on the granting of independence to colonial countries and peoples
3951456,"ensuring equitable, affordable, timely and universal access for all countries to vaccines in response to the coronavirus disease (covid-19) pandemic"
3951457,human rights in the islamic republic of iran
3951458,"human rights in the temporarily occupied autonomous republic of crimea and the city of sevastopol, ukraine"
3951459,human rights and cultural diversity
3951460,development
3951461,a democratic and equitable international order
3951462,food
3951463,united nations human rights training and documentation centre for south-west asia and the arab region
3951464,equitable geographical distribution in the membership of the human rights treaty bodies
3951465,human rights and unilateral coercive measures
3951466,"combating glorification of nazism, neo-nazism and other practices that contribute to fuelling contemporary forms of racism, racial discrimination, xenophobia and related intolerance"
3951467,the palestinian people to self-determination
3951468,mercenaries as a means of violating human rights and impeding the exercise of the right of peoples to self-determination
3951469,the united nations high commissioner for refugees
3951470,the human rights council
3951471,the outcome of the world summit for social development and of
3951510,unilateral economic measures as a means of political and economic coercion against developing countries
3951511,international financial system and development
3951513,international trade and development
3951514,"permanent sovereignty of the palestinian people in the occupied palestinian territory, including east jerusalem, and of the arab population in the occupied syrian golan over their natural resources"
3951515,oil slick on lebanese shores
3951516,combating sand and dust storms
3951518,eradicating rural poverty to implement the 2030 agenda for sustainable development
3951519,commodities
3951523,agricultural technology for sustainable development
3952165,the proposed programme budget
3952166,problems arising from the accumulation of conventional ammunition stockpiles in surplus
3952167,promoting international cooperation on peaceful uses in the context of international security
3952168,the prevention of an arms race in outer space
3952169,human rights in the syrian arab republic
3952170,"reducing space threats through norms, rules and principles of responsible behaviours"
3952171,"concrete action for the elimination of racism, racial discrimination, xenophobia and related intolerance and the comprehensive implementation of and follow-up to the durban declaration and programme of action"
3954788,oceans and the law of the sea
3959039,aggression against ukraine
3965954,humanitarian consequences of the aggression against ukraine
3967778,suspension of the rights of membership of the russian federation in the human rights council
3976352,"internally displaced persons and refugees from abkhazia, georgia, and the tskhinvali region/south ossetia, georgia"
3979135,the united nations interim force in lebanon
3982659,"the human right to a clean, healthy and sustainable environment"
3990400,territorial integrity of ukraine : defending the principles of the charter of the united nations
3993232,"ending the economic, commercial and financial embargo imposed by the united states of america against cuba"
3993873,afghanistan
3994052,furtherance of remedy and reparation for aggression against ukraine
3995020,cooperation between the united nations and the collective security treaty organization
3995021,cooperation between the united nations and the central european initiative
3996092,palestine of the department of global communications of the secretariat
3996093,peaceful settlement of the question of palestine
3996094,the syrian golan
3996095,palestinian rights of the secretariat
3996096,the exercise of the inalienable rights of the palestinian people
3996836,promoting international cooperation on peaceful uses in the context of international security
3996837,nuclear proliferation in the middle east
3996838,security and cooperation in the mediterranean region
3996839,comprehensive nuclear-test-ban treaty
3996881,eleventh review conference of the parties to the treaty on the non-proliferation of nuclear weapons and its preparatory committee
3996894,nuclear disarmament
3996895,a nuclear-weapon-free world
3996896,"the convention on the prohibition of the use, stockpiling, production and transfer of anti-personnel mines and on their destruction"
3996897,fissile material for nuclear weapons or other nuclear explosive devices
3996898,the arms trade treaty
3996899,armaments
3996900,conventional arms control at the regional and subregional levels
3996901,the advisory opinion of the international court of justice on the legality of the threat or use of nuclear weapons
3996902,the hague code of conduct against ballistic missile proliferation
3996903,humanitarian consequences of nuclear weapons
3996904,"the convention on the prohibition of the development, production, stockpiling and use of chemical weapons and on their destruction"
3996905,the prohibition of nuclear weapons
3996906,the 1925 geneva protocol
3996907,reducing nuclear danger
3996908,the use of armaments and ammunitions containing depleted uranium
3996909,steps to building a common road map towards a world without nuclear weapons
3996910,the 2013 high-level meeting of the general assembly on nuclear disarmament
3996911,preventing the acquisition by terrorists of radioactive sources
3996912,multilateralism in the area of disarmament and non-proliferation
3996913,weapons in outer space
3996914,"strengthening and developing the system of arms control, disarmament and non-proliferation treaties and agreements"
3996915,destructive direct-ascent anti-satellite missile testing
3996916,effective international arrangements to assure non-nuclear-weapon states against the use or threat of use of nuclear weapons
3996917,the convention on cluster munitions
3996918,a nuclear-weapon-free zone in the region of the middle east
3996919,action to advance responsible state behaviour in the use of information and communications technologies in the context of international security
3996920,convention on the prohibition of the use of nuclear weapons
3996921,the field of information and telecommunications in the context of international security
3997044,the conference on disarmament
3997179,non-self-governing territories transmitted under article 73 e of the charter of the united nations
3997180,"israeli settlements in the occupied palestinian territory, including east jerusalem, and the occupied syrian golan"
3997230,the declaration on the granting of independence to colonial countries and peoples by the specialized agencies and the international institutions associated with the united nations
3997231,economic and other activities which affect the interests of the peoples of the non-self-governing territories
3997232,the occupied syrian golan
3997233,palestine refugees' properties and their revenues
3997234,palestine refugees
3997235,the united nations relief and works agency for palestine refugees in the near east
3997237,the declaration on the granting of independence to colonial countries and peoples
3997238,information on decolonization
3997573,entrepreneurship for sustainable development
3997574,oil slick on lebanese shores
3997612,the united nations in promoting development in the context of globalization and interdependence
3997619,a new international economic order
3997625,combating sand and dust storms
3997632,eradicating rural poverty to implement the 2030 agenda for sustainable development
3997638,"permanent sovereignty of the palestinian people in the occupied palestinian territory, including east jerusalem, and of the arab population in the occupied syrian golan over their natural resources"
3997709,"addressing and countering the world drug problem through a comprehensive, integrated and balanced approach"
3997710,human rights in the syrian arab republic
3997713,"human rights in the temporarily occupied autonomous republic of crimea and the city of sevastopol, ukraine"
3997720,human rights in the islamic republic of iran
3997726,the use of the death penalty
3997731,"extrajudicial, summary or arbitrary executions"
3997738,peace as a vital requirement for the full enjoyment of all human rights by all
3997741,a democratic and equitable international order
3997744,human rights and unilateral coercive measures
3997748,development
3997749,the palestinian people to self-determination
3997750,mercenaries as a means of violating human rights and impeding the exercise of the right of peoples to self-determination
3997760,"concrete action for the elimination of racism, racial discrimination, xenophobia and related intolerance and the comprehensive implementation of and follow-up to the durban declaration and programme of action"
3997769,"combating glorification of nazism, neo-nazism and other practices that contribute to fuelling contemporary forms of racism, racial discrimination, xenophobia and related intolerance"
3997770,intensification of efforts to prevent and eliminate all forms of violence against women and girls: gender stereotypes and negative social norms
3997771,the human rights council
3998306,international day for the prevention of violent extremism as and when conducive to terrorism
3999151,special subjects relating to the proposed programme budget
3999153,the prevention of an arms race in outer space
3999158,"israeli practices affecting the human rights of the palestinian people in the occupied palestinian territory, including east jerusalem"
3999186,oceans and law of the sea
4003689,cooperation between the united nations and the organisation for the prohibition of chemical weapons
4003921,"principles of the charter of the united nations underlying a comprehensive, just and lasting peace in ukraine"
4009707,cooperation between the united nations and the council of europe
4014141,independent institution on missing persons in the syrian arab republic
4014142,the united nations interim force in lebanon
4014190,"internally displaced persons and refugees from abkhazia, georgia, and the tskhinvali region/south ossetia, georgia"
4016932,agreement under the united nations convention on the law of the sea on the conservation and sustainable use of marine biological diversity of areas beyond national jurisdiction
4020262,cooperation between the united nations and the shanghai cooperation organization
4025240,civilians and upholding legal and humanitarian obligations
4025656,the international criminal court
4025763,"ending the economic, commercial and financial embargo imposed by the united states of america against cuba"
4027907,building a peaceful and better world through sport and the olympic ideal
4028491,the syrian golan
4029001,the convention on cluster munitions
4029002,the advisory opinion of the international court of justice on the legality of the threat or use of nuclear weapons
4029003,humanitarian consequences of nuclear weapons
4029004,the prohibition of nuclear weapons
4029005,conventional arms control at the regional and subregional levels
4029006,steps to building a common roadmap towards a world without nuclear weapons
4029007,a nuclear-weapon-free world
4029008,a nuclear-weapon-free world: accelerating the implementation of nuclear disarmament commitments
4029009,reducing nuclear danger
4029010,"the convention on the prohibition of the use, stockpiling, production and transfer of anti-personnel mines and on their destruction"
4029011,through-life conventional ammunition management
4029012,the arms trade treaty
4029013,nuclear-weapon-free southern hemisphere and adjacent areas
4029014,radiological weapons
4029015,nuclear disarmament
4029016,convention on the prohibition of the use of nuclear weapons
4029017,nuclear proliferation in the middle east
4029018,security and cooperation in the mediterranean region
4029019,comprehensive nuclear-test-ban treaty
4029020,fissile material for nuclear weapons or other nuclear explosive devices
4029220,a nuclear-weapon-free zone in the region of the middle east
4029221,multilateralism in the area of disarmament and non-proliferation
4029222,the 2013 high-level meeting of the general assembly on nuclear disarmament
4029223,the declaration of the indian ocean as a zone of peace
4029224,"the convention on the prohibition of the development, production, stockpiling and use of chemical weapons and on their destruction"
4029225,"reducing space threats through norms, rules and principles of responsible behaviours"
4029226,"nuclear disarmament obligations agreed to at the 1995, 2000 and 2010 review conferences of the parties to the treaty on the non-proliferation of nuclear weapons"
4029227,the development and manufacture of new types of weapons of mass destruction and new systems of such weapons : report of the conference on disarmament
4029228,effective international arrangements to assure non-nuclear-weapon states against the use or threat of use of nuclear weapons
4029229,weapons in outer space
4029230,action to advance responsible state behaviour in the use of information and communications technologies in the context of international security
4029432,oceans and the law of the sea
4029433,"israeli settlements in the occupied palestinian territory, including east jerusalem, and the occupied syrian golan"
4029434,the declaration on the granting of independence to colonial countries and peoples by the specialized agencies and the international institutions associated with the united nations
4029435,the united nations relief and works agency for palestine refugees in the near east
4029436,information on decolonization
4029437,palestine refugees' properties and their revenues
4029438,non-self-governing territories transmitted under article 73 e of the charter of the united nations
4029439,palestine refugees
4029440,the occupied syrian golan
4029441,the declaration on the granting of independence to colonial countries and peoples
4029442,investigate israeli practices affecting the human rights of the palestinian people and other arabs of the occupied territories
4029443,economic and other activities which affect the interests of the peoples of the non-self-governing territories
4029732,civilians and upholding legal and humanitarian obligations
4030698,development
4030699,human rights and unilateral coercive measures
4030700,human rights and cultural diversity
4030701,equitable geographical distribution in the membership of the human rights treaty bodies
4030702,a democratic and equitable international order
4030703,the palestinian people to self-determination
4030704,mercenaries as a means of violating human rights and impeding the exercise of the right of peoples to self-determination
4030705,"combating glorification of nazism, neo-nazism and other practices that contribute to fueling contemporary forms of racism, racial discrimination, xenophobia and related intolerance"
4030708,the human rights council
4030709,the executive committee of the programme of the united nations high commissioner for refugees
4030710,the executive committee of the programme of the united nations high commissioner for refugees
4030711,agricultural technology for sustainable development
4030712,oil slick on lebanese shores
4030713,unilateral economic measures as a means of political and economic coercion against developing countries
4030714,human rights in the syrian arab republic
4030715,"human rights in the temporarily occupied territories of ukraine, including the autonomous republic of crimea and the city of sevastopol"
4030716,human rights in the islamic republic of iran
4030717,united nations human rights training and documentation centre for south-west asia and the arab region
4030718,the united nations in the promotion of democratization and enhancing periodic and genuine elections
4030928,achieving gender equality and empowering all women and girls for realizing all sustainable development goals
4031002,inclusive and effective international tax cooperation at the united nations
4031003,"proposed programme budget : section 26, palestine refugees"
4031004,lethal autonomous weapons systems
4031005,addressing the legacy of nuclear weapons: providing victim assistance and environmental remediation to member states affected by the use or testing of nuclear weapons
4031006,nuclear disarmament verification
4031007,the prevention of an arms race in outer space
4031008,the field of information and telecommunications in the context of international security
4031009,"concrete action for the elimination of racism, racial discrimination, xenophobia and related intolerance and the comprehensive implementation of and follow-up to the durban declaration and programme of action"
4031236,"permanent sovereignty of the palestinian people in the occupied palestinian territory, including east jerusalem, and of the arab population in the occupied syrian golan over their natural resources"
4031240,combating sand and dust storms
4031242,eradicating rural poverty to implement the 2030 agenda for sustainable development
4040686,measures to combat islamophobia
4045077,revised estimates relating to the independent institution on missing persons in the syrian arab republic
4045078,agreement under the united nations convention on the law of the sea on the conservation and sustainable use of marine biological diversity of areas beyond national jurisdiction
4046991,new members to the united nations
4048673,international day of reflection and commemoration of the 1995 genocide in srebrenica
4050309,"internally displaced persons and refugees from abkhazia, georgia, and the tskhinvali region/south ossetia, georgia"
4053203,the united nations interim force in lebanon
4053933,"safety and security of nuclear facilities of ukraine, including the zaporizhzhia nuclear power plant"
4061432,"advisory opinion of the international court of justice on the legal consequences arising from israel's policies and practices in the occupied palestinian territory, including east jerusalem, and from the illegality of israel's continued presence in the occupied palestinian territory"
4064867,the international criminal court
4064910,"ending the economic, commercial and financial embargo imposed by the united states of america against cuba"
4066401,cooperation between the united nations and the collective security treaty organization
4067944,the 1925 geneva protocol
4067945,effective international arrangements to assure non-nuclear-weapon states against the use or threat of use of nuclear weapons
4067946,a nuclear-weapon-free world : accelerating the implementation of nuclear disarmament commitments
4067947,preventing the acquisition by terrorists of radioactive sources
4067948,a nuclear-weapon-free world
4067949,addressing the legacy of nuclear weapons : providing victim assistance and environmental remediation to member states affected by the use or testing of nuclear weapons
4067950,the advisory opinion of the international court of justice on the legality of the threat or use of nuclear weapons
4067951,humanitarian consequences of nuclear weapons
4067952,universal declaration on the achievement of a nuclear-weapon-free world
4067953,comprehensive nuclear-test-ban treaty
4067954,the prevention of an arms race in outer space
4067956,conventional arms control at the regional and subregional levels
4067957,convention on the prohibition of the use of nuclear weapons
4067958,the arms trade treaty
4067959,nuclear disarmament
4067960,"reducing space threats through norms, rules and principles of responsible behaviours"
4067961,nuclear proliferation in the middle east
4067962,through-life conventional ammunition management
4068136,the syrian golan
4068137,palestinian rights of the secretariat
4068138,peaceful settlement of the question of palestine
4068170,palestine refugees
4068172,economic and other activities which affect the interests of the peoples of the non-self-governing territories
4068173,the declaration on the granting of independence to colonial countries and peoples by the specialized agencies and the international institutions associated with the united nations
4068174,palestine refugees' properties and their revenues
4068175,non-self-governing territories transmitted under article 73 e of the charter of the united nations
4068176,information on decolonization
4068177,the declaration on the granting of independence to colonial countries and peoples: eradicating colonialism in all its forms and manifestations
4068178,the occupied syrian golan
4068179,the declaration on the granting of independence to colonial countries and peoples
4068181,"israeli settlements in the occupied palestinian territory, including east jerusalem, and the occupied syrian golan"
4068497,lethal autonomous weapons systems
4068498,"strengthening and developing the system of arms control, disarmament and non-proliferation treaties and agreements"
4068499,the convention on cluster munitions
4068500,"the convention on the prohibition of the development, production, stockpiling and use of chemical weapons and on their destruction"
4068501,the use of armaments and ammunitions containing depleted uranium
4068502,the 2013 high-level meeting of the general assembly on nuclear disarmament
4068503,multilateralism in the area of disarmament and non-proliferation
4068504,steps to building a common roadmap towards a world without nuclear weapons
4068505,the prohibition of nuclear weapons
4068506,"the convention on the prohibition of the use, stockpiling, production and transfer of anti-personnel mines and on their destruction"
4068507,reducing nuclear danger
4068508,the hague code of conduct against ballistic missile proliferation
4068509,weapons in outer space
4068510,a nuclear-weapon-free zone in the region of the middle east
4068511,cooperation between the united nations and the and the central european initiative
4068512,cooperation between the united nations and the organisation for the prohibition of chemical weapons
4068916,security and cooperation in the mediterranean region
4068917,promoting international cooperation on peaceful uses in the context of international security
4069197,demand for ceasefire in gaza
4069198,support for the mandate of the united nations relief and works agency for palestine refugees in the near east
4069200,weapons of mass destruction in outer space
4069373,oceans and the law of the sea
4069721,intensification of efforts to prevent and eliminate all forms of violence against women and girls : the digital environment
4069722,the human rights council
4069723,"combating glorification of nazism, neo-nazism and other practices that contribute to fuelling contemporary forms of racism, racial discrimination, xenophobia and related intolerance"
4069724,"concrete action for the elimination of racism, racial discrimination, xenophobia and related intolerance and the comprehensive implementation of and follow-up to the durban declaration and programme of action"
4069725,mercenaries as a means of violating human rights and impeding the exercise of the right of peoples to self-determination
4069726,the palestinian people to self-determination
4069727,human rights and unilateral coercive measures
4069728,a democratic and equitable international order
4069729,peace as a vital requirement for the full enjoyment of all human rights by all
4069730,development
4069731,"extrajudicial, summary or arbitrary executions"
4069732,the use of the death penalty
4069733,human rights in the islamic republic of iran
4069734,"human rights in the temporarily occupied territories of ukraine, including the autonomous republic of crimea and the city of sevastopol"
4069735,human rights in the syrian arab republic
4069876,international trade and development
4069877,oil slick on lebanese shores
4069878,entrepreneurship for sustainable development
4069879,a new international economic order
4069880,the united nations in promoting development in the context of globalization and interdependence
4069881,eradicating rural poverty to implement the 2030 agenda for sustainable development
4069882,"permanent sovereignty of the palestinian people in the occupied palestinian territory, including east jerusalem, and of the arab population in the occupied syrian golan over their natural resources"
4069883,"request for an advisory opinion of the international court of justice on the obligations of israel in relation to the presence and activities of the united nations, other international organizations and third states"
4070016,inclusive and effective international tax cooperation at the united nations
4070017,nuclear war effects and scientific research
4070018,artificial intelligence in the military domain and its implications for international peace and security
4070037,the question of nuclear-weapon-free zones in all its aspects
4070039,group of scientific and technical experts on nuclear disarmament verification
4070464,assessments for the apportionment of the expenses of the united nations
4070472,"proposed programme budget : section 26, palestine refugees"
4076672,"advancing a comprehensive, just and lasting peace in ukraine"
4076673,the path to peace
4078354,education for democracy
4078355,international day for judicial well-being
4078357,international day of peaceful coexistence
4078358,international day of hope
4079240,the united nations decade of action on nutrition (2016-2025)
4079241,"scope, modalities, format and organization of the high-level conference on the situation of rohingya muslims and other minorities in myanmar"
4080624,cooperation between the united nations and the council of europe
4080625,united nations decade for afforestation and reforestation in line with sustainable forest management (2027-2036)
4081135,global health and foreign policy : rethinking health promotion as a transformative path towards improved and more sustainable well-being for all
4082671,cooperation between the united nations and the association of southeast asian nations
4082960,world horse day
4083048,"internally displaced persons and refugees from abkhazia, georgia, and the tskhinvali region/south ossetia, georgia"
4083529,civilians and upholding legal and humanitarian obligations
4083624,international day against unilateral coercive measures
4084391,promoting interreligious and intercultural dialogue and tolerance in countering hate speech
4084392,"the wiphala as a symbol of harmony, balance and complementarity with mother earth"
4084393,"our ocean, our future : united for urgent action"
4084394,tackling illicit trafficking in wildlife
4084395,the united nations interim force in lebanon
4084801,afghanistan
4085849,"interaction between the united nations, national parliaments and the inter-parliamentary union"
4085850,the declaration and programme of action on a culture of peace
4087202,sevilla commitment
4087205,cooperation between the united nations and the commonwealth of independent states
4087776,cooperation between the united nations and the african union
4087777,cooperation between the united nations and the economic cooperation organization
4087778,cooperation between the united nations and the international organization of la francophonie
4087780,cooperation between the united nations and the shanghai cooperation organization
4087781,"scope, modalities, format and organization of the high-level meeting on pandemic prevention, preparedness and response"
4087782,impact of rapid technological change on the achievement of the sustainable development goals and targets
