resolution,legacy_undl_id,Geopolitical,Thematic,Action
A/RES/38/3,278340,Kampuchea,,
A/RES/38/7,278341,Grenada,,
A/RES/38/9,278342,Israel;Iraq,Nuclear installations;Nuclear energy;Non-proliferation of nuclear weapons;International peace and security,Aggression
A/RES/38/11,278343,South Africa,Racial Constitution,Proposal
A/RES/38/12,278344,Falkland Islands;Malvinas,,
A/RES/38/13,278639,Comorian island of Mayotte,,
A/RES/38/17,278640,colonial countries;peoples,right of peoples to self-determination;independence;human rights,realization;granting;guarantee;observance
A/RES/38/19,278641,,International Convention on the Suppression and Punishment of the Crime of Apartheid,Suppression; Punishment
A/RES/38/25,278642,,Social change;Economic change;Social progress,Achievement
A/RES/38/29,278643,Afghanistan,International peace;International security,
A/RES/38/34,278644,countries of origin,cultural property,return; restitution
A/RES/38/35A,278645,,United Nations Disengagement Observer Force,Financing
A/RES/38/35B,278646,United Nations Disengagement Observer Force,Financing,
A/RES/38/36A,278647,Namibia;South Africa,Illegal occupation;Territory,
A/RES/38/36B,278648,,Security Council resolution 435,Implementation
A/RES/38/36C,278649,Namibia,Programme of work,
A/RES/38/36D,278651,Namibia,Dissemination of information; Mobilization of international public opinion,Support
A/RES/38/36E,278652,Namibia,,Fund
A/RES/38/38,278653,Lebanon,United Nations Interim Force,Financing
A/RES/38/39A,278654,South Africa,,Resolution
A/RES/38/39B,278655,,Apartheid,Programme of Action
A/RES/38/39C,278656,southern Africa,apartheid,effects
A/RES/38/39D,278657,South Africa,Sanctions,
A/RES/38/39E,278658,,Apartheid,Programme of work
A/RES/38/39F,278659,Israel;South Africa,Relations,
A/RES/38/39G,278660,South Africa,Military collaboration;nuclear collaboration,
A/RES/38/39I,278661,South Africa,Investments,
A/RES/38/39J,278662,South Africa,Oil embargo,Embargo
A/RES/38/39K,278663,,Apartheid; Sports,
A/RES/38/49,278664,Non-Self-Governing Territories,Information,Transmission
A/RES/38/50,278665,Namibia;southern Africa,Declaration on the Granting of Independence to Colonial Countries and Peoples;colonial domination;colonialism;apartheid;racial discrimination,implementation;elimination;efforts
A/RES/38/51,278666,Colonial Countries;Colonial Peoples,Declaration;Independence,Implementation
A/RES/38/54,278667,Colonial Countries; Peoples,Declaration; Independence,Implementation; Granting
A/RES/38/55,278668,,Decolonization,Dissemination of information
A/RES/38/58A,278669,Palestine,,
A/RES/38/58B,278670,Palestine,,
A/RES/38/58C,278671,Palestine,,
A/RES/38/58D,278672,Palestine,,
A/RES/38/58E,278673,Palestine,,
A/RES/38/59A,278674,,Law of the Sea,Conference
A/RES/38/61,278675,Latin America,Prohibition of Nuclear Weapons; Additional Protocol I; Treaty of Tlatelolco,Implementation; Signature; Ratification
A/RES/38/62,278676,,Nuclear Weapons;Test Explosions,Cessation
A/RES/38/63,278677,,Nuclear Test-Ban Treaty,Need
A/RES/38/65,278678,South Asia,Nuclear-weapon-free zone,Establishment
A/RES/38/67,278679,non-nuclear-weapon States,security;nuclear weapons,strengthening
A/RES/38/68,278680,non-nuclear-weapon States,nuclear weapons,assurance
A/RES/38/69,278681,Israel,Nuclear Armament,
A/RES/38/70,278682,,Arms Race; Outer Space,Prevention
A/RES/38/71A,278684,,Disarmament;Development,Relationship
A/RES/38/72,278686,,Nuclear-weapon tests,Cessation; Prohibition
A/RES/38/73B,278687,,Nuclear Weapons,Freeze
A/RES/38/73E,278688,,Nuclear-arms,Freeze
A/RES/38/73F,278689,,World Disarmament,Action; Activities; Campaign
A/RES/38/73G,278690,,Nuclear Weapons,Prohibition
A/RES/38/73H,278691,,Disarmament;International Security,
A/RES/38/74,278692,,Treaty on the Non-Proliferation of Nuclear Weapons,Implementation; Establishment
A/RES/38/75,278693,,Nuclear War,Condemnation
A/RES/38/76,278694,,Nuclear-weapon,Freeze
A/RES/38/79A,278695,Israel;Occupied Territories,Human Rights,Investigation
A/RES/38/79B,278696,Israel;Occupied Territories,Human Rights,Investigation
A/RES/38/79C,278697,Israel;Occupied Territories,Human Rights,Investigation
A/RES/38/79D,278698,Israel;Occupied Territories,Human Rights,Investigation
A/RES/38/79E,278699,Israel;Occupied Territories,Human Rights,Investigation
A/RES/38/79F,278700,Israel;Occupied Territories,Human Rights,Investigation
A/RES/38/79G,278701,Israel;Occupied Territories,Human Rights,Investigation
A/RES/38/79H,278702,Israel;Occupied Territories,Human Rights,Investigation
A/RES/38/80,278703,,Outer Space,International Co-operation
A/RES/38/81,278704,,Peace-keeping operations,Review
A/RES/38/82B,278705,,Information,
A/RES/38/83A,278706,Palestine,Refugees,Assistance
A/RES/38/83D,278707,Palestine Refugees,Higher Education;Vocational Training,Offers;Grants;Scholarships
A/RES/38/83E,278708,Palestine; Gaza Strip,Refugees,
A/RES/38/83F,278709,Palestine,Refugees,Resumption; Distribution
A/RES/38/83G,278710,,Population;Refugees;Displacement,
A/RES/38/83H,278711,Palestine,Refugees;Properties;Revenues,
A/RES/38/83I,278712,Palestine,Protection;Refugees,
A/RES/38/83J,278713,Palestine; West Bank,Refugees,
A/RES/38/83K,278714,Palestine,Palestine refugees,
A/RES/38/85,278715,Israel; Mediterranean Sea; Dead Sea,Canal,Decision; Building
A/RES/38/100,278716,Guatemala,Human Rights;Fundamental Freedoms,
A/RES/38/101,278717,El Salvador,Human Rights;Fundamental Freedoms,
A/RES/38/102,278718,Chile,Human Rights;Fundamental Freedoms,
A/RES/38/107,278719,,Prostitution,Prevention
A/RES/38/108,278720,,United Nations Decade for Women,Preparation; Review; Appraisal
A/RES/38/112,278721,,Human rights;Scientific and technological developments,Adoption
A/RES/38/113,278722,,Human rights;Scientific and technological developments,Use
A/RES/38/124,278723,,United Nations system;Human rights;Fundamental freedoms,Improvement
A/RES/38/128,278724,,Principles and norms of international law; International economic order,Progressive development
A/RES/38/132,278725,,Peace and Security of Mankind,Draft Code of Offences
A/RES/38/133,278726,,Principle of Non-Use of Force; International Relations,Enhancement; Effectiveness
A/RES/38/144,278727,Palestinian territories; Arab territories,Permanent sovereignty; National resources,
A/RES/38/145,278728,Palestinian people,Assistance,
A/RES/38/150,278729,Africa,Transport;Communications,Decade
A/RES/38/154,278730,,Reverse Transfer Technology;Development Aspects,
A/RES/38/162,278731,,Remnants of war,
A/RES/38/166,278732,Palestinian people;Palestinian territories,Living conditions,
A/RES/38/174,278733,Land-locked Developing Countries,Special Fund,
A/RES/38/177,278734,,Training;Research,
A/RES/38/180A,278735,Middle East,,
A/RES/38/180B,278736,Middle East,,
A/RES/38/180C,278737,Middle East,,
A/RES/38/180D,278738,Middle East,,
A/RES/38/180E,278739,Middle East,,
A/RES/38/181A,278741,Africa,Denuclearization,Implementation
A/RES/38/181B,278742,South Africa,Nuclear capability,
A/RES/38/182,278743,,Weapons of Mass Destruction,Prohibition; Development; Manufacture
A/RES/38/183A,278744,,Nuclear-arms,Negotiations
A/RES/38/183B,278746,,Nuclear weapons;nuclear war,Non-use;prevention
A/RES/38/183C,278747,,Nuclear neutron weapon,Prohibition
A/RES/38/183D,278748,,Nuclear weapons,
A/RES/38/183F,278749,,Disarmament,International co-operation
A/RES/38/183G,278750,,Nuclear War,Prevention
A/RES/38/183H,278751,,Recommendation;Decision,Implementation
A/RES/38/183I,278752,,Disarmament,Report
A/RES/38/183J,278753,,Nuclear disarmament,Measures
A/RES/38/183L,278754,,Disarmament,Promotion
A/RES/38/183M,278755,,Recommendation; Decision,Implementation
A/RES/38/183N,278757,,Nuclear-arms,Negotiations
A/RES/38/183P,278758,,Nuclear-arms,Negotiations
A/RES/38/184B,278759,,Military Budgets,Reduction
A/RES/38/187A,278760,,Chemical weapons;bacteriological weapons,Prohibition
A/RES/38/187C,278761,,Chemical weapons;bacteriological weapons;biological weapons,
A/RES/38/188A,278762,,Conventional Disarmament,Study
A/RES/38/188C,278763,,Military Capabilities; Objective Information,Providing
A/RES/38/188E,278764,,Fissionable material; Weapons,Prohibition; Production
A/RES/38/188F,278765,,Naval arms race;Naval armaments;Confidence-building measures;Seas;Oceans,Limitation;Reduction;Extension
A/RES/38/188G,278766,,Naval Arms Race,Study
A/RES/38/188H,278767,,Disarmament;Security Issues,Commission
A/RES/38/188I,278768,,Nuclear-weapon-free zones,Review; Supplement
A/RES/38/188J,278769,,Disarmament,Arrangement
A/RES/38/190,278770,,Declaration on the Strengthening of International Security; International Security,Review; Implementation
A/RES/38/191,278771,,Collective Security;Charter of the United Nations;International Peace;International Security,Implementation;Maintenance
A/RES/38/196,278772,,International Economic Relations,Confidence-building
A/RES/38/197,278773,developing countries,economic measures;political coercion;economic coercion,means
A/RES/38/202,278774,,United Nations system; Natural disasters; Disaster situations,Strengthening; Response
A/RES/38/226,278775,,Programme budget,
A/RES/38/228A,278776,,Postage stamps,
A/RES/38/232,278777,,International Civil Service,Report
A/RES/38/233,278779,,United Nations Joint Staff Pension Board,Report
A/RES/38/234,278780,,Programme Budget; Biennium,Proposal
A/RES/38/235,278781,United Nations,Health insurance contributions,
A/RES/38/236A,278782,,Budget appropriations,
A/RES/38/236C,278783,,Financing; Appropriation,
A/RES/38/237,278784,,Expenses,Approval
A/RES/38/238,278785,,Working Capital Fund,
A/RES/38/239,278786,,Pension scheme; International Court of Justice,Adoption
A/RES/39/2,278816,South Africa,,
A/RES/39/5,278835,Kampuchea,,
A/RES/39/6,278836,Falkland Islands;Malvinas,,
A/RES/40/243I,278837,,Pattern of conferences,
A/RES/39/9,278838,United Nations;League of Arab States,Co-operation,
A/RES/39/11,278839,,Right of Peoples; Peace,Declaration
A/RES/39/13,278840,Afghanistan,International Peace;Security,
A/RES/39/14,278841,Israel;Iraq,Nuclear installations;Nuclear energy;Non-proliferation of nuclear weapons;International peace and security,Aggression
A/RES/39/15,278842,South Africa,Human Rights;Racist and Colonialist Régime,Assistance
A/RES/39/17,278843,colonial countries;peoples,right of peoples to self-determination;independence;human rights,realization;granting;guarantee;observance
A/RES/39/19,278844,,International Convention; Suppression; Punishment; Crime of Apartheid,
A/RES/40/85,278847,non-nuclear-weapon States,security;nuclear weapons,strengthening
A/RES/39/21,278848,,Racial Discrimination,Elimination
A/RES/40/62,278851,Comorian island of Mayotte,,
A/RES/39/40,278852,Western Sahara,,
A/RES/39/41,278853,Non-self-governing territories,Information,Transmission
A/RES/39/42,278854,Namibia;southern Africa,Declaration on the Granting of Independence to Colonial Countries and Peoples;colonial domination;colonialism;apartheid;racial discrimination,activities;implementation;efforts;elimination
A/RES/39/43,278855,Colonial Countries;Colonial Peoples,Declaration;Independence,Implementation
A/RES/39/48,278856,Comorian island of Mayotte,,
A/RES/39/49A,278857,Palestine,,
A/RES/39/49B,278858,Palestine,,
A/RES/39/49C,278859,Palestine,,Resolution
A/RES/40/5,278860,United Nations;League of Arab States,Co-operation,
A/RES/39/49D,278862,Palestine,,
A/RES/39/50A,278863,Namibia; South Africa,Illegal occupation,
A/RES/39/50B,278864,Namibia,Security Council resolution,Implementation
A/RES/39/50C,278865,Namibia,Programme of work,
A/RES/39/50D,278866,Namibia,Dissemination of information; Mobilization of international public opinion,Support
A/RES/39/50E,278867,Namibia,Fund,
A/RES/39/51,278868,Latin America,Treaty for the Prohibition of Nuclear Weapons; Additional Protocol I; Treaty of Tlatelolco,Implementation; Signature; Ratification
A/RES/39/52,278869,,Nuclear Weapons;Test Explosions,Cessation
A/RES/39/53,278870,,Nuclear-test-ban treaty,Need
A/RES/39/55,278871,South Asia,Nuclear-weapon-free zone,Establishment
A/RES/39/57,278872,non-nuclear-weapon States,security;nuclear weapons,strengthening
A/RES/39/58,278873,non-nuclear-weapon States,nuclear weapons,assurance
A/RES/39/59,278874,,Arms Race; Outer Space,Prevention
A/RES/39/60,278875,,Nuclear-weapon tests,Implementation; Cessation; Prohibition
A/RES/39/61A,278876,Africa,Denuclearization,Implementation
A/RES/39/61B,278877,Africa; South Africa,Denuclearization; Nuclear Capability,Implementation
A/RES/39/62,278878,,Weapons of Mass Destruction,Prohibition; Development; Manufacture
A/RES/39/63A,278879,,World Disarmament,Action; Activity
A/RES/39/63C,278880,,Nuclear-arms,Freeze
A/RES/39/63D,278881,,World Disarmament,Campaign
A/RES/39/63G,278882,,Nuclear Weapons,Freeze
A/RES/39/63H,278883,,Nuclear Weapons,Prohibition
A/RES/39/63K,278884,,Disarmament;International Security,
A/RES/39/64B,278885,,Military Budgets,Reduction
A/RES/39/65A,278886,,Chemical weapons;bacteriological weapons;biological weapons,
A/RES/39/65B,278887,,Chemical weapons;bacteriological weapons,Prohibition
A/RES/39/65E,278888,,Chemical weapons;bacteriological weapons;biological weapons,
A/RES/39/70,278889,troop-contributing States,rates of reimbursement,review
A/RES/39/71,278891,Lebanon,United Nations Interim Force,Financing
A/RES/39/72A,278892,South Africa,Apartheid,Sanctions;Support;Liberation Struggle
A/RES/39/72B,278893,,Apartheid,Programme of work
A/RES/39/72C,278894,Israel;South Africa,Relations,
A/RES/39/72D,278895,,Apartheid; Sports,Resolution
A/RES/39/72E,278896,,Apartheid;Public information,Public action
A/RES/39/72G,278897,,Apartheid,International Action; Elimination
A/RES/39/73,278898,,Law of the Sea,
A/RES/39/75,278899,,Principles and norms of international law; International economic order,Progressive development
A/RES/39/76,278900,Organization of African Unity;League of Arab States,National Liberation Movements,Observer Status
A/RES/39/80,278901,,Peace and Security of Mankind,Draft Code
A/RES/39/81,278902,,Principle of Non-Use of Force; International Relations,Enhancement; Effectiveness
A/RES/39/90,278903,,Multilateral Treaty-Making Process,Review
A/RES/39/91,278904,Colonial Countries;Peoples,Declaration;Independence,Implementation;Granting
A/RES/39/92,278905,,Decolonization,Dissemination of information
A/RES/39/93,278906,Colonial Countries;Peoples,Declaration;Independence,Programme of Activities;Observance;Granting
A/RES/39/95A,278907,Israel;Occupied Territories,Human Rights,Investigation
A/RES/39/95B,278908,Israel;Occupied Territories,Human Rights,Investigation
A/RES/39/95C,278909,Israel;Occupied Territories,Human Rights,Investigation
A/RES/39/95D,278910,Israel;Occupied Territories,Human Rights,Investigation
A/RES/39/95E,278911,Israel; Occupied Territories,Human Rights,Investigation
A/RES/39/95F,278912,Israel; Occupied Territories,Human Rights,Investigation
A/RES/39/95G,278913,Israel;Occupied Territories,Human Rights,Investigation
A/RES/39/95H,278915,Israel;Occupied Territories,Human Rights,Investigation
A/RES/39/98A,278916,,Information,
A/RES/39/98B,278917,,Information,
A/RES/39/99A,278918,Palestine; Near East,Relief; Works Agency; Assistance; Refugees,Assistance
A/RES/39/99D,278919,Palestine; Near East,Relief; Works; Refugees; Higher Education; Vocational Training; Grants; Scholarships,Offers
A/RES/39/99E,278920,Palestine; Gaza Strip,Relief; Refugees,
A/RES/39/99F,278921,Palestine;Near East,Relief;Works;Ration Distribution;Refugees,Resumption
A/RES/39/99G,278922,Palestine; Near East,Relief; Works; Population; Refugees; Displacement,Adoption
A/RES/39/99H,278923,Palestine; Near East,Relief and Works; Refugees; Refugee Properties; Revenues,
A/RES/39/99I,278924,Palestine; Near East,Relief; Protection; Refugees,Adoption
A/RES/39/99J,278925,Palestine; West Bank; Near East,Relief; Works; Refugees,
A/RES/39/99K,278926,Palestine; Near East; Jerusalem,Relief; Works; Refugees,Adoption
A/RES/39/101,278927,Israel; Mediterranean Sea; Dead Sea,Canal,Decision; Building
A/RES/39/119,278928,El Salvador,Human Rights;Fundamental Freedoms,
A/RES/39/120,278929,Guatemala,Human Rights;Fundamental Freedoms,
A/RES/39/121,278930,Chile,Human Rights;Fundamental Freedoms,
A/RES/39/127,278931,regional commissions,senior women's programme officers posts,
A/RES/39/130,278932,,Discrimination against Women,Elimination
A/RES/39/133,278933,,Human rights;Scientific and technological developments,Adoption
A/RES/39/134,278934,,Human rights;Scientific and technological developments,Use
A/RES/39/137,278935,,International Covenant on Civil and Political Rights; Death Penalty,Elaboration; Abolition
A/RES/39/145,278937,,United Nations System;Human Rights;Fundamental Freedoms,Improvement
A/RES/39/146,278939,Middle East,,
A/RES/39/146B,278941,Middle East,,
A/RES/39/146C,278942,Middle East,,
A/RES/39/147,278943,Israel,Nuclear Armament,
A/RES/39/148[A],278944,,Nuclear disarmament,Measures
A/RES/39/148[B],278945,,Nuclear-arms,Negotiations
A/RES/39/148[C],278946,,Nuclear weapons,
A/RES/39/148[D],278947,,Nuclear weapons;nuclear war,Non-use;Prevention
A/RES/39/148[E],278948,,Nuclear neutron weapon,Prohibition
A/RES/39/148[F],278949,,Nuclear War; Nuclear Winter; Climatic Effects,
A/RES/39/148[G],278950,,Nuclear-arms,Negotiations
A/RES/39/148[H],278951,,Disarmament Research,
A/RES/39/148[J],278952,,Disarmament,Promotion
A/RES/39/148[K],278953,,Nuclear-arms race;nuclear disarmament,Cessation
A/RES/39/148L,278954,,Recommendation; Decision; Special Session,Implementation
A/RES/39/148[M],278955,,Disarmament,International co-operation
A/RES/39/148[N],278956,,Disarmament,Report
A/RES/39/148[O],278957,,Recommendation; Decision,Implementation
A/RES/39/148[P],278958,,Nuclear War,Prevention
A/RES/39/151[A],278959,,Convention on the Prohibition of Military or Any Other Hostile Use of Environmental Modification Techniques,Review Conference
A/RES/39/151[B],278960,,Nuclear-weapon-free zones,Study
A/RES/39/151[D],278961,,Nuclear-weapon,Freeze
A/RES/39/151[E],278962,,Arms Limitation;Disarmament,Contribution
A/RES/39/151[F],278963,,Military research; Military development,
A/RES/39/151[H],278964,,Fissionable material; Weapons,Prohibition; Production
A/RES/39/151[I],278965,,Naval Arms Race,Curbing
A/RES/39/155,278966,,International Security,Implementation
A/RES/39/157,278967,,Declaration on the Preparation of Societies for Life in Peace,Implementation
A/RES/39/158,278968,,Collective Security;Charter of the United Nations;International Peace;International Security,Implementation;Maintenance
A/RES/39/159,278969,State; States; sovereign States,policy of State terrorism; socio-political system,inadmissibility; actions; undermining
A/RES/39/161B,278970,,UN anniversary,Observance
A/RES/39/163,278971,States,Economic Rights;Duties,Charter
A/RES/39/167,278972,,Remnants of war,
A/RES/39/169,278973,Palestinian territories;Palestinian people,Living conditions,
A/RES/39/177,278974,,United Nations Institute for Training and Research,Financing; Role
A/RES/39/210,278975,Developing countries,Economic measures;Political coercion;Economic coercion,Means
A/RES/39/211,278976,,Technology Transfer,Development
A/RES/39/218,278977,,Development;International Economic Cooperation,
A/RES/39/221,278978,Land-locked Developing Countries,Special Fund,
A/RES/39/223,278979,Palestinian territories,Economic development projects,
A/RES/39/224,278980,Palestinian people,Assistance,
A/RES/39/226,278981,,International Economic Relations,Confidence-building
A/RES/39/229,278982,,Health;Environment;Product Safety,Protection
A/RES/39/230,278983,Africa,Transport;Communications,Decade
A/RES/39/232,278984,,Industrial Development,Cooperation
A/RES/39/233,278985,Africa,Industrial Development,Decade
A/RES/39/236[SectionII],278986,,Programme Budget,Adoption
A/RES/39/236[SectionIII],278987,,Programme Budget,Adoption
A/RES/39/236[SectionXI],278988,,Programme Budget; Biennium,Adoption
A/RES/39/236[SectionXIV],278990,,Programme Budget,Adoption
A/RES/39/237A,278991,,Budget Appropriations; Biennium,Revision
A/RES/39/237B,278992,,Income estimates; Biennium 1984-1985,Revision
A/RES/39/237C,278993,,Financing; Appropriation,
A/RES/39/240,278994,United Nations,Inflation;Monetary Instability;Regular Budget,
A/RES/39/243,278995,Western Asia,Staff;Administrative questions;Economic Commission,
A/RES/40/6,279735,Israel;Iraq,Nuclear installations;Nuclear energy;Non-proliferation of nuclear weapons;International peace and security,Aggression
A/RES/40/7,279736,Kampuchea,,
A/RES/40/11,279737,,Right of peoples to peace,
A/RES/40/12,279738,Afghanistan,International Peace;Security,
A/RES/40/18,279739,,Nuclear-arms,Negotiations
A/RES/40/19,279740,countries of origin,cultural property,return; restitution
A/RES/40/21,279741,Falkland Islands (Malvinas),,
A/RES/40/23,279742,,Social change;Economic change;Social progress,Achievement
A/RES/40/25,279743,Colonial countries;Peoples,Right of peoples to self-determination;Independence;Human rights,Realization;Granting;Guarantee;Observance
A/RES/40/27,279744,,International Convention on the Suppression and Punishment of the Crime of Apartheid,Suppression; Punishment
A/RES/40/28,279745,,Elimination of Racial Discrimination,Report
A/RES/40/50,279746,Western Sahara,,
A/RES/40/51,279747,Non-Self-Governing Territories,Information,Transmission
A/RES/40/52,279748,Namibia;Southern Africa,Foreign economic interests;Declaration on the Granting of Independence to Colonial Countries and Peoples;Colonial domination;Colonialism;Apartheid;Racial discrimination,Implementation;Efforts;Elimination
A/RES/40/53,279749,Colonial Countries;Peoples,Declaration;Independence,Implementation
A/RES/40/56,279750,Colonial Countries;Peoples,Declaration;Independence,Granting
A/RES/40/57,279751,Colonial Countries; Peoples,Declaration; Independence,Implementation; Granting
A/RES/40/58,279752,,Decolonization,Dissemination of information
A/RES/40/59A,279753,,UN Disengagement Observer Force,Financing
A/RES/40/59B,279754,,UN Disengagement Observer Force,Financing
A/RES/40/63,279786,,Law of the Sea,
A/RES/40/64A,279787,South Africa,Racist regime,Sanctions
A/RES/40/64B,279788,South Africa,Liberation Movements,Assistance
A/RES/40/64C,279789,South Africa,Sanctions;Racism,Conference
A/RES/40/64D,279790,,Apartheid;Public information,Public action
A/RES/40/64E,279791,Israel;South Africa,Relations,
A/RES/40/64F,279792,,Apartheid,Programme of work
A/RES/40/64G,279793,,Apartheid in Sports,Convention
A/RES/40/64I,279794,,Apartheid,International Action; Elimination
A/RES/40/67,279795,,Principles and norms of international law; International economic order,Progressive development
A/RES/40/69,279796,,Peace and Security of Mankind,Draft Code of Offences
A/RES/40/70,279797,,Principle of Non-Use of Force; International Relations,Enhancement
A/RES/40/79,279798,Latin America,Treaty for the Prohibition of Nuclear Weapons; Additional Protocol I,Signature; Ratification; Implementation
A/RES/40/80A,279799,,Nuclear Weapons,Cessation
A/RES/40/80B,279800,,Nuclear Weapons,Cessation
A/RES/40/81,279801,,Nuclear-test-ban treaty,Need
A/RES/40/83,279802,South Asia,Nuclear-weapon-free zone,Establishment
A/RES/40/86,279803,Non-nuclear-weapon States,Nuclear weapons,Conclusion; Assurance
A/RES/40/87,279804,,Arms Race; Outer Space,Prevention
A/RES/40/88,279805,,Nuclear-weapon tests,Implementation; Cessation; Prohibition
A/RES/40/89A,279807,Africa,Denuclearization,Implementation
A/RES/40/89B,279808,Africa; South Africa,Denuclearization; Nuclear capability,Implementation
A/RES/40/90,279809,,Weapons of Mass Destruction,Prohibition; Development; Manufacture
A/RES/40/91B,279810,,Military Budgets,Reduction
A/RES/40/92A,279811,,Chemical Weapons;Bacteriological Weapons,Prohibition
A/RES/40/92C,279812,,Chemical Weapons;Bacteriological Weapons;Biological Weapons,
A/RES/40/93,279813,Israel,Nuclear Armament,
A/RES/40/94A,279814,,Conventional disarmament; Regional scale,
A/RES/40/94F,279815,,Disarmament;Naval Arms Race,Study
A/RES/40/94G,279816,,Disarmament;Fissionable Material;Weapons,Prohibition
A/RES/40/94H,279817,,General disarmament;nuclear-weapon freeze,Freeze
A/RES/40/94I,279818,,Disarmament;Naval Arms Race;Naval Armaments;Confidence-Building Measures;Seas;Oceans,Limitation;Reduction;Extension
A/RES/40/94K,279819,,Disarmament; Military Matters,Objective Information
A/RES/40/94L,279820,,Disarmament; Arms Limitation; Disarmament Agreements,Compliance
A/RES/40/94M,279821,,Disarmament;Non-Proliferation of Nuclear Weapons,Review Conference
A/RES/40/94N,279822,,Disarmament;International Peace;International Security,Maintenance
A/RES/40/96A,279823,Palestine,,
A/RES/40/96B,279824,Palestine,,
A/RES/40/96C,279825,Palestine,,
A/RES/40/96D,279826,Palestine,,Resolution
A/RES/40/97A,279827,Namibia;South Africa,Illegal occupation,
A/RES/40/97B,279828,Namibia,Security Council resolution 435,Implementation
A/RES/40/97C,279829,Namibia,Programme of Work,
A/RES/40/97D,279830,Namibia,Dissemination of Information; Mobilization of International Public Opinion,Support
A/RES/40/97E,279831,Namibia,UN Fund for Namibia,
A/RES/40/97F,279832,Namibia,,Special session
A/RES/40/100,279833,,World social situation,
A/RES/40/111,279834,,Human rights;Scientific and technological developments,Use
A/RES/40/112,279835,,Human rights;Scientific and technological developments,
A/RES/40/114,279836,,Economic rights;Social rights;Cultural rights;Civil rights;Political rights,Indivisibility;Interdependence
A/RES/40/124,279837,,United Nations System;Human Rights;Fundamental Freedoms,Improvement
A/RES/40/137,279838,Afghanistan,Human Rights;Fundamental Freedoms,
A/RES/40/139,279839,El Salvador,Human Rights;Fundamental Freedoms,
A/RES/40/140,279840,Guatemala,Human Rights;Fundamental Freedoms,
A/RES/40/141,279841,Islamic Republic of Iran,Human Rights,
A/RES/40/145,279842,Chile,Human Rights;Fundamental Freedoms,
A/RES/40/148,279843,,Nazi activities;Fascist activities;neo-Fascist activities;Totalitarian ideologies;Racial intolerance;Hatred;Terror,Measures
A/RES/40/158,279844,,Declaration on the Strengthening of International Security; International Security,Review; Implementation
A/RES/40/159,279845,,Collective Security;Charter of the United Nations;International Peace;International Security,Implementation;Maintenance
A/RES/40/156C,279846,Antarctica,,
A/RES/40/152N,279847,,Recommendations; Decisions; Special Session,Implementation
A/RES/40/152Q,279848,,Nuclear War,Prevention
A/RES/40/156A,279849,Antarctica,,
A/RES/40/152P,279850,,Nuclear-arms race;nuclear disarmament,Cessation
A/RES/40/156B,279851,Antarctica,,
A/RES/40/150,279852,,Economic consequences;Social consequences;Armaments race;World peace;Security,
A/RES/40/151A,279853,,Disarmament;International Security,
A/RES/40/151C,279854,,Nuclear-arms,Freeze
A/RES/40/151B,279855,,World Disarmament,Campaign
A/RES/40/152C,279856,,Nuclear weapons,
A/RES/40/152A,279857,,Nuclear weapons;nuclear war,Non-use;Prevention
A/RES/40/152B,279858,,Nuclear-arms; Space-arms,Negotiations
A/RES/40/151F,279859,,Nuclear Weapons,Prohibition
A/RES/40/151H,279860,,Disarmament,Programme; Fellowship
A/RES/40/151D,279861,,World Disarmament,Action; Activity
A/RES/40/151E,279862,,Nuclear Weapons,Freeze
A/RES/40/152I,279863,,Disarmament,International co-operation
A/RES/40/152H,279864,,Nuclear Neutron Weapon,Prohibition
A/RES/40/152E,279865,,Disarmament,Adoption
A/RES/40/152G,279866,,Climatic effects;nuclear war;nuclear winter,
A/RES/40/152M,279867,,Disarmament,Report
A/RES/40/152J,279868,,Recommendation;Decision,Implementation
A/RES/40/161A,279869,Israel; Occupied Territories,Human Rights,Investigation
A/RES/40/161B,279870,Israel; Occupied Territories,Human Rights,Investigation
A/RES/40/161C,279871,Israel; Occupied Territories,Human Rights,Investigation
A/RES/40/161D,279873,Israel;Occupied Territories,Human Rights,Investigation
A/RES/40/161E,279874,Israel; Occupied Territories,Human Rights,Investigation
A/RES/40/161F,279875,Israel; Occupied Territories,Human Rights,Investigation
A/RES/40/161G,279876,Israel; Occupied Territories,Human Rights,Investigation
A/RES/40/164A,279877,,Information,
A/RES/40/164B,279878,,Information,
A/RES/40/165A,279879,Palestine,Assistance; Palestine refugees,
A/RES/40/165D,279880,Palestine,Higher Education;Vocational Training;Refugees,Offers;Grants;Scholarships
A/RES/40/165E,279881,Palestine; Gaza Strip,Palestine refugees,
A/RES/40/165F,279882,Palestine,Refugees;Ration Distribution,Resumption
A/RES/40/165G,279883,,Population;Refugees;Displacement,
A/RES/40/165H,279884,Palestine,Palestine refugees properties,Revenues
A/RES/40/165I,279885,Palestine,Protection; Palestine refugees,
A/RES/40/165J,279886,Palestine; West Bank,Refugees,
A/RES/40/165K,279887,Jerusalem; Palestine,Palestine refugees,
A/RES/40/167,279888,Israel; Mediterranean Sea; Dead Sea,Canal,Decision; Building
A/RES/40/168A,279889,Middle East,,
A/RES/40/168B,279890,Middle East,,
A/RES/40/168C,279891,Middle East,,
A/RES/40/169,279892,Palestinian territories,Economic development projects,
A/RES/40/170,279893,Palestinian people,Assistance,
A/RES/40/173,279894,,International economic security,
A/RES/40/182,279895,States,Economic Rights;Duties,Charter
A/RES/40/183,279896,Land-locked developing countries,Needs; Problems,Action
A/RES/40/185,279897,developing countries,economic measures;political coercion;economic coercion,means
A/RES/40/188,279898,Nicaragua,Trade embargo,
A/RES/40/191,279899,,Transfer of Technology,Reversal
A/RES/40/197,279900,,Remnants of war,
A/RES/40/200,279901,,Environment,International co-operation
A/RES/40/201,279902,Palestinian territories;Palestinian people,Living conditions,
A/RES/40/207,279903,,Economic Development,Trend Analysis
A/RES/40/239,279904,,Programme budget; Biennium,
A/RES/40/241B,279905,,Financial emergency; United Nations,
A/RES/40/246A,279906,Lebanon,UN Interim Force,Financing
A/RES/40/246B,279907,Lebanon,UN Interim Force,Financing
A/RES/40/247,279908,troop-contributing States,rates of reimbursement,review
A/RES/40/248,279909,,Scale of assessments; Apportionment; Expenses; United Nations,
A/RES/40/252IV,279910,Nairobi,,
A/RES/40/253A,279911,,Budget Appropriations;Biennium 1986-1987,
A/RES/40/253B,279912,,Income estimates,
A/RES/40/253C,279913,,Financing; Appropriations,Adoption
A/RES/40/254,279914,,Expenses,Approval
A/RES/40/255,279915,,Working Capital Fund,
A/RES/40/257,279916,,Emoluments;pension scheme;conditions of service;International Court of Justice,adoption
A/RES/41/4,280663,United Nations;League of Arab States,Co-operation,
A/RES/41/6,280664,Kampuchea,,
A/RES/41/12,280665,Israel;Iraq,Nuclear installations;Nuclear energy;Non-proliferation of nuclear weapons;International peace and security,Aggression
A/RES/41/13,280666,Non-Self-Governing Territories,Information,Transmission
A/RES/41/14,280668,Namibia;southern Africa,Declaration on the Granting of Independence to Colonial Countries and Peoples;colonial domination;colonialism;apartheid;racial discrimination,Activities;implementation;efforts;elimination
A/RES/41/15,280669,Colonial Countries;Peoples,Declaration;Independence,Implementation
A/RES/41/16,280670,Western Sahara,,
A/RES/41/30,280671,Comorian island of Mayotte,,
A/RES/41/31,280672,Nicaragua,Military activities;Paramilitary activities,Judgment;Compliance
A/RES/41/33,280673,Afghanistan,International Peace;Security,
A/RES/41/34,280674,,Law of the Sea,
A/RES/41/35A,280675,South Africa,Liberation Movements,Assistance
A/RES/41/35B,280676,South Africa,Racism,Sanctions
A/RES/41/35C,280677,Israel;South Africa,Relations,
A/RES/41/35D,280678,,Apartheid,Programme of work
A/RES/41/35E,280679,,Apartheid in Sports,Convention
A/RES/41/35F,280680,South Africa,Oil embargo,
A/RES/41/35H,280681,,Apartheid,International Action; Elimination
A/RES/41/38,280682,Organization of African Unity; Socialist People's Libyan Arab Jamahiriya; United States,Aerial and Naval Military Attack,Declaration
A/RES/41/39A,280683,Namibia;South Africa,Illegal occupation;Territory,
A/RES/41/39B,280684,Namibia,Security Council resolution 435,Implementation
A/RES/41/39C,280685,Namibia,Programme of work,
A/RES/41/39D,280686,Namibia,Dissemination of information;Mobilization of international public opinion;Independence,Support
A/RES/41/39E,280687,Namibia,Fund,
A/RES/41/40,280688,Falkland Islands;Malvinas,,
A/RES/41/41A,280689,Colonial Countries;Peoples,Declaration;Independence,Implementation;Granting
A/RES/41/41B,280690,Colonial Countries;Peoples,Declaration;Independence,Implementation;Granting
A/RES/41/42,280691,,Decolonization,Dissemination of information
A/RES/41/43A,280692,Palestine,,Resolution
A/RES/41/43B,280693,Palestine,,
A/RES/41/43C,280694,Palestine,,
A/RES/41/43D,280695,Palestine,,
A/RES/41/44A,280696,,UN Disengagement Observer Force,Financing
A/RES/41/44B,280697,,UN Disengagement Observer Force,Financing
A/RES/41/45,280698,Latin America,Treaty for the Prohibition of Nuclear Weapons; Additional Protocol I; Treaty of Tlatelolco,Implementation; Signature; Ratification
A/RES/41/46A,280699,,Nuclear-test explosions,Cessation
A/RES/41/46B,280700,,Nuclear-test explosions,Cessation
A/RES/41/47,280701,,Nuclear-test-ban treaty,Need
A/RES/41/49,280702,South Asia,Nuclear-weapon-free zone,Establishment
A/RES/41/51,280703,non-nuclear-weapon States,security;nuclear weapons,strengthening
A/RES/41/52,280704,non-nuclear-weapon States,nuclear weapons,assurance
A/RES/41/53,280705,,Arms Race; Outer Space,Prevention
A/RES/41/54,280706,,Nuclear-weapon tests,Implementation; Cessation; Prohibition
A/RES/41/55A,280707,Africa,Denuclearization,Implementation
A/RES/41/55B,280708,Africa; South Africa,Denuclearization; Nuclear Capability,Implementation
A/RES/41/56,280709,,Weapons of Mass Destruction,Prohibition; Development; Manufacture
A/RES/41/58B,280710,,Chemical Weapons;Bacteriological Weapons,Prohibition
A/RES/41/58C,280711,,Chemical Weapons;Bacteriological Weapons;Biological Weapons,
A/RES/41/59B,280712,,Disarmament; Military Matters,Objective Information
A/RES/41/59D,280713,,Disarmament;Arms Limitation,Contribution
A/RES/41/59E,280714,,Disarmament;Confidence-building measures;Security-building measures;Conventional disarmament,
A/RES/41/59G,280715,,General disarmament; Conventional disarmament,
A/RES/41/59H,280716,,Military use; Research and development,Study
A/RES/41/59I,280717,,Disarmament;Radiological Weapons,Prohibition;Development;Production;Stockpiling;Use
A/RES/41/59K,280718,,Disarmament; Naval armaments,Disarmament
A/RES/41/59L,280719,,Disarmament; Fissionable Material; Weapons,Prohibition
A/RES/41/59M,280720,regional basis,general disarmament;complete disarmament;conventional disarmament,
A/RES/41/59N,280721,,Disarmament;nuclear tests,Notification
A/RES/41/60A,280722,,World Disarmament Campaign,Review; Implementation; Action; Activity
A/RES/41/60B,280723,,World Disarmament Campaign,Review; Implementation
A/RES/41/60C,280724,,Concluding Document;Confidence-Building Measures,Review;Implementation
A/RES/41/60E,280725,,Concluding Document of the 12th Special Session; Nuclear Weapons,Review; Implementation; Freeze
A/RES/41/60F,280726,,Convention on the Prohibition of the Use of Nuclear Weapons,Review; Implementation
A/RES/41/60H,280727,,Concluding Document of the 12th Special Session of the General Assembly; UN programme of fellowships on disarmament,Review; Implementation
A/RES/41/60I,280728,,Concluding Document of the 12th Special Session; Nuclear Arms Freeze,Review; Implementation
A/RES/41/63A,280729,Israel; Occupied Territories,Human Rights,Investigation
A/RES/41/63B,280730,Israel; Occupied Territories,Human Rights,Investigation
A/RES/41/63C,280731,Israel;Occupied Territories,Human Rights,Investigation
A/RES/41/63D,280732,Israel;Occupied Territories,Human Rights,Investigation
A/RES/41/63E,280733,Israel; Occupied Territories,Human Rights,Investigation
A/RES/41/63F,280734,Israel;Occupied Territories,Human Rights,Investigation
A/RES/41/63G,280735,Israel;Occupied Territories,Human Rights,Investigation
A/RES/41/68A,280736,,Information,
A/RES/41/68B,280737,,Information,
A/RES/41/68E,280738,,Information,Question
A/RES/41/69A,280739,Palestine; Near East,Relief; Assistance; Refugees,Provision; Support
A/RES/41/69D,280740,Palestine; Near East,Relief; Works Agency; Refugees; Grants; Scholarships,Provision
A/RES/41/69E,280741,Palestine; Gaza Strip,Relief; Refugees,
A/RES/41/69F,280742,Palestine;Near East,Relief;Works;Ration Distribution,Resumption
A/RES/41/69G,280743,Palestine; Near East,Relief; Works; Population; Refugees,Displacement
A/RES/41/69H,280744,Palestine; Near East,Relief; Works Agency; Refugees; Revenues; Properties,
A/RES/41/69I,280745,Palestine; Near East,Relief; Works Agency; Protection; Refugees,Protection
A/RES/41/69J,280746,Palestine;West Bank;Near East,Relief;Works;Palestine Refugees,
A/RES/41/69K,280747,Palestine; Near East; Jerusalem,Relief; Refugees,
A/RES/41/71,280748,Organization of African Unity;League of Arab States,National Liberation Movements,Observer Status
A/RES/41/73,280749,,International Law;International Economic Order,Development
A/RES/41/75,280750,,Peace and Security of Mankind,Draft Code of Offences
A/RES/41/86A,280752,,Nuclear-arms,Negotiations
A/RES/41/86B,280753,,Nuclear weapons;nuclear war,Non-use;prevention
A/RES/41/86D,280754,,Disarmament,Promotion
A/RES/41/86F,280755,,Nuclear-arms race;nuclear disarmament,Cessation
A/RES/41/86G,280756,,Nuclear War,Prevention
A/RES/41/86H,280757,,Climatic effects;nuclear war;nuclear winter,
A/RES/41/86I,280758,,Recommendation; Decision,Implementation; Review
A/RES/41/86J,280759,,Recommendation;Decision;Implementation,Review
A/RES/41/86K,280760,,Disarmament,International co-operation
A/RES/41/86M,280761,,Disarmament,Report
A/RES/41/86N,280762,,Nuclear-arms,Negotiations
A/RES/41/86O,280763,,Recommendation;Decision,Implementation
A/RES/41/86P,280764,,Disarmament,Report
A/RES/41/88A,280765,Antarctica,,
A/RES/41/88B,280766,Antarctica,,
A/RES/41/88C,280767,Antarctica,,
A/RES/41/90,280768,,Declaration on the Strengthening of International Security; International Security,Review; Implementation
A/RES/41/91,280769,,Political Dialogue;International Situation,Improvement
A/RES/41/92,280771,,International peace; Security,Establishment
A/RES/41/93,280772,Israel,Nuclear Armament,
A/RES/41/95,280773,South Africa,Human Rights;Political Assistance;Military Assistance;Economic Assistance;Racism;Colonialism,Enjoyment
A/RES/41/101,280774,colonial countries;peoples,right of peoples to self-determination;independence;human rights,realization;granting;guarantee;observance
A/RES/41/102,280775,,Mercenaries;Human Rights;Right of Peoples to Self-Determination,Violation;Impediment
A/RES/41/103,280776,,International Convention; Suppression; Punishment; Crime of Apartheid,
A/RES/41/113,280777,,Human rights;Scientific and technological developments,
A/RES/41/115,280778,,Human rights;Scientific and technological developments,Adoption
A/RES/41/117,280780,,Economic rights;Social rights;Cultural rights;Civil rights;Political rights,Indivisibility;Interdependence
A/RES/41/123,280781,South Africa;Namibia,Refugee Women;Refugee Children,Measures of Assistance
A/RES/41/128,280782,,Right to Development,Declaration
A/RES/41/131,280783,,United Nations system;Human rights;Fundamental freedoms,Improvement
A/RES/41/132,280784,Member States,Right to own property; Economic development; Social development,Respect; Contribution
A/RES/41/133,280785,,Right to development,
A/RES/41/141,280786,Ethiopia,Displaced persons,Assistance
A/RES/41/143,280787,,Prevention of Discrimination; Protection of Minorities,Resolution; Adoption
A/RES/41/146,280788,,Right to adequate housing,Realization
A/RES/41/151,280789,,Migrant Workers;Human Rights;Dignity,Improvement;Ensurance
A/RES/41/155,280790,,Human Rights,Strengthening; International Co-operation
A/RES/41/156,280791,Guatemala,Human Rights;Fundamental Freedoms,
A/RES/41/157,280792,El Salvador,Human Rights,
A/RES/41/158,280793,Afghanistan,Human Rights;Fundamental Freedoms,
A/RES/41/159,280794,Islamic Republic of Iran,Human Rights,
A/RES/41/161,280795,Chile,Human Rights;Fundamental Freedoms,
A/RES/41/162A,280796,Middle East,,
A/RES/41/162B,280797,Middle East,,
A/RES/41/162C,280798,Middle East,,
A/RES/41/164,280799,Nicaragua,Trade embargo,
A/RES/41/165,280800,developing countries,economic measures;political coercion;economic coercion,means
A/RES/41/179A,280801,Lebanon,UN Interim Force,Financing
A/RES/41/179B,280803,Lebanon,UN Interim Force,Financing
A/RES/41/180,280804,Developing countries;Developed countries,Net transfer of resources,
A/RES/41/181,280805,Palestinian people,Assistance,
A/RES/41/184,280806,,,Implementation
A/RES/41/187,280807,,Cultural Development,Proclamation
A/RES/41/195,280808,Uganda,Assistance,
A/RES/41/197,280809,Mozambique,Assistance,
A/RES/41/199,280810,front-line States,Special assistance,
A/RES/41/200,280811,Benin;Central African Republic;Comoros;Democratic Yemen;Djibouti;Equatorial Guinea;Gambia;Guinea;Guinea-Bissau;Haiti;Madagascar;Nicaragua;Sierra Leone;Vanuatu,,Assistance
A/RES/41/209[III],280812,,Health insurance coverage; Locally-recruited staff; General service; Designated duty stations,
A/RES/41/209[V],280813,,Political Affairs;Security Council Affairs,News Service
A/RES/41/209[VI],280814,,United Nations Industrial Development Organization,Loan
A/RES/41/209[VIII],280815,New York,Post Adjustment,Suspension
A/RES/41/209[IX],280817,,Job classification; General Service; Related categories,
A/RES/41/211A,280818,,Programme Budget; Biennium,Revision; Appropriation
A/RES/41/211B,280819,,Programme budget; Income estimates,Revision
A/RES/41/211C,280820,,Programme budget; Financing; Appropriations,
A/RES/41/212B,280821,,Nuclear Energy,Promotion; International Co-operation
A/RES/41/10,280822,,Right of peoples to peace,
A/RES/41/11,280823,South Atlantic,Zone of Peace;Co-operation,Declaration
A/RES/42/3,281002,Kampuchea,,
A/RES/42/5,281003,United Nations;League of Arab States,Co-operation,
A/RES/42/7,281004,countries of origin,cultural property,return; restitution
A/RES/42/14A,281005,Namibia;South Africa,Illegal occupation;Territory,
A/RES/42/14B,281006,Namibia,Security Council Resolution 435,Implementation
A/RES/42/14C,281007,Namibia,Programme of work,
A/RES/42/14D,281008,Namibia,Dissemination of information;Mobilization of international public opinion;Independence,Support
A/RES/42/14E,281009,Namibia,Fund,
A/RES/42/15,281010,Afghanistan,International Peace;Security,
A/RES/42/16,281011,South Atlantic,Zone of peace and co-operation,
A/RES/42/17,281012,Comorian island of Mayotte,,
A/RES/42/18,281013,Nicaragua,Military activities;Paramilitary activities,Judgment;Compliance
A/RES/42/19,281014,Falkland Islands (Malvinas),,
A/RES/42/20,281015,,Law of the Sea,
A/RES/42/23A,281016,South Africa,Liberation Struggle,International Solidarity
A/RES/42/23B,281017,South Africa,Co-ordinated and strictly monitored measures,Application
A/RES/42/23C,281018,South Africa,Racist regime,Sanctions
A/RES/42/23D,281019,Israel;South Africa,Relations,
A/RES/42/23E,281020,,Apartheid,Programme of work
A/RES/42/23F,281021,South Africa,Oil embargo,Embargo
A/RES/42/23G,281022,,Apartheid,International Action; Elimination
A/RES/42/25,281023,Latin America,Treaty for the Prohibition of Nuclear Weapons; Additional Protocol I; Treaty of Tlatelolco,Implementation; Signature; Ratification
A/RES/42/26A,281024,,Nuclear-test explosions,Cessation
A/RES/42/26B,281025,,Nuclear-test explosions,Cessation
A/RES/42/27,281026,,Nuclear-test-ban treaty,Need
A/RES/42/29,281027,South Asia,Nuclear-weapon-free zone,Establishment
A/RES/42/31,281028,non-nuclear-weapon States,security;nuclear weapons,strengthening
A/RES/42/33,281029,,Arms Race; Outer Space,Prevention
A/RES/42/34A,281030,Africa,Denuclearization,Implementation
A/RES/42/34B,281031,Africa; South Africa,Denuclearization; Nuclear Capability,Implementation
A/RES/42/35,281032,,Weapons of Mass Destruction;Weapons,Prohibition;Development;Manufacture
A/RES/42/38A,281033,,Disarmament;nuclear-arms,Negotiation
A/RES/42/38C,281034,,Disarmament;Nuclear Tests,Notification
A/RES/42/38D,281035,,Disarmament;nuclear-arms,Negotiations
A/RES/42/38F,281036,,Disarmament;Radiological Weapons,Prohibition;Development;Production;Stockpiling;Use
A/RES/42/38I,281037,,Disarmament; Military Matters,Objective Information
A/RES/42/38J,281038,,Disarmament,Implementation
A/RES/42/38K,281039,,Disarmament; Naval Armaments,Completion
A/RES/42/38L,281040,,Disarmament;Fissionable Material;Weapons,Prohibition
A/RES/42/38N,281041,regional scale,general disarmament;completed disarmament;conventional disarmament,
A/RES/42/39A,281042,,Concluding Document; 12th Special Session,Review; Implementation
A/RES/42/39B,281043,,Nuclear Weapons,Review; Implementation; Freeze
A/RES/42/39C,281044,,Convention on the Prohibition of the Use of Nuclear Weapons;nuclear weapons,Review;implementation
A/RES/42/39G,281045,,World Disarmament Campaign,Review; Implementation
A/RES/42/39H,281046,,Concluding Document of the 12th Special Session of the General Assembly;nuclear-arms freeze,Review;Implementation
A/RES/42/39I,281047,,Concluding Document of the 12th Special Session; UN programme of fellowships; Disarmament,Review; Implementation
A/RES/42/42A,281048,,Non-use of nuclear weapons; Prevention of nuclear war,Review; Implementation; Recommendations; Decisions
A/RES/42/42B,281049,,Implementation;Recommendation;Decision,Review
A/RES/42/42C,281050,,Nuclear-arms race;nuclear disarmament,Implementation;Cessation
A/RES/42/42D,281051,,Nuclear War,Review; Implementation; Recommendation; Decision; Prevention
A/RES/42/42E,281052,,Disarmament,Review; Implementation; Recommendation; Decision; International Cooperation
A/RES/42/42H,281053,,Disarmament,Review; Implementation; Recommendation; Decision
A/RES/42/42K,281054,,Disarmament,Review; Implementation; Recommendation; Decision; Adoption
A/RES/42/42L,281055,,Disarmament,Review; Implementation; Recommendation; Decision; Adoption
A/RES/42/42M,281056,,Recommendation;Decision,Implementation;Adoption
A/RES/42/42N,281057,,Recommendation; Decision; Rationalization; Work; Committee,Implementation; Review
A/RES/42/44,281058,Israel,Nuclear armament,
A/RES/42/46A,281059,Antarctica,,
A/RES/42/46B,281060,Antarctica,,
A/RES/42/50,281061,,Social change;Economic change;Social progress,Achievement
A/RES/42/52,281062,States;Youth,Human Rights;Right to Education;Right to Work;Peace,Efforts;Measures;Implementation;Enjoyment
A/RES/42/56,281063,,International Convention on the Suppression and Punishment of the Crime of Apartheid,Suppression; Punishment
A/RES/42/66A,281064,Palestine,,
A/RES/42/66B,281065,Palestine,,
A/RES/42/66C,281066,Palestine,,
A/RES/42/66D,281067,Palestine,,
A/RES/42/69A,281068,Palestine,Assistance; Palestine refugees,
A/RES/42/69D,281069,Palestine,Higher Education;Vocational Training;Refugees,Offers;Grants;Scholarships
A/RES/42/69E,281070,Palestine; Gaza Strip,Refugees,
A/RES/42/69F,281071,Palestine,Refugees;Ration Distribution,Resumption
A/RES/42/69G,281072,,Population;Refugees,
A/RES/42/69H,281073,Palestine,Palestine refugee properties,Revenue
A/RES/42/69I,281074,Palestine,Protection; Palestine Refugees,
A/RES/42/69J,281075,Palestine; West Bank,Palestine refugees,
A/RES/42/69K,281076,Jerusalem; Palestine,Refugees,
A/RES/42/70,281077,,United Nations Disengagement Observer Force,Financing
A/RES/42/71,281078,Colonial Countries;Peoples,Declaration;Independence,Implementation;Granting
A/RES/42/72,281079,,Decolonization,Dissemination of information
A/RES/42/73,281080,Non-Self-Governing Territories,Information,Transmission
A/RES/42/74,281081,Namibia;southern Africa,Declaration on the Granting of Independence to Colonial Countries and Peoples;colonial domination;colonialism;apartheid;racial discrimination,implementation;elimination;efforts
A/RES/42/75,281082,Colonial Countries;Colonial Peoples,Declaration;Independence,Implementation
A/RES/42/78,281083,Western Sahara,,
A/RES/42/79,281084,New Caledonia,,
A/RES/42/91,281085,,Declaration on the Preparation of Societies for Life in Peace,Implementation
A/RES/42/92,281086,,Declaration on the Strengthening of International Security; International Security,Review; Implementation
A/RES/42/93,281087,,International peace; Security,System
A/RES/42/95,281088,colonial countries;peoples,right of peoples to self-determination;independence;human rights,realization;granting;guarantee;observance
A/RES/42/96,281089,,Mercenaries;Human Rights;Right of Peoples to Self-Determination,Violation;Impediment
A/RES/42/99,281090,,Human rights;Scientific and technological developments,Use
A/RES/42/100,281091,,Human rights;Scientific and technological developments,Adoption
A/RES/42/101,281092,,Convention on the Rights of the Child; Rights of the Child,
A/RES/42/102,281093,,Economic rights;Social rights;Cultural rights;Civil rights;Political rights;Indivisibility;Interdependence,
A/RES/42/115,281094,,Property;Human Rights;Fundamental Freedoms,Enjoyment
A/RES/42/119,281095,,United Nations System;Human Rights;Fundamental Freedoms,Improvement
A/RES/42/134,281096,,Protection of the family; Assistance for the family,Enhancement; International co-operation
A/RES/42/135,281097,Afghanistan,Human Rights;Fundamental Freedoms,
A/RES/42/136,281098,Islamic Republic of Iran,Human Rights,
A/RES/42/139,281099,Ethiopia,Displaced persons,Assistance
A/RES/42/140,281100,,Migrant Workers;Human Rights;Dignity,Improvement;Ensurance
A/RES/42/145,281101,,Social Life,Improvement
A/RES/42/146,281102,,Right to adequate housing,Realization
A/RES/42/147,281103,Chile,Human Rights;Fundamental Freedoms,
A/RES/42/149,281104,,Principles and norms of international law;New international economic order,Progressive development
A/RES/42/150,281105,States,Disputes,Peaceful settlement
A/RES/42/151,281106,,Crimes against the Peace and Security of Mankind,Draft
A/RES/42/153,281107,,International Bills of Exchange; International Promissory Notes,Convention
A/RES/42/158,281108,States,Good-neighbourliness,Development; Strengthening
A/RES/42/159,281109,,International Terrorism; Violence; Fundamental Freedoms; Radical Changes; National Liberation,Prevention; Study; Convening; Definition; Differentiation
A/RES/42/160A,281110,Israel; Occupied Territories,Human Rights,Investigation
A/RES/42/160B,281111,Israel; Occupied Territories,Human Rights,Investigation
A/RES/42/160C,281112,Israel; Occupied Territories,Human Rights,Investigation
A/RES/42/160D,281113,Israel;Occupied Territories,Human Rights,Investigation
A/RES/42/160E,281114,Israel;Occupied Territories,Human Rights,Investigation
A/RES/42/160F,281115,Israel;Occupied Territories,Human Rights,Investigation
A/RES/42/160G,281116,Israel;Occupied Territories,Human Rights,Investigation
A/RES/42/162A,281117,,Information,
A/RES/42/162B,281118,,Information,
A/RES/42/165,281119,,International economic security,
A/RES/42/166,281120,Palestinian people,Assistance,
A/RES/42/173,281121,developing countries,economic measures;political coercion;economic coercion,means
A/RES/42/174,281122,Land-locked developing countries,Needs; Problems,Action
A/RES/42/176,281123,Nicaragua,Trade embargo,
A/RES/42/184,281124,,Environment,International co-operation
A/RES/42/190,281125,Palestinian territories;Palestinian people,Living conditions,
A/RES/42/198,281126,,External Debt Problems,International Co-operation
A/RES/42/199,281127,Lebanon,Reconstruction;Development,Assistance
A/RES/42/200,281128,Chad,Special economic assistance,
A/RES/42/201,281129,front-line States,Special assistance,
A/RES/42/202,281130,Maldives,Disaster Relief;Coastal Defences,Assistance;Strengthening
A/RES/42/203,281131,El Salvador,Assistance,
A/RES/42/204,281132,Central America,Special economic assistance,
A/RES/42/205,281133,Benin;Central African Republic;Democratic Yemen;Djibouti;Ecuador;Gambia;Madagascar;Nicaragua;Vanuatu,Assistance,
A/RES/42/209A,281134,Middle East,,
A/RES/42/209B,281135,Middle East,,
A/RES/42/209C,281136,Middle East,,
A/RES/42/209D,281137,Middle East,,
A/RES/42/210B,281138,Host Country,Relations,Report
A/RES/42/223,281145,Lebanon,United Nations Interim Force,Financing
A/RES/42/224,281146,troop-contributing States,rates of reimbursement,review
A/RES/42/226A,281147,,Programme budget; Budget appropriations,
A/RES/42/32,281148,non-nuclear-weapon States,nuclear weapons,assurance
A/RES/42/229A,281330,Palestine Liberation Organization; New York,Relations,Closure; Proposal
A/RES/42/229B,281331,Palestine Liberation Organization;New York,Relations,Closure
A/RES/42/230,281332,Host Country,Relations,Report
A/RES/42/232,281336,Host Country,Relations,Report
A/RES/43/3,281348,United Nations;League of Arab States,Co-operation,
A/RES/43/11,281349,Nicaragua,Military activities;Paramilitary activities,Judgment;Compliance
A/RES/43/12,281350,African Unity,Co-operation,Co-operation
A/RES/43/13,281351,Pretoria,Racial Municipal Elections,
A/RES/43/14,281352,Comorian island of Mayotte,,
A/RES/43/18,281353,,Law of the sea,
A/RES/43/19,281354,Kampuchea,,
A/RES/43/21,281355,Palestinian people,Uprising,
A/RES/43/22,281356,,Right of peoples; Peace,
A/RES/43/23,281357,South Atlantic,Zone of peace and co-operation,
A/RES/43/26A,281359,Namibia; South Africa,Illegal occupation,
A/RES/43/25,281360,Falkland Islands;Malvinas,,
A/RES/43/26B,281361,Namibia,Implementation,
A/RES/43/26C,281362,Namibia,Programme of Work,
A/RES/43/26D,281363,Namibia,Dissemination of Information;Mobilization of International Public Opinion;Independence,Support
A/RES/43/26E,281364,Namibia,UN Fund for Namibia,
A/RES/43/28,281365,Non-Self-Governing Territories,Information,Transmission
A/RES/43/29,281366,Namibia;Southern Africa,Foreign economic interests;Declaration on the Granting of Independence to Colonial Countries and Peoples;Colonial domination;Colonialism;Apartheid;Racial discrimination,Implementation;Efforts;Elimination
A/RES/43/30,281367,Colonial Countries; Peoples,Declaration; Independence,Implementation
A/RES/43/33,281368,Western Sahara,,
A/RES/43/45,281369,Colonial Countries;Colonial Peoples,Declaration;Independence,Implementation;Granting
A/RES/43/46,281370,,Decolonization,Dissemination of information
A/RES/43/47,281371,,Colonialism,Eradication
A/RES/43/48,281373,Host Country,Relations,Report
A/RES/43/49,281374,Host Country,Relations,Report
A/RES/43/50A,281375,South Africa,Policies of apartheid; Liberation struggle,International solidarity
A/RES/43/50B,281376,South Africa,Policies of apartheid; Military collaboration,
A/RES/43/50C,281377,South Africa,Policies of apartheid;Racist regime,Sanctions
A/RES/43/50D,281378,South Africa,Policies of apartheid;Racism,Imposition;Co-ordination;Monitoring
A/RES/43/50E,281379,South Africa;Israel,Policies of apartheid,Relations
A/RES/43/50F,281380,South Africa,Apartheid,Programme of work
A/RES/43/50H,281381,South Africa,Policies of apartheid;Racism,Dissemination of information
A/RES/43/50J,281382,South Africa,Policies of apartheid; Oil embargo,
A/RES/43/50K,281383,South Africa,Apartheid,International Action; Elimination
A/RES/43/54A,281385,Middle East,,
A/RES/43/54B,281386,Middle East,,
A/RES/43/54C,281387,Middle East,,
A/RES/43/57A,281388,Palestine; Near East,Relief; Works Agency; Assistance; Refugees,Assistance
A/RES/43/57D,281389,Palestine; Near East,Relief; Works; Higher Education; Vocational Training; Refugees,Offers; Grants; Scholarships
A/RES/43/57E,281390,Palestine; Israel; Near East,Palestine Refugees,Relief; Works
A/RES/43/57F,281391,Palestine; Near East,Relief; Works Agency; Refugees; Ration Distribution,Resumption
A/RES/43/57G,281392,Palestine; Near East,Relief; Works Agency; Population; Refugees; Displacement,Return
A/RES/43/57H,281393,Palestine; Near East,Relief; Works Agency; Refugees; Refugee Properties,Revenue
A/RES/43/57I,281394,Palestine; Near East,Relief; Works Agency; Protection; Refugees,Adoption
A/RES/43/57J,281395,Palestine; Near East; Jerusalem,Relief; Works; Refugees,Adoption
A/RES/43/58A,281396,Israel;Occupied Territories,Human Rights,Investigation
A/RES/43/58B,281397,Israel;Occupied Territories,Human Rights,Investigation
A/RES/43/58C,281398,Israel;Occupied Territories,Human Rights,Investigation
A/RES/43/58D,281399,Israel; Occupied Territories,Human Rights,Investigation
A/RES/43/58E,281400,Israel;Occupied Territories,Human Rights,Investigation
A/RES/43/58F,281401,Israel;Occupied Territories,Human Rights,Investigation
A/RES/43/58G,281402,Israel;Occupied Territories,Human Rights,Investigation
A/RES/43/60A,281403,,Information,
A/RES/43/60B,281404,,Information,
A/RES/43/63A,281406,,Nuclear-test explosions,Cessation
A/RES/43/63B,281407,,Nuclear-test explosions,Cessation
A/RES/43/64,281408,,Nuclear-test-ban treaty,Need
A/RES/43/66,281409,South Asia,Nuclear-weapon-free zone,Establishment
A/RES/43/68,281410,non-nuclear-weapon States,security;nuclear weapons,strengthening
A/RES/43/69,281411,Non-nuclear-weapon States,Nuclear weapons,Conclusion; Assurance
A/RES/43/70,281412,,Arms Race; Outer Space,Prevention
A/RES/43/71A,281413,Africa,Denuclearization,Implementation
A/RES/43/71B,281414,Africa; South Africa,Denuclearization; Nuclear Capability,Implementation
A/RES/43/72,281415,,Weapons of Mass Destruction;Weapons,Prohibition;Development;Manufacture
A/RES/43/75A,281416,,Disarmament;nuclear-arms,Negotiation
A/RES/43/75G,281417,,Disarmament; Military Matters,Objective Information
A/RES/43/75H,281418,,Disarmament,Implementation
A/RES/43/75I,281419,,Disarmament;International Arms Transfers,
A/RES/43/75J,281420,,Disarmament; Radiological Weapons,Prohibition; Development; Production; Stockpiling; Use
A/RES/43/75K,281421,,Disarmament;Fissionable Material;Weapons,Prohibition
A/RES/43/75L,281422,,Disarmament; Naval Armaments,Disarmament
A/RES/43/75N,281423,,Disarmament;Nuclear Weapons,Study
A/RES/43/75O,281424,,Disarmament;nuclear-arms,Negotiation
A/RES/43/75Q,281425,,Disarmament;Radioactive Wastes,Prohibition
A/RES/43/75S,281426,regional scale,general disarmament;complete disarmament;conventional disarmament,
A/RES/43/75T,281427,,Disarmament;Radioactive Wastes,Dumping
A/RES/43/76A,281428,,Concluding Document of the 12th Special Session; Disarmament; International Security,Review; Implementation
A/RES/43/76B,281429,,Concluding Document of the 12th Special Session;nuclear arms,Review;Implementation;Freeze
A/RES/43/76C,281430,,Concluding Document of the 12th Special Session of the General Assembly; World Disarmament Campaign,Review; Implementation
A/RES/43/76E,281431,,Convention on the Prohibition of the Use of Nuclear Weapons,Review; Implementation
A/RES/43/77A,281432,,Scientific and Technological Developments; International Security,Review; Implementation; Recommendation; Decision
A/RES/43/77B,281433,,Disarmament,Session
A/RES/43/78B,281434,,Non-use of nuclear weapons; Prevention of nuclear war,Review; Implementation
A/RES/43/78C,281435,,Disarmament,Review; Implementation; Recommendation; Decision; International Co-operation
A/RES/43/78D,281436,,Climatic effects of nuclear war; Nuclear winter,Review; Implementation; Recommendation; Decision
A/RES/43/78E,281437,,Nuclear-arms race;nuclear disarmament,Review;Implementation
A/RES/43/78F,281438,,Nuclear War,Review; Implementation; Recommendation; Decision; Prevention
A/RES/43/78I,281439,,Disarmament,Review; Implementation; Recommendation; Decision; Adoption
A/RES/43/78J,281440,,Armaments race;World peace;Security;Economic consequences;Social consequences,Review;Implementation;Recommendation;Decision
A/RES/43/78M,281441,,Disarmament,Review; Implementation; Recommendation; Decision; Adoption
A/RES/43/80,281442,Israel,Nuclear Armament,
A/RES/43/81B,281443,,Verification,Study
A/RES/43/82,281444,,Non-Proliferation of Nuclear Weapons,Implementation; Establishment
A/RES/43/83A,281445,Antarctica,,
A/RES/43/83B,281446,Antarctica,,
A/RES/43/86,281447,,Political Dialogue;International Situation,Improvement
A/RES/43/87,281448,,Declaration on the Preparation of Societies for Life in Peace,Adoption
A/RES/43/88,281449,,Declaration on the Strengthening of International Security; International Security,Review; Implementation
A/RES/43/89,281450,,International peace; Security; Charter of the United Nations,Strengthening
A/RES/43/92,281451,South Africa,Human Rights;Political Assistance;Military Assistance;Economic Assistance;Racism;Colonialism,Enjoyment
A/RES/43/97,281452,,International Convention; Suppression; Punishment; Crime of Apartheid,
A/RES/43/106,281453,Colonial countries;Peoples,Right of peoples to self-determination;Independence;Human rights,Realization;Granting;Guarantee;Observance
A/RES/43/107,281454,,Mercenaries;Human Rights;Right of Peoples to Self-Determination,Violation;Impediment
A/RES/43/110,281455,,Human rights;Scientific and technological developments,Adoption
A/RES/43/113,281456,,Economic rights;Social rights;Cultural rights;Civil rights;Political rights;Indivisibility;Interdependence,
A/RES/43/124,281457,,Property;Human Rights;Fundamental Freedoms,Enjoyment
A/RES/43/125,281458,,United Nations System;Human Rights;Fundamental Freedoms,Improvement
A/RES/43/126,281459,,United Nations System;Human Rights;Fundamental Freedoms,Improvement
A/RES/43/137,281460,Islamic Republic of Iran,Human Rights,
A/RES/43/146,281461,,Migrant Workers;Human Rights;Dignity,Improvement;Ensurance
A/RES/43/156,281462,,Social Life,Improvement
A/RES/43/158,281463,Chile,Human Rights;Fundamental Freedoms,
A/RES/43/160A,281464,Organization of African Unity;League of Arab States,National Liberation Movements,Observer Status
A/RES/43/160B,281465,Organization of African Unity;League of Arab States,National liberation movements;Observer status,Recognition
A/RES/43/162,281466,,International Law;International Economic Order,Development
A/RES/43/163,281467,States,Peaceful settlement of disputes,Settlement
A/RES/43/164,281468,,Crimes against the Peace and Security of Mankind,Draft
A/RES/43/171A,281469,States,Good neighbourliness,
A/RES/43/171B,281470,States,Good neighbourliness,
A/RES/43/178,281472,Palestinian people,Assistance,
A/RES/43/182,281473,,International Development;United Nations Development Decade,Preparation;Strategy
A/RES/43/185,281474,Nicaragua,Trade embargo,
A/RES/43/187,281475,,Money;Finance,Conference
A/RES/43/195,281476,Developing countries,Poverty,International co-operation; Eradication
A/RES/43/197,281477,,Official Development Assistance,Fulfillment
A/RES/43/198,281478,,External debt crisis;Development;Debt problems,Solution
A/RES/43/209,281479,front-line States,Special assistance,
A/RES/43/222B,281480,,Committee on Conferences,Status
A/RES/43/228,281481,,United Nations Disengagement Observer Force,Financing
A/RES/43/229,281482,Lebanon,United Nations Interim Force,Financing
A/RES/43/175A,281673,Palestine,,Resolution
A/RES/43/175B,281674,Palestine,,
A/RES/43/175C,281675,Palestine,,
A/RES/43/176,281676,Palestine,,Resolution
A/RES/43/177,281677,Palestine,,
A/RES/43/233,281687,Palestine,,
A/RES/44/1,281697,South Africa,Death sentence,Passing
A/RES/44/2,281698,Palestinian People,Uprising,
A/RES/44/7,281699,United Nations;League of Arab States,Co-operation,
A/RES/44/9,281700,Comorian island of Mayotte,,
A/RES/44/18,281702,countries of origin,cultural property,return; restitution
A/RES/44/20,281706,South Atlantic,Zone of peace and co-operation,
A/RES/44/22,281707,Kampuchea,,
A/RES/44/24,281708,African,Structural Adjustment Programmes; Socio-Economic Recovery; Transformation,Framework
A/RES/44/26,281709,,Law of the Sea,
A/RES/44/27A,281710,South Africa,Liberation Struggle,Solidarity
A/RES/44/27C,281711,South Africa,Racism,Sanctions
A/RES/44/27D,281712,South Africa,Racism,Imposition;Co-ordination;Monitory
A/RES/44/27E,281713,South Africa,Apartheid economy,International financial pressures
A/RES/44/27F,281714,South Africa;Israel,Relations,
A/RES/44/27G,281715,,Apartheid,Programme of work
A/RES/44/27H,281716,South Africa,Oil embargo,Embargo
A/RES/44/27I,281717,South Africa,Military collaboration,
A/RES/44/27K,281718,,Apartheid,International Action; Elimination
A/RES/44/27L,281719,,Apartheid in Sports,Support
A/RES/44/30,281720,,International Law;International Economic Order,Development
A/RES/44/31,281721,States,Disputes,Peaceful settlement
A/RES/44/32,281722,,Crimes against the Peace and Security of Mankind,Draft
A/RES/44/40A,281723,Middle East,,
A/RES/44/40B,281725,Middle East,,
A/RES/44/40C,281726,Middle East,,
A/RES/44/41A,281727,Palestine,,Resolution
A/RES/44/41B,281728,Palestine,,
A/RES/44/41C,281729,Palestine,,
A/RES/44/42,281730,Palestine,,
A/RES/44/43,281731,Nicaragua,Military activities;Paramilitary activities,Judgement;Compliance
A/RES/44/47A,281732,Palestine,Refugees,Assistance
A/RES/44/47D,281733,Palestine,Higher Education;Palestine Refugees,Offers;Grants;Scholarships
A/RES/44/47E,281734,Palestine; Palestinian territory; Israel,Refugees,
A/RES/44/47F,281735,Palestine,Refugees,Resumption; Distribution
A/RES/44/47G,281736,,Population; Refugees,Return
A/RES/44/47H,281737,Palestine,Refugees;Properties;Revenues,
A/RES/44/47I,281738,Palestine,Protection; Refugees,
A/RES/44/47J,281739,Palestine,Palestine refugees,
A/RES/44/47K,281740,Palestine;Near East;occupied Palestinian territory,Protection;Educational institutions;Security;UN Relief and Works Agency for Palestine Refugees,Safeguarding
A/RES/44/48A,281741,Israel; Occupied Territories,Human Rights,Investigation
A/RES/44/48B,281742,Israel; Occupied Territories,Human Rights,Investigation
A/RES/44/48C,281743,Israel; Occupied Territories,Human Rights,Investigation
A/RES/44/48D,281744,Israel;Occupied Territories,Human Rights,Investigation
A/RES/44/48E,281746,Israel; Occupied Territories,Human Rights,Investigation
A/RES/44/48F,281747,Israel;Occupied Territories,Human Rights,Investigation
A/RES/44/48G,281748,Israel;Occupied Territories,Human Rights,Investigation
A/RES/44/50,281749,,Information,
A/RES/44/56,281750,,World social situation,
A/RES/44/63,281751,,United Nations system;Human rights;Fundamental freedoms,Improvement
A/RES/44/69,281752,,International Convention; Crime of Apartheid,Suppression; Punishment
A/RES/44/79,281753,colonial countries;peoples,right of peoples to self-determination;independence;human rights,realization;granting;guarantee;observance
A/RES/44/81,281754,,Mercenaries;Human Rights;Right of Peoples to Self-Determination,Violation;Impediment
A/RES/44/83,281755,Non-Self-Governing Territories,Information,Transmission
A/RES/44/84,281756,Namibia;southern Africa,Declaration on the Granting of Independence to Colonial Countries and Peoples;colonial domination;colonialism;apartheid;racial discrimination,activities;implementation;efforts;elimination
A/RES/44/85,281757,Colonial Countries;Peoples,Declaration;Independence,Implementation
A/RES/44/100,281758,Colonial Countries;Peoples,Declaration;Independence,Programme of Activities;Observance;Granting
A/RES/44/101,281759,Colonial Countries;Peoples,Declaration;Independence,Implementation;Granting
A/RES/44/102,281760,,Decolonization,Dissemination of information
A/RES/44/104,281761,Latin America,Treaty for the Prohibition of Nuclear Weapons; Additional Protocol I; Treaty of Tlatelolco,Implementation; Signature; Ratification
A/RES/44/105,281762,,Nuclear-test explosions,Cessation
A/RES/44/106,281763,,Nuclear Weapon Tests; Atmosphere; Outer Space; Water,Amendment
A/RES/44/107,281764,,Nuclear-test-ban treaty,Need
A/RES/44/109,281766,South Asia,Nuclear-weapon-free zone,Establishment
A/RES/44/110,281767,non-nuclear-weapon States,security;nuclear weapons,strengthening
A/RES/44/111,281768,non-nuclear-weapon States,nuclear weapons,assurance
A/RES/44/112,281769,,Arms Race; Outer Space,Prevention
A/RES/44/113A,281770,Africa,Denuclearization,Implementation
A/RES/44/113B,281771,South Africa,Nuclear capability,
A/RES/44/114A,281772,,Military Budgets,Reduction
A/RES/44/114B,281773,,Military budgets,
A/RES/44/116A,281774,,Radiological Weapons,Prohibition; Development; Production; Stockpiling; Use
A/RES/44/116B,281775,,Nuclear-arms,Negotiations
A/RES/44/116E,281776,,Military matters,Objective information
A/RES/44/116G,281777,,Disarmament,Implementation
A/RES/44/116H,281778,,Fissionable Material; Weapons,Prohibition; Production
A/RES/44/116J,281779,,Military Resources,Conversion
A/RES/44/116K,281780,,Nuclear-arms,Negotiations
A/RES/44/116M,281781,,Naval armaments; Disarmament,
A/RES/44/116N,281782,,International arms transfers,
A/RES/44/116P,281783,,Defensive security concepts; Policies,
A/RES/44/116R,281784,,Radioactive Wastes,Prohibition; Dumping
A/RES/44/116S,281785,,Conventional disarmament; Regional scale,
A/RES/44/117A,281786,,World Disarmament,Campaign
A/RES/44/117C,281787,,Nuclear Weapons,Prohibition
A/RES/44/117D,281788,,Nuclear-arms,Freeze
A/RES/44/117F,281789,Africa;Asia;Latin America;Caribbean,Peace;Disarmament;Development,
A/RES/44/118A,281790,,Scientific and technological developments; International security,Impact
A/RES/44/118B,281791,,Science and technology; Disarmament,
A/RES/44/119A,281792,,Disarmament,Programme
A/RES/44/119B,281793,,Nuclear weapons;nuclear war,Non-use;prevention
A/RES/44/119D,281794,,Disarmament,Report
A/RES/44/119E,281795,,Nuclear-arms race;nuclear war,Cessation;prevention
A/RES/44/119F,281796,South Pacific,Nuclear-Free-Zone,
A/RES/44/120,281797,Indian Ocean,Zone of Peace;Declaration,Implementation
A/RES/44/121,281798,Israel,Nuclear armament,
A/RES/44/123,281799,,Disarmament;Education,
A/RES/44/126,281800,,International Security,Review; Implementation
A/RES/44/128,281801,,International Covenant on Civil and Political Rights; Death Penalty,Elaboration; Abolition
A/RES/44/130,281802,,Economic rights;Social rights;Cultural rights;Civil rights;Political rights,Indivisibility;Interdependence
A/RES/44/147,281803,States,National sovereignty;Non-interference;Electoral processes,Respect
A/RES/44/166,281804,Chile,Human Rights,
A/RES/44/167,281805,,Human Rights;Fundamental Freedoms,Enlargement;Promotion
A/RES/44/168,281806,Angola,Economic Rehabilitation,International Assistance
A/RES/44/170,281807,States,Economic Rights;Duties,
A/RES/44/174,281808,Palestinian territory,Living conditions,
A/RES/44/181,281809,front-line States,Special assistance,
A/RES/44/205,281810,,External debt problems,Solution
A/RES/44/214,281811,land-locked developing countries,needs;problems,action
A/RES/44/215,281812,developing countries,economic measures;political coercion;economic coercion,means
A/RES/44/217,281813,Nicaragua,Trade Embargo,
A/RES/44/218,281814,,Commodities,
A/RES/44/232,281815,Developing countries,Resource transfer;Economic growth;Sustained development,Impact
A/RES/44/235,281816,Palestinian people,Assistance,
A/RES/44/240,281817,United States of America;Panama;Central America,Military intervention,Effects
A/RES/44/124A,282037,Antarctica,,
A/RES/44/124B,282038,Antarctica,,
A/RES/S-14/1,282055,Namibia,,
A/RES/45/11,282083,Comorian Island of Mayotte,,
A/RES/45/16,282086,Non-Self-Governing Territories,Information,Transmission
A/RES/45/17,282087,Southern Africa,Declaration on the Granting of Independence to Colonial Countries and Peoples; Colonial Domination; Colonialism; Apartheid; Racial Discrimination,Implementation; Efforts; Elimination
A/RES/45/18,282088,Colonial Countries;Peoples,Declaration;Independence,Implementation
A/RES/45/33,282089,Colonial Countries;Peoples,Declaration;Independence,Granting
A/RES/45/34,282090,Colonial Countries;Peoples,Declaration;Independence,Implementation;Granting
A/RES/45/35,282091,,Decolonization,Dissemination of information
A/RES/45/37,282092,Organization of African Unity;League of Arab States,National liberation movements;Observer status,Recognition
A/RES/45/39,282093,,Protection;Security;Safety;Diplomatic and Consular Missions;Representatives,Consideration;Enhancement
A/RES/45/44,282094,,Charter of the United Nations;Role of the Organization,Strengthening
A/RES/45/45,282095,,United Nations procedures,Rationalization
A/RES/45/36,282096,South Atlantic,Zone of peace and co-operation,
A/RES/45/32,282097,Guam,,
A/RES/45/48,282102,Latin America;Caribbean,Prohibition of Nuclear Weapons;Additional Protocol I;Treaty of Tlatelolco,Implementation;Signature;Ratification
A/RES/45/49,282103,,Nuclear-test explosions,Cessation
A/RES/45/50,282104,,Nuclear Weapon Tests; Atmosphere; Outer Space; Water,Amendment
A/RES/45/51,282105,,Nuclear-test-ban treaty,Need
A/RES/45/53,282106,South Asia,Nuclear-weapon-free zone,Establishment
A/RES/45/54,282107,non-nuclear-weapon States,nuclear weapons,assurance
A/RES/45/55A,282108,,Arms Race,Prevention
A/RES/45/55B,282109,,Outer Space,Confidence-Building Measures
A/RES/45/56A,282110,Africa,Denuclearization,Implementation
A/RES/45/56B,282111,South Africa,Nuclear Capability,
A/RES/45/58B,282112,,Nuclear-arms,Negotiations
A/RES/45/58H,282113,,Nuclear-arms,Negotiations
A/RES/45/58J,282114,,Attacks on nuclear facilities,Prohibition
A/RES/45/58K,282115,,Radioactive Wastes,Prohibition; Dumping
A/RES/45/58L,282116,,Fissionable Material; Weapons,Prohibition; Production
A/RES/45/58N,282117,,Military activities;Civilian endeavours;Environment;Resource allocation,Protection;Charting
A/RES/45/58O,282118,,Defensive security concepts;Policies,
A/RES/45/58P,282119,Regional,Disarmament,
A/RES/45/59B,282120,,Nuclear Weapons,Prohibition
A/RES/45/59D,282121,,Nuclear-arms,Freeze
A/RES/45/60,282122,,Scientific and technological developments; International security,Impact
A/RES/45/62C,282123,,Nuclear-arms race;nuclear disarmament;nuclear war,Cessation;prevention
A/RES/45/62D,282124,,Disarmament,Report
A/RES/45/62E,282125,,Disarmament,Programme
A/RES/45/63,282126,Israel,Nuclear armament,
A/RES/45/67A,282127,Palestine,,
A/RES/45/67B,282128,Palestine,,
A/RES/45/67C,282129,Palestine,,
A/RES/45/68,282130,Middle East,International Peace,Conference
A/RES/45/69,282131,Palestinian people,Uprising,
A/RES/45/73A,282135,Palestine,Assistance; Palestine Refugees,
A/RES/45/73D,282136,Palestine,Higher Education;Vocational Training;Refugees,Offers;Grants;Scholarships
A/RES/45/73E,282137,Palestine; Palestinian territory; Israel,Refugees,
A/RES/45/73F,282138,Palestine,Refugees,Resumption; Distribution
A/RES/45/73G,282139,,Population;Refugees,Return
A/RES/45/73H,282140,Palestine,Refugees;Properties;Revenues,
A/RES/45/73I,282141,Palestine,Protection;Refugees,
A/RES/45/73J,282142,Palestine,Palestine refugees,
A/RES/45/73K,282143,Palestinian territory,Protection of Palestinian students; Educational institutions; Security of the facilities of UNRWA,Safeguarding
A/RES/45/74A,282144,Israel;Palestine;Occupied Territories,Human Rights,Investigation
A/RES/45/74B,282145,Israel;Palestine;Occupied Territories,Human Rights,Investigation
A/RES/45/74C,282146,Israel;Palestine;Occupied Territories,Human Rights,Investigation
A/RES/45/74D,282147,Israel;Palestine;Occupied Territories,Human Rights,Investigation
A/RES/45/74G,282148,Israel;Palestine;Occupied Territories,Human Rights,Investigation
A/RES/45/74E,282149,Israel;Palestine;Occupied Territories,Human Rights,Investigation
A/RES/45/74F,282150,Israel;Palestine;Occupied Territories,Human Rights,Investigation
A/RES/45/77,282151,Indian Ocean,Zone of Peace;Declaration,Implementation
A/RES/45/80,282152,,Declaration on the Strengthening of International Security; International Security,Review; Implementation
A/RES/45/82,282153,United Nations;League of Arab States,Co-operation,
A/RES/45/83A,282154,Middle East,,
A/RES/45/83B,282155,Middle East,,
A/RES/45/83C,282156,Middle East,,
A/RES/45/84,282157,South Africa,Human Rights;Political Assistance;Military Assistance;Economic Assistance;Racism;Colonialism,Enjoyment
A/RES/45/87,282158,,World social situation,
A/RES/45/78B,282159,Antarctica,,
A/RES/45/78A,282160,Antarctica,,
A/RES/45/90,282161,,International Convention; Suppression; Punishment; Crime of Apartheid,
A/RES/45/96,282162,,United Nations system;Human rights;Fundamental freedoms,Improvement;Enjoyment
A/RES/45/130,282163,colonial countries;peoples,right of peoples to self-determination;independence;human rights,realization;granting;guarantee;observance
A/RES/45/132,282164,,Mercenaries;Human Rights;Right of Peoples to Self-Determination,Violation;Impediment
A/RES/45/145,282165,,Law of the Sea,
A/RES/45/150,282167,,Principle of periodic and genuine elections,Enhancement
A/RES/45/151,282168,States,National sovereignty;Non-interference;Electoral processes,Respect
A/RES/45/164,282169,World,Indigenous People,International Year
A/RES/45/170,282170,Kuwait,Human Rights,
A/RES/45/176B,282171,,Apartheid,Eradication; Measures
A/RES/45/176C,282172,South Africa,Military collaboration,
A/RES/45/176D,282173,South Africa;Israel,Relations,
A/RES/45/176E,282174,,Apartheid,Programme of work
A/RES/45/176F,282175,South Africa,Oil embargo,Embargo
A/RES/45/176G,282176,,Apartheid in Sports,Support
A/RES/45/183,282178,Palestinian people,Assistance,
A/RES/45/188,282179,,Entrepreneurship,
A/RES/46/9,282474,Comorian Island of Mayotte,,
A/RES/46/10,282476,countries of origin,cultural property,return; restitution
A/RES/46/16,282479,,International Atomic Energy Agency,Report
A/RES/46/19,282481,South Atlantic,Zone of peace; Cooperation,
A/RES/46/24,282484,United Nations;League of Arab States,Cooperation,
A/RES/46/28,282485,,Treaty Banning Nuclear Weapon Tests; Atmosphere; Outer Space; Water,Amendment
A/RES/46/29,282486,,Nuclear-test-ban treaty,Adoption
A/RES/46/31,282487,South Asia,Nuclear-weapon-free zone,Establishment
A/RES/46/32,282488,non-nuclear-weapon States,nuclear weapons,assurance
A/RES/46/33,282489,,Arms Race; Outer Space,Prevention
A/RES/46/34A,282490,Africa; South Africa,Denuclearization; Nuclear Capacity,Implementation
A/RES/46/36I,282491,Regional,Disarmament,
A/RES/46/36J,282492,,Nuclear-arms,Negotiations
A/RES/46/37C,282493,,Concluding Document;nuclear-arms freeze,Review;Implementation
A/RES/46/37D,282494,,Concluding Document of the 12th Special Session; Convention on Prohibition of Use of Nuclear Weapons; Nuclear Weapons,Review; Implementation; Prohibition
A/RES/46/38B,282495,,Disarmament,Review; Implementation; Recommendation; Decision
A/RES/46/38C,282496,,Disarmament,Review; Implementation; Recommendation; Decision; Adoption
A/RES/46/39,282497,Israel,Nuclear armament,
A/RES/46/41A,282498,Antarctica,,
A/RES/46/41B,282499,Antarctica,,
A/RES/46/36D,282500,,Fissionable material; Weapon purposes,Production
A/RES/46/46A,282501,Palestine; Near East,Relief; Assistance; Refugees,Assistance
A/RES/46/46D,282502,Palestine,Higher Education;Palestine Refugees,Offers;Grants;Scholarships
A/RES/46/46E,282503,Palestine; Palestinian territory; Israel,Refugees,
A/RES/46/46F,282504,Palestine,Refugees,Resumption; Distribution
A/RES/46/46G,282505,,Population;Refugees,Return
A/RES/46/46H,282506,Palestine,Refugees;Properties;Revenues,
A/RES/46/46I,282508,Palestine,Protection; Refugees,
A/RES/46/46J,282509,University of Jerusalem; Al-Quds,,
A/RES/46/46K,282510,Palestinian territory,Protection; Educational institutions; Security; UNRWA,Safeguarding
A/RES/46/47A,282511,Israel;Palestine;Occupied Territories,Human Rights,Investigation
A/RES/46/47B,282512,Israel;Palestine;Occupied Territories,Human Rights,Investigation
A/RES/46/47C,282513,Israel;Palestine;Occupied Territories,Human Rights,Investigation
A/RES/46/47D,282514,Israel;Palestine;Occupied Territories,Human Rights,Investigation
A/RES/46/47E,282515,Israel;Palestine;Occupied Territories,Human Rights,Investigation
A/RES/46/47F,282516,Israel;Palestine;Occupied Territories,Human Rights,Investigation
A/RES/46/47G,282517,Israel;Palestine;Occupied Territories,Human Rights,Investigation
A/RES/46/36L,282518,,Transparency in armaments,
A/RES/46/37F,282519,UN Regional Centres,Peace;Disarmament,Review;Implementation
A/RES/46/49,282520,Indian Ocean,Zone of Peace,Implementation; Declaration
A/RES/46/52,282521,,International Law;International Economic Order,Development
A/RES/46/63,282522,Non-Self-Governing Territories,Information,Transmission
A/RES/46/64,282523,southern Africa,foreign economic interests;Declaration on the Granting of Independence to Colonial Countries and Peoples;colonial domination;colonialism;apartheid;racial discrimination,implementation;elimination;efforts
A/RES/46/65,282524,Colonial Countries;Peoples,Declaration;Independence,Implementation
A/RES/46/71,282525,Colonial Countries;Colonial Peoples,Declaration;Independence,Implementation;Granting
A/RES/46/72,282527,,Decolonization,Dissemination of information
A/RES/46/74A,282528,Palestine,,
A/RES/46/74B,282529,Palestine,,
A/RES/46/74C,282530,Palestine,,
A/RES/46/75,282531,Middle East,International Peace,Conference
A/RES/46/76,282532,Palestinian people,Uprising,
A/RES/46/78,282533,,Law of the Sea,
A/RES/46/79B,282534,,Apartheid,Programme of work
A/RES/46/79C,282535,South Africa,Military collaboration,Collaboration
A/RES/46/79D,282536,South Africa;Israel,Relations,
A/RES/46/79E,282537,South Africa,Oil embargo,Embargo
A/RES/46/82A,282540,Middle East,,
A/RES/46/82B,282541,Middle East,,
A/RES/46/84,282542,,International Convention on the Suppression and Punishment of the Crime of Apartheid,Suppression; Punishment
A/RES/46/86,282543,,Racism;Racial Discrimination,Elimination
A/RES/46/87,282544,colonial countries;peoples,right of peoples to self-determination;independence;human rights,realization;granting;guarantee;observance
A/RES/46/89,282545,,Mercenaries;Human Rights;Right of Peoples to Self-Determination,Violation;Impediment
A/RES/46/95,282546,,World social situation,
A/RES/46/117,282547,,United Nations System;Human Rights;Fundamental Freedoms,Improvement
A/RES/46/130,282548,States,National sovereignty;Non-interference;Electoral processes,Respect
A/RES/46/134,282549,Iraq,Human Rights,
A/RES/46/135,282550,Kuwait;Iraq,Human Rights,
A/RES/46/137,282551,,Principle of periodic and genuine elections,Enhancement
A/RES/46/153,282552,Africa,Crime;Treatment of Offenders,Prevention
A/RES/46/162,282553,Palestinian territory,Living conditions,
A/RES/46/199,282554,Israel;Palestinian territory;Jerusalem;Arab territories,Economic effects,
A/RES/46/201,282555,Palestinian people,Assistance,
A/RES/46/210,282556,developing countries,economic measures;political coercion;economic coercion,means
A/RES/46/216,282557,Kuwait;Iraq,Environmental consequences,International cooperation;Mitigation
A/RES/46/242,282811,Bosnia and Herzegovina,,
A/RES/47/1,282817,,Security Council,Recommendation
A/RES/47/8,282824,,International Atomic Energy Agency,Report
A/RES/47/9,282825,Comorian Island of Mayotte,,
A/RES/47/12,282826,United Nations;League of Arab States,Cooperation,
A/RES/47/14,282830,Non-Self-Governing Territories,Information,Transmission
A/RES/47/15,282831,Southern Africa,Foreign economic interests; Declaration on the Granting of Independence to Colonial Countries and Peoples; Colonial domination; Colonialism; Apartheid; Racial discrimination,Implementation; Efforts; Elimination
A/RES/47/16,282832,Colonial Countries;Colonial Peoples,Declaration;Independence,Implementation
A/RES/47/19,282835,United States of America;Cuba,Economic embargo;Commercial embargo;Financial embargo,Ending
A/RES/47/23,282836,Colonial Countries;Colonial Peoples,Declaration;Independence,Implementation;Granting
A/RES/47/24,282837,,Decolonization,Dissemination of information
A/RES/47/29,282838,Organization of African Unity;League of Arab States,National Liberation Movements;Observer Status,Recognition
A/RES/47/43,282847,,Scientific and technological developments; International security,Impact
A/RES/47/46,282848,,Nuclear Weapon Tests; Atmosphere; Outer Space; Water,Amendment
A/RES/47/47,282849,,Nuclear-test-ban treaty,Adoption
A/RES/47/49,282850,South Asia,Nuclear-weapon-free zone,Establishment
A/RES/47/50,282851,non-nuclear-weapon States,nuclear weapons,assurance
A/RES/47/51,282852,,Arms race; Outer space,Prevention
A/RES/47/52A,282853,,Disarmament; Treaty on the Non-proliferation of Nuclear Weapons,Conference; Preparatory Committee
A/RES/47/52C,282854,,Prohibition; Production; Fissionable Material,Prohibition
A/RES/47/52J,282855,Regional,Disarmament,
A/RES/47/53C,282856,,Nuclear Weapons,Prohibition; Use
A/RES/47/53E,282857,,Nuclear-arms,Freeze
A/RES/47/54F,282858,United Nations,Disarmament,Review; Implementation; Recommendation; Decision
A/RES/47/55,282859,Israel,Nuclear armament,
A/RES/47/59,282860,Indian Ocean,Zone of Peace,Implementation
A/RES/47/60A,282861,,International Security,Review; Implementation; Strengthening
A/RES/47/60B,282862,,International Security,Maintenance
A/RES/47/63A,282863,Middle East,,
A/RES/47/63B,282864,Middle East,,
A/RES/47/64A,282865,Palestine,,
A/RES/47/64B,282866,Palestine,,
A/RES/47/64C,282867,Palestine,,
A/RES/47/64D,282868,Palestine,,
A/RES/47/64E,282869,Palestine,,
A/RES/47/65,282870,,Law of the Sea,
A/RES/47/69A,282871,Palestine; Near East,Relief; Assistance; Refugees,Assistance
A/RES/47/69D,282872,Palestine,Refugees,Grant; Scholarship
A/RES/47/69E,282873,Palestine,Refugees,
A/RES/47/69F,282874,Palestine,Refugees,Resumption; Distribution
A/RES/47/69G,282875,,Population;Refugees,Return
A/RES/47/69H,282876,Palestine,Refugees;Properties;Revenues,
A/RES/47/69I,282877,Palestine,Protection;Refugees,
A/RES/47/69J,282878,Jerusalem,,
A/RES/47/69K,282879,Palestine; Near East,Educational Institutions; UN Relief and Works Agency for Palestine Refugees,Protection
A/RES/47/70A,282880,Israel;Palestine;Occupied Territories,Human Rights,Investigation
A/RES/47/70B,282881,Israel;Palestine;Occupied Territories,Human Rights,Investigation
A/RES/47/70C,282882,Israel;Palestine;Occupied Territories,Human Rights,Investigation
A/RES/47/70D,282883,Israel;Palestine;Occupied Territories,Human Rights,Investigation
A/RES/47/70E,282884,Israel;Palestine;Occupied Territories,Human Rights,Investigation
A/RES/47/70F,282885,Israel;Palestine;Occupied Territories,Human Rights,Investigation
A/RES/47/70G,282886,Israel;Palestine;Occupied Territories,Human Rights,Investigation
A/RES/47/74,282887,South Atlantic,Zone of peace; Cooperation,
A/RES/47/53F,282888,Regional,Confidence-building measures,
A/RES/47/81,282890,,International Convention; Suppression; Punishment; Crime of Apartheid,
A/RES/47/82,282891,colonial countries;peoples,right of peoples to self-determination;independence;human rights,realization;granting;guarantee;observance
A/RES/47/84,282892,,Mercenaries;Human Rights;Right of Peoples to Self-Determination,Violation;Impediment
A/RES/47/89,282893,Africa,Crime;Treatment of Offenders,Prevention
A/RES/47/116D,282894,South Africa,Policies of apartheid; Oil embargo,Embargo
A/RES/47/116E,282895,South Africa,Policies of apartheid; Military collaboration,Collaboration
A/RES/47/116F,282896,South Africa; Israel,Policies of apartheid,Relations
A/RES/47/116G,282897,South Africa,Apartheid;Commission against Apartheid in Sports,Support
A/RES/47/121,282898,Bosnia and Herzegovina,,
A/RES/47/130,282899,States,National sovereignty;Non-interference;Electoral processes,Respect
A/RES/47/137,282900,,United Nations System;Human Rights;Fundamental Freedoms,Improvement
A/RES/47/138,282901,,Principle of periodic and genuine elections,Enhancement
A/RES/47/139,282902,Cuba,Human Rights,Resolution
A/RES/47/142,282903,Sudan,,
A/RES/47/145,282904,Iraq,Human Rights,
A/RES/47/146,282905,Islamic Republic of Iran,Human Rights,
A/RES/47/151,282906,Kuwait;Iraq,Environmental consequences,International cooperation;Mitigation
A/RES/47/170,282909,Palestinian people,Assistance,
A/RES/47/172,282910,Israel;Palestine;Jerusalem;Syrian Golan,Economic repercussions;Social repercussions;Israeli settlements,
A/RES/47/198,282911,Developing countries,International debt crisis;Development;External debt problems,International cooperation;Solution
A/RES/47/57,283166,Antarctica,,
A/RES/47/229,283200,,,
A/RES/48/14,283233,,International Atomic Energy Agency,Report
A/RES/48/15,283234,countries of origin,cultural property,return; restitution
A/RES/48/16,283235,United States of America;Cuba,Economic embargo;Commercial embargo;Financial embargo,Ending
A/RES/48/23,283246,South Atlantic,Zone of peace; Cooperation,
A/RES/48/28,283272,,Law of the Sea,
A/RES/48/40A,283273,Palestine,Assistance; Palestine refugees,
A/RES/48/40D,283274,Palestine,Higher Education;Vocational Training;Refugees,Offers;Grants;Scholarships
A/RES/48/40E,283275,Palestine; Palestinian territory; Israel,Refugees,
A/RES/48/40F,283276,,Population;Refugees,Return
A/RES/48/40G,283277,Palestine,Refugees;Properties;Revenues,
A/RES/48/40H,283278,Palestine,Protection; Refugees,
A/RES/48/40I,283279,Palestine,Palestine refugees,
A/RES/48/40J,283280,Palestinian,Protection;Educational Institutions;Security;Facilities;UNRWA,Safeguarding
A/RES/48/41A,283281,Israel;Palestine;Occupied Territories,Human Rights,Investigation
A/RES/48/41B,283282,Israel;Palestine;Occupied Territories,Human Rights,Investigation
A/RES/48/41C,283283,Israel;Palestinian People;Occupied Territories,Human Rights,Investigation
A/RES/48/41D,283284,Israel;Palestine;Occupied Territories,Human Rights,Investigation
A/RES/48/45,283285,Non-Self-Governing Territories,Information,Transmission
A/RES/48/46,283286,Colonial Countries; Territories under colonial domination,Foreign economic interests; Declaration on the Granting of Independence,Implementation
A/RES/48/47,283287,Colonial Countries;Peoples,Declaration;Independence,Implementation
A/RES/48/52,283288,Colonial Countries;Colonial Peoples,Declaration;Independence,Implementation;Granting
A/RES/48/53,283289,,Decolonization,Dissemination of information
A/RES/48/56,283290,Comorian Island of Mayotte,,
A/RES/48/59A,283291,Middle East; Jerusalem,,
A/RES/48/59B,283292,Middle East; Syrian Golan,,
A/RES/48/58,283293,Middle East,Peace Process,
A/RES/48/66,283294,,Scientific and technological developments; International security,Impact
A/RES/48/67,283295,,Science and Technology; International Security; Disarmament,Role
A/RES/48/68,283296,United Nations,Verification,Role
A/RES/48/69,283297,,Treaty Banning Nuclear Weapon Tests; Atmosphere; Outer Space; Water,Amendment
A/RES/48/74A,283298,,Arms Race; Outer Space,Prevention
A/RES/48/75C,283299,,Disarmament,Adoption
A/RES/48/75H,283300,,Illicit transfer; Conventional arms,Measures; Use
A/RES/48/75I,283301,Regional,Disarmament,
A/RES/48/75J,283302,regional;subregional levels,Conventional arms control,
A/RES/48/72,283303,South Asia,Nuclear-weapon-free zone,Establishment
A/RES/48/79,283304,,Conventional Weapons,Prohibition; Restriction
A/RES/48/82,283305,Indian Ocean,Zone of Peace;Declaration,Implementation
A/RES/48/83,283306,,Declaration on the Strengthening of International Security; International Security,Review; Implementation
A/RES/48/84A,283307,,International Security,Maintenance
A/RES/48/76A,283308,regional,confidence-building measures,review; implementation
A/RES/48/76B,283309,,Nuclear Weapons,Prohibition; Use
A/RES/48/78,283311,Israel,Nuclear Armament,
A/RES/48/73,283312,non-nuclear-weapon States,nuclear weapons,assurance
A/RES/48/88,283315,Bosnia and Herzegovina,,
A/RES/48/89,283316,,International Convention on the Suppression and Punishment of the Crime of Apartheid,Suppression; Punishment
A/RES/48/92,283317,,Mercenaries;Human Rights;Right of Peoples to Self-Determination,Violation;Impediment
A/RES/48/94,283318,colonial countries;peoples,right of peoples to self-determination;independence;human rights,realization;granting;guarantee;observance
A/RES/48/101,283319,Africa,Crime;Treatment of Offenders,Prevention
A/RES/48/123,283320,,United Nations System;Human Rights;Fundamental Freedoms,Improvement
A/RES/48/124,283321,States,National sovereignty;Non-interference;Electoral processes,Respect
A/RES/48/131,283322,,Principle of periodic and genuine elections,Enhancement
A/RES/48/142,283323,Cuba,Human Rights,
A/RES/48/144,283324,Iraq,Human Rights,
A/RES/48/145,283325,Islamic Republic of Iran,Human Rights,
A/RES/48/147,283326,Sudan,Human Rights,
A/RES/48/158A,283327,Palestine; Palestinian People,Inalienable Rights,Exercise
A/RES/48/158B,283328,Palestine,,
A/RES/48/158C,283329,,,
A/RES/48/158D,283330,Palestine,Peaceful settlement,Settlement
A/RES/48/168,283331,developing countries,economic measures;political coercion;economic coercion,means
A/RES/48/182,283332,Developing countries,External debt problems,International cooperation; Solution
A/RES/48/212,283333,Israel;Palestine;Jerusalem;Syrian Golan,Economic repercussions;Social repercussions;Israeli settlements,
A/RES/48/80,283556,Antarctica,,
A/RES/48/263,283566,,United Nations Convention on the Law of the Sea,Agreement; Implementation
A/RES/49/9,283584,United States of America;Cuba,Economic embargo;Commercial embargo;Financial embargo,Ending
A/RES/49/10,283587,Bosnia and Herzegovina,,
A/RES/50/38[B],283588,Individual territories,,
A/RES/49/18,283594,Comorian Island of Mayotte,,
A/RES/49/26,283601,South Atlantic,Zone of peace; Cooperation,
A/RES/49/28,283602,,Law of the Sea,
A/RES/49/33,283604,,Peaceful Uses of Outer Space,Enlargement
A/RES/49/35A,283605,Palestine,Assistance; Palestine refugees,
A/RES/49/35C,283606,,Persons displaced; Hostilities,
A/RES/49/35D,283607,Palestine,Grants;Scholarships;Higher Education;Vocational Training;Refugees,Offer
A/RES/49/35E,283608,Palestine;Near East,Relief;Works;Refugees,Operations
A/RES/49/35F,283609,Palestine,Refugees;Properties;Revenues,
A/RES/49/35G,283610,Jerusalem; Al Quds,,
A/RES/49/36A,283611,Israel;Palestine;Occupied Territories,Human Rights,Investigation
A/RES/49/36B,283612,Israel;Palestine;Occupied Territories,Human Rights,Investigation
A/RES/49/36C,283613,Israel;Palestine;Occupied Territories,Human Rights,Investigation
A/RES/49/36D,283614,Israel;Palestine;Occupied Territories,Human Rights,Investigation
A/RES/49/39,283615,Non-Self-Governing Territories,Information,Transmission
A/RES/49/40,283616,Colonial Countries; Territories under colonial domination,Foreign economic interests; Declaration on the Granting of Independence,Implementation
A/RES/49/41,283617,Colonial Countries;Peoples,Declaration;Independence,Implementation
A/RES/49/43,283618,Croatia,Occupied territories,
A/RES/49/52,283619,,Law; Non-navigational uses; International watercourses,Drafting
A/RES/49/58,283620,,Charter of the United Nations;Role of the Organization,Strengthening
A/RES/49/62A,283621,Palestinian People,Inalienable Rights,Exercise
A/RES/49/62B,283622,Palestine,Palestinian Rights,
A/RES/49/62C,283623,Palestine,,
A/RES/49/62D,283624,Palestine,Peaceful settlement,Settlement
A/RES/49/65,283625,,International Atomic Energy Agency,Report
A/RES/49/67,283626,,Scientific and technological developments; International security,Impact
A/RES/49/68,283627,,Science and Technology; International Security; Disarmament,Role
A/RES/49/69,283628,,Treaty Banning Nuclear Weapon Tests; Atmosphere; Outer Space; Water,Amendment
A/RES/49/72,283629,South Asia,Nuclear-weapon-free zone,Establishment
A/RES/49/73,283630,non-nuclear-weapon States,nuclear weapons,assurance
A/RES/49/74,283631,,Arms race; Outer space,Prevention
A/RES/49/75B,283632,,Disarmament Decade,Review
A/RES/49/75C,283633,,Transparency; Armaments,
A/RES/49/75E,283634,,Nuclear Threat,Reduction
A/RES/49/75F,283635,,Treaty on the Non-Proliferation of Nuclear Weapons,Review; Extension; Conference
A/RES/49/75G,283636,States,Illicit traffic in small arms,Assistance; Curbing; Collection
A/RES/49/75H,283637,,Nuclear disarmament; Nuclear weapons,Elimination
A/RES/49/75K,283638,,International Court of Justice; Threat or Use of Nuclear Weapons; Legality,Request; Advisory Opinion
A/RES/49/75N,283639,Regional,Disarmament,
A/RES/49/75O,283640,regional;subregional levels,Conventional arms control,
A/RES/49/75P,283641,,Nuclear-arms;nuclear disarmament,Negotiations
A/RES/49/76E,283642,,Nuclear Weapons,Prohibition
A/RES/49/77D,283643,,Confidence-building measures,Implementation
A/RES/49/78,283644,Middle East,Nuclear Proliferation,Risk
A/RES/49/82,283645,Indian Ocean,Zone of Peace;Declaration,Implementation
A/RES/49/84,283646,South Atlantic region,Nuclear-weapon-free zone,
A/RES/49/87A,283647,Middle East; Jerusalem,,
A/RES/49/87B,283648,Middle East; Syrian Golan,,
A/RES/49/88,283649,Middle East,Peace process,
A/RES/49/89,283650,Colonial Countries;Peoples,Declaration;Independence,Implementation;Granting
A/RES/49/90,283651,,Decolonization,Dissemination of information
A/RES/49/132,283669,Israel;Palestine;Jerusalem;Syrian Golan,Economic repercussions;Social repercussions;Israeli settlements,
A/RES/49/149,283671,Palestinian people,Self-determination,Right
A/RES/49/150,283672,,Mercenaries;Human Rights;Right of Peoples to Self-Determination,Violation;Impediment
A/RES/49/151,283673,Colonial countries;Peoples,Right of peoples to self-determination;Independence;Human rights,Realization;Granting;Guarantee;Observance
A/RES/49/180,283674,States,National sovereignty;Non-interference;Electoral process,Respect
A/RES/49/182,283675,,Freedom of Travel;Family Reunification,Respect
A/RES/49/186,283676,,United Nations System;Human Rights;Fundamental Freedoms,Improvement
A/RES/49/190,283677,,United Nations; Principle of periodic and genuine elections; Democratization,Strengthening; Enhancement; Promotion
A/RES/49/196,283678,Republic of Bosnia and Herzegovina;Republic of Croatia;Federal Republic of Yugoslavia;Serbia and Montenegro,Human Rights,
A/RES/49/198,283679,Sudan,Human Rights,
A/RES/49/200,283680,Cuba,Human Rights,
A/RES/49/202,283681,Islamic Republic of Iran,Human Rights,
A/RES/49/203,283682,Iraq,Human Rights,
A/RES/49/204,283683,Kosovo,Human Rights,
A/RES/49/243,283917,,Women; Equality; Development; Peace,Accreditation; Action
A/RES/50/9,284059,,International Atomic Energy Agency,Report
A/RES/50/10,284060,United States of America;Cuba,Economic embargo;Commercial embargo;Financial embargo,Ending
A/RES/50/11,284061,,Multilingualism,
A/RES/50/18,284062,South Atlantic,Zone of peace; Cooperation,
A/RES/50/21,284093,Middle East,Peace process,
A/RES/50/22A,284094,Jerusalem,,
A/RES/50/22B,284095,Syrian Golan,,
A/RES/50/23,284096,,Law of the sea,
A/RES/50/28A,284097,Palestine,Refugees,Assistance
A/RES/50/28C,284098,,Persons displaced,
A/RES/50/28D,284099,Palestine,Higher Education;Vocational Training;Refugees,Offers;Grants;Scholarships
A/RES/50/28E,284100,,UNRWA,Operations
A/RES/50/28F,284101,Palestine,Refugees;Properties;Revenues,
A/RES/50/28G,284102,Jerusalem; Palestine,Palestine refugees,
A/RES/50/29A,284103,Israel;Palestine;Occupied Territories,Human Rights,Investigation
A/RES/50/29B,284104,Israel;Palestine;Occupied Territories,Human Rights,Investigation
A/RES/50/29C,284105,Israel;Palestine;Occupied Territories,Human Rights,Investigation
A/RES/50/29D,284106,Israel;Palestine;Occupied Territories,Human Rights,Investigation
A/RES/50/32,284107,Non-Self-Governing Territories,Information,Transmission
A/RES/50/33,284108,Colonial Countries; Territories under colonial domination,Foreign economic interests; Declaration on the Granting of Independence,Implementation
A/RES/50/34,284109,Colonial Countries;Peoples,Declaration;Independence,Implementation
A/RES/50/38[A],284110,American Samoa;Anguilla;Bermuda;British Virgin Islands;Cayman Islands;Guam;Montserrat;Pitcairn;St. Helena;Tokelau;Turks and Caicos Islands;United States Virgin Islands,,
A/RES/50/39,284111,Colonial Countries;Peoples,Declaration;Independence,Implementation;Granting
A/RES/50/40,284112,,Decolonization,Dissemination of information
A/RES/50/52,284118,,Charter of the United Nations;Role of the Organization,Strengthening
A/RES/50/56,284119,countries of origin,cultural property,restitution; return
A/RES/50/61,284123,United Nations,Verification,Role
A/RES/50/63,284124,,Science and Technology; International Security; Disarmament,Role
A/RES/50/64,284125,,Treaty Banning Nuclear Weapon Tests,Amendment
A/RES/50/67,284126,South Asia,Nuclear-weapon-free zone,Establishment
A/RES/50/68,284127,Non-nuclear-weapon States,Nuclear weapons,Conclusion; Assurance
A/RES/50/70A,284128,,Nuclear testing,
A/RES/50/70B,284129,,Small arms,
A/RES/50/70C,284130,,Nuclear disarmament;nuclear weapons,elimination
A/RES/50/70D,284132,,Transparency in armaments,
A/RES/50/70F,284133,,Disarmament,Convening
A/RES/50/70I,284134,,Nuclear arms;nuclear disarmament,Negotiations
A/RES/50/70K,284135,Regional,Disarmament,
A/RES/50/70L,284136,regional;subregional levels,Conventional arms control,
A/RES/50/70M,284137,,Environmental norms;Disarmament;Arms control,Observance;Drafting;Implementation
A/RES/50/70N,284138,,Nuclear arms; Nuclear disarmament,Negotiations
A/RES/50/70P,284139,,Nuclear disarmament,
A/RES/50/70Q,284140,,Treaty on the Non-Proliferation of Nuclear Weapons,Review; Extension
A/RES/50/71E,284141,,Nuclear Weapons,Prohibition
A/RES/50/73,284142,Middle East,Nuclear Proliferation,Risk
A/RES/50/76,284143,Indian Ocean,Zone of Peace,Implementation; Declaration
A/RES/50/84A,284145,Palestinian People,Inalienable Rights,Exercise
A/RES/50/84B,284146,Palestine,,
A/RES/50/84C,284147,,Department of Public Information; Secretariat,
A/RES/50/84D,284148,Palestine,Peaceful settlement,Settlement
A/RES/50/96,284151,developing countries,economic measures;political coersion,means
A/RES/50/129,284152,Israel;Palestine;Jerusalem;Syrian Golan,Economic repercussions;Social repercussions;Israeli settlements,
A/RES/50/138,284155,,Mercenaries;Human Rights;Right of People to Self-Determination,Violation;Impediment
A/RES/50/140,284156,Palestinian people,Self-determination,Right
A/RES/50/172,284157,States,National sovereignty;Non-interference;Electoral processes,Respect
A/RES/50/175,284158,,Freedom of Travel;Family Reunification,Respect
A/RES/50/185,284159,,United Nations; Principle of periodic and genuine elections; Democratization,Strengthening; Enhancement; Promotion
A/RES/50/188,284160,Islamic Republic of Iran,Human Rights,
A/RES/50/190,284161,Kosovo,Human Rights,
A/RES/50/191,284162,Iraq,Human Rights,
A/RES/50/193,284163,Republic of Bosnia and Herzegovina;Republic of Croatia;Federal Republic of Yugoslavia;Serbia and Montenegro,Human Rights,
A/RES/50/197,284164,Sudan,Human Rights,
A/RES/50/198,284165,Cuba,Human Rights,
A/RES/50/199,284166,Nigeria,Human Rights,
A/RES/50/62,284470,,Science and Technology;International Security;Disarmament,Role
A/RES/50/69,284471,,Arms Race; Outer Space,Prevention
A/RES/50/22C,284472,Middle East,,
A/RES/50/89B,284473,Lebanon,United Nations Interim Force,Financing
A/RES/51/10,284474,,International Atomic Energy Agency,Report
A/RES/51/19,284475,South Atlantic,Zone of peace; Cooperation,
A/RES/51/17,284476,United States of America;Cuba,Economic embargo;Commercial embargo;Financial embargo,Ending
A/RES/50/245,284477,,Nuclear-test-ban treaty,Comprehensive
A/RES/51/22,284496,,Coercive economic measures;Political compulsion;Economic compulsion,Elimination
A/RES/51/23,284502,Palestinian People,Inalienable Rights,Exercise
A/RES/51/24,284503,Palestine,Division for Palestinian Rights,
A/RES/51/25,284504,Palestine,Information,Programme
A/RES/51/26,284505,Palestine,Peaceful settlement,Settlement
A/RES/51/27,284506,Jerusalem,,
A/RES/51/28,284507,Syrian Golan,,
A/RES/51/29,284508,Middle East,Peace process,
A/RES/51/34,284510,,Law of the Sea,
A/RES/51/39,284512,,Science and Technology;International Security;Disarmament,Role
A/RES/51/40,284513,,Science and Technology; International Security; Disarmament,Role
A/RES/51/42,284514,South Asia,Nuclear-weapon-free zone,Establishment
A/RES/51/43,284515,non-nuclear-weapon States,nuclear weapons,assurance
A/RES/51/44,284516,,Arms race; Outer space,Prevention
A/RES/51/45A,284517,,Non-Proliferation of Nuclear Weapons,Review; Preparation
A/RES/51/45B,284518,southern hemisphere;adjacent areas,nuclear-weapon-free,
A/RES/51/45C,284519,,Disarmament,Convening
A/RES/51/45E,284520,,Environmental norms;Disarmament;Arms control,Observance;Drafting;Implementation
A/RES/51/45G,284521,,Nuclear disarmament;nuclear weapons,Elimination
A/RES/51/45H,284522,,Transparency in armaments,
A/RES/51/45I,284523,,Nuclear arms; Nuclear disarmament,Negotiations
A/RES/51/45K,284524,Regional,Disarmament,
A/RES/51/45M,284525,,International Court of Justice; Legality; Threat; Use; Nuclear Weapons,Advisory Opinion
A/RES/51/45O,284526,,Nuclear disarmament,
A/RES/51/45P,284527,,1925 Geneva Protocol,Measure; Upholding; Authority
A/RES/51/45Q,284528,regional;subregional levels,Conventional arms control,
A/RES/51/45R,284529,,Nuclear arms; Nuclear disarmament,Negotiations
A/RES/51/45S,284530,,Anti-personnel landmines,Agreement; Ban
A/RES/51/46D,284531,,Nuclear Weapons,Prohibition
A/RES/51/47A,284532,,Disarmament,Review; Implementation; Expansion; Membership
A/RES/51/48,284533,Middle East,Nuclear Proliferation,Risk
A/RES/51/51,284534,Indian Ocean,Zone of Peace;Declaration,Implementation
A/RES/51/55,284535,States,International Security;Violent Disintegration,Maintenance;Prevention
A/RES/51/57,284545,Europe,Security,Cooperation
A/RES/51/82,284548,Palestinian people,Self-determination,Right
A/RES/51/83,284549,,Mercenaries;Human Rights;Right of Peoples to Self-Determination,Violation;Impeding;Exercise
A/RES/51/89,284550,,Universal freedom of travel; Family reunification,Respect
A/RES/51/100,284552,,Human Rights,Enhancement;International Cooperation
A/RES/51/103,284553,,Human rights; Unilateral coercive measures,Adoption
A/RES/51/106,284554,Iraq,Human Rights,
A/RES/51/107,284556,Islamic Republic of Iran,Human Rights,
A/RES/51/109,284557,Nigeria,Human Rights,
A/RES/51/111,284558,Kosovo,Human Rights,
A/RES/51/112,284560,Sudan,Human Rights,
A/RES/51/113,284561,Cuba,Human Rights,
A/RES/51/116,284563,Republic of Bosnia and Herzegovina;Republic of Croatia;Federal Republic of Yugoslavia;Serbia and Montenegro,Human Rights,
A/RES/51/124,284564,Palestine,Refugees,Assistance
A/RES/51/126,284565,,Persons displaced,
A/RES/51/127,284566,Palestine,Higher Education;Vocational Training;Refugees,Offers;Grants;Scholarships
A/RES/51/128,284567,Palestine; Near East,Relief; Works Agency; Refugees,Operations
A/RES/51/129,284568,Palestine,Refugees;Properties;Revenues,
A/RES/51/130,284569,Palestine,Palestine refugees,
A/RES/51/131,284570,Israel;Palestinian People;Occupied Territories,Human Rights,Investigation
A/RES/51/132,284571,Palestinian territory;Jerusalem;Arab territories,Geneva Convention;Protection of Civilian Persons;Time of War,Applicability
A/RES/51/133,284572,Israel;Palestinian territory;Jerusalem;Syrian Golan,Israeli settlements,
A/RES/51/134,284573,Israel;Palestine;Jerusalem,Human Rights,Practice
A/RES/51/135,284574,Syrian Golan,,
A/RES/51/136,284575,,Peacekeeping Operations,Review
A/RES/51/138B,284576,,Public Information,Policy; Activity
A/RES/51/139,284577,Non-Self-Governing Territories,Information,Transmission
A/RES/51/140,284578,Colonial Countries;Colonial Territories,Foreign Economic Interests;Declaration on the Granting of Independence;Colonial Domination,Implementation
A/RES/51/141,284579,Colonial Countries;Peoples,Declaration;Independence,Implementation
A/RES/51/146,284580,Colonial Countries;Colonial Peoples,Declaration;Independence,Implementation;Granting
A/RES/51/147,284581,,Decolonization,Dissemination of information
A/RES/51/190,284599,Palestinian territory;Jerusalem;Syrian Golan,Permanent sovereignty;Natural resources,
A/RES/51/193,284607,,Security Council,Report
A/RES/51/30I,284609,Sudan,Emergency assistance,
A/RES/51/203,284610,Bosnia and Herzegovina,,
A/RES/51/205,284611,,World Television,Proclamation
A/RES/51/217,284612,,United Nations pension system,
A/RES/51/223,284771,Israel;Palestinian territory;East Jerusalem,Israeli settlement activities,
A/RES/ES-10/2,284784,Israel;East Jerusalem;Palestinian Territory,Illegal actions;Occupation,
A/RES/ES-10/3,284828,Israeli; East Jerusalem; Palestinian Territory,Illegal actions,
A/RES/51/229,284833,,International Watercourses,Convention
A/RES/51/233,284834,Lebanon,United Nations Interim Force,Financing
A/RES/52/10,284860,United States of America;Cuba,Economic embargo;Commercial embargo;Financial embargo,Ending
A/RES/52/11,284862,,International Atomic Energy Agency,Report
A/RES/ES-10/4,284863,Israel;East Jerusalem;Palestinian Territory,Illegal actions,
A/RES/52/14,284868,South Atlantic,Zone of peace; Cooperation,
A/RES/52/22,284872,Europe,Security;Cooperation,Cooperation
A/RES/52/24,284873,countries of origin,cultural property,return; restitution
A/RES/52/26,284874,,Oceans;Law of the Sea,
A/RES/52/33,284893,,Science and Technology;International Security;Disarmament,Role
A/RES/52/35,284894,South Asia,Nuclear-weapon-free zone,Establishment
A/RES/52/36,284895,non-nuclear-weapon States,nuclear weapons,assurance
A/RES/52/37,284896,,Arms Race; Outer Space,Prevention
A/RES/52/38A,284897,,Anti-personnel Mines,Prohibition; Use; Stockpiling; Production; Transfer; Destruction
A/RES/52/38B,284898,,Transparency; Armaments,
A/RES/52/38E,284899,,Environmental Norms;Disarmament;Arms Control,Observance;Drafting;Implementation
A/RES/52/38H,284900,,Anti-personnel landmines,Banning; Contributions
A/RES/52/38J,284901,,Small arms,
A/RES/52/38K,284902,,Nuclear disarmament;nuclear weapons,Elimination
A/RES/52/38L,284903,,Nuclear disarmament,
A/RES/52/38M,284904,,Nuclear arms; Nuclear disarmament,Negotiations
A/RES/52/38N,284905,Southern Hemisphere,Nuclear-weapon-free,
A/RES/52/38O,284906,,Legality;Threat;Use;Nuclear Weapons,Advisory Opinion
A/RES/52/38Q,284907,,Conventional arms control; Regional level; Subregional level,
A/RES/52/38R,284908,,Transparency in armaments,
A/RES/52/39C,284909,,Nuclear Weapons,Prohibition
A/RES/52/40C,284910,,Disarmament,Role
A/RES/52/41,284911,Middle East,Nuclear Proliferation,Risk
A/RES/52/44,284913,Indian Ocean,Zone of Peace;Declaration,Implementation
A/RES/52/49,284914,Palestinian People,Inalienable Rights,Exercise
A/RES/52/50,284915,Palestine,Palestinian Rights,
A/RES/52/51,284916,Palestine,Information Programme,Question
A/RES/52/52,284917,Palestine,Peaceful settlement,Settlement
A/RES/52/53,284918,Jerusalem,,
A/RES/52/54,284919,Middle East;Syrian Golan,,
A/RES/52/57,284920,Palestine,Refugees,Assistance
A/RES/52/59,284921,,Persons displaced; Hostilities,
A/RES/52/60,284922,Palestine,Higher Education;Vocational Training;Refugees,Offers;Grants;Scholarships
A/RES/52/61,284923,Palestine; Near East,Relief; Works; Refugees,Operations
A/RES/52/62,284924,Palestine,Refugees;Properties;Revenues,
A/RES/52/63,284925,Jerusalem; Palestine,Refugees,
A/RES/52/64,284926,Israel;Palestine;Occupied Territories,Human Rights,Investigation
A/RES/52/65,284927,Palestinian territory;Jerusalem;Arab territories,Geneva Convention;Protection of Civilian Persons;Time of War,Applicability
A/RES/52/66,284928,Israel;Palestinian territory;Jerusalem;Syrian Golan,Israeli settlements,
A/RES/52/67,284929,Israel;Palestine;Jerusalem,Human Rights,Practice
A/RES/52/68,284930,Syrian Golan,,
A/RES/52/71,284931,Non-Self-Governing Territories,Information,Transmission
A/RES/52/72,284932,Non-Self-Governing Territories,Economic Activities;Interests of the Peoples,
A/RES/52/73,284933,Colonial Countries;Colonial Peoples,Declaration;Independence,Implementation
A/RES/52/78,284934,Colonial Countries;Peoples,Declaration;Independence,Implementation;Granting
A/RES/52/79,284935,,Decolonization,Dissemination of information
A/RES/52/112,284937,,Mercenaries;Human Rights;Rights of Peoples;Self-Determination,Violation;Impeding
A/RES/52/114,284938,Palestinian people,Self-determination,Right
A/RES/52/119,284939,States,National sovereignty;Non-interference;Electoral processes,Respect
A/RES/52/120,284940,,Human rights; Unilateral coercive measures,Adoption
A/RES/52/121,284941,,Universal freedom of travel; Family reunification,Respect
A/RES/52/129,284942,,United Nations; Principle of periodic and genuine elections; Democratization,Strengthening; Enhancement; Promotion
A/RES/52/131,284943,,Human Rights,Strengthening; Promotion; International Cooperation
A/RES/52/133,284944,,Human rights;Terrorism,Adoption
A/RES/52/136,284945,,Right to development,
A/RES/52/139,284946,Kosovo,Human Rights,
A/RES/52/140,284947,Sudan,Human Rights,
A/RES/52/141,284948,Iraq,Human Rights,
A/RES/52/142,284949,Islamic Republic of Iran,Human Rights,
A/RES/52/143,284950,Cuba,Human Rights,
A/RES/52/144,284951,Nigeria,Human Rights,
A/RES/52/147,284952,Bosnia and Herzegovina;Republic of Croatia;Federal Republic of Yugoslavia,Human Rights,
A/RES/52/169F,284953,Sudan,Emergency assistance,
A/RES/52/181,284954,developing countries,unilateral economic measures; political coercion; economic coercion,means
A/RES/52/207,284955,Palestinian territory;Jerusalem;Syrian Golan,Permanent sovereignty;Natural resources,
A/RES/53/21,285234,,International Atomic Energy Agency,Report
A/RES/53/34,285260,South Atlantic,Zone of peace; Cooperation,
A/RES/53/37,285263,Jerusalem,,
A/RES/53/38,285264,Middle East;Syrian Golan,,
A/RES/53/39,285265,Palestinian People,Inalienable Rights,Exercise
A/RES/53/40,285266,Palestinian,,
A/RES/53/41,285267,Palestine,Information Programme,Question
A/RES/53/42,285268,Palestine,Peaceful settlement,Settlement
A/RES/53/46,285269,Palestine,Refugees,Assistance
A/RES/53/48,285270,,Persons displaced,
A/RES/53/49,285271,Palestine,Higher Education;Vocational Training;Refugees,Offers;Grants;Scholarships
A/RES/53/50,285272,Palestine; Near East,Relief; Works; Refugees,Operations
A/RES/53/51,285273,Palestine,Refugees;Properties;Revenues,
A/RES/53/52,285274,Palestine,Palestine refugees,
A/RES/53/53,285275,Israel;Palestine;Occupied Territories,Human Rights,Investigation
A/RES/53/54,285276,Palestinian territory; Jerusalem; Arab territories,Geneva Convention; Protection of Civilian Persons; Time of War,Applicability
A/RES/53/55,285277,Israel;Palestinian territory;Jerusalem;Syrian Golan,Israeli settlements,
A/RES/53/56,285278,Israel;Palestine;Jerusalem,Human Rights,Practice
A/RES/53/57,285279,Syrian Golan,,
A/RES/53/60,285280,Non-Self-Governing Territories,Information,Transmission
A/RES/53/61,285281,Non-Self-Governing Territories,Economic Activities;Interests of the Peoples,
A/RES/53/62,285282,Colonial Countries;Peoples,Declaration;Independence,Implementation
A/RES/53/68,285283,Colonial Countries;Peoples,Declaration;Independence,Implementation;Granting
A/RES/53/69,285284,,Decolonization,Dissemination of information
A/RES/53/71,285287,,International Security;Violent Disintegration of States,Prevention
A/RES/53/73,285288,,Science and Technology;International Security;Disarmament,
A/RES/53/75,285289,non-nuclear-weapon States,nuclear weapons,assurance
A/RES/53/76,285290,,Arms race; Outer space,Prevention
A/RES/53/77E,285291,,Small arms,
A/RES/53/77F,285292,,Nuclear Danger,Reduction
A/RES/53/77G,285293,,Nuclear testing,Adoption
A/RES/53/77H,285294,Regional,Disarmament,
A/RES/53/77J,285295,,Environmental Norms;Disarmament;Arms Control,Observance;Drafting;Implementation
A/RES/53/77L,285296,,Geneva Protocol,Measure; Upheld Authority
A/RES/53/77N,285297,,Anti-Personnel Mines,Prohibition; Use; Stockpiling; Production; Transfer; Destruction
A/RES/53/77P,285298,regional;subregional levels,Conventional arms control,
A/RES/53/77Q,285299,Southern Hemisphere; Adjacent Areas,Nuclear-weapon-free,
A/RES/53/77S,285300,,Transparency; Armaments,
A/RES/53/77U,285301,,Nuclear disarmament;nuclear weapons,Elimination
A/RES/53/77V,285302,,Transparency in armaments,
A/RES/53/77W,285303,,International Court of Justice; Legality; Threat or Use of Nuclear Weapons,Follow-up
A/RES/53/77X,285304,,Nuclear disarmament,
A/RES/53/77Y,285305,,Nuclear-weapon-free world,Agenda
A/RES/53/77Z,285306,,Nuclear arms; Nuclear disarmament,Negotiations
A/RES/53/78[D],285307,,Nuclear Weapons,Prohibition
A/RES/53/80,285308,Middle East,Nuclear Proliferation,Risk
A/RES/53/85,285309,Europe,Security;Cooperation,Cooperation
A/RES/53/135,285318,,Mercenaries;Human Rights;Right of Peoples to Self-Determination,Violation;Impeding
A/RES/53/136,285319,Palestinian people,Self-determination,Right
A/RES/53/141,285320,,Human rights; Unilateral coercive measures,Adoption
A/RES/53/143,285321,,Universal freedom of travel; Family reunification,Respect
A/RES/53/155,285322,,Right to development,
A/RES/53/157,285323,Iraq,Human Rights,
A/RES/53/158,285324,Islamic Republic of Iran,Human Rights,
A/RES/53/163,285325,Bosnia and Herzegovina;Republic of Croatia;Federal Republic of Yugoslavia;Serbia and Montenegro,Human Rights,
A/RES/53/164,285326,Kosovo,Human Rights,
A/RES/53/196,285330,Palestinian people;Palestinian territory;Jerusalem;Arab population;Syrian Golan,Permanent sovereignty;Natural resources,
A/RES/52/237,285523,Lebanon,United Nations Interim Force,Financing
A/RES/52/250,285524,Palestine,Participation,Work
A/RES/53/4,285525,United States of America;Cuba,Economic embargo;Commercial embargo;Financial embargo,Ending
A/RES/53/10,285526,,Coercive economic measures;Political compulsion;Economic compulsion,Elimination
A/RES/53/32,285527,,Oceans;Law of the Sea,
A/RES/53/227,285559,Lebanon,United Nations Interim Force,Financing
A/RES/54/31,404018,,Oceans; Law of the Sea,
A/RES/54/35,404019,South Atlantic,Zone of peace; Cooperation,
A/RES/54/26,404021,,International Atomic Energy Agency,Report
A/RES/54/37,404022,Jerusalem,,
A/RES/54/38,404023,Syrian Golan,,
A/RES/54/39,404024,Palestinian people,Inalienable Rights,Exercise
A/RES/54/40,404025,Palestinian,Rights,
A/RES/54/41,404026,Palestine,Information programme,
A/RES/54/42,404028,Palestine,Peaceful settlement,Settlement
A/RES/54/47,404029,Indian Ocean,Zone of Peace,Implementation; Declaration
A/RES/54/50,404030,,Science and Technology;International Security;Disarmament,
A/RES/54/52,404031,non-nuclear-weapon States,nuclear weapons,assurance
A/RES/54/53,404032,,Arms Race; Outer Space,Prevention
A/RES/54/54A,404033,,Treaty on the Limitation of Anti-Ballistic Missile System,Preservation; Compliance
A/RES/54/54B,404034,,Convention on the Prohibition of the Use Stockpiling Production and Transfer of Anti-personnel Mines; Destruction,Implementation
A/RES/54/54D,404035,,Nuclear disarmament;nuclear weapons,Elimination
A/RES/54/54F,404036,,Missiles,
A/RES/54/54G,404037,,Nuclear-weapon-free world,Agenda
A/RES/54/54I,404038,,Transparency in armaments,
A/RES/54/54K,404039,,Nuclear Danger,Reduction
A/RES/54/54L,404040,Southern Hemisphere; Adjacent Areas,Nuclear-weapon-free,
A/RES/54/54M,404041,regional;subregional,Conventional arms control,
A/RES/54/54O,404042,,Transparency; Armaments,
A/RES/54/54P,404043,,Nuclear disarmament,
A/RES/54/54Q,404044,,International Court of Justice; Legality; Threat or Use of Nuclear Weapons,Follow-up
A/RES/54/54S,404045,,Environmental Norms;Disarmament;Arms Control,Observance;Drafting;Implementation
A/RES/54/55D,404046,,Nuclear Weapons,Prohibition
A/RES/54/57,404047,Middle East,Nuclear Proliferation,Risk
A/RES/54/62,404048,South-Eastern Europe,International Security;Stability;Development,Maintenance
A/RES/54/63,404049,,Nuclear-Test-Ban Treaty,Comprehensiveness
A/RES/54/21,404052,United States of America;Cuba,Economic embargo;Commercial embargo;Financial embargo,Ending
A/RES/54/69,404054,Palestine,Refugees,Assistance
A/RES/54/71,404055,,Persons displaced,
A/RES/54/72,404056,Palestine,Higher Education;Vocational Training;Refugees,Offers;Grants;Scholarships
A/RES/54/73,404057,Palestine; Near East,Relief; Works; Refugees,Operation
A/RES/54/74,404058,Palestine,Refugees;Properties;Revenues,
A/RES/54/75,404059,Jerusalem; Palestine,Palestine refugees,
A/RES/54/76,404060,Israel;Palestine;Occupied Territories,Human Rights,Investigation
A/RES/54/77,404061,Palestinian Territory; Jerusalem; Arab territories,Geneva Convention; Protection of Civilian Persons; Time of War,Applicability
A/RES/54/78,404062,Israel;Palestinian Territory;Jerusalem;Syrian Golan,Israeli settlements,
A/RES/54/79,404063,Israel;Palestine;Occupied Palestinian Territory;Jerusalem,Human Rights,Practice
A/RES/54/80,404064,Syrian Golan,,
A/RES/54/83,404065,Non-Self-Governing Territories,Information,Transmission
A/RES/54/84,404066,Non-Self-Governing Territories,Economic activities; Interests of the peoples,
A/RES/54/85,404067,Colonial Countries;Peoples,Declaration;Independence,Implementation
A/RES/54/91,404068,Colonial Countries;Peoples,Declaration;Independence,Implementation;Granting
A/RES/54/92,404069,,Decolonization,Dissemination of information
A/RES/54/117,404531,Europe,Security,Cooperation
A/RES/54/54V,404532,,Small arms,
A/RES/54/151,404565,,Mercenaries;Human Rights;Right of Peoples to Self-Determination,Violation;Impediment
A/RES/54/152,404566,Palestinian people,Self-determination,Right
A/RES/54/164,404567,,Human rights;Terrorism,Adoption
A/RES/54/165,404568,,Globalization;Human Rights,Enjoyment
A/RES/54/168,404569,States,National sovereignty;Non-interference;Electoral processes,Respect
A/RES/54/169,404570,,Universal freedom of travel; Family reunification,Respect
A/RES/54/172,404571,,Human rights; Unilateral coercive measures,Adoption
A/RES/54/173,404580,,United Nations; Principle of periodic and genuine elections; Democratization,Strengthening; Enhancement; Promotion
A/RES/54/175,404581,,Right to Development,
A/RES/54/177,404582,Islamic Republic of Iran,Human rights,
A/RES/54/178,404583,Iraq,Human rights,Situation
A/RES/54/179,404584,Democratic Republic of the Congo,Human Rights,
A/RES/54/182,404585,Sudan,Human Rights,
A/RES/54/183,404586,Kosovo,Human Rights,
A/RES/54/184,404587,Bosnia and Herzegovina;Republic of Croatia;Federal Republic of Yugoslavia;Serbia;Montenegro,Human Rights,
A/RES/54/197,404946,Developing countries,International financial system;Development,Responsiveness
A/RES/54/200,404978,developing countries,unilateral economic measures; political coercion; economic coercion,means
A/RES/54/230,404979,Palestinian territory;Jerusalem;Syrian Golan,Permanent sovereignty;Natural resources,
A/RES/54/110,405168,,International Terrorism,Elimination
A/RES/54/267,422519,Lebanon,UN Interim Force,Financing
A/RES/ES-10/6,426078,Israel;East Jerusalem;Palestinian Territory,Illegal actions,
A/RES/55/20,426217,United States of America;Cuba,Economic embargo;Commercial embargo;Financial embargo,Ending
A/RES/55/6,426984,,Unilateral coercive economic measures; Extraterritorial coercive economic measures; Political compulsion; Economic compulsion,Elimination
A/RES/55/7,426989,,Oceans;Law of the Sea,
A/RES/55/8,426997,,Pelagic drift-net fishing; Unauthorized fishing; Zones of national jurisdiction; High seas; Fisheries by-catch; Discards,
A/RES/ES-10/7,427081,Israel;East Jerusalem;Palestinian Territory,Illegal actions,
A/RES/ES-10/5,427247,Israel;East Jerusalem;Palestinian Territory,Illegal actions,
A/RES/55/29,427520,,Science and Technology;International Security;Disarmament,
A/RES/55/31,427521,Non-nuclear-weapon States,International arrangements; Nuclear weapon,Assurance
A/RES/55/32,427522,,Arms Race; Outer Space,Prevention
A/RES/55/33[A],427523,,Missiles,
A/RES/55/33[B],427524,,Treaty on the Limitation of Anti-Ballistic Missile System,Preservation; Compliance
A/RES/55/33[C],427525,,Nuclear-weapon-free world,Need; Agenda
A/RES/55/33[D],427526,,Treaty on the Non-Proliferation of Nuclear Weapons,Review Conference
A/RES/55/33[I],427527,southern hemisphere;adjacent areas,Nuclear-weapon-free,
A/RES/55/33[J],427528,,Geneva Protocol,Measure; Upheld Authority
A/RES/55/33[K],427529,,Environmental Norms;Disarmament;Arms Control,Observance;Drafting;Implementation
A/RES/55/33[N],427530,,Nuclear Danger,Reduction
A/RES/55/33[P],427531,regional;subregional levels,Conventional arms control,
A/RES/55/33[R],427532,,Nuclear Weapons,Elimination
A/RES/55/33[T],427533,,Nuclear disarmament,
A/RES/55/33[U],427534,,Transparency in armaments,
A/RES/55/33[V],427535,,Convention on the Prohibition of the Use Stockpiling Production and Transfer of Anti-personnel Mines; Destruction,Implementation
A/RES/55/33[X],427536,,International Court of Justice; Legality; Threat or Use of Nuclear Weapons,Follow-up
A/RES/55/34[G],427537,,Nuclear Weapons,Prohibition
A/RES/55/36,427538,Middle East,Nuclear Proliferation,Risk
A/RES/55/41,427539,,Nuclear-Test-Ban Treaty,Comprehensiveness
A/RES/55/49,428379,South Atlantic,Zone of peace; Cooperation,
A/RES/55/50,428568,Jerusalem,,
A/RES/55/51,428569,Syrian Golan,,
A/RES/55/52,428570,Palestinian People,Inalienable Rights,Exercise
A/RES/55/53,428571,Palestine,Palestinian Rights,
A/RES/55/54,428572,Palestine,Information,Programme
A/RES/55/55,428573,Palestine,Peaceful settlement,Settlement
A/RES/55/66,428793,,Crimes against women,Elimination
A/RES/55/86,428794,,Mercenaries;Human Rights;Right of Peoples to Self-Determination,Violation;Impeding
A/RES/55/87,428795,Palestinian people,Self-determination,Right
A/RES/55/92,428797,,Protection of migrants,
A/RES/55/96,428798,,Democracy,Promotion; Consolidation
A/RES/55/100,428799,,Universal freedom of travel; Family reunification,Respect
A/RES/55/101,428800,,Charter of the United Nations;Human Rights;Fundamental Freedoms;International Problems;Humanitarian Character,Respect;International Cooperation;Promotion;Encouragement;Solving
A/RES/55/102,428801,,Globalization;Human Rights,Enjoyment
A/RES/55/107,428802,,Democratic order;Equitable international order,Promotion
A/RES/55/110,428803,,Human rights; Unilateral coercive measures,Adoption
A/RES/55/114,428804,Islamic Republic of Iran,Human Rights,
A/RES/55/115,428805,Iraq,Human rights,
A/RES/55/116,428806,Sudan,Human Rights,
A/RES/55/117,428807,Democratic Republic of the Congo,Human Rights,
A/RES/55/123,429139,Palestine,Refugees,Assistance
A/RES/55/125,429140,,Persons displaced; Hostilities,
A/RES/55/126,429141,Palestine,Higher Education;Vocational Training;Refugees,Offers;Grants;Scholarships
A/RES/55/127,429142,Palestine; Near East,Relief; Works; Refugees,Operation
A/RES/55/128,429143,Palestine,Refugees;Properties;Revenues,
A/RES/55/129,429144,Palestine,Palestine refugees,
A/RES/55/130,429145,Israel;Palestine;Occupied Territories,Human Rights,Investigation
A/RES/55/131,429146,Palestinian territory;Jerusalem;Arab territories,Geneva Convention;Protection of Civilian Persons;Time of War,Applicability
A/RES/55/132,429147,Israel;Palestinian Territory;Jerusalem;Syrian Golan,Israeli settlements,
A/RES/55/133,429148,Israel;Palestine;Occupied Palestinian Territory;Jerusalem,Human Rights,Practice
A/RES/55/134,429149,Syrian Golan,,
A/RES/55/137,429150,Non-Self-Governing Territories,Information,Transmission
A/RES/55/138,429151,Non-Self-Governing Territories,Economic Activities;Interests of the Peoples,
A/RES/55/139,429152,Colonial Countries;Peoples,Declaration;Independence,Implementation
A/RES/55/145,429153,,Decolonization,Dissemination of information
A/RES/55/146,429154,,Colonialism,Eradication
A/RES/55/147,429155,Colonial Countries;Peoples,Declaration;Independence,Implementation;Granting
A/RES/55/158,429344,,International Terrorism,Elimination; Measures
A/RES/55/179,429857,Europe,Security;Cooperation,Cooperation
A/RES/55/180A,429858,Lebanon,United Nations Interim Force,Financing
A/RES/55/209,429936,Palestinian Territory;Jerusalem;Syrian Golan,Permanent sovereignty;Natural resources,
A/RES/55/180B,442961,Lebanon,United Nations Interim Force,Financing
A/RES/56/16,453666,Indian Ocean,Zone of Peace;Declaration,Implementation
A/RES/56/12,453671,,Oceans;Law of the Sea,
A/RES/56/22,453713,non-nuclear-weapon States,nuclear weapons,assurance
A/RES/56/20,453721,,Science and Technology;International Security;Disarmament,
A/RES/56/23,453722,,Arms Race; Outer Space,Prevention
A/RES/56/24[A],453723,,Treaty on the Limitation of Anti-Ballistic Missile Systems,Preservation; Compliance
A/RES/56/24[B],453724,,Missiles,
A/RES/56/24[C],453725,,Nuclear Danger,Reduction
A/RES/56/24[F],453726,,Environmental Norms;Disarmament;Arms Control,Observance;Drafting;Implementation
A/RES/56/24[G],453727,southern hemisphere;adjacent areas,Nuclear-weapon-free,
A/RES/56/24[I],453728,regional;subregional levels,Conventional arms control,
A/RES/56/24[M],453731,,Convention on the Prohibition of the Use Stockpiling Production and Transfer of Anti-personnel Mines; Destruction,Implementation
A/RES/56/24[N],453733,,Nuclear weapons,Elimination
A/RES/56/24[O],453735,,Treaty on the Non-Proliferation of Nuclear Weapons,Review Conference; Preparatory Committee
A/RES/56/24[Q],453736,,Transparency in armaments,
A/RES/56/24[R],453738,,Nuclear disarmament,
A/RES/56/24[S],453740,,International Court of Justice; Legality; Threat or Use of Nuclear Weapons,Follow-up
A/RES/56/25B,453747,,Nuclear Weapons,Prohibition
A/RES/56/27,453748,Middle East,Nuclear Proliferation,Risk
A/RES/56/31,453749,Jerusalem,,
A/RES/56/32,453750,Syrian Golan,,
A/RES/56/33,453751,Palestinian People,Inalienable Rights,Exercise
A/RES/56/34,453753,Palestine,Division for Palestinian Rights,
A/RES/56/35,453754,Palestine,Information,Programme
A/RES/56/36,453755,Palestine,Peaceful settlement,Settlement
A/RES/56/49,454252,,Comprehensive Nuclear-Test-Ban Treaty Organization,Cooperation
A/RES/56/52,454253,Palestine,Refugees,Assistance
A/RES/56/54,454254,,Persons displaced,
A/RES/56/55,454255,Palestine,Higher Education;Vocational Training;Refugees,Offers;Grants;Scholarships
A/RES/56/56,454256,Palestine; Near East,Relief; Works; Refugees,Operations
A/RES/56/57,454257,Palestine,Refugees;Properties;Revenues,
A/RES/56/58,454263,Palestine,Palestine refugees,
A/RES/56/59,454271,Israel;Palestine;Occupied Territories,Human Rights,Investigation
A/RES/56/60,454275,Palestinian Territory;Jerusalem;Arab territories,Geneva Convention;Protection of Civilian persons;Time of War,Applicability
A/RES/56/61,454280,Israel;Palestinian Territory;Jerusalem;Syrian Golan,Israeli settlements,
A/RES/56/62,454283,Israel;Palestine;Jerusalem,Human Rights,Practice
A/RES/56/63,454287,Syrian Golan,,
A/RES/56/65,454290,Non-Self-Governing Territories,Information,Transmission
A/RES/56/66,454291,Non-Self-Governing Territories,Economic Activities;Interests of the Peoples,
A/RES/56/67,454294,Colonial Countries;Peoples,Declaration;Independence,Implementation
A/RES/56/73,454296,,Decolonization,Dissemination of information
A/RES/56/74,454297,Colonial Countries; Peoples,Declaration; Independence,Implementation; Granting
A/RES/56/94,454728,,International Atomic Energy Agency,Report
A/RES/56/142,454775,Palestinian people,Self-determination,Right
A/RES/56/146,454776,,Human Rights Instruments;Geographical Distribution,Equitable Distribution
A/RES/56/148,454777,,Human rights; Unilateral coercive measures,
A/RES/56/150,454778,,Right to Development,
A/RES/56/151,454779,,Democratic order;Equitable international order,Promotion
A/RES/56/152,454783,,Charter of the United Nations;Human Rights;Fundamental Freedoms;International Problems;Humanitarian Character,International Cooperation;Promotion;Encouragement;Solving
A/RES/56/154,454789,States,National sovereignty;Non-interference;Electoral processes;Human rights,Respect;Promotion;Protection
A/RES/56/155,454814,,Right to Food,
A/RES/56/159,454821,,United Nations;Principle of periodic and genuine elections;Democratization,Strengthening;Enhancement;Promotion
A/RES/56/160,454822,,Human rights; Terrorism,Adoption
A/RES/56/165,454825,,Globalization;Human Rights,Enjoyment
A/RES/56/171,454826,Islamic Republic of Iran,Human Rights,
A/RES/56/173,454829,Democratic Republic of the Congo,Human Rights,
A/RES/56/174,454845,Iraq,Human Rights,
A/RES/56/175,454848,Sudan,Human Rights,
A/RES/ES-10/8,455251,Israel;East Jerusalem;Palestinian Territory,Illegal actions,
A/RES/ES-10/9,455262,Israel;East Jerusalem;Palestinian Territory,Illegal actions,
A/RES/56/179,455673,developing countries,unilateral economic measures; political coercion; economic coercion,means
A/RES/56/204,455676,Palestinian Territory;Jerusalem;Syrian Golan,Permanent sovereignty;Natural resources,
A/RES/56/214A,455678,Lebanon,United Nations Interim Force,Financing
A/RES/56/216,455679,Europe,Security,Cooperation
A/RES/56/232,455680,,Mercenaries;Human Rights;Right of Peoples to Self-Determination,Violation;Impeding
A/RES/56/266,462340,,World Conference against Racism; Racial Discrimination; Xenophobia; Related Intolerance,Implementation; Follow-up
A/RES/ES-10/10,464215,Israel;East Jerusalem;Palestinian Territory,Illegal actions,
A/RES/56/7,464310,South Atlantic,Zone of peace; Cooperation,
A/RES/56/9,464314,United States of America;Cuba,Economic embargo;Commercial embargo;Financial embargo,Ending
A/RES/56/214B,468522,Lebanon,United Nations Interim Force,Financing
A/RES/ES-10/11,470868,Israel;East Jerusalem;Palestinian territory,Illegal actions,
A/RES/57/5,476195,,Unilateral extraterritorial coercive economic measures; Political compulsion; Economic compulsion,Elimination
A/RES/57/9,478298,,International Atomic Energy Agency,Report
A/RES/57/11,478356,United States of America;Cuba,Economic embargo;Commercial embargo;Financial embargo,Ending
A/RES/57/49,479322,,Comprehensive Nuclear-Test-Ban Treaty Organization,Cooperation
A/RES/57/54,479323,,Science and Technology; International Security; Disarmament,Role
A/RES/57/56,479325,non-nuclear-weapon States,nuclear weapons,assurance
A/RES/57/57,479326,,Arms Race; Outer Space,Prevention
A/RES/57/58,479327,,Non-strategic nuclear weapons,Reduction
A/RES/57/59,479328,,Nuclear-weapon-free world,Agenda
A/RES/57/62,479329,,Geneva Protocol,Measure; Upheld Authority
A/RES/57/63,479330,,Multilateralism;Disarmament;Non-proliferation,Promotion
A/RES/57/64,479331,,Environmental Norms;Disarmament;Arms Control,Observance;Drafting;Implementation
A/RES/57/65,479332,,Disarmament;Development,Relationship
A/RES/57/66,479334,,National legislation;Transfer of arms;Military equipment;Dual use of goods and technology,
A/RES/57/71,479335,,Missiles,
A/RES/57/73,479336,Southern Hemisphere; Adjacent Areas,Nuclear-weapon-free,
A/RES/57/74,479337,,Convention on the Prohibition of the Use Stockpiling Production and Transfer of Anti-personnel Mines; Destruction,Implementation
A/RES/57/75,479339,,Transparency in armaments,
A/RES/57/77,479340,,Conventional arms control,
A/RES/57/78,479341,,Nuclear weapons,Elimination
A/RES/57/79,479343,,Nuclear disarmament,
A/RES/57/84,479344,,Nuclear Danger,Reduction
A/RES/57/85,479345,,International Court of Justice; Legality; Threat or Use of Nuclear Weapons,Follow-up
A/RES/57/94,479346,,Nuclear Weapons,Prohibition
A/RES/57/97,479347,Middle East,Nuclear Proliferation,Risk
A/RES/57/100,479348,,Nuclear-Test-Ban Treaty,Comprehensiveness
A/RES/57/107,480138,Palestinian People,Inalienable Rights,Exercise
A/RES/57/108,480140,Palestine,Rights,Division
A/RES/57/109,480141,Palestine,Information Programme,Question
A/RES/57/110,480142,Palestine,Peaceful settlement,Settlement
A/RES/57/111,480148,Jerusalem,,
A/RES/57/112,480150,Syrian Golan,,
A/RES/57/117,482346,Palestinian,Refugees,Assistance
A/RES/57/119,482348,,Persons displaced,
A/RES/57/120,482349,Palestine,Higher Education;Vocational Training;Refugees,Offers;Grants;Scholarships
A/RES/57/121,482375,Palestine; Near East,Relief; Works; Refugees,Operations
A/RES/57/122,482376,Palestine,Refugees;Properties;Revenues,
A/RES/57/123,482377,Palestine,Palestine refugees,
A/RES/57/124,482378,Israel;Palestine;Occupied Territories,Human Rights,Investigation
A/RES/57/125,482379,Occupied Palestinian Territory;East Jerusalem;Arab territories,Geneva Convention;Protection of Civilian Persons;Time of War,Applicability
A/RES/57/126,482382,Israel;Palestinian Territory;East Jerusalem;Syrian Golan,Israeli settlements,
A/RES/57/127,482383,Israel;Palestine;Occupied Palestinian Territory;East Jerusalem,Human Rights,Practice
A/RES/57/128,482386,Syrian Golan,,
A/RES/57/131,482388,Non-Self-Governing Territories,Information,Transmission
A/RES/57/132,482389,Non-Self-Governing Territories,Economic Activities;Interests of the Peoples,
A/RES/57/133,482390,Colonial Countries;Peoples,Declaration;Independence,Implementation
A/RES/57/139,482391,,Decolonization,Dissemination of information
A/RES/57/140,482392,Colonial Countries;Peoples,Declaration;Independence,Implementation;Granting
A/RES/57/141,482393,,Oceans;Law of the Sea,
A/RES/57/156,482398,United Nations;Council of Europe,Cooperation,
A/RES/57/175,482399,,International Research and Training Institute for the Advancement of Women,Advancement
A/RES/57/188,482400,Palestinian,Assistance;Children,
A/RES/57/190,482402,,Rights of the child,
A/RES/57/195,482404,,Racism;Racial Discrimination;Xenophobia;Related Intolerance;Durban Declaration;Programme of Action,Fight;Implementation;Follow-up
A/RES/57/196,482406,,Mercenaries;Human Rights;Right of Peoples to Self-Determination,Violation;Impeding
A/RES/57/198,482407,Palestinian people,Self-determination,Right
A/RES/57/199,482408,,Torture;Cruel Inhuman or Degrading Treatment or Punishment,Convention;Protocol
A/RES/57/205,482409,,Globalization;Human Rights,Enjoyment
A/RES/57/213,482410,,Democratic order;Equitable international order,Promotion
A/RES/57/214,482411,,Extrajudicial executions;Summary executions;Arbitrary executions,
A/RES/57/216,482518,,Right of peoples to peace,Promotion
A/RES/57/217,482520,,Charter of the United Nations;Human Rights;Fundamental Freedoms;International Problems;Humanitarian Character,Respect;International Cooperation;Promotion;Encouragement;Solving
A/RES/57/222,482521,,Human rights; Unilateral coercive measures,Adoption
A/RES/57/223,482522,,Right to Development,
A/RES/57/226,482533,,Right to Food,
A/RES/57/227,482534,,Universal freedom of travel; Family reunification,Respect
A/RES/57/228A,482535,Khmer Rouge,Trials,
A/RES/57/232,482536,Iraq,Human rights,
A/RES/57/233,482537,Democratic Republic of the Congo,Human Rights,
A/RES/57/269,482538,Palestinian Territory;East Jerusalem;Syrian Golan,Permanent sovereignty;Natural resources,
A/RES/57/298,482539,Europe,Security;Cooperation,Cooperation
A/RES/57/230,482541,Sudan,Human Rights,
A/RES/57/325,497742,Lebanon,United Nations Interim Force,Financing
A/RES/ES-10/12,504164,Israel;East Jerusalem;Palestinian territory,Illegal actions,
A/RES/ES-10/13,504508,Israel;East Jerusalem;Palestinian territory,Illegal actions,
A/RES/58/7,505386,United States of America;Cuba,Economic embargo;Commercial embargo;Financial embargo,Ending
A/RES/58/8,505387,,International Atomic Energy Agency,Report
A/RES/58/18,507405,Palestinian People,Inalienable Rights,Exercise
A/RES/58/19,507406,Palestine,Division for Palestinian Rights,
A/RES/58/20,507407,Palestine,Information,Programme
A/RES/58/21,507408,Palestine,Peaceful settlement,Settlement
A/RES/58/22,507409,Jerusalem,,
A/RES/58/23,507410,Syrian Golan,,
A/RES/ES-10/14,507717,Israel;East Jerusalem;Palestinian territory,Illegal actions,
A/RES/58/33,508001,,Science and Technology;International Security;Disarmament,
A/RES/58/35,508002,non-nuclear-weapon States,nuclear weapons,assurance
A/RES/58/36,508005,,Arms Race; Outer Space,Prevention
A/RES/58/37,508006,,Missiles,
A/RES/58/39,508007,,Conventional arms control,Control
A/RES/58/43,508008,regional;subregional,Confidence-building measures,
A/RES/58/44,508010,,Multilateralism;Disarmament;Non-proliferation,Promotion
A/RES/58/45,508011,,Environmental Norms;Disarmament;Arms Control,Observance;Drafting;Implementation
A/RES/58/47,508014,,Nuclear Danger,Reduction
A/RES/58/49,508016,Southern Hemisphere; Adjacent Areas,Nuclear-weapon-free,
A/RES/58/50,508018,,Non-strategic nuclear weapons,Reduction
A/RES/58/53,508021,,Convention on the Prohibition of the Use Stockpiling Production and Transfer of Anti-personnel Mines; Destruction,Implementation
A/RES/58/54,508023,,Transparency in armaments,
A/RES/58/56,508024,,Nuclear disarmament,
A/RES/58/59,508027,,Nuclear Weapons,Elimination
A/RES/58/64,508028,,Nuclear Weapons,Prohibition
A/RES/58/68,508030,Middle East,Nuclear Proliferation,Risk
A/RES/58/71,508032,,Nuclear-Test-Ban Treaty,Comprehensiveness
A/RES/58/29,508075,Indian Ocean,Zone of Peace;Declaration,Implementation
A/RES/58/91,508079,Palestine,Refugees,Assistance
A/RES/58/92,508084,,Persons displaced,
A/RES/58/93,508085,Palestine; Near East,Relief; Works; Refugees,Operations
A/RES/58/94,508087,Palestine,Refugees;Properties;Revenues,
A/RES/58/95,508100,Palestine; Near East,Palestine refugees; UN Relief and Works Agency for Palestine Refugees,Assistance; Support
A/RES/58/96,508109,Israel;Palestine;Occupied Territories,Human Rights,Investigation
A/RES/58/97,508117,Palestinian Territory;East Jerusalem;Arab territories,Geneva Convention;Protection of Civilian Persons;Time of War,Applicability
A/RES/58/98,508121,Israel;Palestinian Territory;East Jerusalem;Syrian Golan,Israeli settlements,
A/RES/58/99,508126,Israel;Palestine;Occupied Palestinian Territory;East Jerusalem,Human Rights,Practice
A/RES/58/100,508130,Syrian Golan,,
A/RES/58/102,508133,Non-Self-Governing Territories,Information,Transmission
A/RES/58/103,508136,Non-Self-Governing Territories,Economic Activities;Interests of the Peoples,
A/RES/58/104,508172,Colonial Countries;Peoples,Declaration;Independence,Implementation
A/RES/58/110,508173,,Decolonization,Dissemination of information
A/RES/58/111,508174,Colonial Countries;Colonial Peoples,Declaration;Independence,Implementation;Granting
A/RES/58/46,508289,,International Court of Justice; Legality; Threat or Use of Nuclear Weapons,Follow-up
A/RES/58/51,508317,,Nuclear-weapon-free world,Agenda
A/RES/58/113,508874,Palestinian people,Assistance,
A/RES/58/123,508875,Democratic Republic of the Congo,Economic Recovery; Reconstruction,Assistance
A/RES/58/155,509151,Palestinian,Assistance;Children,
A/RES/58/157,509153,,Rights of the child,
A/RES/58/161,509154,,Right of peoples to self-determination,Realization
A/RES/58/162,509155,,Mercenaries;Human Rights;Right of Peoples to Self-Determination,Violation;Impeding
A/RES/58/171,509156,,Human rights;Unilateral coercive measures,Adoption
A/RES/58/172,509158,,Right to Development,
A/RES/58/173,509171,,Right; Enjoyment; Highest Attainable Standard; Physical Health; Mental Health,
A/RES/58/174,509173,,Human rights;Terrorism,Adoption
A/RES/58/179,509174,,HIV/AIDS;tuberculosis;malaria;pandemics;medication,access
A/RES/58/180,509176,,UN; Principle of periodic and genuine elections; Democratization,Strengthening; Enhancement; Promotion
A/RES/58/184,509177,,Religious Intolerance,Elimination
A/RES/58/186,509179,,Right to Food,
A/RES/58/187,509180,,Human Rights;Fundamental Freedoms;Terrorism,Protection;Countering
A/RES/58/188,509181,,Charter of the UN;Human Rights;Fundamental Freedoms;International Problems;Humanitarian Character,Respect;International Cooperation;Promotion;Encouragement;Solving
A/RES/58/189,509182,,National sovereignty;Democratic systems;Electoral processes;Human rights,Promotion;Protection
A/RES/58/192,509183,,Peace;Human Rights,Promotion
A/RES/58/193,509184,,Globalization;Human Rights,Enjoyment
A/RES/58/194,509185,Turkmenistan,Human Rights,
A/RES/58/195,509186,Islamic Republic of Iran,Human Rights,
A/RES/58/196,509188,Democratic Republic of the Congo,Human Rights,
A/RES/58/163,509375,Palestinian people,Self-determination,Right
A/RES/58/160,509380,,Racism;Racial Discrimination;Xenophobia;Related Intolerance;Durban Declaration and Programme of Action,Elimination;Implementation;Follow-up
A/RES/58/198,509418,developing countries,unilateral economic measures; political coercion; economic coercion,means
A/RES/58/229,509419,Palestinian Territory;East Jerusalem;Syrian Golan,Permanent sovereignty;Natural resources,
A/RES/58/240,509420,,Oceans; Law of the Sea,
A/RES/58/244,509421,,International Research and Training Institute for the Advancement of Women,Operation
A/RES/58/245,509429,,Children; Armed conflict,Office; Representation
A/RES/58/292,521431,Occupied Territory; East Jerusalem,Status,
A/RES/58/307,524030,Lebanon,UN Interim Force,Financing
A/RES/ES-10/15,526686,Occupied Palestinian Territory;East Jerusalem,Legal Consequences,Advisory Opinion
A/RES/58/317,527352,,International Peace;International Security;International Cooperation,Maintenance;Promotion
A/RES/59/11,534121,United States of America;Cuba,Economic embargo;Commercial embargo;Financial embargo,Ending
A/RES/59/6,534130,,Comprehensive Nuclear-Test-Ban Treaty Organization,Cooperation
A/RES/59/18,534386,,International Atomic Energy Agency,Report
A/RES/59/24,535326,,Oceans;Law of the Sea,Adoption
A/RES/59/28,536082,Palestinian People,Inalienable Rights,Exercise
A/RES/59/29,536083,Palestinian,,
A/RES/59/31,536087,Palestine,Peaceful settlement,Settlement
A/RES/59/32,536088,Jerusalem,,
A/RES/59/33,536089,Syrian Golan,,
A/RES/59/30,536120,Palestine,Information,Programme
A/RES/59/62,536203,,Science and Technology;International Security;Disarmament,
A/RES/59/64,536205,non-nuclear-weapon States,nuclear weapons,assurance
A/RES/59/65,536206,,Arms race; Outer space,Prevention
A/RES/59/67,536207,,Missiles,
A/RES/59/68,536209,,Environmental Norms;Disarmament;Arms Control,Observance;Drafting;Implementation
A/RES/59/69,536211,,Disarmament;Non-proliferation,Promotion
A/RES/59/70,536213,,Geneva Protocol,Upholding; Authority
A/RES/59/75,536217,,Nuclear Disarmament,Implementation; Commitment
A/RES/59/77,536218,,Nuclear disarmament,
A/RES/59/78,536220,,Disarmament;Development,Relationship
A/RES/59/79,536223,,Nuclear Danger,Reduction
A/RES/59/81,536228,,Nuclear Arms Race; Nuclear Disarmament; Fissile Material; Nuclear Weapons; Nuclear Explosive Devices,Decision; Establishment; Negotiation; Treaty; Banning; Verification
A/RES/59/83,536236,,International Court of Justice; Legality; Threat or Use of Nuclear Weapons,Follow-up
A/RES/59/84,536241,,Convention on the Prohibition of the Use Stockpiling Production and Transfer of Anti-personnel Mines; Destruction,Implementation
A/RES/59/85,536245,Southern Hemisphere; Adjacent Areas,Nuclear-weapon-free,
A/RES/59/88,536248,regional;subregional levels,Conventional arms control,
A/RES/59/91,536251,The Hague,Ballistic Missile Proliferation,Code of Conduct
A/RES/59/102,536255,,Nuclear Weapons,Prohibition; Use
A/RES/59/106,536256,Middle East,Nuclear Proliferation,
A/RES/59/109,536259,,Nuclear-Test-Ban Treaty,Comprehensiveness
A/RES/59/76,536958,,Nuclear Weapons,Elimination
A/RES/59/117,537015,Palestine,Refugees,Assistance
A/RES/59/118,537018,,Persons displaced,
A/RES/59/119,537019,Palestine; Near East,Relief; Works; Refugees,Operations
A/RES/59/120,537020,Palestine,Refugees;Properties;Revenues,
A/RES/59/121,537021,Israel;Palestine;Occupied Territories,Human Rights,Investigation
A/RES/59/122,537022,Palestinian Territory;East Jerusalem;Arab territories,Geneva Convention;Protection of Civilian Persons;Time of War,Applicability
A/RES/59/123,537023,Israel;Palestinian Territory;East Jerusalem;Syrian Golan,Israeli settlements,
A/RES/59/124,537024,Israel;Palestine;Occupied Palestinian Territory;East Jerusalem,Human Rights,Practice
A/RES/59/125,537025,Syrian Golan,,
A/RES/59/128,537026,Non-Self-Governing Territories,Economic Activities;Interests of the Peoples,
A/RES/59/127,537028,Non-Self Governing Territories,Information,Transmission
A/RES/59/129,537030,Colonial Countries; People,Declaration; Independence,Implementation
A/RES/59/131,537031,Western Sahara,,
A/RES/59/135,537033,,Decolonization,Dissemination of information
A/RES/59/136,537038,Colonial Countries;Peoples,Declaration;Independence,Implementation;Granting
A/RES/59/173,537669,Palestine,Children,Assistance
A/RES/59/177,537671,,Racism;Racial Discrimination;Xenophobia;Related Intolerance;Durban Declaration;Programme of Action,Elimination;Implementation;Follow-up
A/RES/59/178,537673,,Mercenaries;Human Rights;Right of Peoples to Self-Determination,Violation;Impeding
A/RES/59/179,537675,Palestinian people,Self-determination,Right
A/RES/59/181,537676,,Human Rights;Treaty Bodies,Equitable Geographical Distribution
A/RES/59/184,537677,,Globalization;Human Rights,Enjoyment
A/RES/59/185,537679,,Right to Development,
A/RES/59/193,537703,,Democratic order;Equitable international order,Promotion
A/RES/59/195,537711,,Human rights;Terrorism,Resolution
A/RES/59/188,537717,,Human rights;Unilateral coercive measures,
A/RES/59/197,537719,,Extrajudicial executions; Summary executions; Arbitrary executions,
A/RES/59/199,537720,,Religious Intolerance,Elimination
A/RES/59/201,537722,,Regional organizations;Subregional organizations;Democracy,Enhancement;Promotion;Consolidation
A/RES/59/202,537724,,Right to Food,
A/RES/59/203,537725,,Freedom of Travel;Family Reunification,Respect
A/RES/59/204,537726,,Charter of the United Nations;Human Rights;Fundamental Freedoms;International Problems;Humanitarian Character,Respect;Cooperation;Promotion;Encouragement;Solving
A/RES/59/205,537728,Islamic Republic of Iran,Human Rights,
A/RES/59/206,537730,Turkmenistan,Human Rights,
A/RES/59/207,537731,Democratic Republic of the Congo,Human Rights,
A/RES/59/221,538026,,International trade;Development,
A/RES/59/251,538027,Palestinian Territory;East Jerusalem;Syrian Golan,Permanent sovereignty;Natural resources,
A/RES/59/260,538295,,Advancement of Women,Operation
A/RES/59/261,538364,,Rights of the child,
A/RES/59/280,543081,,Human Cloning,Declaration
A/RES/59/307,551967,Lebanon,United Nations Interim Force,Financing
A/RES/60/6,560077,,International Atomic Energy Agency,Report
A/RES/60/12,560083,United States of America;Cuba,Economic embargo;Commercial embargo;Financial embargo,Ending
A/RES/60/30,561604,,Oceans;Law of the Sea,
A/RES/60/36,561747,Palestinian People,Inalienable Rights,Exercise
A/RES/60/37,561748,Palestinian,,
A/RES/60/38,561751,Palestine,Information,Programme
A/RES/60/39,561753,Palestine,Peaceful settlement,Settlement
A/RES/60/40,561754,Syrian Golan,,
A/RES/60/41,561756,Jerusalem,,
A/RES/60/45,562360,,Information and Telecommunications;International Security,Development
A/RES/60/46,562361,,Weapons of Mass Destruction;Disarmament,Prohibition;Development;Manufacture
A/RES/60/48,562362,Indian Ocean,Zone of Peace;Declaration,Implementation
A/RES/60/51,562363,,Science and Technology; International Security; Disarmament,Role
A/RES/60/53,562388,Non-nuclear-weapon States,Nuclear weapons,Conclusion; Assurance
A/RES/60/54,562391,,Arms Race; Outer Space,Prevention
A/RES/60/55,562392,,Non-proliferation; Arms limitation; Disarmament agreements,Compliance
A/RES/60/56,562396,,Nuclear-weapon-free world;nuclear disarmament commitments,Implementation;Acceleration
A/RES/60/58,562398,southern hemisphere;adjacent areas,nuclear-weapon-free; nuclear disarmament commitments,implementation; acceleration
A/RES/60/59,562400,,Multilateralism;Disarmament;Non-proliferation,Promotion
A/RES/60/60,562402,,Environmental Norms;Disarmament;Arms Control,Observance;Drafting;Implementation
A/RES/60/61,562404,,Disarmament;Development,Relationship
A/RES/60/62,562405,The Hague,Ballistic Missile Proliferation,Code of Conduct
A/RES/60/65,562408,,Nuclear weapons,Determination; Elimination
A/RES/60/66,562412,,Outer Space Activities,Transparency; Confidence-Building Measures
A/RES/60/68,562423,,Humanitarian impact;Development impact;Illicit manufacture;Transfer;Circulation;Small arms;Light weapons;Excessive accumulation,Addressing
A/RES/60/70,562427,,Nuclear disarmament,
A/RES/60/72,562433,,Nuclear Disarmament; Treaty on the Non-Proliferation of Nuclear Weapons,Follow-up; Review
A/RES/60/75,562434,,Conventional arms control,Control
A/RES/60/76,562436,,International Court of Justice; Legality; Threat or Use of Nuclear Weapons,Follow-up
A/RES/60/79,562500,,Nuclear Danger,Reduction
A/RES/60/80,562501,,Convention on the Prohibition of the Use Stockpiling Production and Transfer of Anti-personnel Mines; Destruction,Implementation
A/RES/60/88,562504,,Nuclear Weapons,Prohibition
A/RES/60/92,562506,Middle East,Nuclear Proliferation,Risk
A/RES/60/95,562507,,Nuclear-Test-Ban Treaty,Comprehensiveness
A/RES/60/100,562599,Palestine,Refugees,Assistance
A/RES/60/101,562602,,Persons displaced,
A/RES/60/103,562864,Palestine,Refugees;Properties;Revenues,
A/RES/60/104,562869,Israel;Palestine;Occupied Territories,Human Rights,Investigation
A/RES/60/105,562870,Palestinian Territory;East Jerusalem;Arab territories,Geneva Convention;Protection of Civilian Persons;Time of War,Applicability
A/RES/60/106,562872,Israel;Palestinian Territory;East Jerusalem;Syrian Golan,Israeli settlements,
A/RES/60/107,562873,Israel;Palestine;Occupied Palestinian Territory;East Jerusalem,Human Rights,
A/RES/60/108,562876,Syrian Golan,,
A/RES/60/110,562877,Non-Self-Governing Territories,Information,Transmission
A/RES/60/111,562879,Non-self-Governing Territories,Economic activities; Interests of the peoples,
A/RES/60/112,562929,Colonial Countries;Peoples,Declaration;Independence,Implementation
A/RES/60/118,562933,,Decolonization,Dissemination of information
A/RES/60/119,562935,Colonial Countries;Peoples,Declaration;Independence,Implementation;Granting
A/RES/60/120,562938,,Colonialism,Eradication
A/RES/60/143,563423,,Racism;Racial Discrimination;Xenophobia;Intolerance,Inadmissibility
A/RES/60/144,563431,,Racism;Racial Discrimination;Xenophobia;Related Intolerance;Durban Declaration;Programme of Action,Elimination;Implementation;Follow-up
A/RES/60/146,563432,Palestinian people,Self-determination,Right
A/RES/60/150,563434,,Defamation of Religions,Combating
A/RES/60/152,563436,,Globalization;Human Rights,Enjoyment
A/RES/60/155,563437,,Human rights; Unilateral coercive measures,Adoption
A/RES/60/157,563438,,Right to Development,
A/RES/60/162,563440,,United Nations; Principle of periodic and genuine elections; Democratization,Strengthening; Enhancement; Promotion
A/RES/60/163,563457,,Peace;Human Rights,Promotion
A/RES/60/164,563459,,National sovereignty;Democratic systems;Electoral processes;Human rights,Promotion;Protection
A/RES/60/165,563460,,Right to Food,
A/RES/60/171,563461,Islamic Republic of Iran,Human Rights,
A/RES/60/172,563463,Turkmenistan,Human Rights,
A/RES/60/173,563464,Democratic People’s Republic of Korea,Human Rights,
A/RES/60/174,563465,Uzbekistan,Human Rights,Resolution
A/RES/60/170,563466,Democratic Republic of the Congo,Human Rights,
A/RES/60/102,563614,Palestine;Near East,Relief;Works;Refugees,Operations
A/RES/60/183,563797,Palestinian Territory;East Jerusalem;Syrian Golan,Permanent sovereignty;Natural resources,
A/RES/60/184,563799,,International trade;Development,
A/RES/60/185,563800,developing countries,unilateral economic measures; political coercion; economic coercion,means
A/RES/60/200,563801,,Deserts; Desertification,International Year
A/RES/60/226,563978,,Transparency; Armaments,
A/RES/60/229,563979,,International Research and Training Institute for the Advancement of Women,Operation
A/RES/60/230,563980,,Discrimination against Women,Elimination
A/RES/60/231,563982,,Rights of the child,
A/RES/60/251,571955,,Human Rights Council,Adoption
A/RES/60/260,574516,,United Nations; Organization,Investment
A/RES/60/278,578375,Lebanon,United Nations Interim Force,Financing
A/RES/61/8,587480,,International Atomic Energy Agency,Report
A/RES/61/11,587505,United States of America;Cuba,Economic embargo;Commercial embargo;Financial embargo,Ending
A/RES/61/22,587673,Palestinian People,Inalienable Rights,Exercise
A/RES/61/23,587685,Palestine,Division for Palestinian Rights,
A/RES/61/24,587707,Palestine,Special Information Programme,
A/RES/61/26,587737,Jerusalem,,
A/RES/61/25,587738,Palestine,Peaceful settlement,Settlement
A/RES/61/27,587749,Syrian Golan,,
A/RES/61/47,587912,,Comprehensive Nuclear-Test-Ban Treaty Organization,Cooperation
A/RES/61/54,588079,,Information and Telecommunications; International Security,Development
A/RES/61/55,588082,,Science and Technology; International Security; Disarmament,
A/RES/61/57,588085,non-nuclear-weapon States,nuclear weapons,assurance
A/RES/61/58,588086,,Arms Race; Outer Space,Prevention
A/RES/61/59,588088,,Missiles,
A/RES/61/60,588089,,Disarmament,Convening
A/RES/61/61,588092,,Geneva Protocol,Measure; Upheld Authority
A/RES/61/62,588117,,Multilateralism;Disarmament;Non-proliferation,Promotion
A/RES/61/63,588126,,Environmental Norms;Disarmament;Arms Control,Observance;Drafting;Implementation
A/RES/61/64,588127,,Disarmament;Development,Relationship
A/RES/61/65,588139,,Nuclear-weapon-free world;nuclear disarmament,Implementation;Acceleration
A/RES/61/66,588140,,Illicit Trade; Small Arms; Light Weapons,
A/RES/61/67,588141,,Disarmament,Declaration
A/RES/61/69,588156,southern hemisphere;adjacent areas,Nuclear-weapon-free,
A/RES/61/70,588161,,Non-Proliferation of Nuclear Weapons,Review; Preparation
A/RES/61/72,588168,,Conventional Ammunition Stockpiles,Problem
A/RES/61/74,588175,,Nuclear weapons,Elimination; Determination
A/RES/61/75,588176,,Transparency;Confidence-building measures;Outer space activities,
A/RES/61/76,588177,,Peace;Disarmament,Consolidation;Measures
A/RES/61/77,588181,,Transparency; Armaments,
A/RES/61/78,588186,,Nuclear disarmament,
A/RES/61/82,588201,,Conventional arms control; Regional level; Subregional level,
A/RES/61/83,588207,,International Court of Justice; Legality; Threat or Use of Nuclear Weapons,Follow-up
A/RES/61/84,588224,,Convention on the Prohibition of the Use Stockpiling Production and Transfer of Anti-personnel Mines; Destruction,Implementation
A/RES/61/85,588237,,Nuclear Danger,Reduction
A/RES/61/88,588251,Central Asia,Nuclear-weapon-free zone,Establishment
A/RES/61/89,588253,,Arms Trade; Conventional Arms,Establishment; Standardization; Import; Export; Transfer
A/RES/61/97,588269,,Nuclear Weapons,Prohibition
A/RES/61/112,588854,Palestine,Refugees,Assistance
A/RES/61/113,588859,,Persons displaced,
A/RES/61/114,588875,Palestine; Near East,Relief; Works; Refugees,Operations
A/RES/61/115,588889,Palestine,Refugees;Properties;Revenues,
A/RES/61/116,588895,Israel;Palestine;Occupied Territories,Human Rights,Investigation
A/RES/61/117,588902,Palestinian Territory;East Jerusalem;Arab territories,Geneva Convention;Protection of Civilian Persons;Time of War,Applicability
A/RES/61/118,588908,Israel;Palestinian Territory;East Jerusalem;Syrian Golan,Israeli settlements,
A/RES/61/119,588911,Israel;Palestinian Territory;East Jerusalem;Syrian Golan,Israeli settlements,
A/RES/61/120,588920,Syrian Golan,,
A/RES/61/122,588928,Non-Self-Governing Territories,Information,Transmission
A/RES/61/123,588934,Non-Self-Governing Territories,Economic Activities;Interests of the Peoples,
A/RES/61/125,588948,Western Sahara,,
A/RES/61/128A-B,588952,American Samoa;Anguilla;Bermuda;British Virgin Islands;Cayman Islands;Guam;Montserrat;Pitcairn;Saint Helena;Turks and Caicos Islands;United States Virgin Islands,,
A/RES/61/129,588953,,Decolonization,Dissemination of information
A/RES/61/130,588954,Colonial Countries;Peoples,Declaration;Independence,Implementation;Granting
A/RES/61/135,588959,Palestinian people,Assistance,
A/RES/61/146,589951,,Rights of the child,
A/RES/61/147,590162,,Racism;Racial Discrimination;Xenophobia;Intolerance,Inadmissibility
A/RES/61/149,590164,,Racism;Racial Discrimination;Xenophobia;Related Intolerance;Durban Declaration;Programme of Action,Elimination;Implementation;Follow-up
A/RES/61/151,590170,,Mercenaries;Human Rights;Right of Peoples to Self-Determination,Violation;Impeding
A/RES/61/152,590174,Palestinian people,Self-determination,Right
A/RES/61/154,590183,Israel;Lebanon,Human Rights;Military Operations,
A/RES/61/156,590195,,Globalization;Human Rights,Enjoyment
A/RES/61/159,590198,,Office of the United Nations High Commissioner for Human Rights,Composition
A/RES/61/160,590199,,Democratic order;Equitable international order,Promotion
A/RES/61/162,590200,,Freedom of Travel;Family Reunification,Respect
A/RES/61/163,590215,,Right to Food,
A/RES/61/164,590216,,Defamation of Religions,Combating
A/RES/61/166,590229,,Human Rights,Promotion; Dialogue
A/RES/61/169,590279,,Right to Development,
A/RES/61/170,590294,,Human rights; Unilateral coercive measures,Adoption
A/RES/61/173,590297,,Extrajudicial executions; Summary executions; Arbitrary executions,
A/RES/61/174,590298,Democratic People's Republic of Korea,Human Rights,
A/RES/61/175,590299,Belarus,Human Rights,
A/RES/61/176,590300,Islamic Republic of Iran,Human Rights,
A/RES/61/178,590303,,Human Rights;Draft Declaration,Elaboration
A/RES/61/184,590310,Palestinian Territory;East Jerusalem;Syrian Golan,Permanent sovereignty;Natural resources,
A/RES/61/186,590311,,International trade;Development,
A/RES/61/194,590380,Lebanese shores,Oil slick,
A/RES/61/201,590394,,Global climate;Present and future generations;Mankind,Protection
A/RES/61/222,590428,,Oceans;Law of the Sea,
A/RES/61/231,590464,Colonial Countries;Peoples,Declaration;Independence,Implementation
A/RES/61/232,590466,Myanmar,Human Rights,
A/RES/61/250A,590543,Lebanon,United Nations Interim Force,Financing
A/RES/61/103,596019,Middle East,Nuclear Proliferation,Risk
A/RES/61/104,596023,,Nuclear-Test-Ban Treaty,Comprehensiveness
A/RES/37/1,602411,South Africa,Freedom Fighters,Appeal; Clemency
A/RES/37/2,602429,South Africa,Credit; International Monetary Fund,Application
A/RES/37/3,605273,Iran;Iraq,Armed conflict,Prolongation
A/RES/37/18,605488,Israel;Iraq,Nuclear installations;Nuclear energy;Non-proliferation of nuclear weapons;International peace and security,Aggression
A/RES/37/13,605494,United Nations,Financial emergency,
A/RES/37/11,607133,,Succession of States; State Property; Archives; Debt,Conference
A/RES/37/6,609112,Kampuchea,,
A/RES/37/9,609117,Falkland Islands (Malvinas),,
A/RES/61/295,609197,,Rights of Indigenous Peoples,Declaration
A/RES/37/7,609285,,Nature,Charter
A/RES/61/250B,609389,Lebanon,United Nations Interim Force,Financing
A/RES/61/250C,609394,Lebanon,United Nations Interim Force,Financing
A/RES/37/19,609404,,International Atomic Energy Agency,Report
A/RES/37/28,609462,Western Sahara,,
A/RES/37/29,609492,Non-Self-Governing Territories,Information,Transmission
A/RES/37/30,609711,East Timor,,
A/RES/37/31,609712,Namibia;southern Africa,Declaration on the Granting of Independence to Colonial Countries and Peoples;colonial domination;colonialism;apartheid;racial discrimination,Activities;implementation;efforts;elimination
A/RES/37/32,610102,Colonial Countries;Peoples,Declaration;Independence,Implementation
A/RES/37/35,610124,Colonial Countries;Peoples,Declaration;Independence,Implementation;Granting
A/RES/37/36,610129,,Decolonization,Dissemination of information
A/RES/37/37,610134,Afghanistan,International Peace;Security,
A/RES/37/38A,610150,,United Nations Disengagement Observer Force,Financing
A/RES/37/39,610328,South Africa,Human Rights;Racist and Colonialist Regime;Political Assistance;Military Assistance;Economic Assistance,Enjoyment
A/RES/37/38B,610331,,United Nations Disengagement Observer Force,Financing
A/RES/36/235XIII,611242,,Administrative costs; Office of the United Nations High Commissioner for Refugees,
A/RES/35/152I,611786,,World Disarmament,Campaign
A/RES/35/136,611967,United Nations,Women,Conference
A/RES/ES-9/1,612921,Arab territories,,
A/RES/ES-7/2,612987,Palestine,,Resolution
A/RES/ES-7/3,613000,Palestinian People,Inalienable Rights,Exercise
A/RES/ES-7/4,613049,Palestine,Palestine question,
A/RES/ES-7/5,613050,Palestine,Palestine question,
A/RES/ES-7/6,613051,Palestine,Palestine question,
A/RES/ES-7/7,613058,Palestine,Palestine question,
A/RES/ES-7/8,613060,Palestine,Palestine question,
A/RES/ES-7/9,613066,Palestine,Palestine question,
A/RES/62/3,613302,United States of America;Cuba,Economic embargo;Commercial embargo;Financial embargo,Ending
A/RES/62/14,613360,Indian Ocean,Zone of Peace;Declaration,Implementation
A/RES/62/17,613363,,Information and Telecommunications;International Security,Development
A/RES/62/19,613369,Non-nuclear-weapon States,Nuclear weapons,Conclusion; Assurance
A/RES/62/20,613384,,Arms Race; Outer Space,Prevention
A/RES/62/24,613394,,Nuclear disarmament; Treaty on the Non Proliferation of Nuclear Weapons,Follow-up; Review
A/RES/62/25,613409,,Nuclear-weapon-free world;nuclear disarmament,Implementation;Commitments
A/RES/62/27,613414,,Multilateralism;Disarmament;Non-proliferation,Promotion
A/RES/62/28,613417,,Environmental Norms;Disarmament;Arms Control,Observance;Drafting;Implementation
A/RES/62/29,613418,,Disarmament,Convening
A/RES/62/30,613419,,Armaments; Ammunitions; Depleted Uranium,Use
A/RES/62/31,613420,South-East Asia,Nuclear-Weapon-Free Zone,Treaty
A/RES/62/32,613421,,Nuclear Danger,Reduction
A/RES/62/35,613425,Southern Hemisphere; Adjacent Areas,Nuclear-weapon-free,
A/RES/62/36,613895,,Nuclear Weapons Systems,Decreasing; Operational Readiness
A/RES/62/37,613897,,Nuclear weapons,Determination; Elimination
A/RES/62/39,613901,,International Court of Justice; Legality; Threat or Use of Nuclear Weapons,Follow-up
A/RES/62/41,613902,,Convention on the Prohibition of the Use Stockpiling Production and Transfer of Anti-personnel Mines; Destruction,Implementation
A/RES/62/42,613903,,Nuclear disarmament,
A/RES/62/43,613904,,Transparency;Confidence-building measures;Outer space activities,
A/RES/62/44,613909,,Conventional arms control,Control
A/RES/62/47,613913,,Illicit Trade; Small Arms; Light Weapons,
A/RES/62/48,613920,,Disarmament;Development,Relationship
A/RES/62/51,613927,,Nuclear Weapons,Prohibition
A/RES/62/56,614124,Middle East,Nuclear Proliferation,Risk
A/RES/62/59,614125,,Nuclear-Test-Ban Treaty,Comprehensiveness
A/RES/62/80,614165,Palestinian People,Inalienable Rights,Exercise
A/RES/62/81,614166,Palestine,Division for Palestinian Rights,
A/RES/62/82,614177,Palestine,Information,Programme
A/RES/62/83,614178,Palestine,Peaceful settlement,Settlement
A/RES/62/84,614179,Jerusalem,,
A/RES/62/85,614180,Syrian Golan,,
A/RES/62/102,614214,Palestine,Refugees,Assistance
A/RES/62/103,614524,,Persons displaced,
A/RES/62/104,614525,Palestine; Near East,Relief; Works; Refugees,Operations
A/RES/62/105,614526,Palestine,Refugees;Properties;Revenues,
A/RES/62/106,614527,Israel;Palestine;Occupied Territories,Human Rights,Investigation
A/RES/62/107,614528,Palestinian Territory;East Jerusalem;Arab territories,Geneva Convention;Protection of Civilian Persons;Time of War,Applicability
A/RES/62/108,614529,Israel;Palestinian Territory;East Jerusalem;Syrian Golan,Israeli settlements,
A/RES/62/109,614530,Israel;Palestine;Occupied Palestinian Territory;East Jerusalem,Human Rights,Practice
A/RES/62/110,614531,Syrian Golan,,
A/RES/62/112,614532,Non-Self-Governing Territories,Information,Transmission
A/RES/62/113,614533,Non-Self-Governing Territories,Economic Activities; Interests of the Peoples,
A/RES/62/114,614534,Colonial Countries;Peoples,Declaration;Independence,Implementation
A/RES/62/119,614535,,Decolonization,Dissemination of information
A/RES/62/120,614536,Colonial Countries;Peoples,Declaration;Independence,Implementation;Granting
A/RES/62/141,614666,,Rights of the child,
A/RES/62/142,614669,,Racism;Racial Discrimination;Xenophobia;Intolerance,Inadmissibility
A/RES/62/143,614671,,Human Rights; Durban Review Conference,Preparation
A/RES/62/145,614674,,Mercenaries;Human Rights;Right of Peoples to Self-Determination,Violation;Impeding
A/RES/62/146,614675,Palestinian people,Self-determination,Right
A/RES/62/149,614676,,Death Penalty,Moratorium
A/RES/62/150,614679,,United Nations; Principle of periodic and genuine elections; Democratization,Strengthening; Enhancement; Promotion
A/RES/62/151,614680,,Globalization;Human Rights,Enjoyment
A/RES/62/154,614903,,Defamation of Religions,Combating
A/RES/62/161,614906,,Right to Development,
A/RES/62/162,614909,,Human rights; Unilateral coercive measures,Adoption
A/RES/62/163,614918,,Peace;Human Rights,Promotion
A/RES/62/164,615009,,Right to Food,
A/RES/62/166,615015,,Charter of the United Nations;Human Rights;Fundamental Freedoms;International Problems;Humanitarian Character,Respect;Cooperation;Promotion;Encouragement;Solving
A/RES/62/167,615020,Democratic People's Republic of Korea,Human Rights,
A/RES/62/168,615027,Islamic Republic of Iran,Human Rights,
A/RES/62/169,615032,Belarus,Human Rights,
A/RES/62/181,615088,Palestinian Territory;East Jerusalem;Syrian Golan,Permanent sovereignty;Natural resources,
A/RES/62/183,615093,developing countries,unilateral economic measures; political coercion; economic coercion,means
A/RES/62/184,615099,,International trade;Development,
A/RES/62/188,615103,Lebanon,Oil slick,
A/RES/62/190,615131,,Agricultural technology; Development,
A/RES/62/215,615158,,Oceans;Law of the Sea,
A/RES/62/216,615159,Africa,Peace;Disarmament,Establishment
A/RES/62/218,615161,,Discrimination against Women,Elimination
A/RES/62/219,615162,,Human Rights Council,Report
A/RES/62/220,615163,,Racism;Racial Discrimination;Xenophobia;Related Intolerance;Durban Declaration;Programme of Action,Elimination;Implementation;Follow-up
A/RES/62/222,615165,Myanmar,Human Rights,
A/RES/62/236,615197,,Programme Budget,Proposal
A/RES/37/40,615330,,Racism;Racial Discrimination,Implementation;Action;Combat
A/RES/37/43,615709,Colonial countries;Peoples,Right of peoples to self-determination;Independence;Human rights,Realization;Granting;Guarantee;Observance
A/RES/37/46,615931,,Racial Discrimination,Elimination
A/RES/106(S-1),616327,Palestine,,Resolution; Adoption
A/RES/104(S-1),616375,Palestine,Jewish Agency,Hearing
A/RES/189(S-2),616392,Palestine,United Nations Palestine Commission,Appreciation
A/RES/1622(S-III),616402,Tunisia,Grave situation,
A/RES/37/47,616483,,International Convention on the Suppression and Punishment of the Crime of Apartheid,Suppression; Punishment
A/RES/37/51,616495,,Aging,
A/RES/37/65,616501,Comorian island of Mayotte,,
A/RES/1875(S-IV),616593,,United Nations Emergency Force; cost estimates; financing,
A/RES/1876(S-IV),616597,Congo,United Nations Operation; Cost Estimates; Financing,
A/RES/1877(S-IV),616599,Congo,Payment of arrears; Assessed contributions; United Nations Emergency Force Special Account; Ad Hoc Account; United Nations Operations,
A/RES/37/66,616734,,Law of the Sea,Conference
A/RES/37/68,616735,South Africa,Freedom Fighters,Appeal; Clemency
A/RES/2248(S-V),616776,South West Africa,,
A/RES/3200(S-VI),616829,,Credentials,Adoption
A/RES/S-8/2,616906,Lebanon,United Nations Interim Force,Financing
A/RES/S-9/2,616908,Namibia,Self-Determination;National Independence,Declaration;Programme of Action;Support
A/RES/ES-6/2,616935,Afghanistan,International Peace;Security,
A/RES/2252(ES-V),616993,,Humanitarian assistance,
A/RES/2253(ES-V),617000,Israel; Jerusalem,Status,Measures
A/RES/2254(ES-V),617003,Israel; Jerusalem,Status,Measures
A/RES/2256(ES-V),617008,Middle East,,
A/RES/ES-8/1A,617025,,Credentials,
A/RES/37/69A,617249,South Africa,,
A/RES/37/69B,617254,,Apartheid,International Action; Elimination
A/RES/37/69C,617300,South Africa,Sanctions,Mandate
A/RES/1474(ES-IV),617425,,,
A/RES/1004(ES-II),617426,Hungary,,
A/RES/1005(ES-II),617433,Hungary,,
A/RES/1006(ES-II),617441,Hungary,,
A/RES/1007(ES-II),617442,Hungary,,
A/RES/997(ES-I),617455,,,
A/RES/998(ES-I),617461,,,
A/RES/999(ES-I),617462,,Security Council,Consideration
A/RES/1000(ES-I),617463,,Security Council,Consideration
A/RES/1001(ES-I),617520,,,
A/RES/1002(ES-I),617522,,Security Council,Consideration
A/RES/37/69D,617539,South Africa,Military collaboration;nuclear collaboration,
A/RES/37/69E,617554,,Apartheid,Programme of work
A/RES/37/69F,617562,Israel;South Africa,Relations,
A/RES/37/69G,617620,,Apartheid; Sports,
A/RES/ES-8/2,617784,Namibia,,
A/RES/37/69H,617994,South Africa,Investments,
A/RES/37/69J,618004,South Africa,Oil embargo,
A/RES/37/71,618006,Latin America,Prohibition of Nuclear Weapons;Additional Protocol I;Treaty of Tlatelolco,Implementation;Signature;Ratification
A/RES/37/72,618065,,Nuclear Weapons,Cessation
A/RES/37/73,618076,,Nuclear-test-ban treaty,Need
A/RES/37/74B,618095,South Africa,Nuclear capability,
A/RES/37/74A,618105,Africa,Denuclearization,Implementation
A/RES/37/77B,618576,,New discoveries;Scientific and technological achievements;Military purposes,Renunciation
A/RES/37/77A,618665,,Weapons of Mass Destruction;Weapons Systems,
A/RES/37/76,618673,South Asia,Nuclear-weapon-free zone,Establishment
A/RES/37/78A,618924,,Nuclear Arms,Negotiations
A/RES/37/78B,618945,,Disarmament,International co-operation
A/RES/37/78C,619243,,Nuclear weapons,
A/RES/37/78E,619294,,Nuclear neutron weapon,Prohibition
A/RES/37/78F,619308,,Recommendation; Decision,Implementation
A/RES/37/78G,619310,,Disarmament,Report
A/RES/37/78I,619580,,Nuclear War,Prevention
A/RES/37/78J,619581,,Nuclear weapons;nuclear war,Non-use;prevention
A/RES/37/78K,619681,,Disarmament agreements;International security;International satellite monitoring agency,Monitoring;Strengthening;Establishment
A/RES/37/80,619683,non-nuclear-weapon States,security;nuclear weapons,strengthening
A/RES/37/81,620115,Non-nuclear-weapon States,Nuclear weapons,Conclusion; Assurance
A/RES/37/82,620121,Israel,Nuclear armament,Resolution
A/RES/37/83,620159,,Arms race; Outer space,Prevention
A/RES/37/84,620167,,Disarmament;Development,Relationship
A/RES/37/85,620182,,Nuclear weapon tests,Cessation; Prohibition
A/RES/37/86A,620226,Palestine,,Resolution
A/RES/37/86B,620375,Palestine,,Resolution
A/RES/37/86C,620380,Palestine,,
A/RES/37/86D,620383,Palestine,,
A/RES/37/88A,620665,Israel;Occupied Territories,Human Rights,Investigation
A/RES/37/88B,620679,Israel;Occupied Territories,Human Rights,Investigation
A/RES/37/88C,620768,Israel;Occupied Territories,Human Rights,Investigation
A/RES/37/88D,620809,Israel;Occupied Territories,Human Rights,Investigation
A/RES/37/88E,620822,Israel;Occupied Territories,Human Rights,Investigation
A/RES/37/88F,620825,Israel; Occupied Territories,Human Rights,Investigation
A/RES/37/88G,620838,Israel; Occupied Territories,Human Rights,Investigation
A/RES/37/86E,621276,Palestine,,Resolution
A/RES/37/94B,621443,,Information,
A/RES/37/95B,621451,,Military Budgets,Reduction
A/RES/37/98A,621604,,Chemical weapons;bacteriological weapons;biological weapons,
A/RES/37/98C,621630,,Chemical weapons;bacteriological weapons;biological weapons,
A/RES/37/98D,621706,,Geneva protocol,Procedure; Authority upholding
A/RES/37/98E,621712,,Chemical weapons;bacteriological weapons;biological weapons,
A/RES/37/99A,622108,States,Nuclear weapons,Non-stationing
A/RES/31/4,622478,Comorian island of Mayotte,,
A/RES/37/99D,622838,,Arms race in outer space; Anti-satellite systems,Prevention; Prohibition
A/RES/36/235XVII,623453,,Language Training Programme; Accredited Staff; Permanent Mission; Headquarters,Access
A/RES/37/99E,623769,,Fissionable Material; Weapons,Prohibition; Production
A/RES/37/99F,623776,,Nuclear-weapon-free zones,Review; Supplement
A/RES/37/99G,623800,,Military Capabilities; Objective Information,Provision
A/RES/37/99I,623801,,Convention on the Prohibition of Military or Any Other Hostile Use of Environmental Modification Techniques,Review Conference
A/RES/37/99J,624048,,Military research; Military development,
A/RES/37/100A,624065,,Nuclear weapons,Freeze
A/RES/37/102,624136,,Peace and Security of Mankind,Code of Offences
A/RES/37/103,624138,,International Law;International Economic Order,Development
A/RES/37/104,624139,Organization of African Unity;League of Arab States,National liberation movements,Observer status
A/RES/37/105,624141,,Principle of Non-Use of Force; International Relations,Enhancement
A/RES/37/114,624143,,Charter of the United Nations;Role of the Organization,Strengthening
A/RES/37/100B,624214,,Nuclear arms,Freeze
A/RES/37/100C,624216,,Nuclear Weapons,Prohibition; Use
A/RES/37/100E,624217,,Disarmament;International Security,
A/RES/37/100H,624219,,World Disarmament Campaign,Campaign
A/RES/37/118,624318,,Declaration on the Strengthening of International Security; International Security,Review; Implementation
A/RES/37/120C,624319,Palestine,Palestine refugees,
A/RES/37/120D,624320,Palestine,Higher Education;Vocational Training;Refugees,Offers;Grants;Scholarships
A/RES/34/219[I],624490,,Personnel question,
A/RES/37/120E,624540,Palestine; Gaza Strip,Refugees,
A/RES/37/120F,624541,Palestine,Refugees,Resumption; Distribution
A/RES/37/120G,624542,,Population;Refugees;Displacement,
A/RES/37/120H,624543,Palestine,Refugee properties; Revenues,
A/RES/37/120I,624544,Palestine,Refugees;Identification Cards,Identification
A/RES/37/120J,624554,Palestine,Protection; Refugees,
A/RES/37/120K,624574,Palestine,Refugees,Assistance
A/RES/62/241,624717,,United Nations Joint Staff Pension Fund,
A/RES/37/122,625079,Israel; Mediterranean Sea; Dead Sea,Canal,Decision; Building
A/RES/37/123A,625084,Middle East,,
A/RES/37/123B,625090,Middle East,,
A/RES/37/123C,625092,Middle East,,
A/RES/37/123D,625097,Middle East,,
A/RES/37/123E,625101,Middle East,,
A/RES/37/123F,625107,Middle East,,
A/RES/37/125A,625213,,United Nations,Apportionment; Assessment
A/RES/37/126,625215,,International Civil Service,Report
A/RES/37/127A,625216,Lebanon,United Nations Interim Force,Financing
A/RES/37/127B,625217,Lebanon,United Nations Interim Force,Financing
A/RES/37/130,625218,United Nations,Inflation;Monetary Instability;Regular Budget,
A/RES/37/131,625219,,United Nations Joint Staff Pension Board,Report
A/RES/37/134,625413,Palestinian people,Assistance,
A/RES/37/135,625419,Palestinian territories;Arab territories,Permanent sovereignty;National resources,
A/RES/37/137,625420,,Health;Environment;Product Protection,Protection
A/RES/37/138,625433,Africa,Financing;Multinational Programming;Operational Centres;Economic Commission,Establishment
A/RES/37/140,625435,Africa,Transport;Communications,Decade
A/RES/37/142,625436,,United Nations Institute for Training and Research,
A/RES/37/144,625437,,Disaster Relief,Coordination
A/RES/37/167,625439,,International Co-operation;Peaceful Uses of Nuclear Energy,Promotion
A/RES/37/183,625453,Chile,Human Rights;Fundamental Freedoms,
A/RES/37/184,625464,Guatemala,Human Rights;Fundamental Freedoms,
A/RES/37/185,625467,El Salvador,Human Rights;Fundamental Freedoms,
A/RES/37/189A,625468,,Human rights;Scientific and technological developments,Adoption
A/RES/37/189B,625469,,Human rights;Scientific and technological developments,Adoption
A/RES/37/199,625470,,United Nations system;Human rights;Fundamental freedoms,Improvement;Enjoyment
A/RES/37/200,625693,,Human Rights;Fundamental Freedoms,Promotion;Protection
A/RES/37/204,625695,States,Charter of Economic Rights and Duties,Review; Implementation
A/RES/37/207,625696,,Technology Transfer,Development
A/RES/37/212,625698,,Industrial Development,Cooperation
A/RES/37/215,625699,,Remnants of war,
A/RES/37/222,625706,Palestinian people; Palestinian territories,Living conditions,
A/RES/37/230,625707,Land-locked Developing Countries,Special Fund,
A/RES/37/237II,625708,Least Developed Countries,Prevention of Crime;Treatment of Offenders,Travel;Attendance;Preparatory Meetings
A/RES/37/233D,625709,Namibia,Dissemination of information; Mobilization of international public opinion,Support
A/RES/37/233A,625710,Namibia;South Africa,Illegal occupation;Territory,
A/RES/37/233B,625711,,Security Council resolution 435,Implementation
A/RES/37/233C,625712,Namibia,Programme of work,
A/RES/37/233E,625713,Namibia,United Nations Fund,
A/RES/37/235C-II,625714,,Personnel question,
A/RES/37/236B,625715,,Privileges and Immunities; United Nations; Specialized Agencies; Related Organizations,Respect
A/RES/37/237XI,625716,Africa;Addis Ababa,Economic Commission,Adequacy
A/RES/37/237XII,625773,,Secretariat,Change
A/RES/37/238,625777,,Financing;Administrative Costs;Office of the United Nations High Commissioner for Refugees,Review
A/RES/37/243A,625781,,Budget Appropriations; Biennium 1982-1983,Revision
A/RES/37/243C,625786,,Financing; Appropriations,Adoption
A/RES/37/244,625788,,United Nations Financing System; Science and Technology; Development,Arrangement
A/RES/37/250,625791,Nairobi,Programme of Action;Development;Utilization;New and Renewable Sources of Energy,Implementation
A/RES/37/251,625794,developing countries,energy resources,development
A/RES/37/252,625795,developing countries,immediate measures,
A/RES/37/253,625796,Cyprus,,
A/RES/36/3,626550,Belize,Membership,Admission
A/RES/36/5,626552,Kampuchea,,
A/RES/36/7,626554,States,Historical responsibility; Preservation of nature; Present and future generations,
A/RES/36/8,626555,,Racism;Racial Discrimination,Implementation;Action;Combat
A/RES/36/12,626556,,Elimination of Racial Discrimination,Report
A/RES/36/13,626564,,International Convention; Crime of Apartheid,Suppression; Punishment
A/RES/36/15,626569,Jerusalem,Excavations,Development
A/RES/36/18,626572,,Co-operative Movement,Promotion
A/RES/36/19,626574,,Social change;Economic change;Social progress,Achievement
A/RES/36/21,626577,,Crime Prevention;Criminal Justice;Development,
A/RES/36/25,626578,,International Atomic Energy Agency,Report
A/RES/36/235VI,626594,Africa,Training programme; Translation; Precis-writing,Adoption
A/RES/36/27,626638,Israel;Iraq,Nuclear installations;Nuclear energy;Non-proliferation of nuclear weapons;International peace and security,Aggression
A/RES/36/29,626641,,Human Rights;Right to Education;Right to Work;Youth,Efforts;Measures;Implementation;Enjoyment
A/RES/36/31,626642,,Principle of Non-Use of Force; International Relations,Enhancement
A/RES/36/34,626815,Afghanistan,International Peace;Security,
A/RES/36/39,626816,,International Law Commission; Statute,Enlargement; Amendment
A/RES/36/46,626817,Western Sahara,,
A/RES/36/49,626818,Non-self-governing territories,Information,Transmission
A/RES/36/50,626819,East Timor,,
A/RES/36/51,626820,Namibia;southern Africa,Declaration on the Granting of Independence to Colonial Countries and Peoples;colonial domination;colonialism;apartheid;racial discrimination,implementation;elimination;efforts
A/RES/36/52,626821,Colonial Countries;Peoples,Declaration;Independence,Implementation
A/RES/36/56A,626822,,Human rights;Scientific and technological developments,Adoption
A/RES/36/66B,626829,,United Nations Disengagement Observer Force,Financing
A/RES/36//235IX,626865,Nairobi,United Nations accommodation,
A/RES/36/235IV,626866,,Interorganizational security measures,
A/RES/36/237,626871,,Information Systems;International Economic and Social Affairs,Establishment
A/RES/36/240C,626872,,Financing; Appropriations,
A/RES/36/240A,626873,,Budget Appropriation;Biennium,
A/RES/36/241,626874,,Extraordinary expenses,Approval
A/RES/36/242,626875,,Working Capital Fund,Adoption
A/RES/36/120A,626878,Palestine,,
A/RES/36/120B,626883,Palestine,,
A/RES/36/120C,626885,Palestine,,
A/RES/36/120D,626886,Palestine,,
A/RES/36/121A,626896,Namibia;South Africa,Illegal occupation;Territory,
A/RES/36/121B,626897,Namibia,,Action; Support
A/RES/36/121C,626898,Namibia,Programme of work,
A/RES/36/121D,626899,Namibia,,Action
A/RES/36/121E,626900,Namibia,Information Dissemination,Dissemination
A/RES/36/121F,626901,Namibia,United Nations Fund,
A/RES/35/222,626905,Nairobi,United Nations accommodation,
A/RES/36/68,626906,Colonial Countries;Colonial Peoples,Declaration;Independence,Implementation;Granting
A/RES/36/69,626909,,Decolonization,Dissemination of information
A/RES/36/73,626910,Palestinian people,Living conditions,
A/RES/36/84,626911,,Nuclear Weapons;Test Explosions,Cessation
A/RES/36/86B,626912,Africa,Denuclearization,Implementation
A/RES/36/86A,626915,South Africa,Nuclear capability,
A/RES/36/87B,626917,Middle East,Nuclear-weapon-free zone,Establishment
A/RES/36/88,626920,South Asia,Nuclear-weapon-free zone,Establishment
A/RES/36/122,626921,,Charter of the United Nations;Role of the Organization,Strengthening
A/RES/36/89,626924,,Weapons of Mass Destruction,Prohibition; Development; Manufacture
A/RES/36/133,626925,,United Nations system;Human rights;Fundamental freedoms,Improvement;Enjoyment
A/RES/36/92K,626928,,Nuclear Neutron Weapon,Prohibition
A/RES/36/138C,626980,Lebanon,United Nations Interim Force,Financing
A/RES/36/145,626981,,Trade;Development,Conference
A/RES/36/146H,626982,Palestine,Higher Education;Vocational Training;Refugees,Offers;Grants;Scholarships
A/RES/36/146G,626983,Palestine,Palestine refugees,Adoption
A/RES/36/146F,626984,Palestine,Refugees,Assistance
A/RES/36/146C,626985,Palestine,Refugees;Properties;Revenues,
A/RES/36/146B,626986,,Population;Refugees;Displacement,
A/RES/36/146A,626987,Palestine; Gaza Strip,Refugees,
A/RES/36/147A,626988,Israel; Occupied Territories,Human Rights,Investigation
A/RES/36/147B,626994,Israel; Occupied Territories,Human Rights,Investigation
A/RES/36/147C,626995,Israel; Occupied Territories,Human Rights,Investigation
A/RES/36/147D,626997,Israel;Occupied Territories,Human Rights,Investigation
A/RES/36/147E,626998,Israel; Occupied Territories,Human Rights,Investigation
A/RES/36/147F,626999,Israel;Occupied Territories,Human Rights,Investigation
A/RES/36/147G,627000,Israel;Occupied Territories,Human Rights,Investigation
A/RES/36/149B,627001,,Information,Question
A/RES/36/150,627002,Israel; Mediterranean Sea; Dead Sea,Canal,Decision; Building
A/RES/36/151,627004,,Victims of Torture,Voluntary Fund
A/RES/36/155,627007,El Salvador,Human Rights;Fundamental Freedoms,
A/RES/36/157,627008,Chile,Human Rights,Protection
A/RES/36/171,627009,,Human Rights,Case
A/RES/36/172O,627010,South Africa,Investments,
A/RES/36/172N,627011,,Apartheid,Programme of work
A/RES/36/172M,627012,Israel;South Africa,Relations,
A/RES/36/172L,627013,,Apartheid;Mass Media,Public Information;Public Actions;Struggle
A/RES/36/172K,627014,,Women; Children; Apartheid,
A/RES/36/172I,627015,South Africa,Academic boycotts;Cultural boycotts;Sports boycotts,
A/RES/36/172H,627016,South Africa,Trade Unions;Sanctions,Conference
A/RES/36/172G,627017,South Africa,Oil embargo,Embargo
A/RES/36/172F,627018,South Africa,Arms embargo,
A/RES/36/172E,627019,South Africa,Military collaboration;nuclear collaboration,
A/RES/36/172D,627020,South Africa,Sanctions,Mandate
A/RES/36/172C,627021,Angola; African States,Acts of aggression; Apartheid regime,
A/RES/36/172B,627022,South Africa,Sanctions,Mobilization
A/RES/36/172A,627023,South Africa,,
A/RES/36/173,627024,Palestinian territories; Arab territories,Permanent sovereignty; National resources,
A/RES/36/175,627025,land-locked developing countries,needs;problems,action
A/RES/36/188,627026,,Remnants of War,Problem
A/RES/36/226A,627027,Middle East,,
A/RES/36/225,627028,,United Nations system; Natural disasters; Disaster situations,Strengthening; Response
A/RES/36/226B,627029,Middle East,,
A/RES/36/231A,627030,,United Nations,Apportionment; Assessment
A/RES/36/232,627031,,Privileges and immunities; Officials; United Nations; Specialized agencies; Related organizations,Respect
A/RES/36/234B,627032,,Income,Estimation
A/RES/36/234A,627033,,Budget Appropriations,Finalization
A/RES/36/92J,627063,,Nuclear war; Arms race; Disarmament,Action; Collection; Prevention; Curb
A/RES/36/92I,627064,,Nuclear weapons;nuclear war,Non-use;Prevention
A/RES/36/92H,627065,,Multilateral disarmament agreements,Status
A/RES/36/92F,627066,,Disarmament,Report
A/RES/36/92E,627067,,Nuclear weapons,
A/RES/36/92D,627068,,Disarmament,International co-operation
A/RES/36/92C,627069,,World Disarmament,Campaign
A/RES/36/66A,627257,,United Nations Disengagement Observer Force,Financing
A/RES/36/94,627702,non-nuclear-weapon States,security;nuclear weapons,strengthening
A/RES/36/95,627703,Non-nuclear-weapon States,Nuclear weapons,Assurance
A/RES/36/96C,627704,,Chemical weapons;bacteriological weapons;biological weapons,
A/RES/36/96B,627706,,Chemical weapons;bacteriological weapons;biological weapons,
A/RES/36/96A,627707,,Chemical weapons;bacteriological weapons;biological weapons,
A/RES/36/97K,627708,,Disarmament;International Security,
A/RES/36/97J,627709,,Committee on Disarmament; Membership,Review
A/RES/36/97G,627711,,Fissionable material; Weapons,Prohibition; Production
A/RES/36/97E,627712,States,Nuclear weapons,Non-stationing
A/RES/35/225,627714,,Job classification;Career development;Language staff,
A/RES/36/97C,627715,,Arms race; Outer space,Prevention
A/RES/36/97A,627716,,Conventional Disarmament,Study
A/RES/36/98,627717,Israel,Nuclear Armament,
A/RES/36/99,627719,,Prohibition of the stationing of weapons in outer space,Conclusion of a treaty
A/RES/36/100,627722,,Nuclear Catastrophe,Prevention
A/RES/36/102,627773,,Declaration on the Strengthening of International Security; International Security,Implementation
A/RES/36/103,627775,States,Intervention;Interference;Internal Affairs,Declaration
A/RES/36/104,627776,,Declaration on the Preparation of Societies for Life in Peace,Implementation
A/RES/36/105,627777,Comorian island of Mayotte,,
A/RES/36/106,627778,,Peace and Security of Mankind,Code of Offences
A/RES/36/107,627779,,Principles and norms of international law; New international economic order,Progressive development
A/RES/36/112,627783,,Multilateral Treaty-Making Process,Review
A/RES/36/116B,627785,,Financial Emergency; United Nations,Adoption
A/RES/36/116A,627786,United Nations,Financial emergency,
A/RES/36/120F,627787,Palestine,,
A/RES/36/120E,627788,Palestine,,
A/RES/35/156I,628525,,Disarmament,Report
A/RES/35/157,628526,Israel,Nuclear armament,Resolution
A/RES/35/158,628527,,International Security,Implementation
A/RES/35/159,628528,states,non-interference; international affairs,
A/RES/35/164,628615,,Charter of the United Nations;Role of the Organizations,Strengthening
A/RES/35/166,628616,,Principles and norms of international and economic law; Legal assets; International economic order,Consolidation; Progressive development
A/RES/35/167,628617,Organization of African Unity;League of Arab States,National Liberation Movements,Observer Status
A/RES/35/169A,628618,Palestine,,Resolution
A/RES/35/169B,628619,Palestine,,
A/RES/35/169C,628620,Palestine,,
A/RES/35/169D,628621,Palestine,,
A/RES/35/169E,628622,Palestine,,Resolution
A/RES/35/174,628623,,Human Rights;Fundamental Freedoms;United Nations System,Improvement
A/RES/35/156F,628626,,Nuclear Weapons,Study
A/RES/35/185,628630,Bolivia,Human rights,
A/RES/35/188,628632,Chile,Human Rights,Protection
A/RES/35/190,628633,,Human Rights;Violations,Voluntary Fund
A/RES/35/192,628635,El Salvador,Human Rights;Fundamental Freedoms,
A/RES/35/198,628636,,Migrant Workers; Human Rights; Dignity,Improvement; Ensurance
A/RES/35/200,628637,,Nazi activities;Fascist activities;neo-Fascist activities;totalitarian ideologies;racial intolerance;hatred;terror,Measures
A/RES/35/206A,628638,South Africa,,
A/RES/35/206B,628641,South Africa,Military collaboration;nuclear collaboration,
A/RES/35/206C,628642,South Africa,Sanctions,Comprehensive sanctions
A/RES/35/206D,628644,South Africa,Oil embargo,
A/RES/35/6,629364,Kampuchea,,
A/RES/35/8,629367,,Historical responsibility; Preservation of nature; Present and future generations,
A/RES/35/10B,629369,,,
A/RES/35/13A,629370,Palestine,Refugees,Assistance
A/RES/35/13B,629372,Palestine,Higher Education;Vocational Training;Refugees,Offer;Grant;Scholarship
A/RES/35/13E,629373,,Population;Refugees;Displacement,
A/RES/35/13F,629377,Palestine; Gaza Strip,Refugees,
A/RES/35/20,629380,Belize,,
A/RES/35/26,629382,Non-Self-Governing Territories,Information,Transmission
A/RES/35/27,629391,East Timor,,
A/RES/35/28,629395,Namibia;Southern Africa,Declaration on the Granting of Independence to Colonial Countries and Peoples;Colonial Domination;Colonialism;Apartheid;Racial Discrimination,Activities;Implementation;Efforts;Elimination
A/RES/35/29,629397,Colonial Countries;Peoples,Declaration;Independence,Implementation
A/RES/35/206E,629398,South Africa,Cultural boycott;Academic boycott,Boycott
A/RES/35/206F,629399,South Africa,Transnational Corporations,Role
A/RES/35/206G,629401,,Apartheid,Campaigns
A/RES/35/37,629402,Afghanistan,International Peace;Security,
A/RES/35/206H,629403,Israel;South Africa,Relations,
A/RES/35/206I,629405,South Africa,Sanctions,Conference
A/RES/35/39,629406,,International Convention on the Suppression and Punishment of the Crime of Apartheid; Crime of Apartheid,Suppression; Punishment
A/RES/35/206J,629407,South Africa,Oppressed people; National liberation movement,Assistance
A/RES/35/206M,629408,,Apartheid; Sports,Resolution
A/RES/35/206N,629409,,Women; Children; Apartheid,
A/RES/35/206O,629411,,Apartheid,Implementation
A/RES/35/206P,629412,,Apartheid,Programme of work
A/RES/35/43,629413,Comorian island of Mayotte,,
A/RES/35/206Q,629414,South Africa,Investments,
A/RES/35/207,629415,Middle East,,
A/RES/35/213,629417,,Staff Representatives;5th Committee,Access
A/RES/35/44,629419,Governments of troop-contributing states,Rates of reimbursement,Review
A/RES/35/214A,629420,,International Civil Service,Report
A/RES/35/45A,629422,,United Nations Disengagement Observer Force,Financing
A/RES/35/217XV,629426,Santiago,Accommodation,
A/RES/35/45B,629427,,United Nations Disengagement Observer Force,Financing
A/RES/35/218,629428,,Honoraria; United Nations,Study
A/RES/35/220A-B,629430,,Emoluments; Pension Scheme; International Court of Justice,Adoption
A/RES/35/50,629431,,Principle of Non-Use of Force;International Relations,Enhancement
A/RES/35/226A,629432,,Budget Appropriations;Biennium,Revision
A/RES/35/226C,629433,,Financial Appropriations,Adoption
A/RES/35/227A,629435,Namibia;South Africa,Illegal occupation;Territory,
A/RES/35/227B,629436,Namibia,United Nations action,Intensification; Co-ordination; Support
A/RES/35/227C,629437,Namibia,Programme of work,
A/RES/35/227D,629438,Namibia,Action,Action
A/RES/35/227E,629439,Namibia,United Nations Institute,Support
A/RES/35/227F,629440,Namibia,Nationhood Programme,
A/RES/35/227G,629441,Namibia,United Nations Fund,
A/RES/35/227H,629442,Namibia,Information Dissemination,Dissemination
A/RES/35/227I,629443,Namibia,Uranium,
A/RES/35/227J,629444,South Africa; Namibia,United Nations resolutions,Refusal; Compliance
A/RES/35/57,629446,States,Economic Rights;Duties,Charter
A/RES/35/58,629464,Land-locked development countries,Needs; Problems,Action
A/RES/35/60,629465,,Trade;Development,Conference
A/RES/35/75,629466,Palestinian,Living conditions,
A/RES/35/113,629467,United Nations,Financial emergency,
A/RES/35/115A,629468,Lebanon,United Nations Interim Force,Financing
A/RES/35/115B,629469,Lebanon,United Nations Interim Force,Financing
A/RES/35/118,629594,Colonial Countries;Peoples,Declaration;Independence,Plan;Implementation;Granting
A/RES/35/119,629596,Colonial Countries;Colonial Peoples,Declaration;Independence,Implementation;Granting
A/RES/35/120,629598,,Decolonization,Dissemination of information
A/RES/35/122A,629600,Israel; Occupied Territories,Human Rights,Investigation
A/RES/35/122B,629601,Israel;Occupied Territories,Human Rights,Investigation
A/RES/35/122C,629603,Israel;Occupied Territories,Human Rights,Investigation
A/RES/35/122D,629604,Israel; Occupied Territories,Human Rights,Investigation
A/RES/35/122E,629605,Israel; Occupied Territories,Human Rights,Investigation
A/RES/35/122F,629607,Israel; Occupied Territories,Human Rights,Investigation
A/RES/35/123,629609,Malagasy Islands of Glorieuses;Juan de Nova;Europa;Bassas da India,,
A/RES/35/124,629611,,Refugees,International co-operation; Avertal
A/RES/35/130A,629613,,Human rights;Scientific and technological developments,Adoption
A/RES/35/130B,629614,,Human rights;Scientific and technological developments,Adoption
A/RES/35/142B,629623,,Military budgets,Reduction
A/RES/35/143,629624,Latin America,Treaty for the Prohibition of Nuclear Weapons; Additional Protocol I,Implementation; Signature; Ratification
A/RES/35/144C,629625,,Chemical Weapons;Bacteriological Weapons;Biological Weapons,
A/RES/35/145A,629627,,Nuclear Weapons;Test Explosions,Cessation
A/RES/35/145B,629628,States,Nuclear test explosions,Prohibition
A/RES/35/146A,630225,South Africa,Nuclear capability,
A/RES/35/146B,630227,Africa,Denuclearization,Implementation
A/RES/35/148,630230,South Asia,Nuclear-weapon-free zone,Establishment
A/RES/35/149,630232,,Weapons of Mass Destruction,Prohibition; Development; Manufacture
A/RES/35/152B,630233,,Nuclear weapons,
A/RES/35/152C,630234,,Nuclear weapons,
A/RES/35/152D,630235,,Nuclear weapons;nuclear war,Non-use;prevention
A/RES/35/152G,630236,,,
A/RES/35/152J,630237,,Disarmament,Report
A/RES/35/154,630238,non-nuclear-weapon states,security;nuclear weapons,strengthening
A/RES/35/155,630240,Non-nuclear-weapon states,Nuclear weapons,Conclusion; Assurance
A/RES/35/156A,630242,,Conventional Disarmament,Study
A/RES/35/156C,630246,States,Nuclear weapons,Non-stationing
A/RES/35/156H,630247,,Fissionable Material;Weapons,Prohibition;Production
A/RES/62/243,632041,Azerbaijan,Occupied territories,
A/RES/62/249,632080,Abkhazia;Georgia,Internally Displaced Persons;Refugees,Status
A/RES/62/270,632095,,Migration;Development,Forum
A/RES/34/2A,632867,,Credentials,Adoption
A/RES/34/6A,632868,,Scale of assessments; Apportionment; Expenses; United Nations,
A/RES/34/7A,632871,,United Nations Emergency Force; United Nations Disengagement Observer Force; Financing,
A/RES/34/7B,632874,,United Nations Emergency Force; United Nations Disengagement Observer Force,Financing
A/RES/34/7C,632875,,United Nations Emergency Force; United Nations Disengagement Observer Force; Financing,
A/RES/34/7D,632877,,United Nations Emergency Force; United Nations Disengagement Observer Force; Financing,
A/RES/34/9B,632882,Lebanon,United Nations Interim Force,Financing
A/RES/34/9C,632883,Lebanon,United Nations Interim Force,Financing
A/RES/34/9D,632884,Lebanon,United Nations Interim Force,Financing
A/RES/34/9E,632885,Lebanon,United Nations Interim Force,Financing
A/RES/34/13,632886,,Principle of Non-Use of Force; International Relations,Enhancement; Effectiveness
A/RES/34/22,632887,Kampuchea,,
A/RES/34/24,632961,,Racism;Racial Discrimination,Implementation;Combat;Action
A/RES/34/27,632962,,International Convention on the Suppression and Punishment of the Crime of Apartheid,Suppression; Punishment
A/RES/34/29,632963,,Occupied territories,
A/RES/34/30,632964,Cyprus,,
A/RES/34/33,632965,Non-Self-Governing Territories,Information,Transmission
A/RES/34/37,632966,Western Sahara,,
A/RES/34/38,632967,Belize,,
A/RES/34/40,633049,East Timor,,
A/RES/34/41,633050,Southern Rhodesia;Namibia;Southern Africa,Foreign economic interests;Declaration on the Granting of Independence to Colonial Countries and Peoples;Colonial domination;Colonialism;Apartheid;Racial discrimination,Implementation;Efforts;Elimination
A/RES/34/42,633051,Colonial Countries;Colonial Peoples,Declaration;Independence,Implementation
A/RES/34/44,633052,colonial countries;peoples,right of peoples to self-determination;independence;human rights,realization;granting;guarantee;observance
A/RES/34/46,633053,,United Nations system;Human rights;Fundamental freedoms,Improvisation;Enjoyment
A/RES/34/47,633054,,Human Rights,Services
A/RES/34/48,633055,,United Nations system;Human rights;Fundamental freedoms,Improvement;Enjoyment
A/RES/34/52A,633056,Palestine,Refugees,Assistance
A/RES/34/52C,633057,Palestinian refugees,Higher education;Vocational training,Offers;Grants;Scholarships
A/RES/34/52E,633058,,Population;Refugees;Displacement,
A/RES/34/52F,633059,Palestine; Gaza Strip,Refugees,
A/RES/34/55,633060,,Disaster Relief,Coordination
A/RES/34/65A,633061,Palestine,,
A/RES/34/65B,633062,Palestine,,Resolution
A/RES/34/65C,633074,Palestine,,Resolution
A/RES/34/65D,633075,Palestine,,
A/RES/34/69,633087,Comorian Island of Mayotte,,
A/RES/34/70,633108,Middle East,,
A/RES/34/76A,633109,Africa,Denuclearization,Implementation
A/RES/34/77,633110,Middle East,Nuclear-weapon-free zone,Establishment
A/RES/34/73,633111,,,Implementation
A/RES/34/78,633112,South Asia,Nuclear-weapon-free-zone,Establishment
A/RES/34/79,633113,,Weapons of Mass Destruction,Prohibition; Development; Manufacture
A/RES/34/80A,633157,Indian Ocean,Zone of Peace;Declaration,Implementation
A/RES/34/80B,633159,Indian Ocean,Zone of Peace;Declaration,Implementation
A/RES/34/83B,633160,,Disarmament,Report
A/RES/34/83E,633162,,Disarmament agreements;International security,Monitoring;Strengthening
A/RES/34/83G,633163,,Nuclear weapons;nuclear war,Non-use;Prevention
A/RES/34/83J,633165,,Nuclear weapons,
A/RES/34/84,633166,non-nuclear-weapon States,security;guarantees,conclusion;strengthening
A/RES/34/85,633167,Non-nuclear-weapon States,Nuclear weapons,Conclusion; Assurance
A/RES/34/86,633168,non-nuclear-weapon States,security;nuclear weapons,strengthening
A/RES/34/87C,633170,States,Nuclear weapons,Non-stationing
A/RES/34/87D,633173,,Fissionable material; Weapons,Prohibition; Production
A/RES/34/87E,633175,,Institutional Arrangements;Disarmament,Study
A/RES/34/88,633177,,Disarmament,International Co-operation
A/RES/34/89,633181,Israel,Nuclear Armament,Adoption
A/RES/34/90A,633182,Israel;Occupied Territories,Human Rights,Investigation
A/RES/34/90B,633183,Israel;Occupied Territories,Human Rights,Investigation
A/RES/34/90C,633185,Israel; Occupied Territories,Human Rights,Investigation
A/RES/34/91,633187,Islands of Gloriesus;Juan de Nova;Europa;Bassas da India,,Resolution
A/RES/34/92A,635764,Namibia,Programme of work,
A/RES/34/92B,635765,Namibia,United Nations action,Intensification; Co-ordination; Support
A/RES/34/92C,635766,Namibia,,Action
A/RES/34/92F,635767,Namibia,Information Dissemination,Dissemination
A/RES/34/92G,635768,Namibia;South Africa,Illegal occupation,
A/RES/34/93A,635769,South Africa,,
A/RES/34/93C,635770,South Africa,Sanctions,Conference
A/RES/34/93D,635771,South Africa,Arms embargo,
A/RES/34/93E,635772,South Africa,Nuclear collaboration,
A/RES/34/93F,635773,South Africa,Oil embargo,Embargo
A/RES/34/93I,635774,South Africa,Oppressed people; National liberation movement,Assistance
A/RES/34/93J,635775,,Apartheid,Dissemination of information
A/RES/34/93L,635776,,Mass Media;Apartheid,International Action
A/RES/34/93N,635777,,Apartheid; Sports,
A/RES/34/93P,635778,Israel;South Africa,Relations,
A/RES/34/93Q,635779,South Africa,Investments,
A/RES/34/93R,635780,,Apartheid,Programme of work
A/RES/34/94,635781,Colonial Countries;Peoples,Declaration;Independence,Implementation;Granting
A/RES/34/95,635782,,Decolonization,Dissemination of information
A/RES/34/100,635783,,International Security,Implementation
A/RES/34/101,635784,States,Non-interference; Internal affairs,
A/RES/34/103,635785,,Policy of hegemonism; International relations,Inadmissibility
A/RES/34/113,635786,Palestinian people,Living conditions,
A/RES/34/133,635787,Palestinian people,Assistance,
A/RES/34/136,635788,Arab territories,Permanent sovereignty; National resources,
A/RES/34/145,635789,,International Terrorism;Human Lives;Fundamental Freedoms;Causes of Terrorism;Acts of Violence;Misery;Frustration;Grievance;Despair;Radical Changes,Prevention;Study
A/RES/34/147,635790,,Charter of the United Nations;Role of the Organization,Strengthening
A/RES/34/150,635791,,International Economic Law;International Economic Order;Principles;Norms;Legal Aspects,Consolidation;Progressive Development
A/RES/34/158,635792,United Nations,Women,Conference
A/RES/34/160,635793,United Nations,Decade for Women,Conference
A/RES/34/166,635794,troop-contributed States,rates of reimbursement,review
A/RES/34/172,635795,,Migrant Workers;Human Rights;Dignity,Improvement;Ensurance
A/RES/34/176,635796,Chile,Trust Fund,
A/RES/34/179,635797,Chile,Human rights,
A/RES/34/180,635798,,Discrimination against Women,Elimination
A/RES/34/184,635799,,Desertification,Plan of Action; Combat
A/RES/34/192,635800,Southern Rhodesia,,
A/RES/34/197,635801,,World inflationary phenomenon; Development process,
A/RES/34/198,635802,Land-locked developing countries,Needs; Problems,Action
A/RES/34/199,635803,,Multilateral trade negotiations,Negotiation
A/RES/34/209,635804,Land-locked Developing Countries,Special Fund,
A/RES/34/211,635805,,International Development,Proposal
A/RES/34/216,635806,,International monetary reform,
A/RES/34/220,635807,,United Nations staff; United Nations system,Participation
A/RES/34/221,635808,,United Nations Joint Staff Pension Board,Report
A/RES/34/222A,635809,,United Nations Joint Staff Pension Fund,Investment
A/RES/34/222C,635810,,United Nations Joint Staff Pension Fund,Investment
A/RES/34/223A,635811,,Budget Appropriations,Finalization
A/RES/34/223B,635899,,Income,Estimation
A/RES/34/227,635900,,Industrial Development,
A/RES/34/229,635902,regional level,Human Settlements,implementation
A/RES/34/230A,635903,,Budget Appropriations,
A/RES/34/230C,635904,,Financing; Appropriation,
A/RES/34/231,635905,,Extraordinary expenses,Approval
A/RES/34/232,635906,,Working Capital Fund,Adoption
A/RES/34/233[I],635910,,Information Systems;International Economic and Social Affairs,Establishment
A/RES/34/233[IX],635913,,United Nations International School,
A/RES/34/233[XI],635915,Nairobi,Accommodation,
A/RES/34/233[XIII],635918,,Conditions of service; Compensation; Officials; Secretariat officials; General Assembly,Serving
A/RES/34/233[XIV],635919,Least Developed Countries,Financing; Consultation Meetings; United Nations Industrial Development Organization,Participation
A/RES/33/9[B],637262,,Credentials,Adoption
A/RES/33/13[B],637953,,United Nations Emergency Force; United Nations Disengagement Observer Force; Financing,
A/RES/33/13[C],637954,,United Nations Emergency Force; United Nations Disengagement Observer Force; Financing,
A/RES/33/13[D],637960,,United Nations Emergency Force; United Nations Disengagement Observer Force; Financing,
A/RES/33/13[E],637965,,United Nations Emergency Force; United Nations Disengagement Observer Force; Financing,
A/RES/33/13[F],637968,,United Nations Emergency Force; United Nations Disengagement Observer Force; Financing,
A/RES/33/113[A],637971,Israel; Occupied Territories,Human Rights,Investigation
A/RES/33/113[B],637972,Israel;Occupied Territories,Human Rights,Investigation
A/RES/33/113[C],637973,Israel; Occupied Territories,Human Rights,Investigation
A/RES/33/114,637974,,Peace-keeping operations,Review
A/RES/33/116[A-I],637975,,Organizational nomenclature; Secretariat,
A/RES/33/116[A-IV],637976,,Financial Regulations; United Nations,Amendments
A/RES/33/116[A-VI],637977,,International Computing Centre;Budget Estimates,
A/RES/33/116[B-IX],637978,,Disarmament commission,Adoption
A/RES/33/116[B-VIII],637979,,Conditions of service; Compensation; Officials; Secretariat officials; General Assembly,Serving
A/RES/33/116[C-III],637980,,Estimates;Recommendations;Committee for Programme and Co-ordination,Revision
A/RES/33/116[C-VI],637985,,Honoraria; United Nations,Study
A/RES/33/116[C-VII],637988,,Executive Direction;Management;Special Political Questions,Estimates
A/RES/33/116[C-X],637991,,Provisions,Exception
A/RES/33/118,637996,,Medium-term plan,Planning
A/RES/33/119,637998,,International Civil Service,Report
A/RES/33/120,637999,,United Nations Joint Staff Pension Board,Report
A/RES/31/5[B],638670,,United Nations Emergency Force; United Nations Disengagement Force; Financing,
A/RES/33/14,638755,Lebanon,United Nations Interim Force,Financing
A/RES/33/15,638757,Cyprus,,
A/RES/33/17,638758,,Law of the Sea,Conference
A/RES/33/23,638759,Southern Africa,Human Rights;Political Assistance;Military Assistance;Economic Assistance;Colonial Regimes;Racist Regimes,Enjoyment
A/RES/33/24,638760,colonial countries;peoples,right of peoples to self-determination;independence;human rights,realization;granting;guarantee;observance
A/RES/33/28[A],638761,Palestine,,
A/RES/33/28[B],638762,Palestine,,
A/RES/33/28[C],638763,Palestine,,
A/RES/33/31[B],638764,Western Sahara,Question,
A/RES/33/36,638766,Belize,,
A/RES/33/37,638767,Non-Self-Governing Territories,Information,Transmission
A/RES/33/38[A],638768,Southern Rhodesia,,Resolution
A/RES/33/38[B],638769,Southern Rhodesia,,Resolution
A/RES/33/39,638770,East Timor,,
A/RES/33/40,638771,Southern Rhodesia;Namibia;southern Africa,Declaration on the Granting of Independence to Colonial Countries and Peoples;colonial domination;colonialism;apartheid;racial discrimination,Activities;implementation;efforts;elimination
A/RES/33/41,638774,Colonial Countries;Colonial Peoples,Declaration;Independence,Implementation
A/RES/33/44,638775,Colonial Countries; Peoples,Declaration; Independence,Implementation; Granting
A/RES/33/45,638776,,Decolonization,Dissemination of information
A/RES/33/48,638777,,World social development,
A/RES/33/50,638778,,Cultural and artistic property; Preservation; Cultural values,Protection; Restitution; Return; Development
A/RES/33/53,638783,,Human rights;Scientific and technological developments,
A/RES/33/57,638784,,Treaty on the Non-Proliferation of Nuclear Weapons,Implementation; Establishment
A/RES/33/60,638785,,,Implementation
A/RES/33/63,638786,Africa,Denuclearization,Implementation
A/RES/33/64,638787,Middle East,Nuclear-weapon-free zone,Establishment
A/RES/33/65,638788,South Asia,Nuclear-weapon-free zone,Establishment
A/RES/33/66[A],638789,,Weapons of Mass Destruction,Prohibition; Development; Manufacture
A/RES/33/66[B],638790,,Weapons of Mass Destruction,Prohibition; Development; Manufacture
A/RES/33/67,638860,,Military budgets,Reduction
A/RES/33/68,638861,Indian Ocean,Zone of Peace;Declaration,Implementation
A/RES/33/71[A],638863,Israel,Military collaboration;nuclear collaboration,
A/RES/33/71[B],638869,,Nuclear weapons;nuclear war,Non-use;prevention
A/RES/33/71[C],638870,,Nuclear Weapons,Cessation; Testing
A/RES/33/71[H],638872,,Disarmament,Negotiations
A/RES/33/71[J],638874,,Disarmament agreements;International security,Monitoring;Strengthening
A/RES/33/72[A],638877,Non-nuclear states,Security;Guarantees,Strengthening;Conclusion
A/RES/33/72[B],638878,Non-nuclear states,Security;Guarantees,Conclusion
A/RES/33/73,638879,,Societies; Life in Peace,Preparation
A/RES/33/74,638881,States,Non-interference; Internal affairs,
A/RES/33/75,638883,,International Security,Implementation
A/RES/33/76,638884,Nicaragua,,
A/RES/33/85,638885,Land-Locked Developing Countries,Special Fund,
A/RES/33/89,638887,,Desertification,Plan of Action; Combat
A/RES/33/91[B],638888,,Confidence-building measures,
A/RES/33/91[C],638939,,Strategic arms limitation,Talks
A/RES/33/91[D],638940,,Nuclear Weapons,Study
A/RES/33/91[E],638941,,Regional Disarmament,Study
A/RES/33/91[F],638942,States,Nuclear weapons,Non-stationing
A/RES/33/91[G],638943,,Disarmament,Resolution
A/RES/33/91[H],638944,,Fissionable Material; Weapons,Prohibition; Production
A/RES/33/96,638962,,Principle of Non-Use of Force; International Relations,Enhancement
A/RES/33/97,638963,,Peace and Security of Mankind,Code of Offences
A/RES/33/98,638964,,Programme for the Decade for Action to Combat Racism and Racial Discrimination; Racism; Racial Discrimination,Implementation; Combat
A/RES/33/99,638965,,Racism;Racial Discrimination,Combat
A/RES/33/100,638966,,Racism;Racial Discrimination,Combat
A/RES/33/103,638967,,International Convention on the Suppression and Punishment of the Crime of Apartheid,Suppression; Punishment
A/RES/33/106,638968,,Religious Intolerance,Elimination
A/RES/33/110,638969,Palestinian,Living conditions,
A/RES/33/112[A],638972,Palestine,Refugees,Assistance
A/RES/33/112[C],638975,Palestine,Higher Education;Vocational Training;Refugees,Offers;Grants;Scholarships
A/RES/33/112[E],638976,Palestine; Gaza Strip,Refugees,
A/RES/33/112[F],638977,,Population; Refugees; Displacement,
A/RES/33/121[A],639252,Developing countries,Investments; United Nations Joint Staff Pension Fund; Transnational corporations,
A/RES/33/136,639253,developing countries,transfer of real resources,acceleration
A/RES/33/137,639254,,Finance for development,
A/RES/33/138,639255,,United Nations; Rules of Procedure,Amendments
A/RES/33/143,639256,,Personnel questions,
A/RES/33/147,639257,Palestinian people,Assistance,
A/RES/33/150,639258,Land-locked developing countries,Particular needs,Specific action
A/RES/33/151,639259,,Technology,Transfer
A/RES/33/155,639260,,World inflationary phenomenon; Development process,
A/RES/33/159,639261,developing countries,Debt problems,
A/RES/61/128[A],639346,American Samoa;Anguilla;Bermuda;British Virgin Islands;Cayman Islands;Guam;Montserrat;Pitcairn;Saint Helena;Turks and Caicos Islands;United States Virgin Islands,,
A/RES/61/128[B],639347,Individual territories,,
A/RES/33/163,639400,,Migrant Workers;Human Rights;Dignity,Improvement;Ensurance
A/RES/33/172,639402,Cyprus,Missing persons,
A/RES/33/174,639403,Chile,United Nations Trust Fund,Establishment
A/RES/33/175,639404,Chile,Human Rights,Protection
A/RES/33/176,639405,Chile,Human Rights,Experience
A/RES/33/180[A],639406,,Budget Appropriations,Revision
A/RES/33/180[C],639407,,Financing; Appropriation,Revision
A/RES/33/181,639409,Vienna International Centre,Accommodation,
A/RES/33/182[A],639411,Namibia;South Africa,Illegal occupation;Territory,
A/RES/33/182[B],639412,South Africa; Namibia,,Refusal; Compliance
A/RES/33/182[C],639413,Namibia,Programme of work,
A/RES/33/183[B],639415,,Apartheid,Mobilization
A/RES/33/183[C],639417,oppressed peoples,tributes; memory; leaders; outstanding personalities; contributions; struggles,
A/RES/33/183[D],639419,Israel;South Africa,Relations,
A/RES/33/183[E],639420,South Africa,Oil embargo,Embargo
A/RES/33/183[G],639421,South Africa,Nuclear collaboration,
A/RES/33/183[H],639422,South Africa,Economic collaboration,
A/RES/33/183[I],639423,,Apartheid,Dissemination of information
A/RES/33/183[J],639424,,Apartheid,Programme of work
A/RES/33/183[K],639425,South Africa,Oppressed people; National liberation movement,Assistance
A/RES/33/183[L],639426,South Africa,,
A/RES/33/183[N],639427,,Apartheid; Sports,
A/RES/33/183[M],639428,South Africa,Military collaboration,
A/RES/33/183[O],639429,South Africa,Investments,
A/RES/33/184,639430,,Status and role of women; Education; Economic fields; Social fields; Equality of women with men,Improvement; Achievement
A/RES/63/3,639475,Kosovo,International Law;Unilateral Declaration of Independence,Request;Advisory Opinion
A/RES/33/196,639624,,Protectionism,
A/RES/33/199,639625,,Multilateral trade negotiations,Adoption
A/RES/33/204,639626,,Activity Determination; Usefulness Assessment; Effectiveness Assessment,Determination; Assessment
A/RES/33/205[A],639627,,Budget Appropriations; Biennium 1978-1979,Revision
A/RES/33/205[B],639628,,Income estimates; Biennium 1978-1979,Revision
A/RES/33/205[C],639629,,Financing; Appropriation,
A/RES/33/206,639630,Namibia,,
A/RES/33/31[A],639631,Western Sahara,,
A/RES/33/29,639632,Middle East,,
A/RES/32/105[M],642010,,Apartheid in Sports,Declaration
A/RES/32/105[N],642012,Bantustans,,
A/RES/32/105[O],642019,South Africa,Investments,
A/RES/32/4[B-C],642288,,United Nations Emergency Force; United Nations Disengagement Observer Force; Financing,
A/RES/32/5,642335,Israel;Arab territories;Middle East,Illegal measures;Legal status;Geographical nature;Demographic composition;Charter of the United Nations;International obligations;4th Geneva convention of 1949;United Nations resolutions;Peace,Obstruction;Efforts;Achievement
A/RES/31/6[H],642378,South Africa,Economic collaboration,
A/RES/32/7,642393,Comorian island of Mayotte,,
A/RES/32/105[G],642624,South Africa,Economic collaboration,
A/RES/32/105[H],642626,,Apartheid,Dissemination of information
A/RES/32/105[I],642628,,Apartheid,Programme of work
A/RES/32/105[J],642629,South Africa,National Liberation Movement,Assistance
A/RES/32/105[K],642630,South Africa,,
A/RES/32/105[L],642631,,Apartheid,Action
A/RES/32/113,642633,Land-Locked Developing Countries,Special Fund,
A/RES/32/115,642634,,Science and Technology; Development,Conference
A/RES/32/116[B],642635,Southern Rhodesia,,Resolution
A/RES/32/118,642636,Chile,Human Rights,Protection
A/RES/32/122,642637,,Apartheid;Racism;Racial Discrimination;Colonialism;Aggression;Foreign Occupation;Self-Determination;Independence;Social Progress,Protection
A/RES/32/124,642638,,Narcotic drugs; Treatment; Rehabilitation,International co-operation
A/RES/32/125,642639,,Drug Abuse;Economic Development;Social Development,Control;Programme
A/RES/32/126,642640,,Illicit traffic in narcotic drugs and psychotropic substances; Illicit demand for narcotic drugs and psychotropic substances,Efforts; Fight
A/RES/32/129,642641,,Racism;Racial Discrimination,Combat
A/RES/32/130,642642,,United Nations system;Human rights;Fundamental freedoms,Improvement;Enjoyment
A/RES/32/142,642643,,Women's participation; International peace and security; Colonialism; Racism; Racial discrimination; Foreign aggression; Occupation; Foreign domination,Strengthening; Struggle
A/RES/32/147,642644,,Women's participation; International peace; International security; Colonialism; Racism; Racial discrimination; Foreign aggression; Occupation; Foreign domination,Strengthening; Struggle
A/RES/32/150,642658,,Non-use of force; International relations,Conclusion; Treaty
A/RES/32/9[C],642863,Namibia,Information Dissemination,
A/RES/31/6[I],643248,South Africa,,
A/RES/32/9[D],643250,Namibia;South Africa,Illegal occupation;Territory,
A/RES/32/9[E],643251,Namibia,,Action
A/RES/32/152,643252,,Incendiary weapons;Specific conventional weapons;Humanitarian reasons,Prohibition;Restriction
A/RES/32/153,643253,States,Non-interference,
A/RES/32/154,643255,,International Security,Implementation
A/RES/32/9[F],643256,Namibia,Programme of work,
A/RES/32/158,643257,,Water,Conference
A/RES/32/161,643258,Arab territories,Permanent sovereignty; National resources,
A/RES/32/9[G],643259,Namibia,United Nations action,Intensification; Co-ordination; Support
A/RES/32/162,643260,,Human Settlements,International Co-operation;Institutional Arrangements
A/RES/32/9[H],643263,Namibia,,Session
A/RES/32/171,643264,Palestinian people,Living conditions,
A/RES/32/12,643265,,International Convention; Suppression; Punishment; Crime of Apartheid,
A/RES/32/13,643269,,Racial Discrimination,Elimination
A/RES/32/14,643271,colonial countries;peoples,right of peoples to self-determination;independence;human rights,realization;granting;guarantee;observance
A/RES/32/191,643273,land-locked developing countries,particular needs,action
A/RES/32/193,643274,,Common Fund;Integrated Programme for Commodities,Negotiation
A/RES/32/196[B],643275,,Outer Space,International Co-operation
A/RES/32/15,643276,Cyprus,,
A/RES/32/20,643281,Middle East,,
A/RES/32/198,643282,,United Nations organizations; First-class travel,
A/RES/32/27,643283,Brunei,,
A/RES/32/200,643284,,International Civil Service,Report
A/RES/32/32,643285,Belize,,
A/RES/32/33,643286,Non-Self-Governing Territories,Information,Transmission
A/RES/32/34,643287,East Timor,,
A/RES/32/35,643288,Southern Rhodesia;Namibia;southern Africa,Declaration on the Granting of Independence to Colonial Countries and Peoples;colonial domination;colonialism;apartheid;racial discrimination,implementation;efforts;elimination
A/RES/32/36,643289,Colonial Countries;Peoples,Declaration;Independence,Implementation
A/RES/32/39,643290,,United Nations,Assessment; Apportionment; Expense
A/RES/32/40[A],643291,Palestine,,Resolution
A/RES/32/40[B],643292,Palestine,,
A/RES/32/42,643339,Colonial Countries;Colonial Peoples,Declaration;Independence,Implementation;Granting
A/RES/32/76,643341,Latin America,Prohibition of Nuclear Weapons; Additional Protocol I; Treaty of Tlatelolco,Implementation; Signature; Ratification
A/RES/32/78,643342,,Nuclear tests; Thermonuclear tests; Nuclear-weapons tests; Test ban,Cessation; Conclusion; Prohibition
A/RES/32/79,643343,Latin America,Treaty for the Prohibition of Nuclear Weapons; Additional Protocol II,Implementation; Signature; Ratification
A/RES/32/80,643344,,Disarmament Decade,Implementation; Measure; Purpose; Objective
A/RES/32/81,643345,Africa,Denuclearization,Implementation
A/RES/32/82,643346,Middle East,Nuclear-weapon-free zone,Establishment
A/RES/32/83,643347,South Asia,Nuclear-weapon-free zone,Establishment
A/RES/32/84[A],643348,,Weapons of Mass Destruction,Prohibition; Development; Manufacture
A/RES/32/84[B],643349,,Weapons of Mass Destruction,Prohibition; Development; Manufacture
A/RES/32/85,643350,,Military Budgets,Reduction
A/RES/32/86,643351,Indian Ocean,Zone of Peace;Declaration,Implementation
A/RES/32/87[B],643352,,Disarmament,Adoption
A/RES/32/87[D],643353,,Disarmament,Adoption
A/RES/32/87[F],643354,,Disarmament,Adoption
A/RES/32/87[G],643355,,Disarmament,Adoption
A/RES/32/90[A],643356,Palestine,Refugees,Assistance
A/RES/32/90[C],643357,Palestine; Gaza Strip,Refugees,
A/RES/32/90[E],643358,,Population;Refugees;Displacement,
A/RES/32/91[A],643359,Israel; Occupied Territories,Human Rights,Investigation
A/RES/32/91[B],643360,Israel; Occupied Territories,Human Rights,Investigation
A/RES/32/91[C],643361,Israel; Occupied Territories,Human Rights,Investigation
A/RES/32/105[B],643362,,Anti-Apartheid,International
A/RES/32/105[C],643363,,Trade union; Apartheid,Action
A/RES/32/105[D],643364,Israel;South Africa,Relations,
A/RES/32/105[F],643365,South Africa,Military collaboration;nuclear collaboration,
A/RES/32/202[A],643385,,Budget Appropriations,Finalization
A/RES/32/204,643386,,Organizational nomenclature; Secretariat,
A/RES/32/205,643387,,Arabic language; United Nations,Services
A/RES/32/208,643388,Nairobi,Accommodation,
A/RES/32/210,643389,,United Nations budget,Presentation
A/RES/32/212[I],643390,United Nations Headquarters,Meeting rooms;Conference servicing;Delegate facilities,Expansion;Improvement
A/RES/32/212[IV],643391,,Human Rights Committee,Honoraria
A/RES/32/213[A],643392,,Budget Appropriations;Biennium,
A/RES/32/213[C],643393,,Financing; Appropriations,
A/RES/32/214,643394,,Expenses,Resolution
A/RES/32/215,643395,,Working Capital Fund,
A/RES/63/7,643885,United States of America;Cuba,Economic embargo;Commercial embargo;Financial embargo,Ending
A/RES/63/13,643890,,Comprehensive Nuclear-Test-Ban Treaty Organization,Cooperation
A/RES/63/26,643894,Palestinian People,Inalienable Rights,Exercise
A/RES/63/27,643895,Palestine,,
A/RES/63/28,643897,Palestine,Information,Programme
A/RES/63/29,643898,Palestine,Peaceful settlement,Settlement
A/RES/63/30,643899,Jerusalem,,
A/RES/63/31,643901,Syrian Golan,,
A/RES/63/36,643902,,Weapons of Mass Destruction;Disarmament,Prohibition;Development;Manufacture
A/RES/63/37,643903,,Information and Telecommunications; International Security,Development
A/RES/63/39,643904,Non-nuclear-weapon States,Nuclear weapons,Conclusion; Assurance
A/RES/63/40,643905,,Arms Race; Outer Space,Prevention
A/RES/63/41,643906,,Nuclear Weapons Systems,Decreasing; Operational Readiness
A/RES/63/42,643907,,Convention on the Prohibition of the Use Stockpiling Production and Transfer of Anti-personnel Mines; Destruction,Implementation
A/RES/63/44,643949,regional;subregional levels,Conventional arms control,
A/RES/63/46,643951,,Nuclear disarmament,
A/RES/63/47,643953,,Nuclear Danger,Reduction
A/RES/63/49,643958,,International Court of Justice; Legality; Threat or Use of Nuclear Weapons,Follow-up
A/RES/63/50,643960,,Multilateralism;Disarmament;Non-proliferation,Promotion
A/RES/63/53,643981,,Geneva Protocol,Measure; Upheld authority
A/RES/63/54,643988,,Armaments; Ammunitions; Depleted Uranium,Use
A/RES/63/55,643997,,Missiles,
A/RES/63/58,643999,,Nuclear-weapon-free world;nuclear disarmament,Implementation;Commitments
A/RES/63/59,644005,,Non-proliferation; Arms limitation; Disarmament agreements; Disarmament commitments,Compliance
A/RES/63/62,644046,,Peace;Disarmament measures,Consolidation
A/RES/63/63,644051,Central Asia,Nuclear-weapon-free zone,Establishment
A/RES/63/64,644054,The Hague,Ballistic Missile Proliferation,Code of Conduct
A/RES/63/65,644058,Southern Hemisphere; Adjacent Areas,Nuclear-weapon-free,
A/RES/63/68,644071,,Transparency;Confidence-building measures;Outer space activities,
A/RES/63/69,644152,,Transparency in armaments,
A/RES/63/72,644182,,Illicit Trade; Small Arms; Light Weapons,
A/RES/63/73,644185,,Nuclear weapons,Elimination; Determination
A/RES/63/75,644187,,Nuclear Weapons,Prohibition
A/RES/63/84,644200,Middle East,Nuclear Proliferation,Risk
A/RES/63/87,644214,,Nuclear-Test-Ban Treaty,Comprehensiveness
A/RES/63/91,644217,Palestine,Refugees,Assistance
A/RES/63/92,644218,,Persons displaced,
A/RES/63/94,644223,Palestine,Refugees;Properties;Revenues,
A/RES/63/95,644273,Israel;Palestine;Occupied Territories,Human Rights,Investigation
A/RES/63/93,644277,Palestine; Near East,Relief; Works; Refugees,Operations
A/RES/63/96,644280,Palestinian Territory;East Jerusalem;Arab territories,Geneva Convention;Protection of Civilian Persons;Time of War,Applicability
A/RES/63/97,644287,Israel;Palestinian Territory;East Jerusalem;Syrian Golan,Israeli settlements,
A/RES/63/98,644294,Israel;Palestine;Occupied Palestinian Territory;East Jerusalem,Human Rights,Practice
A/RES/63/99,644298,Syrian Golan,,
A/RES/63/101,644299,Non-Self-Governing Territories,Information,Transmission
A/RES/63/102,644300,Non-Self-Governing Territories,Economic Activities;Interests of the Peoples,
A/RES/63/103,644301,Colonial Countries;Peoples,Declaration;Independence,Implementation
A/RES/63/109,644310,,Decolonization,Dissemination of information
A/RES/63/110,644311,Colonial Countries;Peoples,Declaration;Independence,Implementation;Granting
A/RES/63/111,644312,,Oceans;Law of the Sea,
A/RES/63/160,644480,,Human Rights Council,Report
A/RES/63/162,644498,,Racism;Racial Discrimination;Xenophobia;Related Intolerance,Inadmissibility
A/RES/63/164,644534,,Mercenaries;Human Rights;Right of Peoples to Self-Determination,Violation;Impediment
A/RES/63/165,644535,Palestinian people,Self-determination,Right
A/RES/63/167,644536,,Human Rights Treaty Bodies;Geographical Distribution,Equitable Distribution
A/RES/63/168,644537,,Death Penalty,Moratorium
A/RES/63/171,644538,,Defamation of Religions,Combating
A/RES/63/176,644553,,Globalization;Human Rights,Enjoyment
A/RES/63/178,644555,,Right to Development,
A/RES/63/179,644557,,Human rights; Unilateral coercive measures,
A/RES/63/182,644560,,Extrajudicial executions;Summary executions;Arbitrary executions,
A/RES/63/187,644567,,Right to Food,
A/RES/63/188,644568,,Universal freedom of travel; Family reunification,Respect
A/RES/63/189,644569,,Democratic order;Equitable international order,Promotion
A/RES/63/190,644571,Democratic People's Republic of Korea,Human Rights,
A/RES/63/191,644572,Islamic Republic of Iran,Human Rights,
A/RES/63/201,644683,Palestinian Territory;East Jerusalem;Syrian Golan,Permanent sovereignty;Natural resources,
A/RES/63/211,644732,Lebanon,Oil slick,
A/RES/63/224,644738,,International Economic Order,Resolution
A/RES/63/240,644763,,Arms Trade; Conventional Arms,Establishment; Standardization; Import; Export; Transfer
A/RES/63/241,644764,,Rights of the child,
A/RES/63/242,644765,,Racism;Racial Discrimination;Xenophobia;Related Intolerance;Durban Declaration;Programme of Action,Elimination;Implementation;Follow-up
A/RES/63/245,644767,Myanmar,Human Rights,
A/RES/31/110,644975,Palestinian People,Living conditions,
A/RES/61/128[B-I],646023,American Samoa,,
A/RES/61/128[B-II],646047,Anguilla,,
A/RES/61/128[B-III],646049,Bermuda,,
A/RES/61/128[B-IV],646050,British Virgin Islands,,
A/RES/61/128[B-V],646051,Cayman Islands,,
A/RES/61/128[B-VI],646052,Guam,,
A/RES/61/128[B-VII],646053,Montserrat,,
A/RES/61/128[B-VIII],646054,Pitcairn,,
A/RES/61/128[B-X],646055,Turks and Caicos Islands,,
A/RES/61/128[B-IX],646058,Saint Helena,,
A/RES/61/128[B-XI],646059,United States Virgin Islands,,
A/RES/3525(XXX)[A],646737,Israel;Occupied Territories,Human Rights,Investigation
A/RES/31/5[D],647344,,United Nations Emergency Force; United Nations Disengagement Force; Financing,
A/RES/31/5[C],647345,,United Nations Emergency Force; United Nations Disengagement Force; Financing,
A/RES/31/6[J],647573,,Apartheid,Programme of Action
A/RES/31/6[D],648892,South Africa,Arms embargo,
A/RES/31/6[K],648894,South Africa,Investments,
A/RES/31/6[F],648896,,Apartheid; Sports,
A/RES/31/6[G],648897,,Apartheid,Programme of work
A/RES/31/6[A],648900,Transkei;bantustans,independence,
A/RES/31/6[E],648901,Israel;South Africa,Relations,
A/RES/31/7,649009,Southern Rhodesia;Namibia;southern Africa,Declaration on the Granting of Independence to Colonial Countries and People;colonial domination;colonialism;apartheid;racial discrimination,Activities;implementation;efforts;elimination
A/RES/31/9,649011,,Non-use of force; International relations,Conclusion; Treaty
A/RES/31/12,649012,Cyprus,,
A/RES/31/14,649014,,International Economic Co-operation,Conference
A/RES/31/15[D],649016,,Population;Refugees;Displacement,
A/RES/31/15[E],649017,Palestine; Gaza Strip,Refugees,
A/RES/31/20,649018,Palestine,,
A/RES/31/21,649019,,United Nations,Admission
A/RES/31/29,649023,Non-Self-Governing Territories,Information,Transmission
A/RES/31/30,649024,Colonial Countries;Peoples,Declaration;Independence,Implementation
A/RES/31/33,649025,Southern Africa,Human Rights;Political Assistance;Military Assistance;Economic Assistance;Colonial Regimes;Racist Regimes,Enjoyment
A/RES/31/34,649026,colonial countries;peoples,right of peoples to self-determination;independence;human rights,realization;granting;guarantee;observance
A/RES/31/44,649324,People's Republic of Angola,Membership,Admission
A/RES/31/49,649325,Falkland Islands;Malvinas,,
A/RES/31/50,649326,Belize,,
A/RES/31/53,649327,Timor,,
A/RES/31/56,649328,Brunei,,
A/RES/31/58,649329,Guam,,
A/RES/31/59,649330,French Somaliland,,
A/RES/31/61,649331,Middle East,,
A/RES/31/62,649332,Middle East,Peace,Conference
A/RES/31/66,649333,,Nuclear tests;Thermonuclear tests;Comprehensive test ban,Cessation;Conclusion;Treaty
A/RES/31/67,649684,Latin America,Prohibition of Nuclear Weapons,Implementation; Signature; Ratification
A/RES/31/70,649686,,Nuclear-weapon-free zones,Study
A/RES/31/71,649687,Middle East,Nuclear-weapon-free zone,Establishment
A/RES/31/72,649688,,Military Hostile Use; Environmental Modification Techniques,Prohibition
A/RES/31/73,649689,South Asia,Nuclear-weapon-free zone,Establishment
A/RES/31/74,649690,,Weapons of Mass Destruction,Prohibition; Development; Manufacture
A/RES/31/75,649691,,Treaty on the Non-Proliferation of Nuclear Weapons,Implementation; Review Conference; Conclusion
A/RES/31/76,649692,,Vienna Convention on Diplomatic Relations,Implementation
A/RES/31/77,649693,,Racism;Racial Discrimination,Implementation;Action;Combat
A/RES/31/78,649694,,Racism;Racial Discrimination,Combat
A/RES/31/80,649695,,International Convention; Crime of Apartheid,Suppression; Punishment
A/RES/31/84,649696,,World social situation,
A/RES/31/87,649698,,Military Budgets,Reduction
A/RES/31/88,649699,Indian Ocean,Zone of Peace,Implementation; Declaration
A/RES/31/89,649700,,Nuclear-weapon tests,Conclusion; Prohibition
A/RES/31/91,649702,States,Non-interference; Internal affairs,
A/RES/31/92,649703,,International Security,Implementation
A/RES/31/95[A],649704,,United Nations,Apportionment; Assessment
A/RES/31/106[C],649708,Israel; Occupied Territories,Human Rights,Investigation
A/RES/31/106[A],649710,Israel;Occupied Territories,Human Rights,Investigation
A/RES/31/106[B],649732,Israel; Occupied Territories,Human Rights,Investigation
A/RES/31/106[D],649747,Israel; Occupied Territories,Human Rights,Investigation
A/RES/31/124,649748,Chili,Human Rights,Protection
A/RES/31/128,649756,,Human rights;Scientific and technological developments,Adoption
A/RES/31/141[A],649758,,International Civil Service,Report
A/RES/31/143,649760,Colonial Countries;Peoples,Declaration;Independence,Implementation;Granting
A/RES/31/144,649761,,Decolonization,Dissemination of information
A/RES/31/146,649762,Namibia;South Africa,Illegal occupation;Territory,
A/RES/31/147,649764,Namibia,Programme of work,
A/RES/31/148,649909,Namibia,United Nations action,Intensification; Co-ordination; Support
A/RES/31/149,649910,Namibia,Action,Cooperation
A/RES/31/150,649913,Namibia,Information Dissemination,Dissemination
A/RES/31/152,649914,South West Africa,Observer status,
A/RES/31/154[B],649915,Southern Rhodesia,,
A/RES/31/157,649916,land-locked developing countries,,action
A/RES/31/158,649917,developing countries,Debt problems,
A/RES/31/163,649918,Developing countries,Industrial redeployment,Redeployment
A/RES/31/174,649919,developing countries,transfer of real resources,acceleration
A/RES/31/177,649920,Land-Locked Developing Countries,Special Fund,Statute
A/RES/31/178,649921,,,Implementation
A/RES/31/186,649922,Arab territories,Permanent sovereignty; National resources,
A/RES/31/189[D],649923,,Disarmament,Adoption
A/RES/31/189[A],649924,,Disarmament,Adoption
A/RES/31/189[C],649925,,Disarmament,Adoption
A/RES/31/195,649926,United Nations Headquarters,Meeting rooms;Conference servicing;Delegate facilities,Expansion;Improvement
A/RES/31/141[B],649927,,United Nations salary system; Staff Regulations of the United Nations,Review; Amendment
A/RES/31/197,649994,,United Nations Joint Staff Pension Fund,Investment
A/RES/31/204,649999,,International Court of Justice;Emoluments,Adoption
A/RES/31/206,650000,,Trade;Development,Estimate
A/RES/31/207[A],650001,,Budget Appropriations;Biennium 1976-1977,Revision
A/RES/31/207[C],650002,,Financing; Appropriations,Adoption
A/RES/31/207[B],650003,,Income Estimates,Revision
A/RES/31/208[I],650004,,,
A/RES/31/208[III],650007,,Computer Usage,Future Trend
A/RES/3466(XXX),650087,,Nuclear tests;Thermonuclear tests;Test ban treaty,Cessation;Conclusion;Achievement
A/RES/3467(XXX),650088,Latin America,Treaty for the Prohibition of Nuclear Weapons; Additional Protocol II,Implementation; Signature; Ratification
A/RES/3468(XXX),650089,Indian Ocean,Zone of Peace;Declaration,Implementation
A/RES/3471(XXX),650090,Africa,Denuclearization,Implementation
A/RES/3472(XXX)[A],650091,,Nuclear-weapon-free zones,Study
A/RES/3472(XXX)[B],650092,,Nuclear-weapon-free zones,Study
A/RES/3473(XXX),650093,Latin America,Prohibition of Nuclear Weapons;Additional Protocol I;Treaty of Tlatelolco,Implementation;Signature;Ratification
A/RES/3474(XXX),650094,Middle East,Nuclear-weapon-free zone,Establishment
A/RES/3477(XXX),650095,South Pacific,Nuclear-weapon-free zone,Establishment
A/RES/3478(XXX),650096,,Nuclear Weapon Tests,Conclusion; Prohibition
A/RES/3479(XXX),650097,,Weapons of Mass Destruction,Prohibition; Development; Manufacture
A/RES/3480(XXX),650098,French Somaliland,,
A/RES/3481(XXX),650100,Colonial Countries;Peoples,Declaration;Independence,Implementation;Granting
A/RES/3482(XXX),650101,,Decolonization,Dissemination of information
A/RES/3484(XXX)[A],650102,,Disarmament,Adoption
A/RES/3484(XXX)[B],650104,,Disarmament,Adoption
A/RES/3484(XXX)[C],650105,,Disarmament,Adoption
A/RES/3484(XXX)[D],650106,,Disarmament,Adoption
A/RES/3484(XXX)[E],650108,,Disarmament,Adoption
A/RES/3485(XXX),650109,Timor,,
A/RES/3486(XXX),650111,States,Charter of Economic Rights and Duties,Implementation
A/RES/3516(XXX),650121,Arab territories,Permanent sovereignty; National resources,
A/RES/3519(XXX),650123,,Women's participation; International peace; International security; Colonialism; Racism; Racial discrimination; Foreign aggression; Occupation; Foreign domination,Strengthening; Struggle
A/RES/3520(XXX),650124,,International Women's Year,Conference
A/RES/3521(XXX),650125,,Equality between men and women; Discrimination against women,Elimination
A/RES/3525(XXX)[B],650127,Israel; Occupied Territories,Human Rights,Investigation
A/RES/3525(XXX)[C],650128,Israel; Occupied Territories,Human Rights,Investigation
A/RES/3525(XXX)[D],650129,Israel;Occupied Territories,Human Rights,Investigation
A/RES/3532(XXX),650133,,Disaster Relief;Emergency Relief Assistance;Technical Co-operation,Financing
A/RES/3533(XXX),650134,,United Nations Industrial Development Organization,Estimates
A/RES/3535(XXX),650135,,Public Information,Policy; Activity
A/RES/3537(XXX)[A],650136,,Pension scheme,
A/RES/3537(XXX)[B],650137,,Emoluments,
A/RES/3538(XXX),650138,,Financial problems; United Nations,
A/RES/3539(XXX)[A-C],650139,,Programme budget,Adoption
A/RES/3539(XXX)[A],650140,,Budget Appropriations;Biennium 1976-1977,
A/RES/3539(XXX)[C],650141,,Financing; Appropriations,
A/RES/3540(XXX),650142,,Extraordinary Expenses,Approval
A/RES/3541(XXX),650143,,Working Capital Fund,
A/RES/3377(XXX),650276,,Racism;Racial Discrimination,Implementation;Combat
A/RES/3375(XXX),650278,Palestine Liberation Organization;Middle East,Peace,Invitation;Participation;Efforts
A/RES/3376(XXX),650279,Palestine,,
A/RES/3374(XXX)[B],650280,,United Nations Emergency Force; United Nations Disengagement Observer Force; Financing,
A/RES/3378(XXX),650323,,Racism;Racial Discrimination,Combat
A/RES/3379(XXX),650324,,Racial Discrimination,Elimination
A/RES/3383(XXX),650332,Southern Africa,Human Rights;Colonial Regimes;Racist Regimes;Political Assistance;Military Assistance;Economic Assistance,Enjoyment
A/RES/3389(XXX),650334,,International Security,Implementation
A/RES/3390(XXX)[A],650335,Korea,,
A/RES/3390(XXX)[B],650336,Korea,,
A/RES/3395(XXX),650339,Cyprus,,
A/RES/3397(XXX),650341,Southern Rhodesia,,Resolution
A/RES/3398(XXX),650342,Southern Rhodesia;Namibia;Southern Africa,Declaration on the Granting of Independence to Colonial Countries and Peoples;Colonial Domination;Colonialism;Apartheid;Racial Discrimination,Activities;Implementation;Efforts;Elimination
A/RES/3411(XXX)[C],650346,South Africa,Oppressed people,Responsibility
A/RES/3411(XXX)[D],650375,Bantustans,,
A/RES/3411(XXX)[F],650376,,Apartheid,Programme of work
A/RES/3411(XXX)[G],650377,South Africa,,
A/RES/3414(XXX),650379,Middle East,,
A/RES/3419(XXX)[B],650397,Palestine,Refugees,Assistance
A/RES/3419(XXX)[C],650398,,Population;Refugees;Displacement,
A/RES/3420(XXX),650399,Non-Self-Governing Territories,Information,Transmission
A/RES/3421(XXX),650427,Colonial Countries;Peoples,Declaration;Independence,Implementation
A/RES/3424(XXX),650428,Brunei,,
A/RES/3429(XXX),650429,American Samoa;Guam;United States Virgin Islands,,
A/RES/3432(XXX),650430,Belize,,
A/RES/3433(XXX),650431,New Hebrides;Pitcairn;Tuvalu,,
A/RES/3448(XXX),650466,Chile,Human Rights,Protection
A/RES/3450(XXX),650468,Cyprus,Missing persons,
A/RES/3451(XXX),650469,,United Nations system;Human rights;Fundamental freedoms,Improvement
A/RES/3458(XXX)[A],650470,Spanish Sahara,,
A/RES/3458(XXX)[B],650471,Spanish Sahara,,
A/RES/3463(XXX),650472,,,Implementation
A/RES/3206(XXIX),650815,,Credentials; Representatives,Adoption
A/RES/3207(XXIX),650861,South Africa,Relationship,
A/RES/3210(XXIX),650876,Palestine Liberation Organization,,Invitation
A/RES/3212(XXIX),650963,Cyprus,,
A/RES/3213(XXIX),650964,,International Atomic Energy Agency,Report
A/RES/3273(XXIX),650968,,Social change;Economic change;Social progress,Achievement
A/RES/3281(XXIX),650989,States,Economic Rights;Duties,Charter
A/RES/3283(XXIX),650990,,International disputes,Peaceful settlement
A/RES/3228(XXIX),651000,,United Nations,Apportionment; Assessment
A/RES/3219(XXIX),651003,Chile,Protection;Human Rights,
A/RES/3236(XXIX),651005,Palestine,,
A/RES/3237(XXIX),651006,Palestine Liberation Organization,,Observer status
A/RES/3238(XXIX),651012,Cambodia,Lawful rights,Restoration
A/RES/2978(XXVII),651013,Non-Self-Governing Territories,Information,Transmission
A/RES/3240(XXIX)[B],651015,Israel;Occupied Territories,Human Rights,Investigation
A/RES/3240(XXIX)[C],651016,Israel; Occupied Territories,Human Rights,Investigation
A/RES/3246(XXIX),651017,Colonial countries;Peoples,Right of peoples to self-determination;Independence;Human rights,Realization;Granting;Guarantee;Observance
A/RES/3254(XXIX),651018,States permanent members of the Security Council; developing countries,military budgets; assistance,reduction; utilization; provision
A/RES/3255(XXIX)[A],651020,,Napalm;Incendiary weapons,Use
A/RES/3255(XXIX)[B],651022,,Napalm;Incendiary weapons;Use,Investigation
A/RES/3289(XXIX),651025,Bermuda;British Virgin Islands;Cayman Islands;Montserrat;Turks and Caicos Islands;United States Virgin Islands,,
A/RES/3290(XXIX),651026,American Samoa;Guam;New Hebrides;Pitcairn;St. Helena;Solomon Islands,,
A/RES/3292(XXIX),651029,Spanish Sahara,,
A/RES/3293(XXIX),651030,Non-Self-Governing Territories,Information,Transmission
A/RES/3295(XXIX),651031,Namibia,,
A/RES/3297(XXIX),651032,Southern Rhodesia,,
A/RES/3298(XXIX),651033,Southern Rhodesia,,
A/RES/3299(XXIX),651034,Southern Rhodesia;Namibia;Territories under Portuguese domination;Southern Africa,Declaration on the Granting of Independence to Colonial Countries and Peoples;Colonial domination;Colonialism;Apartheid;Racial discrimination,Activities;Implementation;Efforts;Elimination
A/RES/3324(XXIX)[B],651038,South Africa,Arms embargo,
A/RES/3324(XXIX)[C],651039,,Political prisoners,Release
A/RES/3324(XXIX)[D],651040,,Apartheid,Programme of work
A/RES/3324(XXIX)[E],651042,South Africa,,
A/RES/3327(XXIX),651045,,United Nations Habitat; Human Settlements,Establishment
A/RES/3328(XXIX),651046,Colonial Countries;Peoples,Declaration;Independence,Implementation;Granting
A/RES/3329(XXIX),651047,,Decolonization,Dissemination of information
A/RES/3331(XXIX)[A],651048,Palestine; Near East,Relief; Works; Refugees,
A/RES/3331(XXIX)[D],651049,Palestine; Near East,Relief; Works; Refugees,
A/RES/3332(XXIX),651050,,International Security,Implementation
A/RES/3333(XXIX),651051,Korea,,
A/RES/3336(XXIX),651053,Arab territories,Permanent sovereignty; National resources,
A/RES/2979(XXVII),651056,Southern Rhodesia;Namibia;Territories under Portuguese domination;Southern Africa,Foreign economic interests;Declaration on the Granting of Independence to Colonial Countries and Peoples;Colonialism;Appartheid;Racial discrimination,Implementation;Efforts;Elimination
A/RES/3257(XXIX),651057,,Nuclear tests; Thermonuclear tests; Comprehensive test ban treaty,Cessation; Conclusion
A/RES/3258(XXIX),651058,Latin America,Prohibition of Nuclear Weapons;Additional Protocol II;Treaty of Tlatelolco,Implementation;Signature;Ratification
A/RES/3259(XXIX)[A],651059,Indian Ocean,Zone of Peace;Declaration,Implementation
A/RES/3261(XXIX)[C],651060,,Disarmament,Adoption
A/RES/3261(XXIX)[D],651061,,Disarmament,General disarmament; Complete disarmament
A/RES/3261(XXIX)[E],651062,,Disarmament,Adoption
A/RES/3349(XXIX),651096,,Charter of the United Nations,Review; Consideration; Suggestion
A/RES/3358(XXIX)[A],651100,,Salaries;Allowances;Staff;Professional categories;Higher categories;Staff Regulations;United Nations,Amendments
A/RES/3359(XXIX)[A],651101,,Budget Appropriations,Revision
A/RES/3262(XXIX),651175,Latin America,Treaty for the Prohibition of Nuclear Weapons; Additional Protocol I; Treaty of Tlatelolco,Implementation; Signature; Ratification
A/RES/3263(XXIX),651176,Middle East,Nuclear-weapon-free zone,Establishment
A/RES/3264(XXIX),651193,,Environment;Climate;Military;International Security;Human Well-being;Health,Prohibition;Maintenance
A/RES/3265(XXIX)[A],651195,South Asia,Nuclear-free zone,Declaration; Establishment
A/RES/3265(XXIX)[B],651196,South Asia,Nuclear-free zone,Declaration; Establishment
A/RES/3148(XXVIII),652180,,Cultural Values,Preservation;Development
A/RES/3149(XXVIII),652181,,Human rights;Scientific and technological developments,Adoption
A/RES/3150(XXVIII),652182,,Scientific and technological developments; Peace; Social development,Use
A/RES/3151(XXVIII)[A],652183,,Trade union; Apartheid,Action
A/RES/3151(XXVIII)[B],652184,,Apartheid,Programme of work
A/RES/3151(XXVIII)[C],652185,,Apartheid,Dissemination of information
A/RES/3151(XXVIII)[D],652186,,Apartheid,Intensification;Co-ordination;Action
A/RES/3151(XXVIII)[E],652187,,Intergovernmental organizations; Non-governmental organizations,Action
A/RES/3151(XXVIII)[F],652188,South Africa,Trust Fund,
A/RES/3151(XXVIII)[G],652189,South Africa,Apartheid,Policy
A/RES/3154(XXVIII)[A],652190,,Atomic Radiation,Effect
A/RES/3154(XXVIII)[B],652191,,Atomic Radiation,Effect
A/RES/3154(XXVIII)[C],652192,,Atomic Radiation,Effect
A/RES/3155(XXVIII),652193,Niue,,
A/RES/3156(XXVIII),652194,American Samoa;Gilbert and Ellice Islands;Guam;New Hebrides;Pitcairn;St. Helena;Seychelles;Solomon Islands,,
A/RES/3157(XXVIII),652195,Bermuda;British Virgin Islands;Cayman Islands;Montserrat;Turks and Caicos Islands;United States Virgin Islands,,
A/RES/3158(XXVIII),652196,Seychelles,,
A/RES/3159(XXVIII),652197,Brunei,,
A/RES/3160(XXVIII),652198,Falkland Islands (Malvinas),,
A/RES/3161(XXVIII),652199,Comoro Archipelago,,
A/RES/3162(XXVIII),652200,Spanish Sahara,,
A/RES/3163(XXVIII),652201,Colonial Countries;Peoples,Declaration;Independence,Implementation;Granting
A/RES/3164(XXVIII),652203,,Decolonization,Dissemination of information
A/RES/3165(XXVIII),652204,Southern Africa,Victims of Colonialism and Apartheid,Support
A/RES/3167(XXVIII),652207,,Natural Resources Exploration,Fund
A/RES/3169(XXVIII),652209,Landlocked Developing Countries,Special Measures; Particular Needs,
A/RES/3171(XXVIII),652210,,Permanent sovereignty; Natural resources,
A/RES/3172(XXVIII),652211,,Development;International Economic Co-operation,Holding;Devotion
A/RES/3175(XXVIII),652213,Arab territories,Permanent sovereignty; Natural resources,
A/RES/3184(XXVIII)[A],652216,,Disarmament,Adoption
A/RES/3215(XXIX),652224,,Trade;Development,Report
A/RES/3055(XXVIII),652233,South Africa,Political prisoners,
A/RES/3061(XXVIII),652235,Portugal;Guinea-Bissau,Illegal occupation;Acts of aggression,
A/RES/3184(XXVIII)[B],652345,,Disarmament,Adoption
A/RES/3184(XXVIII)[C],652346,,Disarmament,Adoption
A/RES/3187(XXVIII),652349,countries victims of expropriation,restitution of works of art; expropriation,restitution
A/RES/3195(XXVIII)[A],652352,,Budget Appropriations;Biennium,
A/RES/3195(XXVIII)[C],652353,,Financing; Appropriations,
A/RES/3196(XXVIII),652354,,Expenses,Resolution
A/RES/3197(XXVIII),652355,,Working Capital Fund,Adoption
A/RES/3198(XXVIII),652357,,Accommodation;Official Travel;United Nations Staff,Standardization
A/RES/3199(XXVIII),652358,,Programme;Budget,Formulation;Review;Approval
A/RES/3240(XXIX)[A],652367,Israel; Occupied Territories,Human Rights,Investigation
A/RES/3063(XXVIII),652401,,Atomic Radiation,Effect
A/RES/2945(XXVII),652402,Southern Rhodesia,,
A/RES/3074(XXVIII),652403,,War Crimes;Crimes against Humanity,International Co-operation;Detection;Arrest;Extradition;Punishment
A/RES/3076(XXVIII),652404,,Napalm;Incendiary weapons,Use
A/RES/3077(XXVIII),652418,,Chemical weapons;bacteriological weapons;biological weapons,
A/RES/3078(XXVIII)[A],652419,,Nuclear tests; Thermonuclear tests,Suspension
A/RES/3078(XXVIII)[B],652420,,Nuclear tests; Thermonuclear tests,Suspension
A/RES/3079(XXVIII),652421,Latin America,Treaty for the Prohibition of Nuclear Weapons; Additional Protocol II,Implementation; Signature; Ratification
A/RES/3080(XXVIII),652423,Indian Ocean,Zone of Peace,Declaration
A/RES/3081(XXVIII),652424,,,
A/RES/3083(XXVIII),652430,,Indexation of prices,Study
A/RES/3092(XXVIII)[A],652431,Israel;Occupied Territories,Human Rights,Investigation
A/RES/3092(XXVIII)[B],652432,Israel;Occupied Territories,Human Rights,Investigation
A/RES/3093(XXVIII)[A],652433,States permanent members of the Security Council; developing countries,military budgets; assistance,reduction; utilization; provision
A/RES/3093(XXVIII)[B],652434,States permanent members of the Security Council; developing countries,military budgets; assistance,reduction; utilization; provision
A/RES/3101(XXVIII),652435,,United Nations Emergency Force,Financing
A/RES/3102(XXVIII),652436,,Human Rights;Armed Conflicts,Respect
A/RES/3103(XXVIII),652437,,Legal status; Combatants; Colonial domination; Alien domination; Racist regimes,Struggle
A/RES/3110(XXVIII),652439,Non-Self-Governing Territories,Information,Transmission
A/RES/3111(XXVIII),652440,Namibia,,
A/RES/3112(XXVIII),652441,Namibia,United Nations Fund,
A/RES/3089(XXVIII)[C],652442,Palestine; Near East,Relief; Works Agency; Refugees,
A/RES/3089(XXVIII)[D],652443,Palestine; Near East,Relief; Works Agency; Refugees,
A/RES/3113(XXVIII),652531,Territories under Portuguese administration,,
A/RES/3114(XXVIII),652532,Mozambique,Massacres,Establishment; Inquiry
A/RES/3115(XXVIII),652533,Southern Rhodesia,,
A/RES/3116(XXVIII),652534,Southern Rhodesia,,Resolution
A/RES/3117(XXVIII),652535,Southern Rhodesia;Namibia;Territories under Portuguese domination;Southern Africa,Declaration on the Granting of Independence to Colonial Countries and Peoples;Colonial domination;Colonialism;Apartheid;Racial discrimination,Activities;Implementation;Efforts;Elimination
A/RES/3118(XXVIII),652536,Colonial Countries;Peoples,Declaration;Independence,Implementation
A/RES/3119(XXVIII),652537,Southern Africa,Educational and Training Programme,
A/RES/3122(XXVIII),652538,,United Nations Capital Development Fund,
A/RES/3129(XXVIII),652539,States,Environment;Natural Resources,Co-operation
A/RES/3130(XXVIII),652540,,Multilateral financing; Housing; Human settlements,Governing
A/RES/3136(XXVIII),652541,,Human Rights,Creation
A/RES/2980(XXVII),652619,Colonial Countries;Peoples,Declaration;Independence,Implementation
A/RES/2981(XXVII),652620,Southern Africa,Educational and Training Programme,
A/RES/2983(XXVII),652621,Spanish Sahara,,
A/RES/2984(XXVII),652622,American Samoa;Bahamas;Bermuda;British Virgin Islands;Brunei;Cayman Islands;Cocos (Keeling) Islands;Gilbert and Ellice Islands;Guam;Montserrat;New Hebrides;Pitcairn;St. Helena;Seychelles;Solomon Islands;Turks and Caicos Islands;United States Virgin Islands,,
A/RES/2985(XXVII),652623,Seychelles,,
A/RES/2986(XXVII),652624,Niue;Tokelau Islands,,
A/RES/2987(XXVII),652625,Antigua;Dominica;Grenada;St. Kitts-Nevis-Anguilla;St. Lucia;St. Vincent,,
A/RES/2991(XXVII),652627,,Security Council,Report
A/RES/2992(XXVII),652628,Indian Ocean,Zone of Peace,Declaration
A/RES/2993(XXVII),652629,,Declaration; International Security,Implementation; Strengthening
A/RES/2996(XXVII),652657,States,Environment,Responsibility
A/RES/3005(XXVII),652670,Israel;Occupied Territories,Human Rights,Investigation
A/RES/3009(XXVII),652671,United Nations,Employment;Women;Senior positions;Professional positions;Secretariats;Organizations;United Nations system,
A/RES/3011(XXVII),652672,,Capital punishment,
A/RES/3012(XXVII),652673,,Narcotics Control,Assistance
A/RES/3013(XXVII),652674,,Drug Abuse Control;International Instruments,
A/RES/3014(XXVII),652675,,Drug Abuse Control,Programme
A/RES/3016(XXVII),652676,developing countries,permanent sovereignty; natural resources,
A/RES/3017(XXVII),652677,Developing countries;Developed countries,Trained personnel,Outflow
A/RES/3018(XXVII),652678,developing countries,mass poverty;unemployment,
A/RES/3019(XXVII),652679,,Population Activities,Fund
A/RES/3022(XXVII),652683,,Youth; International Youth Organizations,Communication
A/RES/3027(XXVII),652685,,Religious Intolerance,Elimination
A/RES/2908(XXVII),652739,Colonial Countries;Colonial Peoples,Declaration;Independence,Implementation;Granting
A/RES/2916(XXVII),652756,States,Artificial Earth Satellites;Direct Television Broadcasting,Preparation;Convention;Use
A/RES/2918(XXVII),652923,Territories under Portuguese administration,,
A/RES/2923(XXVII)[A],652924,,Maltreatment; Torture; Prisoners; Detainees,
A/RES/2923(XXVII)[B],652926,South Africa,Trust Fund,
A/RES/2923(XXVII)[C],652928,,Apartheid,Programme of work
A/RES/2923(XXVII)[D],652934,,Apartheid,Dissemination of information
A/RES/2923(XXVII)[E],652938,South Africa,Apartheid,
A/RES/2923(XXVII)[F],652942,,Trade Unions;Apartheid,Conference
A/RES/2930(XXVII),652945,,World Disarmament,Conference
A/RES/2931(XXVII),652946,Non-Nuclear-Weapon States,Implementation; Results; Conference,
A/RES/2926(XXVII),652951,,International Law,Report
A/RES/2932(XXVII)[A],652957,,Disarmament,Adoption
A/RES/2932(XXVII)[B],652960,,Disarmament,Adoption
A/RES/2933(XXVII),652964,,Chemical weapons;bacteriological weapons;biological weapons,
A/RES/2934(XXVII)[A],652967,,Nuclear tests;Thermonuclear tests,Suspension
A/RES/2934(XXVII)[B],652976,,Nuclear tests; Thermonuclear tests,Suspension
A/RES/2934(XXVII)[C],652984,,Nuclear tests; Thermonuclear tests,Suspension
A/RES/2935(XXVII),652987,Latin America,Treaty for the Prohibition of Nuclear Weapons; Additional Protocol II; Treaty of Tlatelolco,Implementation; Signature; Ratification
A/RES/2936(XXVII),652993,,International Relations;Use of Force;Nuclear Weapons,Non-use;Prohibition
A/RES/2946(XXVII),653011,Southern Rhodesia,,
A/RES/2948(XXVII),653473,,Credentials,Adoption
A/RES/2949(XXVII),653984,Middle East,,
A/RES/2955(XXVII),653985,colonial countries;peoples,right of peoples to self-determination;independence;human rights,realization;granting;guarantee;observance
A/RES/2959(XXVII),653992,,Natural Disaster;Disaster Situations,Assistance
A/RES/2961(XXVII)[A],653994,,United Nations,Apportionment; Assessment
A/RES/2961(XXVII)[B],653996,,United Nations,Apportionment; Assessment
A/RES/2961(XXVII)[C],653999,,United Nations,Apportionment; Assessment
A/RES/2961(XXVII)[D],654001,,United Nations,Apportionment; Assessment
A/RES/2963(XXVII)[C],654009,Palestine; Near East,Relief; Works Agency; Refugees,
A/RES/2963(XXVII)[D],654010,Palestine; Near East,Relief; Works; Refugees,
A/RES/2963(XXVII)[E],654011,Palestine; Near East,Relief; Works; Refugees,
A/RES/2813(XXVI),654251,,United Nations Development Programme,Enlargement
A/RES/2752(XXVI),654299,Bahrain,Membership,Admission
A/RES/2753(XXVI),654301,Qatar,Membership,Admission
A/RES/2754(XXVI),654312,Oman,Membership,Admission
A/RES/2758(XXVI),654350,People's Republic of China,Lawful rights; United Nations,Restoration
A/RES/2764(XXVI),654352,South Africa,Apartheid,Policy
A/RES/2765(XXVI),654357,Southern Rhodesia,,Resolution
A/RES/2770(XXVI),654360,,Youth; Social Development,Participation
A/RES/2771(XXVI),654365,,World social situation,
A/RES/2774(XXVI),654368,South Africa,Trust Fund,
A/RES/2775(XXVI)[A],654375,,Arms embargo,
A/RES/2775(XXVI)[B],654376,,Apartheid;Educational Material,
A/RES/2775(XXVI)[C],654378,,Apartheid,Programme of work
A/RES/2775(XXVI)[D],654379,,Apartheid; Sports,Resolution
A/RES/2775(XXVI)[E],654382,Bantustans,Establishment,
A/RES/2775(XXVI)[F],654384,South Africa,Apartheid,Policy
A/RES/2775(XXVI)[G],654386,,Apartheid,Dissemination of information
A/RES/2775(XXVI)[H],654387,South Africa,Apartheid,Policy
A/RES/2777(XXVI),654391,,International Liability; Damage; Space Objects,Convention
A/RES/2784(XXVI),654404,,Racial Discrimination,Elimination
A/RES/2785(XXVI),654405,,Racism;Racial Discrimination,Action;Combat
A/RES/2786(XXVI),654406,,Crime of apartheid,Suppression; Punishment
A/RES/2787(XXVI),654407,colonial countries;peoples,right of peoples to self-determination;independence;human rights,realization;granting;guarantee;observance
A/RES/2792(XXVI)[C],654408,Palestine; Near East,Relief; Works Agency; Refugees,
A/RES/2792(XXVI)[D],654409,Palestine; Near East,Relief; Works; Refugees,
A/RES/2793(XXVI),654410,,,
A/RES/2792(XXVI)[E],654411,Palestine; Near East,Relief; Works; Refugees,
A/RES/2794(XXVI),654412,United Arab Emirates,Membership,Admission
A/RES/2795(XXVI),654413,Territories under Portuguese administration,,
A/RES/2796(XXVI),654414,Southern Rhodesia,,Resolution
A/RES/2799(XXVI),654415,Middle East,,
A/RES/2800(XXVI),654416,,International Development Strategy; United Nations Development Decade,Dissemination of Information; Mobilization of Public Opinion; Review; Appraisal; Implementation
A/RES/2825(XXVI)[B],654417,,Disarmament,Adoption
A/RES/2825(XXVI)[C],654418,,Disarmament,Adoption
A/RES/2826(XXVI),654419,,Bacteriological Weapons;Biological Weapons;Toxin Weapons,Prohibition;Development;Production;Stockpiling;Destruction
A/RES/2827(XXVI)[A],654420,,Chemical weapons;bacteriological weapons;Biological weapons,
A/RES/2827(XXVI)[B],654421,,Chemical weapons;bacteriological weapons;Biological weapons,
A/RES/2828(XXVI)[A],656350,,Nuclear tests; Thermonuclear tests,Suspension
A/RES/2697(XXV),656463,,Charter of the United Nations,Review
A/RES/2698(XXV),656467,,International Law,Assistance; Teaching; Study; Dissemination; Appreciation
A/RES/2700(XXV),656472,Papua;Trust Territory of New Guinea,,
A/RES/2701(XXV),656475,Non-Self-Governing Territories,Information,Transmission
A/RES/2702(XXV),656481,Oman,,
A/RES/2703(XXV),656483,Southern Rhodesia;Namibia;Territories under Portuguese domination;Southern Africa,Declaration on the Granting of Independence to Colonial Countries and Peoples;Colonial domination;Colonialism;Apartheid;Racial discrimination,Activities;Implementation;Efforts;Elimination
A/RES/2704(XXV),656484,Colonial Countries;Peoples,Declaration;Independence,Implementation
A/RES/2706(XXV),656486,Southern Africa,Educational and Training Programme,
A/RES/2707(XXV),656487,Territories under Portuguese Administration,,
A/RES/2708(XXV),656489,Colonial Countries;Peoples,Declaration;Independence,Implementation;Granting
A/RES/2709(XXV),656490,American Samoa;Antigua;Bahamas;Bermuda;British Virgin Islands;Brunei;Cayman Islands;Cocos (Keeling) Islands;Dominica;Gilbert and Ellice Islands;Grenada;Guam;Montserrat;New Hebrides;Niue;Pitcairn;St. Helena;St. Kitts-Nevis-Anguilla;St. Lucia;St. Vincent;Seychelles;Solomon Islands;Tokelau Islands;Turks and Caicos Islands;United States Virgin Islands,,
A/RES/2710(XXV),656491,Antigua;Dominica;Grenada;St. Kitts-Nevis-Anguilla;St. Lucia;St. Vincent,,
A/RES/2711(XXV),656492,Spanish Sahara,,
A/RES/2714(XXV),656494,Colonial countries; Dependant countries; Territories,Human rights; Fundamental freedoms; Racial discrimination; Segregation; Apartheid,Violation
A/RES/2725(XXV),656496,,Trade;Development,Conference
A/RES/2726(XXV),656500,,Technology; Know-how; Patents,Transfer
A/RES/2727(XXV),656501,Israel;Occupied Territories,Human Rights,Investigation
A/RES/2750(XXV)[C],656503,,Sea-bed;Ocean floor;High seas;National jurisdiction;Resources;Law of the sea,Reservation;Use;Convening;Conference
A/RES/3028(XXVII),656508,,Adoption Law,Conference; Convention
A/RES/3029(XXVII)[B],656510,,Sea-bed;Ocean floor;High seas;National jurisdiction;Resources;Law of the sea,Reservation;Use;Convening;Conference
A/RES/3029(XXVII)[C],656513,,Sea-bed; Ocean floor; High seas; National jurisdiction; Resources; Law of the sea,Reservation; Use; Convening; Conference
A/RES/3030(XXVII),656516,Namibia,United Nations Fund,
A/RES/3031(XXVII),656519,Namibia,,
A/RES/3032(XXVII),656520,,Human Rights;Armed Conflicts,Respect
A/RES/3034(XXVII),656521,,International Terrorism;Human Lives;Fundamental Freedoms;Causes of Terrorism;Acts of Violence;Misery;Frustration;Grievance;Despair;Radical Changes,Prevention;Study
A/RES/3035(XXVII),656523,,Code of conduct; Liner conferences,
A/RES/3036(XXVII),656526,Least Developed Countries; Developing Countries,Special Measures,
A/RES/3037(XXVII),656527,States,Economic Rights;Duties,
A/RES/3038(XXVII),656528,,Trade;Development,Dissemination;Mobilization
A/RES/3039(XXVII),656532,developing countries,External debt servicing,
A/RES/3040(XXVII),656536,,Multilateral trade,Negotiations
A/RES/3041(XXVII),656537,,Trade;Development,Report
A/RES/3043(XXVII),656539,,United Nations budget; Budget cycle,Presentation; Duration
A/RES/3044(XXVII)[A],656575,,Budget appropriations; Financial year,
A/RES/3044(XXVII)[B],656576,,Income estimates; Financial year,Estimation
A/RES/3044(XXVII)[C],656577,,Financing;Appropriations;Financial Year,
A/RES/3045(XXVII),656578,,Extraordinary expenses; Financial year,Adoption
A/RES/3046(XXVII),656579,,Working Capital Fund; Financial Year,
A/RES/3048(XXVII),656580,,Travel Funds,Use
A/RES/3049(XXVII)[A],656581,United Nations,Financial situation,
A/RES/3049(XXVII)[B],656582,United Nations,Financial situation,
A/RES/3049(XXVII)[C],656583,United Nations,Financial situation,
A/RES/2769(XXVI),656873,Southern Rhodesia,,Resolution
A/RES/2816(XXVI),656986,,Natural disaster;Disaster situations,Assistance
A/RES/2499(XXIV)[B],657427,,United Nations,Celebration
A/RES/2500(XXIV),657428,China,United Nations,Representation
A/RES/2504(XXIV),657429,Republic of Indonesia;Kingdom of the Netherlands;West New Guinea;West Irian,Agreement,
A/RES/2505(XXIV),657431,Southern Africa,Manifesto,
A/RES/2507(XXIV),657432,Territories under Portuguese administration,,
A/RES/2508(XXIV),657433,Southern Rhodesia,,Resolution
A/RES/2511(XXIV),657434,,Technical Assistance; Industrial Development,Programme
A/RES/2516(XXIV),657488,Korea,,
A/RES/2517(XXIV),657491,Namibia,,
A/RES/2521(XXIV),657493,Colonial Countries;Colonial People,Declaration;Independence,Programme of Activities;Granting
A/RES/2535(XXIV)[B],657494,Palestine; Near East,Relief; Works; Refugees,
A/RES/2535(XXIV)[C],657496,Palestine; Near East,Relief; Works Agency; Refugees,
A/RES/2546(XXIV),657497,occupied territories,human rights,respect; implementation
A/RES/2554(XXIV),657498,Southern Rhodesia;Namibia;Territories under Portuguese domination;Southern Africa,Declaration on the Granting of Independence to Colonial Countries and Peoples;Colonial domination;Colonialism;Apartheid;Racial discrimination,Activities;Implementation;Efforts;Elimination
A/RES/2555(XXIV),657505,Colonial Countries;Peoples,Declaration;Independence,Implementation
A/RES/2498(XXIV),657512,Namibia,,
A/RES/2558(XXIV),657515,Non-Self-Governing Territories,Information,Transmission
A/RES/2559(XXIV),657516,Oman,,
A/RES/2574(XXIV)[D],658140,High Seas,Sea-bed;Ocean Floor;Subsoil;Resources,Reservation;Use;Interests
A/RES/2383(XXIII),658193,Rhodesia,,
A/RES/2389(XXIII),658194,China,Representation,
A/RES/2391(XXIII),658195,,War Crimes;Crimes Against Humanity,Non-Applicability
A/RES/2395(XXIII),658196,Territories under Portuguese administration,,
A/RES/2424(XXIII),658197,Oman,,
A/RES/2425(XXIII),658198,Southern Rhodesia;Namibia;Territories under Portuguese domination;Southern Africa,Declaration on the Granting of Independence to Colonial Countries and Peoples;Colonialism;Apartheid;Racial Discrimination,Activities;Implementation;Efforts;Elimination
A/RES/2426(XXIII),658199,Colonial Countries;Peoples,Declaration;Independence,Implementation
A/RES/2427(XXIII),658200,Papua;Trust Territory of New Guinea,,Resolution
A/RES/2422(XXIII),658201,Non-Self Governing Territories,Information,Transmission
A/RES/2428(XXIII),658202,Ifni; Spanish Sahara,,Resolution
A/RES/2429(XXIII),658203,Gibraltar,,
A/RES/2430(XXIII),658301,American Samoa;Antigua;Bahamas;Bermuda;British Virgin Islands;Cayman Islands;Cocos (Keeling) Islands;Dominica;Gilbert and Ellice Islands;Grenada;Guam;Montserrat;New Hebrides;Niue;Pitcairn;St. Helena;St. Kitts-Nevis-Anguilla;St. Lucia;St. Vincent;Seychelles;Solomon Islands;Tokelau Islands;Turks and Caicos Islands;United States Virgin Islands,,
A/RES/2431(XXIII),658304,Southern Africa,Educational and Training Programme,
A/RES/2443(XXIII),658305,occupied territories,human rights,respect; implementation
A/RES/2403(XXIII),658328,Namibia,,
A/RES/2847(XXVI),658351,,Economic and Social Council,Enlargement
A/RES/2849(XXVI),658353,,Development;Environment,
A/RES/2850(XXVI),658354,,Human Environment,Conference
A/RES/2851(XXVI),658355,Israel; Occupied Territories,Human Rights,Investigation
A/RES/2832(XXVI),658358,Indian Ocean,Zone of Peace,Declaration
A/RES/2841(XXVI),658359,,Human Rights,Creation
A/RES/2828(XXVI)[B],658361,,Nuclear tests;Thermonuclear tests,Suspension
A/RES/2828(XXVI)[C],658362,,Nuclear tests; Thermonuclear tests,Suspension
A/RES/2893(XXVI),658363,Chile;Santiago,,
A/RES/2894(XXVI),658364,Bangkok;Addis Ababa,United Nations accommodation,
A/RES/2895(XXVI),658365,,Headquarters accommodation,
A/RES/2896(XXVI),658366,,World Youth Assembly,Commemoration
A/RES/2897(XXVI),658368,,United Nations information policies; United Nations information activities,Review; Reappraisal
A/RES/2899(XXVI)[A],658369,,Budget appropriations; Financial year,
A/RES/2899(XXVI)[B],658371,,Income estimates; Financial year,
A/RES/2899(XXVI)[C],658372,,Financing;Appropriations;Financial Year,
A/RES/2900(XXVI),658374,,Expenses;Financial Year,
A/RES/2901(XXVI),658375,,Working Capital Fund; Financial Year,
A/RES/2578(XXIV),658376,,Industrial Development,Conference
A/RES/2857(XXVI),658381,,Capital punishment,
A/RES/2862(XXVI),658388,,Credentials,Adoption
A/RES/2865(XXVI),658395,Papua New Guinea,,
A/RES/2867(XXVI),658397,Antigua;Dominica;Grenada;St. Kitts-Nevis-Anguilla;St. Lucia;St.Vincent,Question,
A/RES/2868(XXVI),658399,Niue;Tokelau Islands,,
A/RES/2869(XXVI),658400,American Samoa;Bahamas;Bermuda;British Virgin Islands;Brunei;Cayman Islands;Cocos (Keeling) Islands;Gilbert and Ellice Islands;Guam;Montserrat;New Hebrides;Pitcairn;St. Helena;Seychelles;Solomon Islands;Turks and Caicos Islands;United States Virgin Islands,Question,
A/RES/2871(XXVI),658403,Namibia,,
A/RES/2872(XXVI),658405,Namibia,United Nations Fund,
A/RES/2873(XXVI),658406,Southern Rhodesia;Namibia;Territories under Portuguese domination;Southern Africa,Declaration on the Granting of Independence to Colonial Countries and Peoples;Colonialism;Apartheid;Racial discrimination,Activities;Implementation;Efforts;Elimination
A/RES/2874(XXVI),658407,Colonial Countries;Peoples,Declaration;Independence,Implementation
A/RES/2875(XXVI),658409,Southern Africa,Educational and Training Programme,
A/RES/2877(XXVI),658411,Southern Rhodesia,,
A/RES/2878(XXVI),658412,Colonial Countries;Peoples,Declaration;Independence,Implementation;Granting
A/RES/2879(XXVI),658413,,Decolonization,Dissemination of information
A/RES/2880(XXVI),658416,,Declaration on the Strengthening of International Security; International Security,Implementation
A/RES/2881(XXVI),658419,,Sea-bed;Ocean floor;High seas;National jurisdiction;Resources;Law of the sea,Reservation;Use;Convening;Conference
A/RES/2889(XXVI),658427,,Advisory Committee on Administrative and Budgetary Questions,Honorarium
A/RES/2890(XXVI)[A],658428,,Pension scheme,
A/RES/2890(XXVI)[B],658429,,Emoluments,
A/RES/2891(XXVI),658430,,Palais des Nations,Extension
A/RES/2892(XXVI),658431,,Palais des Nations,Maintenance; Improvement
A/RES/2621(XXV),658801,Colonial Countries;Peoples,Declaration;Independence,Programme of Action;Implementation;Granting
A/RES/2624(XXV),658802,South Africa,Apartheid,Policy
A/RES/2628(XXV),658803,Middle East,,
A/RES/2642(XXV),658807,China,Representation,
A/RES/2647(XXV),658810,,Racial Discrimination,Elimination
A/RES/2652(XXV),658812,Southern Rhodesia,,
A/RES/2660(XXV),658815,,Nuclear Weapons;Weapons of Mass Destruction;Sea-Bed;Ocean Floor;Subsoil,Prohibition
A/RES/2661(XXV)[A],658817,,General Disarmament; Complete Disarmament,
A/RES/2661(XXV)[C],658819,,General Disarmament; Complete Disarmament,
A/RES/2666(XXV),658828,Latin America,Treaty for the Prohibition of Nuclear Weapons; Additional Protocol II,Implementation; Signature; Ratification
A/RES/2668(XXV),658829,Korea,,
A/RES/2669(XXV),658831,,International law; International watercourses,Progressive development; Codification
A/RES/2671(XXV)[C],658834,South Africa,Apartheid,Policy
A/RES/2671(XXV)[F],658837,South Africa,Apartheid,Policy
A/RES/2672(XXV)[C],658840,Palestine; Near East,Relief; Works; Refugees,
A/RES/2672(XXV)[D],658841,Palestine; Near East,Relief; Works Agency; Refugees,
A/RES/2673(XXV),658844,,Protection of journalists; Armed conflicts,Protection
A/RES/2674(XXV),658845,,Human Rights;Armed Conflicts,Respect
A/RES/2676(XXV),658847,,Human Rights;Armed Conflicts,Respect
A/RES/2678(XXV),658849,Namibia,,
A/RES/2679(XXV),658850,Namibia,United Nations Fund,
A/RES/2262(XXII),658994,Southern Rhodesia,,
A/RES/2587(XXIV),659460,,Status of Women,
A/RES/2588(XXIV)[A],659461,,Human Rights,Implementation; Recommendation
A/RES/2588(XXIV)[B],659463,,Human Rights,Implementation; Recommendation
A/RES/2590(XXIV),659467,Papua;New Guinea,,Question
A/RES/2591(XXIV),659469,Spanish Sahara,,
A/RES/2592(XXIV),659471,American Samoa;Antigua;Bahamas;Bermuda;British Virgin Islands;Brunei;Cayman Islands;Cocos (Keeling) Islands;Dominica;Gilbert and Ellice Islands;Grenada;Guam;Montserrat;New Hebrides;Niue;Pitcairn;St. Helena;St. Kitts-Nevis-Anguilla;St. Lucia;St. Vincent;Seychelles;Solomon Islands;Tokelau Islands;Turks and Caicos Islands;United States Virgin Islands,,
A/RES/2593(XXIV),659472,Antigua;Dominica;Grenada;St. Kitts-Nevis-Anguilla;St. Lucia;St. Vincent,Question,
A/RES/2595(XXIV),659474,,Human Rights,Creation; Post
A/RES/2602(XXIV)[E],659484,,Disarmament,
A/RES/2603(XXIV)[A],659491,,Chemical weapons;bacteriological weapons;Biological weapons,
A/RES/2605(XXIV)[A],659496,Non-Nuclear-Weapon States,,Conference
A/RES/2605(XXIV)[B],659498,Non-Nuclear-Weapon States,,Conference
A/RES/2617(XXIV),659509,,United Nations regular budget; Expenditure,Study
A/RES/2456(XXIII)[A],659626,Non-Nuclear-Weapon States,,Conference
A/RES/2456(XXIII)[C],659628,Non-Nuclear-Weapon States,,Conference
A/RES/2456(XXIII)[B],659629,Non-Nuclear-Weapon States,,Conference
A/RES/2456(XXIII)[D],659632,Non-Nuclear-Weapon States,,Conference
A/RES/2466(XXIII),659648,Korean,Korean question,
A/RES/2467(XXIII)[A],659650,High Seas,Sea-bed;Ocean Floor;Subsoil;Resources,Reservation;Use
A/RES/2467(XXIII)[C],659652,High Seas,Sea-bed;Ocean Floor;Subsoil;Resources,Reservation;Use
A/RES/2474(XXIII)[A],659659,United Nations;International Atomic Energy Agency,Administrative and budgetary co-ordination,Co-ordination
A/RES/2479(XXIII),659661,,Russian; Spanish; Working languages,Inclusion; Amendment
A/RES/2480(XXIII)[B],659664,,Secretariat,Composition
A/RES/2339(XXII),659848,,Human Rights,International Year
A/RES/2346(XXII)[B],659862,,Non-proliferation of nuclear weapons,
A/RES/2348(XXII),659863,Papua;Trust Territory of New Guinea,,
A/RES/2350(XXII),659865,Fiji,,
A/RES/2353(XXII),659868,Gibraltar,,
A/RES/2356(XXII),659872,French Somaliland,,Resolution
A/RES/2357(XXII),659874,American Samoa;Antigua;Bahamas;Bermuda;British Virgin Islands;Cayman Islands;Cocos (Keeling) Islands;Dominica;Gilbert and Ellice Islands;Grenada;Guam;Mauritius;Montserrat;New Hebrides;Niue;Pitcairn;St. Helena;St. Kitts-Nevis-Anguilla;St. Lucia;St. Vincent;Seychelles;Solomon Islands;Swaziland;Tokelau Islands;Turks and Caicos Islands;United States Virgin Islands,,
A/RES/2359(XXII)[B],659878,,Secretariat,Composition
A/RES/2200(XXI)[A],659992,,Economic Rights;Social Rights;Cultural Rights;Civil Rights;Political Rights;Optional Protocol,
A/RES/2200(XXI)[B],659993,,Economic Rights;Social Rights;Cultural Rights;Civil Rights;Political Rights;Optional Protocol,
A/RES/2200(XXI)[C],659994,,Economic Rights;Social Rights;Cultural Rights;Civil Rights;Political Rights;Optional Protocol,
A/RES/2202(XXI)[A],659995,Republic of South Africa,Apartheid,Policy
A/RES/2202(XXI)[B],659996,Republic of South Africa,Apartheid,Policy
A/RES/2220(XXI),660007,,Peace-keeping operations,Review
A/RES/2224(XXI),660008,Korean,Korean question,
A/RES/2226(XXI),660010,Nauru,Trust Territory,
A/RES/2227(XXI),660011,Papua;Trust Territory of New Guinea,,
A/RES/2228(XXI),660012,French Somaliland,,
A/RES/2229(XXI),660013,Ifni; Spanish Sahara,,
A/RES/2230(XXI),660014,Equatorial Guinea,,
A/RES/2231(XXI),660015,Gibraltar,,
A/RES/2232(XXI),660016,American Samoa;Antigua;Bahamas;Bermuda;British Virgin Islands;Cayman Islands;Cocos (Keeling) Islands;Dominica;Gilbert and Ellice Islands;Grenada;Guam;Mauritius;Montserrat;New Hebrides;Niue;Pitcairn;St. Helena;St. Kitts-Nevis-Anguilla;St. Lucia;St. Vincent;Seychelles;Solomon Islands;Tokelau Islands;Turks and Caicos Islands;United States Virgin Islands,,
A/RES/2238(XXI),660020,Oman,,
A/RES/2241(XXI)[B],660022,,Secretariat,Composition
A/RES/2269(XXII),660045,Korean,Korean question,
A/RES/2270(XXII),660046,Portuguese administration,Territories,
A/RES/2271(XXII),660047,China,Representation,
A/RES/2071(XX),660048,British Guiana,,
A/RES/2072(XX),660049,Ifni; Spanish Sahara,,Resolution
A/RES/2073(XX),660050,Oman,,
A/RES/2286(XXII),660051,Latin America,Nuclear Weapons,Prohibition
A/RES/2077(XX),660053,Cyprus,,
A/RES/2079(XX),660054,Tibet,,
A/RES/2288(XXII),660056,Southern Rhodesia;South West Africa;Territories under Portuguese domination;Southern Africa,Declaration on the Granting of Independence to Colonial Countries and Peoples;Colonial domination;Colonialism;Apartheid;Racial discrimination,Activities;Implementation;Efforts;Elimination
A/RES/2289(XXII),660059,,Nuclear Weapons,Prohibition; Conclusion
A/RES/2298(XXII),660060,,Technical Assistance; Industrial Development,Programme
A/RES/2311(XXII),660110,Colonial Countries;Colonial Peoples,Declaration;Independence,Implementation
A/RES/2321(XXII),660111,,Capital Development Fund,
A/RES/2324(XXII),660112,South West Africa,,
A/RES/2325(XXII),660113,South West Africa,,
A/RES/2327(XXII),660114,,International Law;Friendly Relations;Co-operation;Charter of the United Nations,Consideration
A/RES/2328(XXII),660115,,Diplomatic Privileges and Immunities,
A/RES/2105(XX),660141,Colonial Countries;Peoples,Declaration;Independence,Implementation;Granting
A/RES/2106(XX)[A],660142,,Racial Discrimination,Elimination
A/RES/2107(XX),660149,Territories under Portuguese administration,,
A/RES/2111(XX),660151,Trust Territory of Nauru,,Resolution
A/RES/2112(XX),660152,Trust Territory of New Guinea; Territory of Papua,,
A/RES/2113(XX)[B],660154,,Credentials; Representatives; Sessions; General Assembly,Adoption
A/RES/2115(XX),660155,,United Nations Emergency Force,Adoption
A/RES/2131(XX),660166,States,Intervention; Independence; Sovereignty,Protection
A/RES/2132(XX),660167,Korea,Korean question,
A/RES/2138(XXI),660460,Southern Rhodesia,,Resolution
A/RES/2145(XXI),660461,South West Africa,,
A/RES/2153(XXI)[B],660463,,Non-proliferation;nuclear weapons,
A/RES/2159(XXI),660464,China,Representation,
A/RES/2160(XXI),660465,,Prohibition of the threat or use of force; Right of peoples to self-determination; International relations,Observance
A/RES/2181(XXI),660466,,Principles of international law;Friendly relations;Co-operation among States;Charter of the United Nations,Consideration
A/RES/2184(XXI),660467,Territories under Portuguese administration,,
A/RES/2189(XXI),660468,Colonial Countries;Colonial Peoples,Declaration;Independence,Implementation;Granting
A/RES/2194(XXI)[A],660469,,United Nations Emergency Force,Adoption
A/RES/2194(XXI)[B],660470,,United Nations Emergency Force,Adoption
A/RES/1881(XVIII),660989,Republic of South Africa,Apartheid,Policy
A/RES/1752(XVII),660990,Republic of Indonesia;Kingdom of the Netherlands;West New Guinea;West Irian,Agreement,
A/RES/1631(XVI),660991,Islamic Republic of Mauritania,Membership,Admission
A/RES/1493(XV),660992,China,Representation,
A/RES/1351(XIV),660993,China,Representation,Adoption
A/RES/1239(XIII),661039,China,Representation,
A/RES/1134(XII),661040,Federation of Malaya,Membership,Admission
A/RES/1110(XI),661042,Sudan,Membership,Admission
A/RES/990(X),661043,China,Representation,Adoption
A/RES/2022(XX),661359,Southern Rhodesia,,
A/RES/2023(XX),661360,Aden,,
A/RES/2024(XX),661361,Southern Rhodesia,,
A/RES/2025(XX),661362,China,Representation,
A/RES/2028(XX),661363,,Non-proliferation of nuclear weapons,
A/RES/2030(XX),661364,,World Disarmament,Convening
A/RES/2031(XX),661365,,Disarmament,
A/RES/2032(XX),661366,,Nuclear tests;Thermonuclear tests,Suspension
A/RES/2033(XX),661367,Africa,Denuclearization,Declaration
A/RES/2052(XX),661368,Palestine; Near East,Relief; Works; Refugees,Reporting
A/RES/2064(XX),661369,Cook Islands,,
A/RES/2065(XX),661370,Falkland Islands;Malvinas,,
A/RES/2070(XX),661371,Gibraltar,,
A/RES/1883(XVIII),661372,Southern Rhodesia,,
A/RES/1885(XVIII),661373,Congo,United Nations Operation; Cost Estimates; Financing,
A/RES/1889(XVIII),661374,Southern Rhodesia,,Resolution
A/RES/1899(XVIII),661375,South West Africa,,
A/RES/1909(XVIII),661376,,Nuclear Weapons; Thermo-Nuclear Weapons,Convening; Signing; Prohibition
A/RES/1911(XVIII),661377,Latin America,Denuclearization,
A/RES/1913(XVIII),661378,Portuguese administration,,
A/RES/1948(XVIII),661396,Oman,,
A/RES/1755(XVII),662064,Southern Rhodesia,,
A/RES/1760(XVII),662065,Southern Rhodesia,,
A/RES/1761(XVII),662066,Republic of South Africa,Apartheid,Policy
A/RES/1762(XVII)[B],662067,,Nuclear Tests; Thermo-Nuclear Tests,Suspension
A/RES/1764(XVII),662068,,Effects of Atomic Radiation,Report
A/RES/1784(XVII),662069,China;Hong Kong,Refugees,
A/RES/1803(XVII),662070,,Permanent sovereignty; Natural resources,
A/RES/1810(XVII),662071,Colonial countries;Peoples,Declaration;Independence,Implementation;Granting
A/RES/1632(XVI),662072,,Nuclear tests; Thermo-nuclear tests; Nuclear weapons,Suspension; Obligation; Renewal; Treaty; Ban; Control
A/RES/1648(XVI),662073,States,Nuclear tests; Thermo-nuclear tests,Suspension; Obligation; Refrainment; Renewal
A/RES/1649(XVI),662074,,Nuclear Weapons Tests;International Control,Treaty;Ban
A/RES/1650(XVI),662075,Algeria;France,Imprisonment,Status
A/RES/1652(XVI),662076,Africa,Denuclearized zone,Consideration
A/RES/1653(XVI),662077,,Nuclear weapons; Thermo-nuclear weapons,Prohibition; Use
A/RES/1654(XVI),662078,Colonial countries;Peoples,Declaration;Independence,Implementation;Granting
A/RES/1663(XVI),662079,South Africa,Race Conflict;Apartheid,Question
A/RES/1668(XVI),662080,China,Representation,
A/RES/1699(XVI),662081,Portugal,Charter of the United Nations,Non-compliance
A/RES/1700(XVI),662082,Non-Self-Governing Territories,Information,Renewal
A/RES/1495(XV),662083,Member States,Co-operation,
A/RES/1498(XV),662084,Republic of the Congo (Leopoldville),Credentials,
A/RES/1514(XV),662085,colonial countries;peoples,independence,granting
A/RES/1536(XV),662086,Non-Self-Governing Territories,Racial Discrimination,
A/RES/1541(XV),662087,,Obligation; Information; Charter,Determination; Transmission
A/RES/1542(XV),662088,,Transmission of information; Article 73 e; Charter,
A/RES/1565(XV),662122,Union of South Africa;South West Africa,Legal actions;Obligations,Fulfillment
A/RES/2054(XX)[A],662544,Republic of South Africa,Apartheid,Policy
A/RES/957(X),662952,,United Nations Administrative Tribunal judgments; Statute of the Administrative Tribunal,Procedure; Review; Amendment
A/RES/992(X),662954,,Charter,Proposal; Review
A/RES/1807(XVII),663061,Portuguese administration,,
A/RES/1627(XVI),663140,Burundi,Assassination,
A/RES/1819(XVII),663764,Angola,,
A/RES/1854(XVII)[A],663767,,Administrative procedures;Budgetary procedures;United Nations,
A/RES/1857(XVII),663770,Hungary,,
A/RES/1956(XVIII),664260,colonial countries;colonial peoples,Declaration;independence,implementation;granting
A/RES/1957(XVIII),664261,,Mechanical Means of Voting,Installation
A/RES/1964(XVIII),664263,Korea,Korean question,
A/RES/1967(XVIII),664264,,Fact-finding,Method
A/RES/1978(XVIII)[B],664266,Republic of South Africa,Apartheid,Policy
A/RES/1979(XVIII),664267,South West Africa,,Resolution
A/RES/1983(XVIII),664268,,United Nations Emergency Force,Adoption
A/RES/1990(XVIII),664269,,General Committee; General Assembly; Rules of Procedure,Amendments
A/RES/1991(XVIII)[A],664273,,Security Council;Economic and Social Council;Equitable Representation,
A/RES/1991(XVIII)[B],664274,,Security Council;Economic and Social Council;Equitable Representation,
A/RES/1992(XVIII),664276,,Economic Committee;Social Committee;Co-ordination Committee;Economic and Social Council,Enlargement
A/RES/1353(XIV),664377,Tibet,,
A/RES/1375(XIV),664378,South Africa;Union of South Africa,Race Conflict;Apartheid,
A/RES/1380(XIV),664379,,Nuclear Weapons,Prevention; Dissemination
A/RES/1396(XIV),664380,,Capital Punishment,Study
A/RES/1402(XIV)[B],664381,,Nuclear tests; Thermo-nuclear tests,Suspension
A/RES/1404(XIV),664382,,Security Council;Economic and Social Council;Membership,Increase
A/RES/1410(XIV),664383,Trust Territories,United Nations;International Trusteeship System,Dissemination;Information
A/RES/1379(XIV),664397,France;Sahara,Nuclear Tests,
A/RES/1248(XIII),664398,South Africa;Union of South Africa,Race Conflict;Apartheid,
A/RES/1252(XIII)[A],664399,Union of Soviet Socialist Republics;United States of America;United Kingdom of Great Britain and Northern Ireland;France;under-developed countries,disarmament;atomic weapons tests;hydrogen weapons tests;military budgets;assistance,discontinuance;reduction;use;assistance
A/RES/1263(XIII),664400,,United Nations Emergency Force,Progress report
A/RES/1264(XIII),664401,Korea,Korean question,
A/RES/1300(XIII),664402,,Economic and Social Council; Membership,Increase
A/RES/1307(XIII),664403,,Law of the Sea,Convening; Conference
A/RES/1719(XVI),664891,,Population growth;Economic development,
A/RES/1723(XVI),664894,Tibet,,
A/RES/1724(XVI),664895,Algeria,,
A/RES/1725(XVI),664896,Palestine; Near East,Relief; Works Agency; Refugees,Report
A/RES/1731(XVI),664900,,Administrative procedures;Budgetary procedures;United Nations,
A/RES/1732(XVI),664901,Congo,Cost Estimates; Financing,Operation
A/RES/1733(XVI),664902,,United Nations Emergency Force; cost estimates; maintenance,
A/RES/1739(XVI),664908,,United Nations financial position; prospects,
A/RES/1740(XVI),664909,Korea,Korean question,
A/RES/1741(XVI),664910,Hungary,,
A/RES/1742(XVI),664912,Angola,,
A/RES/1745(XVI),664915,Non-Self-Governing Territories,Transmission of Information;Examination of Information,
A/RES/1746(XVI),664917,Ruanda-Urundi,Future,
A/RES/1747(XVI),664918,Southern Rhodesia,,Question
A/RES/1302(XIII),665771,Union of South Africa,Treatment of people of Indian origin,
A/RES/1135(XII),666131,China,Representation,
A/RES/1143(XII),666133,South West Africa,Good Offices Committee,Establishment
A/RES/1148(XII),666143,,Armed forces; Armaments; Atomic weapons; Hydrogen weapons; Weapons of mass destruction; International convention; Treaty,Regulation; Limitation; Balanced reduction; Conclusion; Prohibition; Reduction
A/RES/1149(XII),666146,world,armaments race;modern weapons,collective action;information;enlightenment
A/RES/1150(XII),666148,,Disarmament,Enlargement; Membership
A/RES/1151(XII),666150,,United Nations Emergency Force,Adoption
A/RES/1155(XII),666152,Africa,Economic Commission,Proposal
A/RES/1178(XII),666153,South Africa;Union of South Africa,Race Conflict;Apartheid,
A/RES/1179(XII),666155,Union of South Africa,Treatment of people of Indian origin,
A/RES/1180(XII),666156,Korea,Korean question,
A/RES/1111(XI),667221,Morocco,United Nations membership,Admission
A/RES/1112(XI),667222,Tunisia,Membership,Admission
A/RES/1108(XI),667223,China,Representation,
A/RES/1038(XI),667224,,United Nations Children's Fund,Membership
A/RES/1044(XI),667225,Togoland; British,Administration,Future
A/RES/1113(XI),667226,Japan,Membership,Admission
A/RES/1046(XI),667227,Togoland; France,Administration,Future
A/RES/1012(XI),667228,Algeria,,
A/RES/1568(XV),667615,South West Africa,,
A/RES/1573(XV),667618,Algeria,,
A/RES/1576(XV),667622,,Nuclear Weapons,Prevention; Dissemination
A/RES/1577(XV),667623,,Nuclear tests; Thermo-nuclear tests,Suspension
A/RES/1578(XV),667624,,Nuclear tests; Thermo-nuclear tests,Suspension
A/RES/1579(XV),667625,Ruanda-Urundi,Future,
A/RES/1580(XV),667626,,Question of Mwami,
A/RES/1590(XV),667635,Congo,United Nations operations,
A/RES/1593(XV),667637,Union of South Africa;South West Africa,,Appeal
A/RES/1596(XV),667639,South West Africa,,Resolution
A/RES/1598(XV),667641,South Africa;Union of South Africa,Race Conflict;Apartheid,
A/RES/1599(XV),667642,Republic of the Congo,,
A/RES/1600(XV),667643,Republic of the Congo,,
A/RES/1601(XV),667644,Republic of the Congo,,
A/RES/1602(XV),667645,,United Nations,Admission
A/RES/1603(XV),667646,Angola,,
A/RES/1604(XV),667647,Palestine; Near East,Relief; Refugees,Report
A/RES/1605(XV),667648,Ruanda-Urundi,Future,
A/RES/1607(XV),667649,Trust Territories,United Nations;International Trusteeship System,Dissemination;Information
A/RES/1608(XV),667650,Trust Territory of the Cameroons; United Kingdom,Trust Territory,Future
A/RES/1616(XV),667653,Cuba;United States of America,Aggression;Intervention;Territorial Integrity;Sovereignty;Independence;International Peace;International Security,Complaint
A/RES/1619(XV),667655,Congo,United Nations operations; Cost estimates; Financing,
A/RES/1620(XV),667656,,Administrative procedures;Budgetary procedures;United Nations,Examination
A/RES/1040(XI),667938,,Nationality of Married Women,Convention
A/RES/1424(XIV),667960,,Capital Development Fund,
A/RES/1426(XIV),667962,,Agrarian reform,
A/RES/1441(XIV),667987,,United Nations Emergency Force,Adoption
A/RES/1454(XIV),668034,Hungary,,
A/RES/1455(XIV),668035,Korea,Korean question,
A/RES/1460(XIV),668040,Union of South Africa,Treatment of people of Indian origin,
A/RES/1467(XIV),668047,,Information,Transmission; Examination
A/RES/1312(XIII),668314,Hungary,,
A/RES/1317(XIII),668321,,Capital Development Fund,
A/RES/1318(XIII),668322,,International flow of private capital,Promotion
A/RES/1324(XIII),668325,,International commodity problems,
A/RES/1337(XIII),668340,,United Nations Emergency Force,Cost estimates; Maintenance
A/RES/1348(XIII),668353,,Peaceful use of outer space,
A/RES/1349(XIII),668355,Trust Territory of the Cameroons,Administration,Future
A/RES/1350(XIII),668356,Trust Territory of the Cameroons; United Kingdom,Trust Territory,Future
A/RES/1181(XII),668444,,Aggression,Definition
A/RES/1182(XII),668445,Togoland; France,Administration,Future
A/RES/1192(XII),668456,,,Composition
A/RES/1211(XII),668464,Cameroons,Trust Territories,Administration
A/RES/1226(XII),668471,,Geographical distribution;Staff;Secretariat;United Nations,
A/RES/1236(XII),668477,States,Peaceful and neighbourly relations,
A/RES/1064(XI),668552,Trust Territories,Self-government;Independence,Attainment
A/RES/1118(XI),668572,Ghana,Membership,Admission
A/RES/918(X),668587,,United Nations; Membership,Admission
A/RES/945(X),668597,Netherlands;Netherlands Antilles;Surinam,Communication,
A/RES/946(X),668598,Trust Territories,Self-government;Independence,Attainment
A/RES/1120(XI),669305,,,
A/RES/1122(XI),669311,,,
A/RES/1123(XI),669317,,,
A/RES/1124(XI),669321,,,
A/RES/1125(XI),669324,,,
A/RES/1127(XI),669329,,,
A/RES/1128(XI),669331,,,
A/RES/1129(XI),669335,,,
A/RES/1130(XI),669340,,,
A/RES/1131(XI),669343,,,
A/RES/1132(XI),669344,,,
A/RES/1133(XI),669345,,,
A/RES/609(VII)[A],669416,,Credentials; Representatives,Adoption
A/RES/697(VII),669423,Japan,International Civil Aviation Organization,Membership
A/RES/610(VII),669433,Korea,Unification; Rehabilitation,Report
A/RES/615(VII),669450,Union of South Africa,Treatment of people of Indian origin,
A/RES/616(VII)[A],669452,South Africa;Union of South Africa,Race Conflict;Apartheid,
A/RES/616(VII)[B],669454,South Africa;Union of South Africa,Race Conflict;Apartheid,
A/RES/648(VII),669465,Territory,Self-government,Decision
A/RES/637(VII)[A],669477,,Right of peoples and nations; Self-determination,
A/RES/612(VII),669486,Morocco,,
A/RES/640(VII),669493,,Political Rights of Women,Convention
A/RES/652(VII),669499,Ewe; Togoland,Unification problem,Resolution
A/RES/620(VII)[A],669502,,Membership,Admission
A/RES/620(VII)[B],669503,,Membership,Admission
A/RES/656(VII),669512,Trust Territory of Somaliland; Italy,Petitioners,Hearing
A/RES/623(VII),669527,,Economic Development;International Prices;Primary Commodities;National Programmes;Integrated Economic Development,Financing;Establishment;Execution
A/RES/624(VII),669528,,Migration;Economic Development,
A/RES/626(VII),669531,,Natural wealth; Natural resources; Right,Exploitation
A/RES/706(VII),669591,United Nations Forces,Bacteriological Warfare,Impartial Investigation
A/RES/820(IX),669653,South Africa; Union of South Africa,Race Conflict; Apartheid,
A/RES/854(IX),669663,Somaliland;Ethiopia,Frontier,
A/RES/812(IX),669689,Morocco,Morocco question,
A/RES/749(VIII)[A],669715,South West Africa,,
A/RES/749(VIII)[B],669716,South West Africa,,Resolution
A/RES/804(VIII),669717,North Korea;China;Korea,Atrocities;Prisoners of War,
A/RES/740(VIII),669722,,Forced Labour,Evidence
A/RES/721(VIII),669728,South Africa; Union of South Africa,Race Conflict; Apartheid,Policy
A/RES/785(VIII)[A],669748,,Financial Year,Estimates
A/RES/550(VI),670009,Italy,Trusteeship Council,Participation
A/RES/510(VI),670018,Federal Republic of Germany;Berlin;Soviet Zone of Germany,Investigation;Elections,Appointment;Supervision;Investigation;Determination
A/RES/503(VI)[A],670032,,International Peace; Security; Purposes and Principles of the Charter,Maintenance; Strengthening
A/RES/503(VI)[B],670033,,International Peace; Security; Purposes and Principles of the Charter,Maintenance; Strengthening
A/RES/520(VI)[A],670034,under-developed countries,economic development,financing
A/RES/511(VI),670035,Union of South Africa,Treatment of people of Indian origin,
A/RES/558(VI),670053,Trust Territories,Self-government,Attainment
A/RES/570(VI)[A],670063,South West Africa,,
A/RES/570(VI)[B],670064,South West Africa,,Resolution
A/RES/505(VI),670081,China; Far East; Soviet Union; Sino-Soviet Treaty of Friendship and Alliance,Political independence; Territorial integrity; Peace; Treaty violations; Charter of the United Nations,
A/RES/532(VI)[A],670142,,Status of Women,
A/RES/532(VI)[B],670144,,Prevention of Discrimination;Protection of Minorities,
A/RES/507(VI),670169,Korea,Independence;Unification;Rehabilitation;Relief;Reconstruction,Report
A/RES/377(V)[A-C],670279,,Peace,Unification
A/RES/386(V),670295,Spain,Relations,
A/RES/383(V)[A],670330,China; Far East; Soviet Union; Sino-Soviet Treaty of Friendship and Alliance,Political independence; Territorial integrity; Peace; Treaty violations; Charter of the United Nations,
A/RES/395(V),670399,Union of South Africa,Treatment of people of Indian origin,
A/RES/390(V)[A],670401,Eritrea,Report,
A/RES/432(V),670406,,Trusteeship Council,Procedure
A/RES/433(V),670407,,Trusteeship Council,Report
A/RES/434(V),670408,,Visiting missions,Organization; Method
A/RES/435(V),670409,,Petitions,Examination
A/RES/436(V),670410,Trust Territories,Trusteeship Council;General Assembly resolutions,Implementation
A/RES/440(V),670411,Trust Territories,Corporal Punishment,Abolition
A/RES/446(V),670533,Non-Self-Governing Territories,Human Rights,Information
A/RES/447(V),670534,,Statistical Information;Article 73 e of the Charter,Comparison
A/RES/449(V)[A],670557,South West Africa,,
A/RES/449(V)[B],670558,South West Africa,,
A/RES/496(V),670559,,Atomic Energy,International Control
A/RES/384(V),670560,People's Republic of China;Korea,Intervention,
A/RES/497(V),670563,,,
A/RES/499(V),670598,,,
A/RES/500(V),670599,Korea,Aggression,Measure
A/RES/313(IV),670602,,Freedom of Information,Convention
A/RES/498(V),670655,People's Republic of China;Korea,Intervention,
A/RES/294(IV),670662,Bulgaria;Hungary;Romania,Human Rights;Fundamental Freedoms,Observance
A/RES/323(IV),670668,Trust Territories,Social advancement,
A/RES/325(IV),670670,Trust Territories,Flag of the United Nations,Use
A/RES/289(IV)[A],670675,Italy,Colonies,Disposal
A/RES/289(IV)[AA],670676,Italy;Libya,Colonies,Disposal
A/RES/289(IV)[AB],670677,Italian Somaliland,Disposal; Former Italian colonies,
A/RES/289(IV)[AC],670681,Italy;Eritrea,Colonies,Disposal
A/RES/334(IV),670741,,Territories; Charter,
A/RES/317(IV),670744,,Traffic in persons;Exploitation of the Prostitution of Others,Suppression
A/RES/337(IV),670761,South West Africa,,Reiteration; Submission; Report
A/RES/303(IV),670772,Palestine; Jerusalem,International regime; Protection; Holy Places,
A/RES/218(III),670908,,Transmission of information; Article 73e; Charter,
A/RES/219(III),670910,,Information; Charter,Transmission
A/RES/220(III),670911,,Economic and Social Council;Special Committee on Information;Charter,Liaison;Transmission
A/RES/221(III),670912,,Specialized Agencies;Article 73e of the Charter,Collaboration
A/RES/255(III),670928,United Nations;League of Nations;Geneva,International Convention;Economic Statistics,Transfer
A/RES/200(III),670938,,Technical assistance; Economic development,
A/RES/263(III),670942,,,Convocation
A/RES/247(III),670943,,Spanish,Adoption;Working Languages
A/RES/197(III)[I],670956,,Admission of New Members,Admission
A/RES/260(III)[A],670961,,Convention;Prevention;Punishment;Crime of Genocide,Adoption
A/RES/217(III)[A],670964,,International Bill of Human Rights; Universal Declaration of Human Rights,Adoption
A/RES/194(III),670969,Palestine,Progress Report,Mediation
A/RES/250(III),670970,League of Nations,Assets,Transfer
A/RES/252(III)[A],670972,,Appropriations;Financial Year,
A/RES/195(III),670974,Korea,Independence,
A/RES/285(III),670976,Union of Soviet Socialist Republics,Fundamental human rights;Traditional diplomatic practices;Principles of the Charter,Violation
A/RES/272(III),670984,Bulgaria;Hungary,Human Rights;Fundamental Freedoms,Observance
A/RES/273(III),671023,Israel,United Nations membership,Admission
A/RES/277(III)[C],671029,,International Transmission of News; Right of Correction,Convention
A/RES/265(III),671032,Union of South Africa,Treatment of people of Indian origin,
A/RES/109(II),671149,Greece,Political independence;Territorial integrity,Threats
A/RES/141(II),671154,South West Africa,Trusteeship Agreements,Consideration
A/RES/184(II),671165,,,
A/RES/113(II)[D],671171,,Membership,Admission
A/RES/113(II)[C],671173,,Membership,Admission
A/RES/113(II)[E],671174,,Membership,Admission
A/RES/113(II)[F],671175,,Membership,Admission
A/RES/113(II)[G],671177,,Membership,Admission
A/RES/113(II)[H],671178,,Membership,Admission
A/RES/180(II),671194,,Genocide,Convention
A/RES/181(II)[A],671195,Palestine,Future government,
A/RES/17(I)[RULE-73],671205,,Provisional Rules of Procedure,Amendments
A/RES/17(I)[RULE-T],671206,,Provisional Rules of Procedure; Supplementary Rule T,Amendments
A/RES/32(I),671208,Spain,Relations,
A/RES/10(I),671209,,Trusteeship Council,Rules of procedure
A/RES/9(I),671210,Non self-governing peoples,,
A/RES/8(I),671211,,Refugees,
A/RES/4(I),671214,,Economic and Social Council,Representation
A/RES/44(I),671248,Union of South Africa,Treatment of Indians,
A/RES/39(I),671249,Spain,Relations,
A/RES/40(I),671250,,Security Council,Voting procedure
A/RES/65(I),671253,South West Africa,Future status,
A/RES/67(I),671256,Non-Self-Governing Territories,Regional Conferences,
A/RES/100(I),671257,,,
A/RES/49(I)[B],671262,,World Federation of Trade Unions; Economic and Social Council,Request; Connexion
A/RES/49(I)[C],671263,,Non-governmental organizations,Consultation; Arrangement
A/RES/62(I)[I],671265,,International Refugee Organization; Refugees; Displaced Persons,Constitution; Agreement; Measures
A/RES/62(I)[II],671266,,Displaced persons;Refugees;Prisoners of war;Persons of similar status;International Refugee Organization,Arrangements;Measures;Establishment
A/RES/83(I),671267,,Financial provisions;Draft Constitution;International Refugee Organization,
A/RES/63(I)[PARA.1],671297,New Guinea,Trusteeship Agreements,Approval
A/RES/63(I)[PARA.2],671304,Ruanda-Urundi,Trusteeship Agreements,Approval
A/RES/63(I)[PARA.3],671305,Cameroons,Trusteeship Agreements,Approval
A/RES/63(I)[PARA.4],671306,Togoland,Trusteeship Agreements,Approval
A/RES/63(I)[PARA.5],671308,Western Samoa,Trusteeship Agreements,Approval
A/RES/63(I)[PARA.6],671309,Tanganyika,Trusteeship Agreements,Approval
A/RES/63(I)[PARA.7],671310,Cameroons,Trusteeship Agreements,Approval
A/RES/63(I)[PARA.8],671311,Togoland,Trusteeship Agreements,Approval
A/RES/63/307,671314,Abkhazia;Georgia;Tskhinvali region;South Ossetia,Internally displaced persons;Refugees,
A/RES/903(IX),671596,China,Representation,
A/RES/729(VIII),671597,,Rights of women,Technical assistance; Promotion; Safeguarding
A/RES/731(VIII),671598,Territories,Political rights of women,Development
A/RES/719(VIII),671599,Union of South Africa,Treatment of people of Indian origin,
A/RES/844(IX),671600,South West Africa,Reports; Petitions,Examination; Procedure
A/RES/815(IX),671601,Union of Burma; Republic of China,Aggression,Complaint
A/RES/849(IX),671602,Greenland,Transmission of information,Cessation
A/RES/904(IX),671603,South West Africa,Reports; Petitions,Voting procedure; Request; Advisory opinion
A/RES/878(IX),671738,,Official Documents; Arabic Language,Translation
A/RES/895(IX),671739,,Aggression,Definition
A/RES/906(IX),671740,Korea,Detention;Imprisonment;United Nations military personnel;Korean Armistice Agreement,Complaint
A/RES/811(IX),671773,Korea,Korean question,
A/RES/64/6,671931,United States of America;Cuba,Economic embargo;Commercial embargo;Financial embargo,Ending
A/RES/63/298,671951,Lebanon,United Nations Interim Force,Financing
A/RES/2372(XXII),671965,South West Africa,,
A/RES/2373(XXII),671966,,Non-Proliferation of Nuclear Weapons,Treaty
A/RES/64/10,672037,Gaza,Fact-Finding Mission;Conflict,Follow-up
A/RES/748(VIII),672215,Puerto Rico,Transmission of information,Cessation
A/RES/64/16,672913,Palestinian People,Inalienable Rights,Exercise
A/RES/64/17,672918,Palestine,Division for Palestinian Rights,
A/RES/64/18,672925,Palestine,Information Programme,
A/RES/64/19,672938,Palestine,Peaceful settlement,Settlement
A/RES/64/20,672993,Jerusalem,,
A/RES/64/21,672995,Syrian Golan,,
A/RES/64/23,673013,Indian Ocean,Zone of Peace;Declaration,Implementation
A/RES/64/27,673193,Non-nuclear-weapon States,Nuclear weapons,Assurance
A/RES/64/28,673194,,Arms Race; Outer Space,Prevention
A/RES/64/31,673197,,Nuclear Disarmament; Treaty on the Non-Proliferation of Nuclear Weapons,Follow-up; Review Conferences
A/RES/64/34,673200,,Multilateralism;Disarmament;Non-proliferation,Promotion
A/RES/64/37,673259,,Nuclear Danger,Reduction
A/RES/64/39,673288,South-East Asia,Nuclear-Weapon-Free Zone,Treaty
A/RES/64/42,673348,,Conventional arms control,Control
A/RES/64/44,673350,Southern Hemisphere; Adjacent Areas,Nuclear-weapon-free,
A/RES/64/47,673353,,Nuclear weapons,Determination; Elimination
A/RES/64/48,673354,,Arms Trade Treaty,
A/RES/64/50,673485,,Illicit Trade; Small Arms; Light Weapons,
A/RES/64/52,673488,Mongolia,Nuclear-Weapon-Free Zones,Conference
A/RES/64/53,673489,,Nuclear disarmament,
A/RES/64/54,673490,,Transparency in armaments,
A/RES/64/55,673492,,International Court of Justice; Legality; Threat or Use of Nuclear Weapons,Follow-up
A/RES/64/56,673493,,Convention on the Prohibition of the Use Stockpiling Production and Transfer of Anti-Personnel Mines; Destruction,Implementation
A/RES/64/57,673494,,Nuclear-weapon-free world;nuclear disarmament,Implementation;Commitments
A/RES/64/59,673540,,Nuclear Weapons,Prohibition
A/RES/64/66,673557,Middle East,Nuclear Proliferation,Risk
A/RES/64/69,673629,,Nuclear-Test-Ban Treaty,Comprehensiveness
A/RES/64/71,673642,,Oceans;Law of the Sea,
A/RES/64/87,673804,Palestine,Refugees,Assistance
A/RES/64/88,673806,,Persons displaced,
A/RES/64/89,673807,Palestine; Near East,Relief; Works; Refugees,Operations
A/RES/64/90,673810,Palestine,Refugees;Properties;Revenues,
A/RES/64/91,673828,Israel;Palestinian People;Occupied Territories,Human Rights,Investigation
A/RES/64/92,673829,Palestinian Territory;East Jerusalem;Arab territories,Geneva Convention;Protection of Civilian Persons;Time of War,Applicability
A/RES/64/93,673877,Israel;Palestinian Territory;East Jerusalem;Syrian Golan,Israeli settlements,
A/RES/64/94,673879,Israel;Palestine;Occupied Palestinian Territory;East Jerusalem,Human Rights,Practice
A/RES/64/95,673912,Syrian Golan,,
A/RES/64/97,673915,Non-Self-Governing Territories,Information,Transmission
A/RES/64/98,673929,Non-Self-Governing Territories,Economic activities; Interests of the peoples,
A/RES/64/99,673931,Colonial Countries;Peoples,Declaration;Independence,Implementation
A/RES/64/105,673950,,Decolonization,Dissemination of information
A/RES/64/106,673960,Colonial Countries; Peoples,Declaration; Independence,Implementation; Granting
A/RES/64/147,674037,,Racism;Racial Discrimination;Xenophobia;Intolerance,Inadmissibility
A/RES/64/148,674038,,Racism;Racial Discrimination;Xenophobia;Related Intolerance;Durban Declaration;Programme of Action,Elimination;Implementation;Follow-up
A/RES/64/150,674042,Palestinian people,Self-determination,Right
A/RES/64/151,674093,,Mercenaries;Human Rights;Right of Peoples to Self-Determination,Violation;Impeding
A/RES/64/152,674095,,International Covenants on Human Rights,
A/RES/64/156,674135,,Defamation of Religions,Combating
A/RES/64/157,674136,,Democratic order;Equitable international order,Promotion
A/RES/64/160,674201,,Globalization;Human Rights,Enjoyment
A/RES/64/170,674226,,Human rights; Unilateral coercive measures,Adoption
A/RES/64/172,674250,,Right to Development,
A/RES/64/173,674405,,Human Rights Treaty Bodies;Geographical Distribution,Promotion
A/RES/64/174,674406,,Human rights;cultural diversity,Adoption
A/RES/64/175,674407,Democratic People's Republic of Korea,Human Rights,
A/RES/64/176,674408,Islamic Republic of Iran,Human Rights,
A/RES/64/185,674421,Palestinian Territory;East Jerusalem;Syrian Golan,Permanent sovereignty;Natural resources,
A/RES/64/188,674422,,International trade;Development,
A/RES/64/189,674424,developing countries,unilateral economic measures; political coercion; economic coercion,means
A/RES/64/195,674741,Lebanese shores,Oil slick,
A/RES/64/197,674770,,Agricultural technology; Development,
A/RES/64/209,674774,,International Economic Order,Resolution
A/RES/64/238,675477,Myanmar,Human Rights,
A/RES/64/254,680440,Gaza,Fact-Finding Mission;Conflict,Follow-up;Report
A/RES/64/292,687112,,Human right; Water; Sanitation,
A/RES/64/282,689037,Lebanon,United Nations Interim Force,Financing
A/RES/64/296,691396,Abkhazia;Georgia;Tskhinvali region;South Ossetia,Internally displaced persons;Refugees,
A/RES/65/6,694614,United States of America;Cuba,Economic embargo;Commercial embargo;Financial embargo,Ending
A/RES/ES-10/16,694906,Israel;East Jerusalem;Palestinian Territory,Illegal actions,
A/RES/ES-10/17,694915,Palestinian Territory,Damage; Construction; Wall,Establishment; Register
A/RES/ES-10/18,694928,,Ceasefire,Support
A/RES/40/257[A],695076,,Emoluments;pension scheme;conditions of service;International Court of Justice,Resolution
A/RES/40/257[B],695077,,Emoluments;pension scheme;conditions of service;International Court of Justice,Adoption
A/RES/40/257[C],695078,,Emoluments;pension scheme;conditions of service;International Court of Justice,Resolution
A/RES/42/70[A],695101,,United Nations Disengagement Observer Force,Financing
A/RES/42/70[B],695102,,United Nations Disengagement Observer Force,Financing
A/RES/50/38[B-I],695379,American Samoa,,
A/RES/50/38[B-II],695380,Anguilla,,
A/RES/50/38[B-III],695382,Bermuda,,
A/RES/50/38[B-IV],695383,British Virgin Islands,,
A/RES/50/38[B-V],695384,Cayman Islands,,
A/RES/50/38[B-VI],695385,Guam,,
A/RES/50/38[B-VII],695387,Montserrat,,
A/RES/50/38[B-VIII],695388,Pitcairn,,
A/RES/50/38[B-IX],695389,St. Helena,,
A/RES/50/38[B-X],695391,Tokelau,,
A/RES/50/38[B-XI],695393,Turks and Caicos Islands,,
A/RES/50/38[B-XII],695394,United States Virgin Islands,,
A/RES/65/68,696745,,Transparency;Confidence-building measures;Outer space activities,
A/RES/65/71,696789,,Nuclear Weapons Systems,Decrease; Operational Readiness
A/RES/65/72,696791,,Nuclear weapons,Elimination; Action
A/RES/65/73,696794,The Hague,Ballistic Missile Proliferation,Code of Conduct
A/RES/65/75,696799,,Illicit Brokering Activities,Prevention; Combating
A/RES/65/76,696801,,International Court of Justice; Legality; Threat; Use; Nuclear Weapons,Follow-up
A/RES/65/43,696882,Non-nuclear-weapon States,Nuclear weapons,Conclusion; Assurance
A/RES/65/44,696884,,Arms race; Outer space,Prevention
A/RES/65/46,696886,regional;subregional levels,Conventional arms control,
A/RES/65/49,696888,Central Asia,Nuclear-Weapon-Free Zone,Treaty
A/RES/65/51,696889,,Geneva Protocol,Measure; Upholding; Authority
A/RES/65/88,696954,Middle East,Nuclear Proliferation,Risk
A/RES/65/48,697063,,Convention on the Prohibition of the Use Stockpiling Production and Transfer of Anti-Personnel Mines,Implementation; Destruction
A/RES/65/65,697068,,Fissile Material;Nuclear Weapons;Nuclear Explosive Devices,Treaty;Banning;Production
A/RES/65/66,697069,,Disarmament,Convening
A/RES/65/91,697287,,Nuclear-Test-Ban Treaty,Comprehensiveness
A/RES/65/98,697294,Palestine,Refugees,Assistance
A/RES/65/100,697301,Palestine; Near East,Relief; Works; Refugees,Operations
A/RES/65/101,697306,Palestine,Refugees;Properties;Revenues,
A/RES/65/102,697307,Israel;Palestine;Occupied Territories,Human Rights,Investigation
A/RES/65/103,697308,Palestinian Territory;East Jerusalem;Arab territories,Geneva Convention;Protection of Civilian Persons;Time of War,Applicability
A/RES/65/104,697309,Israel;Palestinian Territory;East Jerusalem;Syrian Golan,Israeli settlements,
A/RES/65/105,697314,Israel;Palestine;Occupied Palestinian Territory;East Jerusalem,Human Rights,
A/RES/65/106,697316,Syrian Golan,,
A/RES/65/109,697317,Non-Self-Governing Territories,Economic Activities;Interests of the Peoples,
A/RES/65/110,697318,Colonial Countries;Peoples,Declaration;Independence,Implementation
A/RES/65/116,697324,,Decolonization,Dissemination of information
A/RES/65/117,697325,Colonial Countries;Peoples,Declaration;Independence,Implementation;Granting
A/RES/65/118,697326,Colonial Countries;Peoples,Declaration;Independence,Granting
A/RES/65/119,697327,,Colonialism,Eradication
A/RES/65/13,697331,Palestinian People,Inalienable Rights,Exercise
A/RES/65/14,697332,Palestinian,,
A/RES/65/15,697333,Palestine,Information,Programme
A/RES/65/16,697336,Palestine,Peaceful settlement,Settlement
A/RES/65/17,697414,Jerusalem,,
A/RES/65/18,697416,Syrian Golan,,
A/RES/65/54,697854,,Multilateralism;Disarmament;Non-proliferation,Promotion
A/RES/65/55,697855,,Armaments; Ammunitions; Depleted Uranium,Use
A/RES/65/56,697856,,Nuclear disarmament,
A/RES/65/58,697858,Southern Hemisphere; Adjacent Areas,Nuclear-weapon-free,
A/RES/65/59,697859,,Nuclear-weapon-free world;nuclear disarmament,Implementation;Commitments
A/RES/65/142,697863,,International trade;Development,
A/RES/65/60,697884,,Nuclear Danger,Reduction
A/RES/65/80,698128,,Nuclear Weapons,Prohibition
A/RES/65/147,698713,Lebanese shores,Oil slick,
A/RES/65/99,698983,,Persons displaced,
A/RES/65/195,700327,,Human Rights Council,Report
A/RES/65/199,700346,,Racism;Racial Discrimination;Xenophobia;Intolerance,Inadmissibility
A/RES/65/202,700379,Palestinian people,Self-determination,Right
A/RES/65/203,700384,,Mercenaries;Human Rights;Right of Peoples to Self-Determination,Violation;Impeding
A/RES/65/206,700454,,Death Penalty,Moratorium
A/RES/65/208,700507,,Extrajudicial executions;Summary executions;Arbitrary executions,
A/RES/65/216,700508,,Globalization;Human Rights,Enjoyment
A/RES/65/219,700524,,Right to Development,
A/RES/65/217,700534,,Human rights; Unilateral coercive measures,
A/RES/65/222,700542,,Peace;Human Rights,Promotion
A/RES/65/223,700551,,Democratic order;Equitable international order,Promotion
A/RES/65/224,700637,,Defamation of Religions,Combating
A/RES/65/225,700650,Democratic People's Republic of Korea,Human Rights,
A/RES/65/226,700654,Islamic Republic of Iran,Human Rights,
A/RES/65/37A,700704,,Oceans;Law of the Sea,
A/RES/65/167,700739,,International Economic Order,Resolution
A/RES/65/241,700753,Myanmar,Human Rights,
A/RES/65/240,700847,,Racism;Racial Discrimination;Xenophobia;Related Intolerance;Durban Declaration;Programme of Action,Elimination;Implementation;Follow-up
A/RES/65/179,701201,Palestinian Territory;East Jerusalem;Syrian Golan,Permanent sovereignty;Natural resources,
A/RES/65/259,701638,,Programme Budget; Biennium,Adoption
A/RES/65/276,703013,European Union;United Nations,Participation,
A/RES/65/272,704960,Palestine; Near East,Management capacity; United Nations Relief and Works Agency; Palestine Refugees,Strengthening
A/RES/65/281,708290,,Human Rights Council,Review
A/RES/65/303,712767,Lebanon,United Nations Interim Force,Financing
A/RES/66/1A,716363,,Credentials,Adoption
A/RES/65/108,718405,Non-Self-Governing Territories,Information,Transmission
A/RES/66/21,718557,,Weapons of Mass Destruction;Disarmament,Prohibition;Development;Manufacture
A/RES/66/57,718599,,Nuclear Weapons,Prohibition
A/RES/66/61,718618,Middle East,Nuclear Proliferation,Risk
A/RES/66/64,718624,,Nuclear-Test-Ban Treaty,Comprehensiveness
A/RES/66/22,718652,Indian Ocean,Zone of Peace;Declaration,Implementation
A/RES/66/6,719132,United States of America;Cuba,Economic embargo;Commercial embargo;Financial embargo,Ending
A/RES/66/11,719134,Libya,Human Rights Council,Restoration; Rights of Membership
A/RES/66/26,719746,non-nuclear-weapon States,nuclear weapons,assurance
A/RES/66/27,719747,,Arms Race; Outer Space,Prevention
A/RES/66/28,719748,,Nuclear Disarmament;Non-Proliferation of Nuclear Weapons,Follow-up;Review
A/RES/66/29,719749,,Convention on the Prohibition of the Use Stockpiling Production and Transfer of Anti-personnel Mines; Destruction,Implementation
A/RES/66/33,719814,,Treaty on the Non-Proliferation of Nuclear Weapons,Review Conference; Preparatory Committee
A/RES/66/44,719823,,Fissile Material;Nuclear Weapons;Nuclear Explosive Devices,Treaty;Banning;Production
A/RES/66/45,719827,,Nuclear weapons,Elimination; Action
A/RES/66/46,719829,,International Court of Justice; Legality; Threat; Use; Nuclear Weapons,Follow-up
A/RES/66/48,719860,,Nuclear danger,Reduction
A/RES/66/49,719861,,Non-proliferation; Arms limitation; Disarmament agreements; Disarmament commitments,Compliance
A/RES/66/51,719863,,Nuclear disarmament,
A/RES/66/32,719890,,Multilateralism;Disarmament;Non-proliferation,Promotion
A/RES/66/37,719891,regional;subregional levels,Conventional arms control,
A/RES/66/39,719898,,Transparency; Armaments,
A/RES/66/40,719924,,Nuclear-weapon-free world;nuclear disarmament,Implementation;Commitments
A/RES/66/74,720036,Palestine; Near East,Relief; Works; Refugees,Operations
A/RES/66/75,720043,Palestine,Refugees;Properties;Revenues,
A/RES/66/76,720046,Israel;Palestine;Occupied Territories,Human Rights,Investigation
A/RES/66/77,720050,Palestinian Territory;East Jerusalem;Arab territories,Geneva Convention;Protection of Civilian Persons;Time of War,Applicability
A/RES/66/72,720060,Palestine,Refugees,Assistance
A/RES/66/73,720062,,Persons displaced; Hostilities,
A/RES/66/82,720116,Non-Self-Governing Territories,Information,Transmission
A/RES/66/83,720117,Non-Self-Governing Territories,Economic Activities;Interests of the Peoples,
A/RES/66/84,720119,Colonial Countries;Peoples,Declaration;Independence,Implementation
A/RES/66/78,720161,Israel;Palestinian Territory;East Jerusalem;Syrian Golan,Israeli settlements,
A/RES/66/79,720162,Israel;Palestine;Occupied Palestinian Territory;East Jerusalem,Human Rights,Practice
A/RES/66/80,720165,Syrian Golan,,
A/RES/66/90,720379,,Decolonization,Dissemination of information
A/RES/66/91,720380,Colonial Countries;Peoples,Declaration;Independence,Implementation;Granting
A/RES/66/15,720396,Palestine,Division for Palestinian Rights,
A/RES/66/17,720397,Palestine,Peaceful settlement,Settlement
A/RES/66/18,720398,Jerusalem,,
A/RES/66/19,720399,Syrian Golan,,
A/RES/66/14,720410,Palestinian People,Inalienable Rights,Exercise
A/RES/66/16,720416,Palestine,Information,Programme
A/RES/66/12,720591,,Terrorist attacks; Internationally protected persons,
A/RES/66/175,721356,Islamic Republic of Iran,Human Rights,
A/RES/66/176,721456,Syrian Arab Republic,Human Rights,
A/RES/66/186,721485,developing countries,unilateral economic measures; political coercion; economic coercion,means
A/RES/66/192,721707,Lebanese shores,Oil slick,
A/RES/66/253A,721805,Syrian Arab Republic,,
A/RES/66/195,722029,,Agricultural technology; Development,
A/RES/66/136,722846,,Human Rights,Report
A/RES/66/144,723989,,Racism;Racial Discrimination;Xenophobia;Related Intolerance;Durban Declaration;Programme of Action,Elimination;Implementation;Follow-up
A/RES/66/153,723993,,Human Rights Treaty Bodies;Geographical Distribution,Promotion
A/RES/66/154,723996,,Human rights;cultural diversity,Adoption
A/RES/66/161,724004,,Globalization;Human Rights,Enjoyment
A/RES/66/143,724243,,Racism;Racial Discrimination;Xenophobia;Intolerance,Inadmissibility
A/RES/66/156,724245,,Human rights; Unilateral coercive measures,
A/RES/66/159,724279,,Democratic order;Equitable international order,Promotion
A/RES/66/225,724283,Palestinian Territory;East Jerusalem;Syrian Golan,Permanent sovereignty;Natural resources,
A/RES/66/146,724410,Palestinian people,Self-determination,Right
A/RES/66/155,724411,,Right to Development,
A/RES/66/174,724459,Democratic People's Republic of Korea,Human Rights,
A/RES/66/147,724615,,Mercenaries;Human Rights;Right of Peoples to Self-Determination,Violation;Impeding
A/RES/66/231,724755,,Oceans;Law of the Sea,
A/RES/66/230,724807,Myanmar,Human Rights,
A/RES/66/257,724904,United Nations Secretariat,Accountability system,Progress
A/RES/66/254,727813,,Human Rights Treaty Body System,Strengthening;Enhancement;Effective Functioning
A/RES/66/283,730958,Abkhazia;Georgia;Tskhinvali region;South Ossetia,Internally displaced persons;Refugees,
A/RES/66/277,732147,Lebanon,United Nations Interim Force,Financing
A/RES/66/253B,733398,Syrian Arab Republic,,
A/RES/67/4,738239,United States of America;Cuba,Economic embargo;Commercial embargo;Financial embargo,Ending
A/RES/67/19,738624,Palestine,United Nations,Status
A/RES/67/20,738626,Palestinian People,Inalienable Rights,Exercise
A/RES/67/21,738629,Palestine,Palestinian Rights,
A/RES/67/22,738657,Palestine,Information programme,
A/RES/67/23,738659,Palestine,Peaceful settlement,Settlement
A/RES/67/24,738660,Jerusalem,,
A/RES/67/25,738661,Syrian Golan,,
A/RES/67/76,738669,,Nuclear-Test-Ban Treaty,Comprehensiveness
A/RES/67/29,738672,Non-nuclear-weapon States,Nuclear weapons,Assurance
A/RES/67/30,738674,,Arms Race; Outer Space,Prevention
A/RES/67/31,738675,Central Asia,Nuclear-Weapon-Free Zone,Treaty
A/RES/67/32,738679,,Convention on the Prohibition of the Use Stockpiling Production and Transfer of Anti-personnel Mines; Destruction,Implementation
A/RES/67/33,738682,,International Court of Justice; Legality; Threat; Use; Nuclear Weapons,Follow-up
A/RES/67/34,738683,,Nuclear-weapon-free world;nuclear disarmament,Implementation;Commitments
A/RES/67/35,738685,,Geneva Protocol,Measure; Upheld authority
A/RES/67/36,738687,,Armaments; Ammunitions; Depleted Uranium,Use
A/RES/67/38,738688,,Multilateralism;Disarmament;Non-proliferation,Promotion
A/RES/67/39,738689,,Nuclear Disarmament,Meeting
A/RES/67/42,738690,The Hague,Ballistic Missile Proliferation,Code of Conduct
A/RES/67/43,738691,,Illicit Brokering Activities,Prevention; Combating
A/RES/67/45,738692,,Nuclear Danger,Reduction
A/RES/67/46,738693,,Nuclear Weapons Systems,Decreasing; Operational Readiness
A/RES/67/53,738694,,Fissile Material;Nuclear Weapons;Nuclear Explosive Devices,Treaty Banning;Production Banning
A/RES/67/55,738695,Southern Hemisphere; Adjacent Areas,Nuclear-weapon-free,
A/RES/67/56,738696,,Nuclear Disarmament,Negotiations
A/RES/67/59,738697,,Nuclear weapons,Action; Elimination
A/RES/67/60,738698,,Nuclear disarmament,
A/RES/67/62,738699,,Conventional arms control; Regional level; Subregional level,
A/RES/67/64,738700,,Nuclear Weapons,Prohibition
A/RES/67/73,738701,Middle East,Nuclear Proliferation,Risk
A/RES/67/78,739430,,Oceans;Law of the Sea,
A/RES/67/126,739847,Non-Self-Governing Territories,Economic Activities;Interests of the Peoples,
A/RES/67/127,739848,Colonial Countries;Peoples,Declaration;Independence,Implementation
A/RES/67/114,739987,Palestine,Refugees,Assistance
A/RES/67/115,739988,,Persons displaced,
A/RES/67/116,739989,Palestine; Near East,Relief; Works; Refugees,Operations
A/RES/67/117,739990,Palestine,Refugees;Properties;Revenues,
A/RES/67/118,739991,Israel;Palestine;Occupied Territories,Human Rights,Investigation
A/RES/67/119,739992,Palestinian Territory;East Jerusalem;Arab territories,Geneva Convention;Protection of Civilian Persons;Time of War,Applicability
A/RES/67/120,739993,Israel;Palestinian Territory;East Jerusalem;Syrian Golan,Israeli settlements,
A/RES/67/121,739994,Israel;Palestine;Occupied Palestinian Territory;East Jerusalem,Human Rights,
A/RES/67/122,739995,Syrian Golan,,
A/RES/67/125,739996,Non-Self-Governing Territories,Information,Transmission
A/RES/67/133,739997,,Decolonization,Dissemination of information
A/RES/67/134,739998,Colonial Countries;Peoples,Declaration;Independence,Implementation;Granting
A/RES/67/139,740170,,International Legal Instrument; Rights; Dignity; Older Persons,Promotion; Protection
A/RES/67/154,740171,,Glorification of Nazism;Racism;Racial Discrimination;Xenophobia;Intolerance,Inadmissibility;Contribution
A/RES/67/155,740172,,Racism;Racial Discrimination;Xenophobia;Related Intolerance;Durban Declaration;Programme of Action,Elimination;Implementation;Follow-up
A/RES/67/158,740173,Palestinian people,Self-determination,Right
A/RES/67/159,740174,,Mercenaries;Human Rights;Right of Peoples to Self-Determination,Violation;Impeding
A/RES/67/162,740175,South-West Asia;Arab Region,Human Rights,Training;Documentation
A/RES/67/165,740176,,Globalization;Human Rights,Enjoyment
A/RES/67/168,740177,,Extrajudicial executions;Summary executions;Arbitrary executions,
A/RES/67/170,740178,,Human rights; Unilateral coercive measures,Adoption
A/RES/67/171,740179,,Right to Development,
A/RES/67/173,740180,,Peace;Human Rights,Promotion
A/RES/67/175,740181,,Democratic order;Equitable international order,Promotion
A/RES/67/176,740182,,Death Penalty,Moratorium
A/RES/67/182,740183,Islamic Republic of Iran,Human Rights,
A/RES/67/183,740184,Syrian Arab Republic,Human Rights,
A/RES/67/201,740242,Lebanese shores,Oil slick,
A/RES/67/202,740243,,Entrepreneurship; Development,
A/RES/67/217,740244,,International Economic Order,Promotion
A/RES/67/219,740245,,International migration;Development,
A/RES/67/229,740247,Palestinian Territory;East Jerusalem;Syrian Golan,Permanent sovereignty;Natural resources,
A/RES/67/234A,740419,,Arms Trade Treaty,
A/RES/67/243,740420,Former Yugoslavia,International Tribunal; Serious Violations of International Humanitarian Law,Financing; Prosecution
A/RES/67/234B,746778,,Arms Trade Treaty,
A/RES/67/262,750273,Syrian Arab Republic,,
A/RES/67/268,751406,Abkhazia;Georgia;Tskhinvali region;South Ossetia,Internally displaced persons;Refugees,
A/RES/67/279,751572,Lebanon,United Nations Interim Force,Financing
A/RES/68/8,760076,United States of America;Cuba,Economic embargo;Commercial embargo;Financial embargo,Ending
A/RES/68/12,762024,Palestinian People,Inalienable Rights,Exercise
A/RES/68/13,764203,Palestine,Division for Palestinian Rights,
A/RES/68/14,764205,Palestine,Information,Programme
A/RES/68/15,764206,Palestine,Peaceful settlement,Settlement
A/RES/68/16,764207,Jerusalem,,
A/RES/68/17,764214,Syrian Golan,,
A/RES/68/24,764976,Indian Ocean,Zone of Peace;Declaration,Implementation
A/RES/68/28,764978,non-nuclear-weapon States,nuclear weapons,assurance
A/RES/68/29,764980,,Arms Race; Outer Space,Prevention
A/RES/68/30,764986,,Convention on the Prohibition of the Use Stockpiling Production and Transfer of Anti-personnel Mines; Destruction,Implementation
A/RES/68/31,764988,,Arms Trade Treaty,
A/RES/68/32,764991,,Nuclear Disarmament,Follow-up
A/RES/68/35,764996,,Nuclear Disarmament;Non-Proliferation of Nuclear Weapons,Follow-up;Review
A/RES/68/38,764998,,Multilateralism;Disarmament;Non-proliferation,Promotion
A/RES/68/39,764999,,Nuclear-weapon-free world;nuclear disarmament commitments,Implementation;Acceleration
A/RES/68/40,765000,,Nuclear Danger,Reduction
A/RES/68/42,765001,,International Court of Justice; Legality; Threat; Use; Nuclear Weapons,Follow-up
A/RES/68/43,765002,,Transparency in armaments,
A/RES/68/44,765003,,National legislation; Arms; Military equipment; Dual-use goods; Technology,Transfer
A/RES/68/46,765004,,Nuclear Disarmament,Negotiations
A/RES/68/47,765005,,Nuclear disarmament,
A/RES/68/51,765007,,Nuclear weapons,Action; Elimination
A/RES/68/56,765008,regional;subregional levels,Conventional arms control,
A/RES/68/58,765009,,Nuclear Weapons,Prohibition
A/RES/68/65,765010,Middle East,Nuclear Proliferation,Risk
A/RES/68/68,765011,,Nuclear-Test-Ban Treaty,Comprehensiveness
A/RES/68/76,765013,Palestine,Refugees,Assistance
A/RES/68/77,765014,,Persons displaced; Hostilities,
A/RES/68/78,765015,Palestine;Near East,Relief;Works;Refugees,Operations
A/RES/68/79,765017,Palestine,Refugees;Properties;Revenues,
A/RES/68/80,765018,Israel;Palestine;Occupied Territories,Human Rights,Investigation
A/RES/68/81,765019,Palestinian Territory;East Jerusalem;Arab territories,Geneva Convention;Protection of Civilian Persons;Time of War,Applicability
A/RES/68/82,765020,Israel;Palestinian Territory;East Jerusalem;Syrian Golan,Israeli settlements,
A/RES/68/83,765021,Israel;Palestine;Occupied Palestinian Territory;East Jerusalem,Human Rights,Practice
A/RES/68/84,765023,Syrian Golan,,
A/RES/68/87,765024,Non-Self-Governing Territories,Information,Transmission
A/RES/68/88,765027,Non-Self-Governing Territories,Economic Activities;Interests of the Peoples,
A/RES/68/89,765028,Colonial Countries;Peoples,Declaration;Independence,Implementation
A/RES/68/96,765029,,Decolonization,Dissemination of information
A/RES/68/97,765030,Colonial Countries;Peoples,Declaration;Independence,Implementation;Granting
A/RES/68/144,765034,,Human Rights Council,Report
A/RES/68/150,765036,,Glorification of Nazism;Racism;Racial Discrimination;Xenophobia;Intolerance,Combating
A/RES/68/151,765039,,Racism;Racial Discrimination;Xenophobia;Related Intolerance;Durban Declaration;Programme of Action,Elimination;Implementation;Follow-up
A/RES/68/152,765052,,Mercenaries;Human Rights;Right of Peoples to Self-Determination,Violation;Impeding
A/RES/68/154,765056,Palestinian people,Self-determination,Right
A/RES/68/158,765059,,Right to Development,
A/RES/68/159,765063,,Human rights;cultural diversity,Adoption
A/RES/68/161,765068,,Human Rights Treaty Bodies; Geographical Distribution,Promotion
A/RES/68/162,765071,,Human rights; Unilateral coercive measures,
A/RES/68/168,765075,,Globalization;Human Rights,Enjoyment
A/RES/68/175,765076,,Democratic order;Equitable international order,Promotion
A/RES/68/182,765077,Syrian Arab Republic,Human Rights,
A/RES/68/184,765078,Islamic Republic of Iran,Human Rights,
A/RES/68/200,765079,developing countries,unilateral economic measures; political coercion; economic coercion,means
A/RES/68/206,765080,Lebanese shores,Oil slick,
A/RES/68/209,765081,,Agricultural technology; Development,
A/RES/68/235,765082,Palestinian Territory;East Jerusalem;Syrian Golan,Permanent sovereignty;Natural resources,
A/RES/68/241,765083,South-West Asia;Arab Region,Human Rights,Training;Documentation
A/RES/68/70,765084,,Oceans;Law of the Sea,
A/RES/68/262,767565,Ukraine,Territorial integrity,
A/RES/68/274,772070,Abkhazia;Georgia;Tskhinvali region;South Ossetia,Internally displaced persons;Refugees,
A/RES/68/292,774238,Lebanon,United Nations Interim Force,Financing
A/RES/68/304,779003,,Sovereign Debt; Legal Framework,Establishment; Restructuring
A/RES/69/5,782030,United States of America;Cuba,Economic embargo;Commercial embargo;Financial embargo,Ending
A/RES/69/14,782544,,United Nations;Organization for the Prohibition of Chemical Weapons,Cooperation
A/RES/69/43,820055,,International Court of Justice; Legality; Threat; Use; Nuclear Weapons,Follow-up
A/RES/69/31,820056,,Arms Race; Outer Space,Prevention
A/RES/69/94,820057,Syrian Golan,,
A/RES/69/181,820058,,Right to Development,
A/RES/69/66,820059,Mongolia,Nuclear-Weapon-Free Zones,Establishment
A/RES/69/90,820060,Israel;Palestine;Occupied Territories,Human Rights,Investigation
A/RES/69/173,820061,,Globalization;Human Rights,Enjoyment
A/RES/69/32,820062,,Weapons in Outer Space,Placement
A/RES/69/37,820063,,Nuclear-weapon-free world;nuclear disarmament,Implementation;Commitments
A/RES/69/34,820064,,Convention on the Prohibition of the Use Stockpiling Production and Transfer of Anti-personnel Mines; Destruction,Implementation
A/RES/69/48,820065,,Nuclear disarmament,
A/RES/69/93,820066,Israel;Palestine;Occupied Palestinian Territory;East Jerusalem,Human Rights,Practice
A/RES/69/22,820067,Palestine,Information,Programme
A/RES/69/67,820068,,Convention on the Prohibition of the Development Production Stockpiling Use of Chemical Weapons; Destruction of Chemical Weapons,Implementation
A/RES/69/207,820069,,External debt sustainability; Development,
A/RES/69/189,820070,Syrian Arab Republic,Human Rights,
A/RES/69/155,820071,,Human Rights,Report
A/RES/69/81,820072,,Nuclear-Test-Ban Treaty,Comprehensiveness
A/RES/69/44,820073,The Hague,Ballistic Missile Proliferation,Code of Conduct
A/RES/69/35,820074,Southern Hemisphere; Adjacent Areas,Nuclear-weapon-free,
A/RES/69/107,820075,Colonial Countries;Peoples,Declaration;Independence,Implementation;Granting
A/RES/69/42,820076,,Nuclear Weapons Systems,Decreasing Operational Readiness
A/RES/69/40,820077,,Nuclear Danger,Reduction
A/RES/69/58,820078,,Nuclear Disarmament,Follow-up
A/RES/69/98,820079,Non Self-Governing Territories,Economic Activities;Interests of the Peoples,
A/RES/69/245,820080,,Oceans; Law of the Sea,
A/RES/69/52,820081,,Nuclear weapons,Action; Elimination
A/RES/69/53,820082,,1925 Geneva Protocol,Measure; Upheld authority
A/RES/69/91,820083,Palestinian Territory;East Jerusalem;Arab territories,Geneva Convention;Protection of Civilian Persons;Time of War,Applicability
A/RES/69/182,820084,,Extrajudicial executions; Summary executions; Arbitrary executions,
A/RES/69/89,820085,Palestine,Refugees;Properties;Revenues,
A/RES/69/41,820086,,Nuclear Disarmament,Negotiations
A/RES/69/247,820087,,Sovereign Debt; Legal Framework; Debt Restructuring Processes,Implementation; Establishment
A/RES/69/190,820088,Islamic Republic of Iran,Human Rights,
A/RES/69/239,820089,,South-South cooperation,Cooperation
A/RES/69/24,820090,Jerusalem,,
A/RES/69/88,820091,Palestine; Near East,Relief; Works; Refugees,Operations
A/RES/69/57,820092,,Armaments; Ammunitions; Depleted Uranium,Use
A/RES/69/30,820093,non-nuclear-weapon States,nuclear weapons,assurance
A/RES/69/210,820094,,Entrepreneurship; Development,
A/RES/69/49,820095,,Arms Trade Treaty,
A/RES/69/212,820096,Lebanese shores,Oil slick,
A/RES/69/106,820097,,Decolonization,Dissemination of information
A/RES/69/163,820098,,Mercenaries;Human Rights;Right of Peoples to Self-Determination,Violation;Impeding
A/RES/69/176,820099,,Peace;Human Rights,Promotion
A/RES/69/25,820100,Syrian Golan,,
A/RES/69/86,820101,Palestine,Refugees,Assistance
A/RES/69/97,820102,Non Self-Governing Territories,Information,Transmission
A/RES/69/59,820103,,Non-proliferation; Arms limitation; Disarmament agreements; Commitments,Compliance
A/RES/69/320,820104,non-member observer States,,Raising; Adoption
A/RES/69/180,820105,,Human rights;Unilateral coercive measures,
A/RES/69/188,820106,Democratic People's Republic of Korea,Human Rights,
A/RES/69/165,820107,Palestinian people,Self-determination,Right
A/RES/69/92,820108,Israel;Palestinian Territory;East Jerusalem;Syrian Golan,Israeli settlements,
A/RES/69/23,820109,Palestine,Peaceful settlement,Settlement
A/RES/69/27,820110,,Weapons of Mass Destruction;Disarmament,Prohibition;Development;Manufacture
A/RES/69/69,820111,,Nuclear Weapons,Prohibition
A/RES/69/241,820112,Palestinian Territory;East Jerusalem;Syrian Golan,Permanent sovereignty;Natural resources,
A/RES/69/238,820113,,United Nations system;Development,Operational activities
A/RES/69/20,820114,Palestinian People,Inalienable Rights,Exercise
A/RES/69/62,820115,,Illicit Brokering Activities,Prevention; Combating
A/RES/69/326,820116,,United Nations Development Programme;United Nations Population Fund;United Nations Office for Project Services,Venue
A/RES/69/178,820117,,Democratic order;Equitable international order,Promotion
A/RES/69/47,820118,regional;subregional levels,Conventional arms control,
A/RES/69/170,820119,,Albinism Awareness,Awareness
A/RES/69/319,820120,,Sovereign Debt,Restructuring Processes
A/RES/69/21,820121,Palestine,Division for Palestinian Rights,
A/RES/69/302,820122,Lebanon,United Nations Interim Force,Financing
A/RES/69/162,820123,,Racism;Racial Discrimination;Xenophobia;Intolerance;Durban Declaration;Programme of Action,Elimination;Implementation;Follow-up
A/RES/69/286,820124,Abkhazia;Georgia;Tskhinvali region;South Ossetia,Internally displaced persons;Refugees,
A/RES/69/61,820125,,Women; Disarmament; Non-proliferation; Arms Control,Adoption
A/RES/69/171,820126,South-West Asia;Arab Region,Human Rights,Training;Documentation
A/RES/69/87,820127,,Persons displaced; Hostilities,
A/RES/69/186,820128,,Death Penalty,Moratorium
A/RES/69/78,820129,Middle East,Nuclear Proliferation,Risk
A/RES/69/99,820130,Colonial Countries;Peoples,Declaration;Independence,Implementation
A/RES/69/54,820131,,Multilateralism;Disarmament;Non-proliferation,Promotion
A/RES/69/160,820132,,Nazism;neo-Nazism;racism;racial discrimination;xenophobia;intolerance,Combating
A/RES/69/227,820133,,International Economic Order,Resolution
A/RES/70/83,827171,Palestine,Refugees,Assistance
A/RES/70/235,827172,,Oceans;Law of the Sea,
A/RES/70/39,827173,,Fissile Material;Nuclear Weapons;Nuclear Explosive Devices,Treaty Banning;Production Banning
A/RES/70/48,827174,,Humanitarian pledge;nuclear weapons,prohibition;elimination
A/RES/70/95,827175,Non Self-Governing Territories,Economic Activities;Interests of the Peoples,
A/RES/70/155,827176,,Right to Development,
A/RES/70/33,827177,,Nuclear Disarmament,Negotiations
A/RES/70/16,827178,Jerusalem,,
A/RES/70/55,827179,,Convention on the Prohibition of the Use Stockpiling Production and Transfer of Anti-Personnel Mines; Destruction,Implementation
A/RES/70/34,827180,,Nuclear Disarmament,Follow-up
A/RES/70/40,827181,,Nuclear weapons elimination,Action; Determination; Elimination
A/RES/70/139,827182,,Nazism;neo-Nazism;racism;racial discrimination;xenophobia;intolerance,Combating
A/RES/70/22,827183,Indian Ocean,Zone of Peace;Declaration,Implementation
A/RES/70/10,827184,,International Atomic Energy Agency,Report
A/RES/70/87,827185,Israel;Palestine;Occupied Territories,Human Rights,Investigation
A/RES/70/172,827186,Democratic People's Republic of Korea,Human Rights,
A/RES/70/168,827187,United Nations,Elections;Democratization,Strengthening;Enhancement;Promotion
A/RES/70/57,827188,,Nuclear-Weapon-Free World,Achievement
A/RES/70/58,827189,,Arms Trade Treaty,
A/RES/70/159,827190,,Globalization;Human Rights,Enjoyment
A/RES/70/103,827191,,Decolonization,Dissemination of information
A/RES/70/156,827192,,Human rights;cultural diversity,Adoption
A/RES/70/88,827193,Palestinian Territory;East Jerusalem;Arab territories,Geneva Convention;Protection of Civilian Persons;Time of War,Applicability
A/RES/70/171,827194,South-West Asia;Arab Region,Human Rights,Training;Documentation
A/RES/70/185,827195,developing countries,unilateral economic measures; political coercion; economic coercion,means
A/RES/70/50,827196,,Nuclear-weapon-free world,Ethical imperatives
A/RES/70/140,827197,,Racism;Racial Discrimination;Xenophobia;Related Intolerance;Durban Declaration;Programme of Action,Elimination;Implementation;Follow-up
A/RES/70/84,827198,,Persons displaced,
A/RES/70/37,827199,,Nuclear Danger,Reduction
A/RES/70/142,827200,,Mercenaries;Human Rights;Right of Peoples to Self-Determination,Violation;Impeding
A/RES/70/90,827201,Israel;Palestine;Occupied Palestinian Territory;East Jerusalem,Human Rights,Practice
A/RES/70/161,827202,,Human rights defenders; Declaration on the Right and Responsibility of Individuals Groups and Organs of Society; Human rights; Fundamental freedoms,Promotion; Protection
A/RES/70/91,827203,Syrian Golan,,
A/RES/70/141,827204,Palestinian people,Self-determination,Right
A/RES/70/54,827205,,Convention on Cluster Munitions,Implementation
A/RES/70/31,827206,,Multilateralism;Disarmament;Non-proliferation,Promotion
A/RES/70/45,827207,Southern Hemisphere; Adjacent Areas,Nuclear-weapon-free,
A/RES/70/152,827208,,Human Rights;Treaty Bodies;Geographical Distribution,Promotion
A/RES/70/56,827209,,International Court of Justice; Legality; Threat; Use; Nuclear Weapons,Follow-up
A/RES/70/38,827210,,Nuclear Disarmament;Non-Proliferation of Nuclear Weapons,Follow-up;Review
A/RES/70/17,827211,Syrian Golan,,
A/RES/70/225,827212,Palestinian Territory;East Jerusalem;Syrian Golan,Permanent sovereignty;Natural resources,
A/RES/70/173,827213,Islamic Republic of Iran,Human Rights,
A/RES/70/62,827214,,Nuclear Weapons,Prohibition
A/RES/70/5,827215,United States of America;Cuba,Economic embargo;Commercial embargo;Financial embargo,Ending
A/RES/70/14,827216,Palestine,Information programme,
A/RES/70/137,827217,,Rights of the child,
A/RES/70/12,827218,Palestinian People,Inalienable Rights,Exercise
A/RES/70/86,827219,Palestine,Refugees;Properties;Revenues,
A/RES/70/149,827220,,Democratic order;Equitable international order,Promotion
A/RES/70/151,827221,,Human rights; Unilateral coercive measures,Adoption
A/RES/70/136,827222,,Human Rights Council,Report
A/RES/70/13,827223,Palestine,Palestinian Rights,
A/RES/70/73,827224,,Nuclear-Test-Ban Treaty,Comprehensiveness
A/RES/70/51,827225,,Nuclear-weapon-free world; Nuclear disarmament,Implementation; Acceleration
A/RES/70/231,827226,Colonial Countries;Peoples,Declaration;Independence,Implementation;Granting
A/RES/70/26,827227,,Arms Race; Outer Space,Prevention
A/RES/70/52,827228,,Nuclear disarmament,
A/RES/70/28,827229,,Treaty on the Non-Proliferation of Nuclear Weapons,Review; Preparation
A/RES/70/41,827230,,Convention on the Prohibition of the Development Production Stockpiling and Use of Chemical Weapons; Destruction,Implementation
A/RES/70/89,827231,Israel;Palestinian Territory;East Jerusalem;Syrian Golan,Israeli settlements,
A/RES/70/96,827232,Colonial Countries;Peoples,Declaration;Independence,Implementation
A/RES/70/15,827233,Palestine,Peaceful settlement,Settlement
A/RES/70/94,827234,Non Self-Governing Territories,Information,Transmission
A/RES/70/194,827235,Lebanese shores,Oil slick,
A/RES/70/47,827236,,Humanitarian consequences;nuclear weapons,
A/RES/70/44,827237,,Conventional arms control,
A/RES/70/27,827238,,Weapons in outer space,Placement
A/RES/70/70,827239,Middle East,Nuclear Proliferation,Risk
A/RES/70/198,827240,,Agricultural technology;sustainable development,
A/RES/70/25,827241,non-nuclear-weapon States,nuclear weapons,assurance
A/RES/70/234,827242,Syrian Arab Republic,Human Rights,
A/RES/70/85,827243,Palestine; Near East,Relief; Works; Refugees,Operations
A/RES/70/265,845066,Abkhazia;Georgia;Tskhinvali region;South Ossetia,Internally displaced persons;Refugees,
A/RES/70/280,845067,Lebanon,United Nations Interim Force,Financing
A/RES/71/5,847070,United States of America;Cuba,Economic embargo;Commercial embargo;Financial embargo,Ending
A/RES/71/11,849568,United Nations;League of Arab States,Cooperation,
A/RES/71/20,850614,Palestinian People,Inalienable Rights,Exercise
A/RES/71/23,850615,Palestine,Peaceful settlement,Settlement
A/RES/71/25,850616,Jerusalem,,
A/RES/71/24,850618,Syrian Golan,,
A/RES/71/22,850619,Palestine,Information Programme,Question
A/RES/71/59,855165,,Geneva Protocol,Measure; Upheld Authority
A/RES/71/221,855166,,Entrepreneurship;sustainable development,
A/RES/71/45,855167,,Convention on Cluster Munitions,Implementation
A/RES/71/184,855168,Palestinian people,Self-determination,Right
A/RES/71/174,855169,,Human Rights Council,Report
A/RES/71/182,855170,,Mercenaries;Human Rights;Right of Peoples to Self Determination,Violation;Impeding
A/RES/71/86,855171,,Nuclear-Test-Ban Treaty,Comprehensiveness
A/RES/71/187,855172,,Death Penalty,Moratorium
A/RES/71/92,855173,,Persons displaced,
A/RES/71/97,855174,Israel;Palestinian Territory;East Jerusalem;Syrian Golan,Israeli settlements,
A/RES/71/67,855175,,Nuclear disarmament verification,
A/RES/71/41,855176,regional;subregional levels,Conventional arms control,
A/RES/71/54,855177,,Nuclear-weapon-free world; Nuclear disarmament,Implementation; Acceleration; Commitment
A/RES/71/36,855178,,Illicit Brokering Activities,Prevention; Combating
A/RES/71/93,855179,Palestine; Near East,Relief; Works; Refugees,Operations
A/RES/71/257,855180,,Oceans;Law of the Sea,
A/RES/71/205,855181,Autonomous Republic of Crimea;Sevastopol;Ukraine,Human Rights,
A/RES/71/248,855182,Syrian Arab Republic,Investigation;Prosecution;Serious Crimes;International Law,Assistance
A/RES/71/99,855183,Syrian Golan,,
A/RES/71/197,855184,,Globalization;Human Rights,Enjoyment
A/RES/71/181,855185,,Racism;Racial Discrimination;Xenophobia;Intolerance;Durban Declaration;Programme of Action,Elimination;Implementation;Follow-up
A/RES/71/28,855186,,Information and Telecommunications; International Security,Development
A/RES/71/189,855187,,Right to Peace,Declaration
A/RES/71/250,855188,United Nations,Prohibition of Chemical Weapons,Cooperation
A/RES/71/179,855189,,Nazism;neo-Nazism;racism;racial discrimination;xenophobia;intolerance,Combating
A/RES/71/247,855190,Palestinian Territory;East Jerusalem;Syrian Golan,Permanent sovereignty;Natural resources,
A/RES/71/55,855191,,Nuclear-weapon-free world,Ethical imperative
A/RES/71/236,855192,,International Economic Order,Resolution
A/RES/71/130,855193,Syrian Arab Republic,,
A/RES/71/33,855194,The Hague,Ballistic Missile Proliferation,Code of Conduct
A/RES/71/50,855195,,Arms Trade Treaty,
A/RES/71/95,855196,Israel;Palestine;Occupied Territories,Human Rights,Investigation
A/RES/71/198,855197,,Extrajudicial executions; Summary executions; Arbitrary executions,
A/RES/71/204,855198,Islamic Republic of Iran,Human Rights,
A/RES/71/102,855199,Non-Self-Governing Territories,Information,Transmission
A/RES/71/104,855200,Colonial Countries;Colonial Peoples,Declaration of the Granting of Independence,Implementation
A/RES/71/32,855201,,Weapons; Outer Space,Placement
A/RES/71/37,855202,,Nuclear Danger,Reduction
A/RES/71/63,855203,,Nuclear disarmament,
A/RES/71/53,855204,,Nuclear Weapons Systems,Decreasing; Operational Readiness
A/RES/71/34,855205,,Convention on the Prohibition of the Use Stockpiling Production and Transfer of Anti-personnel Mines; Destruction,Implementation
A/RES/71/103,855206,Non-Self-Governing Territories,Economic activities; Interests of the peoples,
A/RES/71/83,855207,Middle East,Nuclear Proliferation,Risk
A/RES/71/31,855208,,Arms Race; Outer Space,Prevention
A/RES/71/91,855209,Palestine,Refugees,Assistance
A/RES/71/94,855210,Palestine,Refugees;Properties;Revenues,
A/RES/71/47,855211,,Humanitarian Pledge; Prohibition and Elimination of Nuclear Weapons,Pledge; Prohibition; Elimination
A/RES/71/68,855212,,National legislation; Arms; Military equipment; Dual use goods; Technology,Transfer
A/RES/71/58,855213,,International Court of Justice; Legality; Threat or Use of Nuclear Weapons,Follow-up
A/RES/71/71,855214,,Nuclear Disarmament,Follow-up
A/RES/71/122,855215,Colonial Countries;Peoples,Declaration;Independence,Implementation;Granting
A/RES/71/192,855216,,Right to Development,
A/RES/71/30,855217,non-nuclear-weapon States,nuclear weapons,assurance
A/RES/71/75,855218,,Nuclear Weapons,Prohibition
A/RES/71/51,855219,Southern Hemisphere; Adjacent Areas,Nuclear-weapon-free,
A/RES/71/69,855220,,Convention on the Prohibition of the Development Production Stockpiling Use of Chemical Weapons; Destruction,Implementation
A/RES/71/96,855221,Palestinian Territory;East Jerusalem;Arab territories,Geneva Convention;Protection of Civilian Persons;Time of War,Applicability
A/RES/71/218,855222,Lebanese shores,Oil slick,
A/RES/71/49,855223,,Nuclear weapons,United action; Determination; Elimination
A/RES/71/46,855224,,Humanitarian Consequences; Nuclear Weapons,
A/RES/71/121,855225,,Decolonization,Dissemination of information
A/RES/71/61,855226,,Multilateralism;Disarmament;Non-proliferation,Promotion
A/RES/71/203,855227,Syrian Arab Republic,Human Rights,
A/RES/71/190,855228,,Democratic order;Equitable international order,Promotion
A/RES/71/258,855229,,Nuclear Disarmament,Negotiations
A/RES/71/44,855230,,Transparency; Armaments,
A/RES/71/193,855231,,Human rights; Unilateral coercive measures,Adoption
A/RES/71/259,855232,,Fissile Material;Nuclear Weapons;Nuclear Explosive Devices,Treaty;Banning;Production
A/RES/71/98,855233,Israel;Palestine;Occupied Palestinian Territory;East Jerusalem,Human Rights,Practice
A/RES/71/70,855234,,Armaments; Ammunitions; Depleted Uranium,Use
A/RES/71/223,855235,,Agenda 21;World Summit on Sustainable Development;United Nations Conference on Sustainable Development,Implementation
A/RES/71/290,1289215,Abkhazia;Georgia;Tskhinvali region;South Ossetia,Internally displaced persons;Refugees,
A/RES/71/292,1290041,Chagos Archipelago;Mauritius,Legal consequences,Request;Advisory opinion
A/RES/71/307,1298240,Lebanon,United Nations Interim Force,Financing
A/RES/71/327,1305244,,Global Economic Governance,
A/RES/72/4,1312218,United States of America;Cuba,Economic embargo;Commercial embargo;Financial embargo,Ending
A/RES/72/54,1325766,,Convention on Cluster Munitions,Implementation
A/RES/72/27,1325767,,Weapons; Outer Space,Placement
A/RES/72/25,1325768,non-nuclear-weapon States,nuclear weapons,assurance
A/RES/72/38,1325769,,Nuclear disarmament,
A/RES/72/21,1325770,Indian Ocean,Zone of Peace;Declaration,Implementation
A/RES/72/39,1325771,,Nuclear-weapon-free world;nuclear disarmament,Implementation;Commitments
A/RES/72/31,1325772,,Nuclear Disarmament,Negotiations
A/RES/72/45,1325773,Southern Hemisphere; Adjacent Areas,Nuclear-weapon-free,
A/RES/72/41,1325774,,Nuclear Danger,Reduction
A/RES/72/26,1325775,,Arms Race; Outer Space,Prevention
A/RES/72/49,1325776,,Disarmament,Convening
A/RES/72/29,1325777,,Nuclear disarmament; Treaty on the Non-Proliferation of Nuclear Weapons,Follow-up; Review
A/RES/72/32,1325778,,Non-proliferation; Arms limitation; Disarmament agreements; Disarmament commitments,Compliance
A/RES/72/44,1325779,,Arms Trade Treaty,
A/RES/72/70,1325780,,Nuclear-Test-Ban Treaty,Comprehensiveness
A/RES/72/67,1325781,Middle East,Nuclear Proliferation,Risk
A/RES/72/58,1325782,,International Court of Justice; Legality; Threat or Use of Nuclear Weapons,Follow-up
A/RES/72/37,1325783,,Nuclear-weapon-free world,Ethical imperative
A/RES/72/23,1325784,,Weapons of Mass Destruction;Disarmament,Prohibition;Development;Manufacture
A/RES/72/43,1325785,,Convention on the Prohibition of the Development Production Stockpiling and Use of Chemical Weapons; Destruction of Chemical Weapons,Implementation
A/RES/72/53,1325786,,Convention on the Prohibition of the Use Stockpiling Production and Transfer of Anti-Personnel Mines; Destruction,Implementation
A/RES/72/35,1325787,regional;subregional,Conventional arms control,
A/RES/72/59,1325788,,Nuclear Weapons,Prohibition
A/RES/72/50,1325789,,Nuclear weapons elimination,United action; Determination
A/RES/72/48,1325790,,Multilateralism;Disarmament;Non-proliferation,Promotion
A/RES/72/30,1325791,,Humanitarian consequences;nuclear weapons,
A/RES/72/72,1325847,,Sustainable fisheries; United Nations Convention on the Law of the Sea; Conservation; Management; Straddling Fish Stocks; Highly Migratory Fish Stocks,Implementation
A/RES/72/74,1325848,United Nations;Organization of Islamic Cooperation,Cooperation,
A/RES/72/88,1325849,Syrian Golan,,
A/RES/72/73,1325850,,Oceans;Law of the Sea,
A/RES/72/93,1325851,Colonial Countries;Peoples,Declaration;Independence,Implementation
A/RES/72/82,1325852,Palestine;Near East,Relief;Works;Refugees,Operations
A/RES/72/83,1325853,Palestine,Refugees;Properties;Revenues,
A/RES/72/85,1325854,Palestinian Territory;East Jerusalem;Arab territories,Geneva Convention;Protection of Civilian Persons;Time of War,Applicability
A/RES/72/84,1325855,Israel;Palestine;Occupied Territories,Human Rights,Investigation
A/RES/72/81,1325856,,Persons displaced,
A/RES/72/92,1325857,Non-Self Governing Territories,Economic activities;Interests of the peoples,
A/RES/72/86,1325858,Israel;Palestinian Territory;East Jerusalem;Syrian Golan,Israeli settlements,
A/RES/72/110,1325859,,Decolonization,Dissemination of information
A/RES/72/91,1325860,Non-Self-Governing Territories,Information,Transmission
A/RES/72/87,1325861,Israel;Palestine;Occupied Palestinian Territory;East Jerusalem,Human Rights,Practice
A/RES/72/102,1325862,Guam,,
A/RES/72/111,1325863,Colonial Countries;Peoples,Declaration;Independence,Implementation;Granting
A/RES/72/80,1325864,Palestine,Refugees,Assistance
A/RES/72/129,1325973,,Moderation,
A/RES/72/14,1326165,Palestine,Peaceful settlement,Settlement
A/RES/72/12,1326166,Palestine,Information,Programme
A/RES/72/16,1326167,Syrian Golan,,
A/RES/72/15,1326168,Jerusalem,,
A/RES/72/11,1326169,Palestine,,
A/RES/72/13,1326170,Palestinian People,Inalienable Rights,Exercise
A/RES/72/153,1327541,,Human Rights Council,Report
A/RES/72/229,1327542,,Culture;sustainable development,
A/RES/72/224,1327543,,Energy,Access
A/RES/72/178,1327544,,Human Rights;Safe Drinking Water;Sanitation,
A/RES/72/173,1327545,,Right to Food,
A/RES/72/240,1327546,Palestinian Territory;East Jerusalem;Syrian Golan,Permanent sovereignty;Natural resources,
A/RES/72/202,1327547,,International trade;Development,
A/RES/72/215,1327548,,Agricultural technology;sustainable development,
A/RES/72/170,1327549,,Human rights;cultural diversity,Adoption
A/RES/72/205,1327550,,Commodities,
A/RES/72/174,1327551,,Human Rights;Treaty Bodies,Promotion;Equitable Geographical Distribution
A/RES/72/160,1327552,Palestinian people,Self-determination,Right
A/RES/72/156,1327553,,Nazism;neo-Nazism;racism;racial discrimination;xenophobia;intolerance,Combating
A/RES/72/166,1327554,South-West Asia;Arab Region,Human Rights,Training;Documentation
A/RES/72/203,1327555,,International financial system; Development,
A/RES/ES-10/19,1327556,Jerusalem,Status,
A/RES/72/168,1327557,,Human rights; Unilateral coercive measures,Adoption
A/RES/72/158,1327558,,Mercenaries;Human Rights;Right of Peoples to Self-Determination,Violation;Impeding
A/RES/72/201,1327559,developing countries,unilateral economic measures; political coercion; economic coercion,means
A/RES/72/227,1327560,,Development;Globalization;Interdependence,Promotion
A/RES/72/157,1327561,,Racism;Racial Discrimination;Xenophobia;Intolerance;Durban Declaration;Programme of Action,Elimination;Implementation;Follow-up
A/RES/72/141,1327562,,World Summit for Social Development,Implementation; Outcome
A/RES/72/238,1327563,,Agriculture development;Food security;Nutrition,
A/RES/72/216,1327564,,Agenda 21;Programme for the Further Implementation of Agenda 21;World Summit on Sustainable Development;United Nations Conference on Sustainable Development,Implementation;Outcomes
A/RES/72/189,1327565,Islamic Republic of Iran,Human Rights,
A/RES/72/185,1327566,,Globalization;Human Rights,Enjoyment
A/RES/72/164,1327567,,United Nations;Elections;Democratization,Strengthening;Enhancement;Promotion
A/RES/72/167,1327568,,Right to Development,
A/RES/72/172,1327569,,Democratic order;Equitable international order,Promotion
A/RES/72/191,1327570,Syrian Arab Republic,Human Rights,
A/RES/72/209,1327571,Lebanese shores,Oil slick,
A/RES/72/190,1327572,Autonomous Republic of Crimea;Sevastopol;Ukraine,Human Rights,
A/RES/72/162,1467690,,Convention on the Rights of Persons with Disabilities; Optional Protocol; Women with Disabilities; Girls with Disabilities,Implementation
A/RES/72/245,1468215,,Rights of the child,
A/RES/72/251,1468216,,Nuclear Disarmament,Follow-up
A/RES/72/248,1470211,Myanmar,Human Rights,
A/RES/71/21,1471017,Palestinian,,
A/RES/72/250,1479517,,Arms Race; Outer Space,Prevention; Measures
A/RES/72/246,1479518,,Terrorism;Human Rights,Enjoyment
A/RES/37/92,1493353,States,Artificial Earth Satellites;International Direct Television Broadcasting,Use
A/RES/65/287,1493376,Abkhazia;Georgia;Tskhinvali region;South Ossetia,Internally displaced persons;Refugees,
A/RES/72/277,1627950,,Global Pact for the Environment,
A/RES/72/280,1629999,Abkhazia;Georgia;Tskhinvali region;South Ossetia,Internally displaced persons;Refugees,Status
A/RES/ES-10/20,1630101,Palestinian,Protection;Civilian Population,
A/RES/72/282,1630737,Republic of Moldova,Foreign Military Forces,Withdrawal
A/RES/72/299,1634030,Lebanon,United Nations Interim Force,Financing
A/RES/62/265,1638050,Lebanon,United Nations Interim Force,Financing
A/RES/72/310,1642598,Africa,Partnership for Africa's Development,Progress; Implementation; Support
A/RES/72/311,1642599,Africa,Conflict;Durable Peace;Sustainable Development,Implementation;Promotion
A/RES/73/5,1648364,Group of 77,,
A/RES/73/8,1650751,United States of America;Cuba,Economic embargo;Commercial embargo;Financial embargo,Ending
A/RES/73/18,1654157,Palestinian People,Inalienable Rights,Exercise
A/RES/73/22,1654158,Jerusalem,,
A/RES/73/23,1654159,Syrian Golan,,
A/RES/73/20,1654160,Palestine,Information,Programme
A/RES/73/21,1654161,Palestine,,
A/RES/73/19,1654162,Palestine,Peaceful settlement,Settlement
A/RES/73/98,1654871,Israel;Palestinian Territory;East Jerusalem;Syrian Golan,Israeli settlements,
A/RES/73/99,1654872,Israel;Palestine;Occupied Palestinian Territory;East Jerusalem,Human Rights,Practice
A/RES/73/105,1654873,Colonial Countries;Peoples,Declaration;Independence,Implementation
A/RES/73/89,1654874,Middle East,Peace,Comprehensiveness; Justice; Lastingness
A/RES/73/103,1654875,Non Self-Governing Territories,Information,Transmission
A/RES/73/92,1654876,Palestine,Refugees,Assistance
A/RES/73/88,1654878,Afghanistan,,
A/RES/73/97,1654879,Palestinian Territory;East Jerusalem;Arab territories,Geneva Convention;Protection of Civilian Persons;Time of War,Applicability
A/RES/73/123,1654880,Colonial Countries;Colonial Peoples,Declaration;Independence,Implementation;Granting
A/RES/73/96,1654881,Israel;Palestine;Occupied Territories,Human Rights,Investigation
A/RES/73/100,1654882,Syrian Golan,,
A/RES/73/94,1654883,Palestine; Near East,Relief; Works; Refugees,Operations
A/RES/73/122,1654884,,Decolonization,Dissemination of information
A/RES/73/95,1654885,Palestine,Refugees;Properties;Revenues,
A/RES/73/104,1654886,Non-Self-Governing Territories,Economic Activities;Interests of the Peoples,
A/RES/73/93,1654887,,Persons displaced,
A/RES/73/29,1655122,Non-nuclear-weapon States,Nuclear weapons,Conclusion; Assurance
A/RES/73/30,1655123,,Arms Race; Outer Space,Prevention
A/RES/73/31,1655124,,Weapons; Outer Space,Placement
A/RES/73/28,1655126,Middle East,Nuclear-weapon-free zone,Establishment
A/RES/73/27,1655128,,Information and Telecommunications;International Security,Development
A/RES/73/38,1655320,,Armaments; Ammunitions; Depleted Uranium,Use
A/RES/73/41,1655321,,Multilateralism;Disarmament;Non-proliferation,Promotion
A/RES/73/40,1655322,,Nuclear Disarmament,Follow-up
A/RES/73/63,1655323,,Illicit Brokering Activities,Prevention; Combating
A/RES/73/50,1655324,,Nuclear disarmament,
A/RES/73/60,1655325,,Nuclear Weapons Systems,Decrease; Operational Readiness
A/RES/73/68,1655326,,Nuclear-weapon-free world,Ethical imperatives
A/RES/73/65,1655327,,Fissile Material;Nuclear Weapons;Nuclear Explosive Devices,Treaty Banning;Production Banning
A/RES/73/56,1655328,,Nuclear Danger,Reduction
A/RES/73/57,1655329,,Nuclear-Weapon-Free World,Achievement
A/RES/73/34,1655330,,Conventional arms control,
A/RES/73/36,1655331,,Arms Trade Treaty,
A/RES/73/72,1655332,,Transparency;Confidence-building measures;Outer space activities,
A/RES/73/45,1655333,,Convention on the Prohibition of the Development Production Stockpiling Use of Chemical Weapons; Destruction,Implementation
A/RES/73/49,1655334,The Hague,Ballistic Missile Proliferation,Code of Conduct
A/RES/73/62,1655335,,Nuclear weapons elimination,Action; Determination; Elimination
A/RES/73/64,1655336,,International Court of Justice; Legality; Threat; Use; Nuclear Weapons,Follow-up
A/RES/73/74,1655337,,Nuclear Weapons,Prohibition
A/RES/73/71,1655338,Nuclear-Weapon-Free Zones; Mongolia,Nuclear-Weapon-Free Zones,Conference
A/RES/73/85,1655339,Mediterranean region,Security;Cooperation,Strengthening
A/RES/73/61,1655340,,Convention on the Prohibition of the Use Stockpiling Production and Transfer of Anti-personnel Mines; Destruction,Implementation
A/RES/73/86,1655341,,Nuclear-Test-Ban Treaty,Comprehensiveness
A/RES/73/42,1655342,,Disarmament,Convening
A/RES/73/47,1655343,,Humanitarian consequences;nuclear weapons,
A/RES/73/54,1655344,,Convention on Cluster Munitions,Implementation
A/RES/73/43,1655346,,Geneva Protocol,Measure; Upheld Authority
A/RES/73/48,1655347,,Nuclear Weapons,Prohibition
A/RES/73/83,1655348,Middle East,Nuclear Proliferation,Risk
A/RES/73/70,1655350,,Nuclear-weapon-free world;nuclear disarmament,Implementation;Commitments
A/RES/73/124,1655458,,Oceans;Law of the Sea,
A/RES/73/127,1655459,,Multilateralism;Diplomacy;Peace,Promotion
A/RES/73/135,1655568,United Nations;Organization of Islamic Cooperation,Cooperation,Cooperation
A/RES/73/132,1655569,,Global health;Foreign policy;Nutrition,Improvement
A/RES/73/194,1656124,Autonomous Republic of Crimea;Sevastopol;Ukraine;Black Sea;Sea of Azov,Militarization,
A/RES/73/169,1656157,,Democratic order;Equitable international order,Promotion
A/RES/73/170,1656158,,Peace;Human Rights,Promotion
A/RES/73/159,1656159,,Mercenaries;Human Rights;Right of Peoples to Self-Determination,Violation;Impeding
A/RES/73/165,1656160,,Rights of Peasants;Rural Areas,Declaration
A/RES/73/171,1656161,,Right to Food,
A/RES/73/166,1656162,,Right to Development,
A/RES/73/141,1656163,,World Summit for Social Development,Implementation; Outcome
A/RES/73/158,1656164,Palestinian people,Self-determination,Right
A/RES/73/151,1656165,,Office of the United Nations High Commissioner for Refugees,
A/RES/73/157,1656166,,Nazism;neo-Nazism;racism;racial discrimination;xenophobia;intolerance,Combating
A/RES/73/152,1656167,,Human Rights Council,Report
A/RES/73/173,1656168,,Human Rights;Fundamental Freedoms;Right to Peaceful Assembly;Freedom of Association,Promotion;Protection
A/RES/73/175,1656169,,Death Penalty,Moratorium
A/RES/73/167,1656170,,Human rights; Unilateral coercive measures,Adoption
A/RES/73/172,1656171,,Extrajudicial executions; Summary executions; Arbitrary executions,
A/RES/73/181,1656197,Islamic Republic of Iran,Human Rights,
A/RES/73/182,1656198,Syrian Arab Republic,Human Rights,
A/RES/73/187,1656199,,Information and Communications Technologies; Criminal Purposes,Countering
A/RES/73/195,1656414,,Migration,Compact
A/RES/73/253,1656636,,Agriculture development;Food security;Nutrition,
A/RES/73/244,1656637,,Rural Poverty;2030 Agenda for Sustainable Development,Eradication;Implementation
A/RES/73/219,1656638,,International trade;Development,
A/RES/73/241,1656639,,International migration;Development,
A/RES/73/257,1656640,Mexico,Judgement; International Court of Justice; Compliance,Compliance
A/RES/73/240,1656642,,International Economic Order,Resolution
A/RES/73/258,1656643,United Nations,Prohibition of Chemical Weapons,Cooperation
A/RES/73/220,1656644,,International financial system; Development,
A/RES/73/255,1656645,Palestinian Territory;East Jerusalem;Syrian Golan,Permanent sovereignty;Natural resources,
A/RES/73/247,1656646,,Industrial Development,Cooperation
A/RES/73/225,1656647,,Entrepreneurship;sustainable development,
A/RES/73/227,1656648,,Agenda 21;Sustainable Development;World Summit on Sustainable Development;United Nations Conference on Sustainable Development,Implementation
A/RES/73/224,1656649,Lebanon,Oil slick,
A/RES/73/266,1657117,State,Cyberspace;International Security,Advancement
A/RES/73/263,1657118,Autonomous Republic of Crimea;Sevastopol;Ukraine,Human Rights,
A/RES/73/267,1657119,United Nations;League of Arab States,Cooperation,Cooperation
A/RES/73/264,1657120,Myanmar,Human Rights,
A/RES/73/262,1657121,,Racism;Racial Discrimination;Xenophobia;Intolerance;Durban Declaration;Programme of Action,Elimination;Implementation;Follow-up
A/RES/73/295,3807805,Chagos Archipelago;Mauritius,Legal consequences,Advisory opinion
A/RES/73/298,3808112,Abkhazia;Georgia;Tskhinvali region;South Ossetia,Internally displaced persons;Refugees,
A/RES/73/304,3811071,,Torture;Trade;International Standards,Examination
A/RES/73/268B,3813047,,Financial reports;Audited financial statements;Reports of the Board of Auditors,
A/RES/73/326,3813050,,International Migration Review Forums,Organization
A/RES/73/330,3813221,United Nations; Economic Cooperation Organization,Cooperation,Cooperation
A/RES/73/332,3814149,Pacific Islands Forum,Cooperation,Cooperation
A/RES/73/335,3827191,Africa,Partnership for Africa's Development,Progress; Implementation; Support
A/RES/73/336,3827192,Africa,Conflict;Durable Peace;Sustainable Development,Implementation;Promotion
A/RES/73/344,3827354,,Human Encounters; Dialogue,
A/RES/74/7,3834943,United States of America;Cuba,Economic embargo;Commercial embargo;Financial embargo,Ending
A/RES/74/9,3837253,Afghanistan,,
A/RES/74/14,3837825,Syrian Golan,,
A/RES/74/12,3837827,Palestine,,
A/RES/74/11,3837828,Palestine,Peaceful settlement,Settlement
A/RES/74/10,3837829,Palestinian People,Inalienable Rights,Exercise
A/RES/74/13,3837830,Palestine,Information Programme,Question
A/RES/74/17,3838477,Autonomous Republic of Crimea;Sevastopol;Ukraine;Black Sea;Sea of Azov,Militarization,
A/RES/74/19,3838653,,Oceans;Law of the Sea,
A/RES/74/85,3839812,Palestine; Near East,Relief; Works; Refugees,Operations
A/RES/74/66,3839814,,Arms Control;Disarmament;Non-Proliferation Treaties;Agreements,Strengthening;Development
A/RES/74/112,3839865,,Decolonization,Dissemination of information
A/RES/74/113,3839866,Colonial Countries;Peoples,Declaration;Independence,Implementation;Granting
A/RES/74/24,3839867,,Military matters;Transparency;Military expenditures,Objective information
A/RES/74/25,3839868,Indian Ocean,Zone of Peace;Declaration,Implementation
A/RES/74/28,3839870,State,Cyberspace;International Security,Advancement
A/RES/74/29,3839871,,Information and Telecommunications;International Security,Development
A/RES/74/30,3839872,Middle East,Nuclear-weapon-free zone,Establishment
A/RES/74/31,3839873,non-nuclear-weapon States,nuclear weapons,assurance
A/RES/74/32,3839874,,Arms Race; Outer Space,Prevention
A/RES/74/56,3839953,,Disarmament,Convening
A/RES/74/59,3839954,,International Court of Justice; Legality; Threat; Use; Nuclear Weapons,Follow-up
A/RES/74/61,3839955,,Convention on the Prohibition of the Use Stockpiling Production and Transfer of Anti-Personnel Mines; Destruction,Implementation
A/RES/74/62,3839956,,Convention on Cluster Munitions,Implementation
A/RES/74/63,3839957,,Nuclear weapons,Joint courses of action; Future-oriented dialogue
A/RES/74/67,3839958,,Outer Space Activities,Transparency; Confidence-Building Measures
A/RES/74/68,3839959,,Nuclear Weapons,Prohibition
A/RES/74/75,3839960,Middle East,Nuclear Proliferation,Risk
A/RES/74/77,3839961,Mediterranean region,Security;Cooperation,Strengthening
A/RES/74/78,3839962,,Nuclear-Test-Ban Treaty,Comprehensiveness
A/RES/74/83,3839963,Palestine,Refugees,Assistance
A/RES/74/84,3839964,,Persons displaced,
A/RES/74/86,3839965,Palestine,Refugees;Properties;Revenues,
A/RES/74/87,3839966,Israel;Palestine;Occupied Territories,Human Rights,Investigation
A/RES/74/88,3839967,Israel;Palestinian Territory;East Jerusalem;Syrian Golan,Israeli settlements,
A/RES/74/89,3839968,Israel;Palestine;Occupied Palestinian Territory;East Jerusalem,Human Rights,Practice
A/RES/74/93,3839969,Non-Self-Governing Territories,Information,Transmission
A/RES/74/94,3839970,Non-Self-Governing Territories,Economic Activities;Interests of the Peoples,
A/RES/74/95,3839971,Colonial Countries;Peoples,Declaration;Independence,Implementation
A/RES/74/33,3839972,,Weapons; Outer Space,Placement
A/RES/74/36,3839973,,Nuclear Disarmament;Non-Proliferation of Nuclear Weapons,Follow-up;Review
A/RES/74/34,3839974,,Arms Race; Outer Space,Prevention; Measures
A/RES/74/90,3839975,Syrian Golan,,
A/RES/74/38,3839976,regional;subregional levels,Conventional arms control,
A/RES/74/40,3839977,,Convention on the Prohibition of the Development Production Stockpiling and Use of Chemical Weapons; Destruction of Chemical Weapons,Implementation
A/RES/74/41,3839978,,Nuclear Weapons,Prohibition
A/RES/74/44,3839979,,Nuclear Danger,Reduction
A/RES/74/42,3839980,,Humanitarian consequences;nuclear weapons,
A/RES/74/45,3839981,,Nuclear disarmament,
A/RES/74/46,3839982,,Nuclear-weapon-free world; Nuclear disarmament,Implementation; Acceleration
A/RES/74/47,3839983,,Nuclear-weapon-free world,Ethical imperative
A/RES/74/48,3839984,Southern Hemisphere; Adjacent Areas,Nuclear-weapon-free,
A/RES/74/49,3839985,,Arms Trade Treaty,
A/RES/74/54,3839986,,Nuclear Disarmament,Follow-up
A/RES/74/50,3839987,,Nuclear disarmament verification,
A/RES/74/53,3839988,,Transparency; Armaments,
A/RES/74/55,3839989,,Multilateralism;Disarmament;Non-proliferation,Promotion
A/RES/74/139,3840115,Palestinian people,Self-determination,Right
A/RES/74/167,3840116,Islamic Republic of Iran,Human Rights,
A/RES/74/168,3840117,Autonomous Republic of Crimea;Sevastopol;Ukraine,Human Rights,
A/RES/74/169,3840118,Syrian Arab Republic,Human Rights,
A/RES/74/122,3840119,,World Summit for Social Development,Implementation; Outcome
A/RES/74/154,3840120,,Human rights; Unilateral coercive measures,
A/RES/74/152,3840121,,Right to Development,
A/RES/74/155,3840122,,Human Rights Treaty Bodies; Geographical Distribution,Promotion
A/RES/74/163,3840123,South-West Asia;Arab Region,Human Rights,Training;Documentation
A/RES/74/150,3840124,,Democratic order;Equitable international order,Promotion
A/RES/74/130,3840125,,Office of the United Nations High Commissioner for Refugees,
A/RES/74/149,3840127,,Right to Food,
A/RES/74/138,3840128,,Mercenaries;Human Rights;Right of Peoples to Self-Determination,Violation;Impeding
A/RES/74/137,3840129,,Racism;Racial Discrimination;Xenophobia;Related Intolerance;Durban Declaration;Programme of Action,Elimination;Implementation;Follow-up
A/RES/74/136,3840130,,Nazism;neo-Nazism;racism;racial discrimination;xenophobia;intolerance,Combating
A/RES/74/132,3840131,,Human Rights Council,Report
A/RES/74/159,3840132,,Human rights;cultural diversity,Adoption
A/RES/74/215,3840211,,Agricultural technology;sustainable development,
A/RES/74/208,3840212,Lebanese shores,Oil slick,
A/RES/74/216,3840213,,Agenda 21;World Summit on Sustainable Development;United Nations Conference on Sustainable Development,Implementation
A/RES/74/204,3840214,,Commodities,
A/RES/74/202,3840215,,International financial system; Development,
A/RES/74/201,3840216,,International trade;Development,
A/RES/74/200,3840217,developing countries,unilateral economic measures; political coercion; economic coercion,means
A/RES/74/224,3840218,,Harmony with nature,
A/RES/74/226,3840219,,Sand and Dust Storms,Combating
A/RES/74/228,3840220,,United Nations;Development;Globalization;Interdependence,Promotion
A/RES/74/237,3840221,,Rural Poverty;2030 Agenda for Sustainable Development,Eradication;Implementation
A/RES/74/241,3840222,,International Tea Day,Adoption
A/RES/74/243,3840223,Palestinian people;Occupied Palestinian Territory;East Jerusalem;Arab population;Syrian Golan,Permanent sovereignty;Natural resources,
A/RES/74/246,3841021,Myanmar,Human Rights;Rohingya Muslims;Minorities,
A/RES/74/251,3841022,,Programme planning,
A/RES/74/247,3841023,,Information and Communications Technologies; Criminal Purposes,Countering
A/RES/74/267,3846846,,Advisory Committee on Administrative and Budgetary Questions; Rules of Procedure,Enlargement; Amendment
A/RES/74/302,3879561,Africa,Conflict;Durable Peace;Sustainable Development,Implementation;Promotion
A/RES/74/301,3879562,Africa,Partnership for Africa's Development,Progress; Implementation; Support
A/RES/74/300,3879564,Abkhazia;Georgia;Tskhinvali region;South Ossetia,Internally displaced persons;Refugees,
A/RES/74/307,3880645,,Global Health Threats; COVID-19,Response; Combating
A/RES/74/306,3880646,,Coronavirus disease (COVID-19) pandemic,Response
A/RES/75/4,3889751,,Coronavirus disease; COVID-19; Pandemic,Response
A/RES/75/26,3893458,,Interreligious and intercultural dialogue; Understanding; Cooperation; Peace,Promotion
A/RES/75/23,3893459,Palestine,Information Programme,
A/RES/75/24,3893460,Syrian Golan,,
A/RES/75/22,3893461,Palestine,Peaceful settlement,Settlement
A/RES/75/20,3893462,Palestinian People,Inalienable Rights,Exercise
A/RES/75/21,3893463,Palestine,Division for Palestinian Rights,
A/RES/75/29,3893734,Autonomous Republic of Crimea;Sevastopol;Ukraine;Black Sea;Sea of Azov,Militarization,
A/RES/75/60,3893776,The Hague,Ballistic Missile Proliferation,Code of Conduct
A/RES/75/55,3893799,,Convention on the Prohibition of the Development Production Stockpiling and Use of Chemical Weapons,Implementation; Destruction
A/RES/75/50,3893802,regional;subregional levels,Conventional arms control,
A/RES/75/52,3893803,,Convention on the Prohibition of the Use Stockpiling Production and Transfer of Anti Personnel Mines; Destruction,Implementation
A/RES/75/46,3893804,,Geneva Protocol,Measure; Upheld Authority
A/RES/75/47,3893805,,Multilateralism;Disarmament;Non Proliferation,Promotion
A/RES/75/39,3893807,,Humanitarian consequences;nuclear weapons,
A/RES/75/40,3893808,,Nuclear Weapons,Prohibition
A/RES/75/42,3893809,,Armaments; Ammunitions; Depleted Uranium,Use
A/RES/75/45,3893810,,Nuclear Disarmament,Follow-up
A/RES/75/44,3893811,,Disarmament,Convening
A/RES/75/87,3893828,,Nuclear-Test-Ban Treaty,Comprehensiveness
A/RES/75/86,3893833,Mediterranean region,Security;Cooperation,Strengthening
A/RES/75/82,3893834,,Disarmament Research,Anniversary
A/RES/75/84,3893835,Middle East,Nuclear Proliferation,Risk
A/RES/75/75,3893836,,Nuclear Weapons,Prohibition
A/RES/75/72,3893837,,Nuclear Weapons Systems,Decreasing; Operational Readiness
A/RES/75/73,3893838,,Nuclear-weapon-free world,Ethical imperative
A/RES/75/71,3893839,,Nuclear Weapons,Joint Courses of Action; Future-Oriented Dialogue
A/RES/75/69,3893840,,Transparency;Confidence-building measures;Outer space activities,
A/RES/75/66,3893841,,International Court of Justice; Legality; Threat; Use; Nuclear Weapons,Follow-up
A/RES/75/68,3893842,,Arms Control;Disarmament;Non-Proliferation Treaties;Agreements,Strengthening;Development
A/RES/75/65,3893843,,Nuclear-weapon-free world;nuclear disarmament,Implementation;Commitments
A/RES/75/62,3893844,,Convention on Cluster Munitions,Implementation
A/RES/75/64,3893845,,Arms Trade Treaty,
A/RES/75/63,3893846,,Nuclear disarmament,
A/RES/75/32,3893847,State,Cyberspace;International Security,Advancement
A/RES/75/33,3893848,Middle East,Nuclear-weapon-free zone,Establishment
A/RES/75/31,3893849,,Weapons of Mass Destruction;Disarmament,Prohibition;Development;Manufacture
A/RES/75/34,3893850,non-nuclear-weapon States,nuclear weapons,assurance
A/RES/75/36,3893851,,Space threats; Norms; Rules; Principles; Responsible behaviours,Reduction
A/RES/75/35,3893852,,Arms Race; Outer Space,Prevention
A/RES/75/37,3893853,,Weapons; Outer Space,Placement
A/RES/75/57,3893854,,Nuclear Danger,Reduction
A/RES/75/90,3894180,Afghanistan,,
A/RES/75/123,3894258,,Colonialism,Eradication
A/RES/75/94,3894273,Palestine; Near East,Relief; Works; Refugees,Operations
A/RES/75/93,3894274,Palestine,Refugees,Assistance
A/RES/75/99,3894275,Syrian Golan,,
A/RES/75/98,3894278,Israel;Palestine;Occupied Palestinian Territory;East Jerusalem,Human Rights,Practice
A/RES/75/95,3894279,Palestine,Refugees;Properties;Revenues,
A/RES/75/102,3894280,Non-Self-Governing Territories,Information,Transmission
A/RES/75/97,3894281,Israel;Palestinian Territory;East Jerusalem;Syrian Golan,Israeli settlements,
A/RES/75/96,3894283,Israel;Palestine;Occupied Territories,Human Rights,Investigation
A/RES/75/121,3894284,,Decolonization,Dissemination of information
A/RES/75/103,3894285,Non-Self-Governing Territories,Economic Activities;Interests of the Peoples,
A/RES/75/104,3894287,Colonial Countries;Peoples,Declaration;Independence,Implementation
A/RES/75/122,3894323,Colonial Countries;Peoples,Declaration;Independence,Implementation;Granting
A/RES/75/130,3894511,,Global health;Foreign policy;Health system resilience;Affordable health care,Strengthening
A/RES/75/161,3894838,,Violence against women and girls,Intensification of efforts; Prevention; Elimination
A/RES/75/151,3894839,,World Summit for Social Development,Implementation; Outcome
A/RES/75/165,3894840,,Human Rights Council,Report
A/RES/75/169,3894841,,Nazism;neo-Nazism;racism;racial discrimination;xenophobia;intolerance,Combating
A/RES/75/163,3894842,,United Nations High Commissioner for Refugees,
A/RES/75/177,3894843,,Peace;Human Rights,Promotion
A/RES/75/172,3894844,Palestinian people,Self-determination,Right
A/RES/75/171,3894845,,Mercenaries;Human Rights;Right of Peoples to Self-Determination,Violation;Impeding
A/RES/75/181,3894846,,Human rights; Unilateral coercive measures,
A/RES/75/179,3894847,,Right to Food,
A/RES/75/178,3894848,,Democratic order;Equitable international order,Promotion
A/RES/75/192,3894858,Autonomous Republic of Crimea;Sevastopol;Ukraine,Human Rights,
A/RES/75/191,3894863,Islamic Republic of Iran,Human Rights,
A/RES/75/193,3894865,Syrian Arab Republic,Human Rights,
A/RES/75/183,3894866,,Death Penalty,Moratorium
A/RES/75/189,3894868,,Extrajudicial executions; Summary executions; Arbitrary executions,
A/RES/75/182,3894869,,Right to Development,
A/RES/75/213,3895363,,Sustainable consumption and production patterns;2030 Agenda for Sustainable Development;Agenda 21,Promotion;Implementation;Building
A/RES/75/211,3895364,,Entrepreneurship;sustainable development,
A/RES/75/204,3895365,,International financial system; Development,
A/RES/75/209,3895366,Lebanese shores,Oil slick,
A/RES/75/203,3895367,,International trade;Development,
A/RES/75/236,3895466,Palestinian Territory;East Jerusalem;Syrian Golan,Permanent sovereignty;Natural resources,
A/RES/75/222,3895469,,Sand and Dust Storms,Combating
A/RES/75/225,3895470,,International Economic Order,Establishment
A/RES/75/232,3895472,,Rural Poverty;2030 Agenda for Sustainable Development,Eradication;Implementation
A/RES/75/226,3895473,,International migration;Development,
A/RES/75/233,3895476,,Operational Activities for Development; United Nations System,Policy Review
A/RES/75/250A,3896178,Lebanon,United Nations Interim Force,Financing
A/RES/75/254A-C,3896179,,Programme budget,
A/RES/75/240,3896180,,Information and Telecommunications;International Security,Development
A/RES/75/238,3896181,Myanmar,Human Rights;Rohingya Muslims;Minorities,
A/RES/75/239,3896182,,Oceans;Law of the Sea,
A/RES/75/237,3896183,,Racism;racial discrimination;xenophobia;related intolerance;Durban Declaration;Programme of Action,Elimination;implementation;follow-up
A/RES/75/254[C],3897076,,Financing; Appropriations; Year 2021,
A/RES/75/254[A],3897077,,Budget Appropriations,
A/RES/75/254[B],3897078,,Income estimates,
A/RES/75/260,3902234,,HIV/AIDS,Organization
A/RES/75/265,3903150,United Nations,Prohibition of Chemical Weapons,Cooperation
A/RES/75/277,3926467,,Responsibility to Protect;Genocide;War Crimes;Ethnic Cleansing;Crimes against Humanity,Prevention
A/RES/75/284,3928346,,HIV and AIDS;Inequalities,Ending;Getting on Track;End
A/RES/75/285,3929264,Abkhazia;Georgia;Tskhinvali region;South Ossetia,Internally displaced persons;Refugees,
A/RES/75/287,3929594,Myanmar,,
A/RES/75/289,3929865,United States of America;Cuba,Economic embargo;Commercial embargo;Financial embargo,Ending
A/RES/75/290A,3930118,,Economic and Social Council;High-Level Political Forum on Sustainable Development;Sustainable Development;2030 Agenda,Review;Strengthening;Follow-up
A/RES/75/250B,3930612,Lebanon,United Nations Interim Force,Financing
A/RES/76/11,3949878,Syrian Golan,,
A/RES/76/10,3949881,Palestine,Peaceful settlement,Settlement
A/RES/76/12,3949882,Jerusalem,,
A/RES/76/48,3950466,,Nuclear-Weapon-Free World,Achievement
A/RES/76/50,3950467,,Arms Trade Treaty,
A/RES/76/51,3950468,,Fissile Material;Nuclear Weapons;Nuclear Explosive Devices,Treaty Banning;Production Ban
A/RES/76/47,3950469,,Convention on Cluster Munitions,Implementation
A/RES/76/65,3950470,Mediterranean region,Security;Cooperation,Strengthening
A/RES/76/53,3950471,,International Court of Justice; Legality; Threat; Use; Nuclear Weapons,Follow-up
A/RES/76/54,3950472,,Nuclear weapons,Joint courses of action; Future-oriented dialogue
A/RES/76/56,3950473,,Nuclear Weapons,Prohibition
A/RES/76/63,3950474,Middle East,Nuclear Proliferation,Risk
A/RES/76/66,3950475,,Nuclear-Test-Ban Treaty,Comprehensiveness
A/RES/76/46,3950476,,Nuclear disarmament,
A/RES/76/44,3950477,southern hemisphere;adjacent areas,Nuclear-weapon-free,
A/RES/76/36,3950561,,Nuclear Disarmament,Follow-up
A/RES/76/40,3950562,,Multilateralism;Disarmament;Non-proliferation,Promotion
A/RES/76/42,3950563,regional;subregional levels,Conventional arms control,
A/RES/76/30,3950564,,Humanitarian consequences;nuclear weapons,
A/RES/76/31,3950565,,Nuclear Disarmament;Non-Proliferation of Nuclear Weapons,Follow-up;Review
A/RES/76/33,3950566,,Non-proliferation; Arms limitation; Disarmament agreements; Disarmament commitments,Compliance
A/RES/76/34,3950567,,Nuclear Weapons,Prohibition
A/RES/76/25,3950568,,Nuclear-weapon-free world,Ethical imperative
A/RES/76/26,3950569,,Convention on the Prohibition of the Use Stockpiling Production and Transfer of Anti-Personnel Mines; Destruction,Implementation
A/RES/76/27,3950570,,Nuclear Danger,Reduction
A/RES/76/29,3950571,,Convention on the Prohibition of the Development Production Stockpiling and Use of Chemical Weapons; Destruction of Chemical Weapons,Implementation
A/RES/76/20,3950572,Middle East,Nuclear-weapon-free zone,Establishment
A/RES/76/21,3950573,non-nuclear-weapon States,nuclear weapons,assurance
A/RES/76/23,3950574,,Weapons; Outer Space,Placement
A/RES/76/17,3950575,Indian Ocean,Zone of Peace;Declaration,Implementation
A/RES/76/49,3950576,,Nuclear-weapon-free world;nuclear disarmament,Implementation;Commitments
A/RES/76/69,3950786,,Interreligious and intercultural dialogue; Understanding; Cooperation; Peace,Promotion
A/RES/76/70,3950789,Autonomous Republic of Crimea;Sevastopol;Ukraine;Black Sea;Sea of Azov,Militarization,
A/RES/76/85,3950793,Non-Self-Governing Territories,Information,Transmission
A/RES/76/86,3950795,Non-Self-Governing Territories,Economic Activities;Interests of the Peoples,
A/RES/76/87,3950796,Colonial Countries;Peoples,Declaration;Independence,Implementation
A/RES/76/82,3950798,Israel;Palestinian Territory;East Jerusalem;Syrian Golan,Israeli settlements,
A/RES/76/81,3950799,Syrian Golan,,
A/RES/76/79,3950802,Palestine,Refugees;Properties;Revenues,
A/RES/76/80,3950806,Israel;Palestine;Occupied Territories,Human Rights,Investigation
A/RES/76/77,3950868,Palestine,Refugees,Assistance
A/RES/76/78,3950870,Palestine;Near East,Relief;Works;Refugees,Operations
A/RES/76/104,3950871,,Decolonization,Dissemination of information
A/RES/76/105,3950872,Colonial Countries;Peoples,Declaration;Independence,Implementation;Granting
A/RES/76/175,3951456,countries,vaccines;coronavirus disease (COVID-19) pandemic,access
A/RES/76/178,3951457,Islamic Republic of Iran,Human Rights,
A/RES/76/179,3951458,Autonomous Republic of Crimea;Sevastopol;Ukraine,Human Rights,
A/RES/76/162,3951459,,Human rights;cultural diversity,Adoption
A/RES/76/163,3951460,,Right to Development,
A/RES/76/165,3951461,,Democratic order;Equitable international order,Promotion
A/RES/76/166,3951462,,Right to Food,
A/RES/76/155,3951463,South-West Asia;Arab Region,Human Rights,Training;Documentation
A/RES/76/160,3951464,,Human Rights;Treaty Bodies,Promotion;Equitable Geographical Distribution;Membership
A/RES/76/161,3951465,,Human rights; Unilateral coercive measures,Adoption
A/RES/76/149,3951466,,Nazism;neo-Nazism;racism;racial discrimination;xenophobia;intolerance,Combating
A/RES/76/150,3951467,Palestinian people,Self-determination,Right
A/RES/76/151,3951468,,Mercenaries;Human Rights;Right of Peoples to Self-Determination,Violation;Impeding
A/RES/76/143,3951469,,Office of the United Nations High Commissioner for Refugees,
A/RES/76/145,3951470,,Human Rights Council,Report
A/RES/76/134,3951471,,World Summit for Social Development,Implementation; Outcome
A/RES/76/191,3951510,developing countries,unilateral economic measures; political coercion; economic coercion,means
A/RES/76/192,3951511,,International financial system; Development,
A/RES/76/190,3951513,,International trade;Development,Adoption
A/RES/76/225,3951514,Palestinian Territory;East Jerusalem;Syrian Golan,Permanent sovereignty;Natural resources,
A/RES/76/199,3951515,Lebanese shores,Oil slick,
A/RES/76/211,3951516,,Sand and Dust Storms,Combating
A/RES/76/219,3951518,,Rural Poverty;2030 Agenda for Sustainable Development,Eradication;Implementation
A/RES/76/194,3951519,,Commodities,
A/RES/76/200,3951523,,Agricultural technology;sustainable development,
A/RES/76/245,3952165,,Programme Budget,Proposal
A/RES/76/233,3952166,,Conventional Ammunition Stockpiles,Problem
A/RES/76/234,3952167,,International Security;Peaceful Uses,Promotion;Cooperation
A/RES/76/230,3952168,,Arms Race; Outer Space,Prevention; Measures
A/RES/76/228,3952169,Syrian Arab Republic,Human Rights,
A/RES/76/231,3952170,,Space Threats;Norms;Rules;Principles;Responsible Behaviours,Reduction
A/RES/76/226,3952171,,Racism;Racial Discrimination;Xenophobia;Related Intolerance;Durban Declaration;Programme of Action,Elimination;Implementation;Follow-up
A/RES/76/72,3954788,,Oceans;Law of the Sea,
A/RES/ES-11/1,3959039,Ukraine,Aggression,
A/RES/ES-11/2,3965954,Ukraine,Humanitarian consequences; Aggression,
A/RES/ES-11/3,3967778,Russian Federation,Human Rights Council,Suspension; Rights of Membership
A/RES/76/267,3976352,Abkhazia;Georgia;Tskhinvali region;South Ossetia,Internally displaced persons;Refugees,
A/RES/76/290,3979135,Lebanon,United Nations Interim Force,Financing
A/RES/76/300,3982659,,Human right; Clean environment; Healthy environment; Sustainable environment,
A/RES/ES-11/4,3990400,Ukraine,Territorial integrity;Charter of the United Nations,Defending
A/RES/77/7,3993232,United States of America;Cuba,Economic embargo;Commercial embargo;Financial embargo,Ending
A/RES/77/10,3993873,Afghanistan,,
A/RES/ES-11/5,3994052,Ukraine,Remedy; Reparation; Aggression,Furtherance
A/RES/77/13,3995020,Collective Security Treaty Organization,Cooperation,Cooperation
A/RES/77/19,3995021,Central European Initiative,Cooperation,
A/RES/77/24,3996092,Palestine,Information Programme,
A/RES/77/25,3996093,Palestine,Peaceful settlement,Settlement
A/RES/77/26,3996094,Syrian Golan,,
A/RES/77/23,3996095,Palestine,Division for Palestinian Rights,
A/RES/77/22,3996096,Palestinian People,Inalienable Rights,Exercise
A/RES/77/96,3996836,,International Security;Peaceful Uses,Promotion;Cooperation
A/RES/77/91,3996837,Middle East,Nuclear Proliferation,Risk
A/RES/77/93,3996838,Mediterranean region,Security;Cooperation,Strengthening
A/RES/77/94,3996839,,Nuclear-Test-Ban Treaty,Comprehensiveness
A/RES/77/66,3996881,,Treaty on the Non-Proliferation of Nuclear Weapons,Review; Preparation
A/RES/77/65,3996894,,Nuclear disarmament,
A/RES/77/67,3996895,,Nuclear-weapon-free world,Ethical imperatives
A/RES/77/63,3996896,,Convention on the Prohibition of the Use Stockpiling Production and Transfer of Anti-Personnel Mines; Destruction,Implementation
A/RES/77/68,3996897,,Fissile Material;Nuclear Weapons;Nuclear Explosive Devices,Banning;Production
A/RES/77/62,3996898,,Arms Trade Treaty,
A/RES/77/69,3996899,,Transparency; Armaments,
A/RES/77/61,3996900,,Conventional arms control,
A/RES/77/57,3996901,,International Court of Justice; Legality; Threat; Use; Nuclear Weapons,Follow-up
A/RES/77/58,3996902,The Hague,Ballistic Missile Proliferation,Code of Conduct
A/RES/77/53,3996903,,Humanitarian consequences;nuclear weapons,
A/RES/77/73,3996904,,Convention on the Prohibition of the Development Production Stockpiling and Use of Chemical Weapons; Destruction of Chemical Weapons,Implementation
A/RES/77/54,3996905,,Nuclear Weapons,Prohibition
A/RES/77/50,3996906,,Geneva Protocol,Measure; Upholding; Authority
A/RES/77/74,3996907,,Nuclear Danger,Reduction
A/RES/77/49,3996908,,Armaments; Ammunitions; Depleted Uranium,Use
A/RES/77/76,3996909,,Nuclear Weapons,Building; Road Map
A/RES/77/47,3996910,,Nuclear Disarmament,Follow-up
A/RES/77/77,3996911,,Terrorism;Radioactive Sources,Prevention;Acquisition
A/RES/77/48,3996912,,Multilateralism;Disarmament;Non-proliferation,Promotion
A/RES/77/42,3996913,,Weapons; Outer Space,Placement
A/RES/77/78,3996914,,Arms Control;Disarmament;Non-Proliferation Treaties;Agreements,Strengthening;Development
A/RES/77/41,3996915,,Anti-satellite missile,Testing
A/RES/77/39,3996916,non-nuclear-weapon States,nuclear weapons,assurance
A/RES/77/79,3996917,,Convention on Cluster Munitions,Implementation
A/RES/77/38,3996918,Middle East,Nuclear-weapon-free zone,Establishment
A/RES/77/37,3996919,,State behaviour;Information and communications technologies;International security,Programme of action;Advancement
A/RES/77/82,3996920,,Nuclear Weapons,Prohibition
A/RES/77/36,3996921,,Information and Telecommunications;International Security,Development
A/RES/77/89,3997044,,Disarmament,Report
A/RES/77/129,3997179,Non-Self-Governing Territories,Information,Transmission
A/RES/77/126,3997180,Israel;Palestinian Territory;East Jerusalem;Syrian Golan,Israeli settlements,
A/RES/77/131,3997230,Colonial Countries;Peoples,Declaration;Independence,Implementation
A/RES/77/130,3997231,Non-Self-Governing Territories,Economic Activities;Interests of the Peoples,
A/RES/77/125,3997232,Syrian Golan,,
A/RES/77/124,3997233,Palestine,Refugees;Properties;Revenues,
A/RES/77/123,3997234,Palestine,Refugees,Assistance
A/RES/77/122,3997235,Palestine; Near East,Relief; Works; Refugees,Operations
A/RES/77/149,3997237,Colonial Countries;Peoples,Declaration;Independence,Implementation;Granting
A/RES/77/148,3997238,,Decolonization,Dissemination of information
A/RES/77/160,3997573,,Entrepreneurship;sustainable development,
A/RES/77/157,3997574,Lebanon,Oil slick,
A/RES/77/175,3997612,,United Nations;Development;Globalization;Interdependence,Promotion
A/RES/77/174,3997619,,International Economic Order,Resolution
A/RES/77/171,3997625,,Sand and Dust Storms,Combating
A/RES/77/183,3997632,,Rural Poverty;2030 Agenda for Sustainable Development,Eradication;Implementation
A/RES/77/187,3997638,Palestinian Territory;East Jerusalem;Syrian Golan,Permanent sovereignty;Natural resources,
A/RES/77/238,3997709,,World Drug Problem,Addressing;Countering;Approach
A/RES/77/230,3997710,Syrian Arab Republic,Human Rights,
A/RES/77/229,3997713,Autonomous Republic of Crimea;Sevastopol;Ukraine,Human Rights,
A/RES/77/228,3997720,Islamic Republic of Iran,Human Rights,
A/RES/77/222,3997726,,Death Penalty,Moratorium
A/RES/77/218,3997731,,Extrajudicial executions; Summary executions; Arbitrary executions,
A/RES/77/216,3997738,,Peace;Human Rights,Promotion
A/RES/77/215,3997741,,Democratic order;Equitable international order,Promotion
A/RES/77/214,3997744,,Human rights; Unilateral coercive measures,
A/RES/77/212,3997748,,Right to Development,
A/RES/77/208,3997749,Palestinian people,Self-determination,Right
A/RES/77/206,3997750,,Mercenaries;Human Rights;Right of Peoples to Self-Determination,Violation;Impeding
A/RES/77/205,3997760,,Racism;racial discrimination;xenophobia;related intolerance;Durban Declaration;Programme of Action,Elimination;implementation;follow-up
A/RES/77/204,3997769,,Nazism;neo-Nazism;racism;racial discrimination;xenophobia;intolerance,Combating
A/RES/77/193,3997770,,Violence against women and girls; Gender stereotypes; Negative social norms,Intensification; Prevention; Elimination
A/RES/77/200,3997771,,Human Rights Council,Report
A/RES/77/243,3998306,,Violent Extremism;Terrorism,Prevention
A/RES/77/263A,3999151,,Programme Budget,Proposal
A/RES/77/250,3999153,,Arms Race; Outer Space,Prevention; Measures
A/RES/77/247,3999158,Israel;Palestine;Occupied Palestinian Territory;East Jerusalem,Human Rights,
A/RES/77/248,3999186,,Oceans; Law of the Sea,
A/RES/77/272,4003689,United Nations,Prohibition of Chemical Weapons,Cooperation
A/RES/ES-11/6,4003921,Ukraine,Charter of the United Nations;Peace,Principles
A/RES/77/284,4009707,United Nations;Council of Europe,Cooperation,
A/RES/77/301,4014141,Syrian Arab Republic,Missing Persons,Institution
A/RES/77/313,4014142,Lebanon,United Nations Interim Force,Financing
A/RES/77/293,4014190,Abkhazia;Georgia;Tskhinvali region;South Ossetia,Internally displaced persons;Refugees,
A/RES/77/321,4016932,,Law of the Sea;Conservation;Sustainable Use;Marine Biological Diversity;Areas beyond National Jurisdiction,Agreement
A/RES/77/338,4020262,United Nations;Shanghai Cooperation Organization,Cooperation,Cooperation
A/RES/ES-10/21,4025240,,Protection of civilians; Legal obligations; Humanitarian obligations,Upholding
A/RES/78/6,4025656,,International Criminal Court,Report
A/RES/78/7,4025763,United States of America;Cuba,Economic embargo;Commercial embargo;Financial embargo,Ending
A/RES/78/10,4027907,,Sport;Olympic ideal,Building
A/RES/78/11,4028491,Syrian Golan,,
A/RES/78/32,4029001,,Convention on Cluster Munitions,Implementation
A/RES/78/33,4029002,,International Court of Justice; Legality; Threat; Use; Nuclear Weapons,Follow-up
A/RES/78/34,4029003,,Humanitarian consequences;nuclear weapons,
A/RES/78/35,4029004,,Nuclear Weapons,Prohibition
A/RES/78/37,4029005,,Conventional arms control,Control
A/RES/78/40,4029006,,Nuclear Weapons,Building; Roadmap
A/RES/78/41,4029007,,Nuclear-weapon-free world,Ethical imperatives
A/RES/78/42,4029008,,Nuclear-weapon-free world; Nuclear disarmament,Implementation; Acceleration; Commitment
A/RES/78/44,4029009,,Nuclear Danger,Reduction
A/RES/78/45,4029010,,Convention on the Prohibition of the Use Stockpiling Production and Transfer of Anti-Personnel Mines; Destruction,Implementation
A/RES/78/47,4029011,,Conventional Ammunition Management,Management
A/RES/78/48,4029012,,Arms Trade Treaty,
A/RES/78/50,4029013,Southern Hemisphere,Nuclear-weapon-free,
A/RES/78/51,4029014,,Radiological weapons,
A/RES/78/53,4029015,,Nuclear disarmament,
A/RES/78/55,4029016,,Nuclear Weapons,Prohibition
A/RES/78/63,4029017,Middle East,Nuclear Proliferation,Risk
A/RES/78/65,4029018,Mediterranean region,Security;Cooperation,Strengthening
A/RES/78/66,4029019,,Nuclear-Test-Ban Treaty,Adoption
A/RES/78/28,4029020,,Fissile Material;Nuclear Weapons;Nuclear Explosive Devices,Treaty Banning;Production Banning
A/RES/78/17,4029220,Middle East,Nuclear-weapon-free zone,Establishment
A/RES/78/26,4029221,,Disarmament;Non-proliferation,Promotion
A/RES/78/27,4029222,,Nuclear Disarmament,Follow-up
A/RES/78/13,4029223,Indian Ocean,Zone of Peace,Implementation
A/RES/78/29,4029224,,Convention on the Prohibition of the Development Production Stockpiling and Use of Chemical Weapons; Destruction of Chemical Weapons,Implementation
A/RES/78/20,4029225,,Space threats; Norms; Rules; Principles; Responsible behaviours,Reduction
A/RES/78/30,4029226,,Nuclear Disarmament;Non-Proliferation of Nuclear Weapons,Follow-up;Review
A/RES/78/15,4029227,,Weapons of Mass Destruction;Disarmament,Prohibition;Development;Manufacture
A/RES/78/18,4029228,Non-nuclear-weapon States,Nuclear weapons,Assurance
A/RES/78/21,4029229,,Weapons; Outer Space,Placement
A/RES/78/16,4029230,,State behaviour;Information and communications technologies;International security,Programme of action;Advancement
A/RES/78/69,4029432,,Oceans;Law of the Sea,
A/RES/78/78,4029433,Israel;Palestinian Territory;East Jerusalem;Syrian Golan,Israeli settlements,
A/RES/78/83,4029434,Colonial Countries;Peoples,Declaration;Independence,Implementation
A/RES/78/73,4029435,Palestine; Near East,Relief; Works; Refugees,Operations
A/RES/78/100,4029436,,Decolonization,Dissemination of information
A/RES/78/75,4029437,Palestine,Refugees;Properties;Revenues,
A/RES/78/81,4029438,Non-Self-Governing Territories,Information,Transmission
A/RES/78/74,4029439,Palestine,Refugees,Assistance
A/RES/78/77,4029440,Syrian Golan,,
A/RES/78/101,4029441,Colonial Countries;Colonial Peoples,Declaration;Independence,Implementation;Granting
A/RES/78/76,4029442,Israel;Palestine;Occupied Territories,Human Rights,Investigation
A/RES/78/82,4029443,Non-Self-Governing Territories,Economic Activities;Interests of the Peoples,
A/RES/ES-10/22,4029732,,Protection of civilians; Legal obligations; Humanitarian obligations,Upholding
A/RES/78/203,4030698,,Right to Development,
A/RES/78/202,4030699,,Human rights; Unilateral coercive measures,Adoption
A/RES/78/201,4030700,,Human rights;cultural diversity,Adoption
A/RES/78/200,4030701,,Human Rights Treaty Bodies;Geographical Distribution,Promotion
A/RES/78/196,4030702,,Democratic order;Equitable international order,Promotion
A/RES/78/192,4030703,Palestinian people,Self-determination,Right
A/RES/78/191,4030704,,Mercenaries;Human Rights;Right of Peoples to Self-Determination,Violation;Impeding
A/RES/78/190,4030705,,Nazism;neo-Nazism;racism;racial discrimination;xenophobia;intolerance,Combating
A/RES/78/186,4030708,,Human Rights Council,Report
A/RES/78/183 B,4030709,,United Nations High Commissioner for Refugees,Enlargement
A/RES/78/183 A,4030710,,United Nations High Commissioner for Refugees,Enlargement
A/RES/78/144,4030711,,Agricultural technology;sustainable development,
A/RES/78/143,4030712,Lebanese shores,Oil slick,
A/RES/78/135,4030713,developing countries,unilateral economic measures; political coercion; economic coercion,means
A/RES/78/222,4030714,Syrian Arab Republic,Human Rights,
A/RES/78/221,4030715,Ukraine;Autonomous Republic of Crimea;Sevastopol,Human Rights,
A/RES/78/220,4030716,Islamic Republic of Iran,Human Rights,
A/RES/78/209,4030717,South-West Asia;Arab Region,Human Rights,Training;Documentation
A/RES/78/208,4030718,,United Nations;Democratization;Elections,Strengthening;Promotion;Enhancement
A/RES/78/150,4030928,,Gender Equality;Women;Girls;Sustainable Development Goals,Achievement;Empowerment;Realization
A/RES/78/230,4031002,,International Tax Cooperation,Promotion
A/RES/78/251,4031003,Palestine,Refugees;Programme Budget,Proposal
A/RES/78/241,4031004,,Lethal autonomous weapons systems,Adoption
A/RES/78/240,4031005,Member States,Nuclear Weapons;Victim Assistance;Environmental Remediation,Addressing;Providing
A/RES/78/239,4031006,,Nuclear disarmament verification,
A/RES/78/238,4031007,,Arms Race; Outer Space,Prevention; Measures
A/RES/78/237,4031008,,Information and Telecommunications; International Security,Development
A/RES/78/234,4031009,,Racism;Racial Discrimination;Xenophobia;Related Intolerance;Durban Declaration;Programme of Action,Elimination;Implementation;Follow-up
A/RES/78/170,4031236,Palestinian Territory;East Jerusalem;Syrian Golan,Permanent sovereignty;Natural resources,
A/RES/78/158,4031240,,Sand and Dust Storms,Combating
A/RES/78/165,4031242,,Rural Poverty;2030 Agenda for Sustainable Development,Eradication;Implementation
A/RES/78/264,4040686,,Islamophobia,Combat
A/RES/78/273,4045077,Syrian Arab Republic,Missing Persons,Estimates
A/RES/78/272,4045078,,Law of the Sea;Conservation;Sustainable Use;Marine Biological Diversity;Areas beyond National Jurisdiction,Agreement
A/RES/ES-10/23,4046991,,United Nations,Admission
A/RES/78/282,4048673,Srebrenica,Genocide,Reflection;Commemoration
A/RES/78/283,4050309,Abkhazia;Georgia;Tskhinvali region;South Ossetia,Internally displaced persons;Refugees,
A/RES/78/305,4053203,Lebanon,United Nations Interim Force,Financing
A/RES/78/316,4053933,Ukraine; Zaporizhzhia nuclear power plant,Safety; Security; Nuclear facilities,
A/RES/ES-10/24,4061432,Israel;Occupied Palestinian Territory;East Jerusalem,Legal consequences;Illegality,Advisory opinion
A/RES/79/6,4064867,,International Criminal Court,Report
A/RES/79/7,4064910,United States of America;Cuba,Economic embargo;Commercial embargo;Financial embargo,Ending
A/RES/79/10,4066401,Collective Security Treaty Organization,Cooperation,
A/RES/79/48,4067944,,Geneva Protocol,Measure; Upheld Authority
A/RES/79/17,4067945,non-nuclear-weapon States,nuclear weapons,assurance
A/RES/79/35,4067946,,Nuclear-weapon-free world;nuclear disarmament,Implementation;Commitments
A/RES/79/55,4067947,,Terrorists;Radioactive sources,Prevention
A/RES/79/36,4067948,,Nuclear-weapon-free world,Ethical imperative
A/RES/79/60,4067949,Member States,Nuclear Weapons;Victim Assistance;Environmental Remediation,Addressing;Providing
A/RES/79/32,4067950,,International Court of Justice; Legality; Threat; Use; Nuclear Weapons,Follow-up
A/RES/79/37,4067951,,Humanitarian consequences;nuclear weapons,
A/RES/79/39,4067952,,Nuclear-Weapon-Free World,Achievement
A/RES/79/77,4067953,,Nuclear-Test-Ban Treaty,Comprehensiveness
A/RES/79/21,4067954,,Arms Race; Outer Space,Prevention; Measures
A/RES/79/26,4067956,regional;subregional levels,Conventional arms control,
A/RES/79/64,4067957,,Nuclear Weapons,Prohibition
A/RES/79/52,4067958,,Arms Trade Treaty,
A/RES/79/50,4067959,,Nuclear disarmament,
A/RES/79/22,4067960,,Space threats; Norms; Rules; Principles; Responsible behaviours,Reduction
A/RES/79/74,4067961,Middle East,Nuclear Proliferation,Risk
A/RES/79/54,4067962,,Conventional Ammunition Management,Management
A/RES/79/83,4068136,Syrian Golan,,
A/RES/79/82,4068137,Palestine,Palestinian Rights,
A/RES/79/81,4068138,Palestine,Peaceful settlement,Settlement
A/RES/79/88,4068170,Palestine,Refugees,Assistance
A/RES/79/95,4068172,Non-Self-Governing Territories,Economic Activities;Interests of the Peoples,
A/RES/79/96,4068173,Colonial Countries;Peoples,Declaration;Independence,Implementation
A/RES/79/89,4068174,Palestine,Refugees;Properties;Revenues,
A/RES/79/94,4068175,Non-Self-Governing Territories,Information,Transmission
A/RES/79/113,4068176,,Decolonization,Dissemination of information
A/RES/79/115,4068177,Colonial Countries;Colonial Peoples,Declaration on the Granting of Independence;Colonialism,Implementation;Eradication
A/RES/79/90,4068178,Syrian Golan,,
A/RES/79/114,4068179,Colonial Countries;Peoples,Declaration;Independence,Implementation;Granting
A/RES/79/91,4068181,Israel;Palestinian Territory;East Jerusalem;Syrian Golan,Israeli settlements,
A/RES/79/62,4068497,,Lethal autonomous weapons systems,Adoption
A/RES/79/61,4068498,,Arms Control;Disarmament;Non-Proliferation Treaties;Agreements,Strengthening;Development
A/RES/79/58,4068499,,Convention on Cluster Munitions,Implementation
A/RES/79/56,4068500,,Convention on the Prohibition of the Development Production Stockpiling and Use of Chemical Weapons; Destruction of Chemical Weapons,Implementation
A/RES/79/49,4068501,,Armaments; Ammunitions; Depleted Uranium,Use
A/RES/79/47,4068502,,Nuclear Disarmament,Follow-up
A/RES/79/46,4068503,,Multilateralism;Disarmament;Non-proliferation,Promotion
A/RES/79/41,4068504,,Nuclear Weapons,Building; Roadmap
A/RES/79/38,4068505,,Nuclear Weapons,Prohibition
A/RES/79/34,4068506,,Convention on the Prohibition of the Use Stockpiling Production and Transfer of Anti-Personnel Mines; Destruction,Implementation
A/RES/79/33,4068507,,Nuclear Danger,Reduction
A/RES/79/29,4068508,The Hague,Ballistic Missile Proliferation,Code of Conduct
A/RES/79/20,4068509,,Weapons; Outer Space,Placement
A/RES/79/16,4068510,Middle East,Nuclear-weapon-free zone,Establishment
A/RES/79/135,4068511,Central European Initiative,Cooperation,Cooperation
A/RES/79/134,4068512,,Chemical Weapons,Cooperation
A/RES/79/76,4068916,Mediterranean region,Security;Cooperation,Strengthening
A/RES/79/80,4068917,,International Cooperation;Peaceful Uses;International Security,Promotion
A/RES/ES-10/26,4069197,Gaza,Ceasefire,Demand
A/RES/ES-10/25,4069198,Palestine; Near East,United Nations Relief and Works Agency; Palestine Refugees,Support; Mandate
A/RES/79/18,4069200,,Weapons of mass destruction; Outer space,
A/RES/79/144,4069373,,Oceans;Law of the Sea,
A/RES/79/152,4069721,,Violence against women and girls; Digital environment,Intensification; Prevention; Elimination
A/RES/79/157,4069722,,Human Rights Council,Report
A/RES/79/160,4069723,,Nazism;neo-Nazism;racism;racial discrimination;xenophobia;intolerance,Combating
A/RES/79/161,4069724,,Racism;Racial Discrimination;Xenophobia;Related Intolerance;Durban Declaration;Programme of Action,Elimination;Implementation;Follow-up
A/RES/79/162,4069725,,Mercenaries;Human Rights;Right of Peoples to Self-Determination,Violation;Impeding
A/RES/79/163,4069726,Palestinian people,Self-determination,Right
A/RES/79/167,4069727,,Human rights; Unilateral coercive measures,
A/RES/79/168,4069728,,Democratic order;Equitable international order,Promotion
A/RES/79/169,4069729,,Peace;Human Rights,Promotion
A/RES/79/170,4069730,,Right to Development,
A/RES/79/176,4069731,,Extrajudicial executions; Summary executions; Arbitrary executions,
A/RES/79/179,4069732,,Death Penalty,Moratorium
A/RES/79/183,4069733,Islamic Republic of Iran,Human Rights,
A/RES/79/184,4069734,Ukraine;Autonomous Republic of Crimea;Sevastopol,Human Rights,
A/RES/79/185,4069735,Syrian Arab Republic,Human Rights,
A/RES/79/195,4069876,,International trade;Development,
A/RES/79/200,4069877,Lebanese shores,Oil slick,
A/RES/79/201,4069878,,Entrepreneurship;sustainable development,
A/RES/79/215,4069879,,International Economic Order,Resolution
A/RES/79/216,4069880,,United Nations;Development;Globalization;Interdependence,Promotion
A/RES/79/225,4069881,,Rural Poverty;2030 Agenda for Sustainable Development,Eradication;Implementation
A/RES/79/229,4069882,Palestinian Territory;East Jerusalem;Syrian Golan,Permanent sovereignty;Natural resources,
A/RES/79/232,4069883,Israel,Obligations;United Nations;International Organizations;Third States,Request;Advisory Opinion;Presence;Activities
A/RES/79/235,4070016,,International Tax Cooperation,Promotion
A/RES/79/238,4070017,,Nuclear war effects; Scientific research,
A/RES/79/239,4070018,,Artificial intelligence;Military domain;International peace;Security,Implication
A/RES/79/241,4070037,,Nuclear-weapon-free zones,Study
A/RES/79/240,4070039,,Nuclear Disarmament Verification,Group
A/RES/79/249,4070464,,United Nations,Apportionment; Assessment
A/RES/79/256,4070472,Palestine,Refugees;Programme budget,Proposal
A/RES/ES-11/7,4076672,Ukraine,Peace,Advancement
A/RES/ES-11/8,4076673,,Peace,Path
A/RES/79/267,4078354,,Education; Democracy,
A/RES/79/266,4078355,,Judicial Well-being,Celebration
A/RES/79/269,4078357,,Peaceful Coexistence,Celebration
A/RES/79/270,4078358,,Hope,Celebration
A/RES/79/276,4079240,,Nutrition,Implementation; Action
A/RES/79/278,4079241,Rohingya Muslims; Myanmar,Minorities,Scope; Modalities; Format; Organization
A/RES/79/284,4080624,United Nations;Council of Europe,Cooperation,Cooperation
A/RES/79/283,4080625,,Afforestation;Reforestation;Sustainable Forest Management,Decade
A/RES/79/287,4081135,,Global health;Foreign policy;Health promotion;Well-being,Rethinking;Improvement;Sustainability
A/RES/79/290,4082671,United Nations;Association of Southeast Asian Nations,Cooperation,Cooperation
A/RES/79/291,4082960,,World Horse Day,
A/RES/79/292,4083048,Abkhazia;Georgia;Tskhinvali region;South Ossetia,Internally displaced persons;Refugees,
A/RES/ES-10/27,4083529,,Protection of civilians; Legal obligations; Humanitarian obligations,Upholding
A/RES/79/293,4083624,,Unilateral Coercive Measures,International Day
A/RES/79/316,4084391,,Interreligious and intercultural dialogue; Tolerance; Hate speech,Promotion; Countering
A/RES/79/315,4084392,,Wiphala;Harmony;Balance;Complementarity;Mother Earth,Symbol
A/RES/79/314,4084393,,Ocean; Future,Urgent Action; Unity
A/RES/79/313,4084394,,Illicit Trafficking; Wildlife,Tackling
A/RES/79/308,4084395,Lebanon,United Nations Interim Force,Financing
A/RES/79/317,4084801,Afghanistan,,
A/RES/79/319,4085849,,United Nations;national parliaments;Inter-Parliamentary Union,Interaction
A/RES/79/321,4085850,,Culture of Peace,Follow-up; Declaration; Programme of Action
A/RES/79/323,4087202,,,
A/RES/79/326,4087205,United Nations;Commonwealth of Independent States,Cooperation,
A/RES/79/329,4087776,United Nations;African Union,Cooperation,
A/RES/79/330,4087777,United Nations; Economic Cooperation Organization,Cooperation,Cooperation
A/RES/79/331,4087778,International Organization of la Francophonie,Cooperation,Cooperation
A/RES/79/332,4087780,United Nations;Shanghai Cooperation Organization,Cooperation,Cooperation
A/RES/79/333,4087781,,Pandemic Prevention;Pandemic Preparedness;Pandemic Response,Meeting;Organization
A/RES/79/334,4087782,,Technological Change;Sustainable Development Goals;Targets,Achievement
A/DEC/80/506,4088074,Palestine,Peaceful Settlement;Two-State Solution,Endorsement;Implementation
A/RES/80/1,4088513,State of Palestine,Participation,
A/RES/80/4,4091600,United States of America;Cuba,Economic embargo;Commercial embargo;Financial embargo,Ending
A/RES/80/6,4092605,,International Criminal Court,Report
A/RES/80/7,4092872,,International Atomic Energy Agency,Report
A/RES/80/10,4093827,,Indigenous Women and Girls,International Day
A/RES/80/67,4094436,Middle East,Nuclear Proliferation,Risk
A/RES/80/70,4094437,,Nuclear-Test-Ban Treaty,Comprehensiveness
A/RES/80/69,4094438,Mediterranean region,Security;Cooperation,Strengthening
A/RES/80/66,4094439,,Disarmament,Report
A/RES/80/65,4094440,,Disarmament,Report
A/RES/80/63,4094443,Central Africa,Confidence-building measures; Security Questions,Activities
A/RES/80/59,4094447,,Nuclear Weapons,Prohibition
A/RES/80/58,4094455,,Artificial intelligence;Military domain;International peace;Security,Implications
A/RES/80/57,4094456,,Lethal autonomous weapons systems,Adoption
A/RES/80/56,4094459,,Victim Assistance;Environmental Remediation,Modalities;Meeting
A/RES/80/55,4094461,,Youth;Disarmament;Non-proliferation,
A/RES/80/54,4094477,,Nuclear Weapons,Prohibition
A/RES/80/53,4094478,,Nuclear Disarmament Verification;Scientific and Technical Experts,Establishment
A/RES/80/52,4094479,,Convention on Cluster Munitions,Implementation
A/RES/80/51,4094480,,Nuclear-weapon-free world,Ethical imperatives
A/RES/80/50,4094481,,Humanitarian consequences;nuclear weapons,
A/RES/80/49,4094482,,Nuclear Disarmament,Follow-up
A/RES/80/48,4094483,,Nuclear Weapons,Building; Roadmap
A/RES/80/46,4094484,,Arms Trade Treaty,
A/RES/80/45,4094485,,Nuclear disarmament; Treaty on the Non-Proliferation of Nuclear Weapons,Follow-up; Review
A/RES/80/72,4094565,Palestine,Peaceful settlement,Settlement
A/RES/80/73,4094566,Syrian Golan,,
A/RES/80/44,4094642,,Transparency;Confidence-building measures;Outer space activities,
A/RES/ES-11/9,4094643,Ukraine,Children,Return
A/RES/80/32,4094645,,Environmental norms;Disarmament;Arms control,Observance;Drafting;Implementation
A/RES/80/33,4094646,,International Court of Justice; Legality; Threat; Use; Nuclear Weapons,Follow-up
A/RES/80/34,4094647,,Convention on the Prohibition of the Development Production Stockpiling and Use of Chemical Weapons,Implementation; Destruction
A/RES/80/35,4094649,,Convention on the Prohibition of the Use Stockpiling Production and Transfer of Anti-Personnel Mines; Destruction,Implementation
A/RES/80/37,4094650,,Nuclear Danger,Reduction
A/RES/80/39,4094651,,Nuclear-weapon-free world; Nuclear disarmament,Implementation; Acceleration
A/RES/80/40,4094652,,Disarmament;Non-proliferation,Promotion
A/RES/80/43,4094654,,Conventional Ammunition Management,Management
A/RES/80/13,4094655,Indian Ocean,Zone of Peace,Implementation; Declaration
A/RES/80/17,4094657,Middle East,Nuclear-weapon-free zone,Establishment
A/RES/80/18,4094658,non-nuclear-weapon States,nuclear weapons,assurance
A/RES/80/19,4094661,,Arms race; Outer space,Prevention
A/RES/80/20,4094663,,Weapons; Outer Space,Placement
A/RES/80/21,4094664,,Arms Race; Outer Space,Prevention; Measures
A/RES/80/23,4094665,,Artificial Intelligence;Command Control and Communications Systems;Nuclear Weapons,Integration;Risk
A/RES/80/24,4094666,,Nuclear disarmament,
A/RES/80/25,4094667,,Disarmament;Development,Relationship
A/RES/80/28,4094669,,Transparency in armaments,
A/RES/80/29,4094670,regional;subregional levels,Conventional arms control,
A/RES/80/31,4094672,southern hemisphere;adjacent areas,Nuclear-weapon-free,
A/RES/80/74,4095053,,Mine Action,Assistance
A/RES/80/106,4095054,,Colonialism,Commemoration
A/RES/80/105,4095055,Colonial Countries;Colonial Peoples,Declaration;Independence,Implementation;Granting
A/RES/80/104,4095056,,Decolonization,Dissemination of information
A/RES/80/103,4095057,United States Virgin Islands,,
A/RES/80/96,4095058,Guam,,
A/RES/80/90,4095059,American Samoa,,
A/RES/80/87,4095061,Colonial Countries;Peoples,Declaration;Independence,Implementation
A/RES/80/86,4095062,Non-Self-Governing Territories,Economic Activities; Interests of the Peoples,
A/RES/80/85,4095064,Non-Self-Governing Territories,Information,Transmission
A/RES/80/84 B,4095065,,Global Communications,Policy; Activity
A/RES/80/84 A,4095066,,Information; Humanity,Service
A/RES/80/83,4095067,,Special Political Missions,Review
A/RES/80/82,4095068,Syrian Golan,,
A/RES/80/81,4095069,Israel;Palestinian Territory;East Jerusalem;Syrian Golan,Israeli settlements,
A/RES/80/80,4095071,Israel;Palestine;Occupied Territories,Human Rights,Investigation
A/RES/80/79,4095072,Palestine,Refugees;Properties;Revenues,
A/RES/80/78,4095073,Palestine,Refugees,Assistance
A/RES/80/77,4095074,Palestine; Near East,Relief; Works; Refugees,Operations
A/RES/80/76,4095075,,Outer Space,International Cooperation; Peaceful Uses
A/RES/80/108,4095193,,Sustainable Development Goal 14;Oceans;Seas;Marine Resources;Sustainable Development,Support;Implementation;Conservation;Sustainable Use
A/RES/80/110,4095194,,Oceans;Law of the Sea,
A/RES/80/107,4095196,,Law of the Sea;Conservation;Sustainable Use;Marine Biological Diversity;Areas beyond National Jurisdiction,Agreement
A/RES/80/111,4095321,Chornobyl,International Cooperation;Coordination;Study;Mitigation;Minimization;Consequences;Disaster,Strengthening
A/RES/80/112,4095325,,Safety and security of humanitarian personnel; Protection of United Nations personnel,
A/RES/80/113,4095326,,Humanitarian assistance;Natural disasters;Relief;Development,International cooperation
A/RES/80/116,4095497,Israel;Occupied Palestinian Territory,Obligations;Presence;Activities;United Nations;International Organizations;Third States,Advisory Opinion
A/RES/80/189,4095629,,Human Rights Council,Report
A/RES/80/190,4095630,,Rights of the child,
A/RES/80/191,4095631,,Rights of indigenous peoples,
A/RES/80/192,4095632,,Nazism;neo-Nazism;racism;racial discrimination;xenophobia;intolerance,Combating
A/RES/80/193,4095633,,Racism;Racial Discrimination;Xenophobia;Related Intolerance;Durban Declaration;Programme of Action,Elimination;Implementation;Follow-up
A/RES/80/194,4095634,,Mercenaries;Human Rights;Right of Peoples to Self-Determination,Violation;Impeding
A/RES/80/195,4095635,Palestinian people,Self-determination,Right
A/RES/80/198,4095636,,Torture; Cruel Inhuman or Degrading Treatment or Punishment,
A/RES/80/175,4095637,,Inclusive policies;Programmes;Homelessness;Coronavirus disease (COVID-19),Addressing
A/RES/80/176,4095638,,Rare Disease;Persons Living with Rare Disease;Families,Addressing Challenges
A/RES/80/177,4095639,,Persons with albinism,
A/RES/80/178,4095640,,World Summit for Social Development,Implementation; Outcome
A/RES/80/180,4095641,,Youth,Policy;Programme
A/RES/80/181,4095642,,Social Integration;Social Inclusion,Promotion
A/RES/80/182,4095643,,Cooperatives; Social Development,
A/RES/80/184,4095644,,Women; Girls; Rural Areas,Improvement
A/RES/80/185,4095645,,Violence against women migrant workers,
A/RES/80/186,4095646,,Women; Beijing Declaration; Platform for Action,Follow-up; Implementation
A/RES/80/187,4095647,,Office of the United Nations High Commissioner for Refugees,
A/RES/80/188,4095648,Africa,Refugees;Returnees;Displaced persons,Assistance
A/RES/80/118,4095649,,Information and communications technologies;sustainable development,
A/RES/80/119,4095650,,Consumer product safety,
A/RES/80/120,4095651,developing countries,unilateral economic measures; political coercion; economic coercion,means
A/RES/80/121,4095653,,International trade;Development,
A/RES/80/122,4095654,,International financial system; Development,
A/RES/80/123,4095656,,External debt sustainability; Development,
A/RES/80/124,4095657,,Commodities,
A/RES/80/125,4095658,,Financial inclusion;sustainable development,
A/RES/80/126,4095659,,Illicit financial flows;Assets return;Sustainable development,Promotion;Cooperation;Strengthening
A/RES/80/127,4095660,,Investment;sustainable development,Promotion
A/RES/80/128,4095661,,International Tax Cooperation,Promotion
A/RES/80/129,4095662,,Financing for Development,Follow-up; Implementation
A/RES/80/130,4095663,Lebanon,Oil slick,
A/RES/80/131,4095664,,Energy Connectivity;sustainable Development,Driving
A/RES/80/134,4095666,Central America;Dominican Republic,Sustainable tourism;Resilient tourism;Sustainable development,
A/RES/80/135,4095668,,Sustainable consumption and production patterns;2030 Agenda for Sustainable Development;Agenda 21,Promotion;Implementation;Building
A/RES/80/136,4095670,Antigua and Barbuda; Small Island Developing States,Resilient Prosperity,Follow-up; Implementation; Declaration
A/RES/80/137,4095671,,Disaster risk reduction,
A/RES/80/117,4095673,,Noncommunicable Diseases;Mental Health;Well-being,Prevention;Control;Promotion
A/RES/80/153,4095700,,Eradication of Poverty,Implementation
A/RES/80/154,4095701,,Rural Poverty;2030 Agenda for Sustainable Development,Eradication;Implementation
A/RES/80/155,4095702,,United Nations System;Development,Operational activities
A/RES/80/156,4095703,,South-South cooperation,Cooperation
A/RES/80/157,4095704,,Agriculture development;Food security;Nutrition,
A/RES/80/158,4095705,Palestinian Territory;East Jerusalem;Syrian Golan,Permanent sovereignty;Natural resources,
A/RES/80/139,4095750,Africa,Desertification;Drought,Implementation;Combat
A/RES/80/138,4095751,,Global climate; Present and future generations of humankind,Protection
A/RES/80/152,4095752,,Care Economy; Sustainable Development,Contribution
A/RES/80/151,4095753,Landlocked Developing Countries,,Follow-up
A/RES/80/150,4095754,Least Developed Countries,,Follow-up
A/RES/80/149,4095755,middle-income countries,Development cooperation,
A/RES/80/148,4095756,,Culture;sustainable development,
A/RES/80/147,4095757,,Science;Technology;Innovation;Sustainable Development,
A/RES/80/146,4095758,,Multidimensional Vulnerability Index,
A/RES/80/145,4095759,,Coastal Zone Management;sustainable development,Cooperation;Strengthening
A/RES/80/144,4095760,,Sustainable mountain development,
A/RES/80/143,4095761,,Sand and Dust Storms,Combating
A/RES/80/142,4095762,,Energy,Access
A/RES/80/141,4095763,,Education; Sustainable Development; 2030 Agenda for Sustainable Development,
A/RES/80/140,4095764,,Convention on Biological Diversity;sustainable development,Implementation;contribution
A/RES/80/133,4095835,,Agricultural technology;sustainable development,
A/RES/80/132,4095836,,Sustainable Transport,Decade
A/RES/80/197,4095921,,Convention on the Rights of Persons with Disabilities; Optional Protocol; Barriers,Implementation
A/RES/80/203,4096553,,Human Rights,Strengthening; Promotion; International Cooperation
A/RES/80/204,4096554,,Human Rights,Enhancement;International Cooperation
A/RES/80/205,4096555,,Human rights;cultural diversity,Adoption
A/RES/80/206,4096556,,Human Rights Treaty Bodies,Promotion; Equitable Geographical Distribution
A/RES/80/207,4096557,,Right to Development,
A/RES/80/208,4096558,,Democratic order;Equitable international order,Promotion
A/RES/80/209,4096559,,Human rights; Unilateral coercive measures,Adoption
A/RES/80/210,4096560,,Right to Food,
A/RES/80/211,4096561,,Internally Displaced Persons,Protection; Assistance
A/RES/80/212,4096562,Central Africa,Human Rights;Democracy,Resolution
A/RES/80/213,4096563,,Terrorism;Human Rights,
A/RES/80/214,4096564,,National human rights institutions,
A/RES/80/215,4096565,,Human Rights;Digital Technologies,Promotion;Protection
A/RES/80/216,4096566,,Human Rights;Safe Drinking Water;Sanitation,
A/RES/80/218,4096567,,Protection of migrants,
A/RES/80/222,4096568,Islamic Republic of Iran,Human Rights,
A/RES/80/223,4096569,Ukraine;Autonomous Republic of Crimea;Sevastopol,Human Rights,
A/RES/80/224,4096570,Syrian Arab Republic,Human Rights,
A/RES/80/228,4096571,,Trafficking in persons,Improvement; Coordination
A/RES/80/199,4096575,,"Declaration on the Rights of Persons Belonging to National or Ethnic, Religious and Linguistic Minorities",Promotion
