undl_id,keywords
278340,"Kampuchea, resolution"
278341,"Grenada, resolution, situation"
278342,"General Assembly, Iraqi nuclear installations, Israeli aggression, international peace and security, non-proliferation, nuclear energy, nuclear weapon, resolution, security"
278343,"Africa, South Africa, racial constitution, resolution"
278344,"Falkland Island (Malvinas), resolution"
278639,"Mayotte, comorian sland, resolution"
278640,"General Assembly, colonial countries, human rights, independence, resolution, self-determination"
278641,International Convention on the Suppression and Punishment of Crime of Apartheid
278642,"General Assembly, National experience, social and economic changes"
278643,"Afghanistan, international peace and security"
278644,"countries of origin, cultural property, resolution"
278645,"United Nations Disengagement Obever Force, financing, resolution"
278646,"United Nations Disengagement Obever Force, financing, resolution"
278647,"Africa, Namibia, illegal occupation of the Territory by South Africa"
278648,"Security Council, Security Council resolution 435 (1978)"
278649,"UN Council for Namibia, programme of work, resolution"
278651,"Namibia, information, public opinion, resolution"
278652,"UN Fund for Namibia, resolution"
278653,"Lebanon, United Nations Interim Force"
278654,"Africa, South Africa, resolution"
278655,"Apartheid, General Assembly"
278656,"Africa, apartheid, southern Africa"
278657,"South Africa, resolution"
278658,"Apartheid, General Assembly, Special Committee"
278659,"Israel, Relations between Israel and South Africa, South Africa"
278660,"South Africa, nuclear collaboration"
278661,"South Africa, investment, resolution"
278662,"South Africa, oil embargo"
278663,"apartheid in sport, resolution"
278664,"Charter of the United Nations, Non-Self-Governing Territories"
278665,"Africa, Colonial Countries, Colonial Countries and Peoples, Declaration on the Granting of Independence to Colonials and other interests, General Assembly, Namibia, apartheid, colonialism, foreign economic interests, racial discrimination, resolution, southern Africa"
278666,"Colonial Countries and Peoples, Declaration on the granting of Independence to Colonialization, General Assembly, United Nations, agents, resolution, specialized agencies and the international nstitutions associated with UN"
278667,"Colonial Countries and People, Declaration on the granting of Independence to Colonials and People"
278668,"decolonization, resolution"
278669,"Palestine, resolution"
278670,"Palestine, resolution"
278671,"Palestine, resolution"
278672,"Palestine, resolution"
278673,"Palestine, resolution"
278674,"United Nations Conference on the Law of the Sea, law of the sea, resolution"
278675,"Additional Protocol I of the Treaty for the Prohibition of Nuclear Weapon, Additional Protocol I of the Treaty for the Prohibition of Nuclear Weapon in Latin America (Treaty of Tlatelolco), General Assembly, Latin America, Tlatelolco"
278676,"nuclear weapon, test explosions"
278677,"comprehension, nuclear test-ban treaty, urgent need"
278678,"South Asia, nuclear-weapon-free zone"
278679,"General Assembly, non-nuclear-weapon, non-nuclear-weapon States, nuclear weapon use, resolution, threat of use"
278680,"assure, nuclear weapon, nuclear weapons, resolution"
278681,"Israeli nuclear armament, resolution"
278682,"arms race, outer space, resolution"
278684,"development, disarmament, resolution"
278686,"cessation, nuclear weapon test"
278687,"freeze, nuclear weapon, resolution"
278688,"General Assembly, Nuclear-arms freeze"
278689,"World Disarmament Campaign, World War II, disarmament, resolution"
278690,"convention on the prohibition of the use of Nuclear Weapon, resolution"
278691,"Disarmament, International security"
278692,"General Assembly, Non protection of nutclear weapon, Non protection of the non-proliferated weapon, Non-Proliferation of Nuclear Weapon, resolution, the Third Review Conference of the Parties to the Treaty"
278693,"condemnation, nuclear war, resolution"
278694,Nuclear-weapon freeze
278695,"Human Rights of the Population of the Occupied Territories, Israeli Practices, Occupied Territories, Population, Special Committee to Investigate Israeli practices"
278696,"Human Rights of the Population of the Occupied Territories, Israeli Practices, Occupied Territories, Population, Special Committee to Investigate Israeli practices"
278697,"Human Rights of the Population of the Occupied Territories, Israeli Practices, Occupied Territories, Population, Special Committee to Investigate Israeli practices"
278698,"Human Rights of the Population of the Occupied Territories, Israeli Practices, Occupied Territories, Population, Special Committee to Investigate Israeli practices"
278699,"Human Rights of the Population of the Occupied Territories, Israeli Practices, Occupied Territories, Population, Special Committee to Investigate Israeli practices"
278700,"Human Rights of the Population of the Occupied Territories, Israeli Practices, Occupied Territories, Population, Special Committee to Investigate Israeli practices"
278701,"Human Rights of the Population of the Occupied Territories, Israeli Practices, Occupied Territories, Population, Special Committee to Investigate Israeli practices"
278702,"Human Rights of the Population of the Occupied Territories, Israeli Practices, Occupied Territories, Population, Special Committee to Investigate Israeli practices"
278703,"co-operation, outer space, resolution"
278704,"General Assembly, peace-keeping operations, resolution"
278705,"General Assembly, information, resolution"
278706,"Palestine refugees, resolution"
278707,"Palestine Refugees, grants and scholarships for higher education, vocational training"
278708,"Gaza Strip, Palestine refugees"
278709,"Palestine refugees, resolution"
278710,"General Assembly, refugees, resolution"
278711,"Palestine refugees, resolution"
278712,"Palestine refugees, resolution"
278713,"Palestine refugees, West Bank resolution"
278714,"Al-Quds, Jerusalem, Palestine refugees, resolution"
278715,"Dead Sea, Mediterranean Sea"
278716,"Guatemala, fundamental freedoms, resolution"
278717,"El Salvador, fundamental freedoms, resolution"
278718,"Chile, fundamental freedoms, human rights, resolution"
278719,"General Assembly, prostitution, resolution"
278720,"United Nations Decade for Women, World Conference to Review and Appraise the Achievement of Women"
278721,"General Assembly, Human rights, scientific and technological development"
278722,"General Assembly, scientific and technological development"
278723,"General Assembly, United Nations, fundamental freedoms, human rights, resolution"
278724,"international economic order, international law, resolution"
278725,"Mankind, draft code of offence, resolution"
278726,"International Relations, Non-Use of Force, Special Committee on Enhancing the Effectiveness of the Principle of Non-Use of Force"
278727,"Arab territories, Palestinian national resources, resolution"
278728,"Palestinian people, resolution"
278729,"Africa, Transport and Communication Decade"
278730,"General Assembly, reverse transfer technology"
278731,"general Assembly, resolution, war"
278732,"Palestinian people, living condition"
278733,United Nations Special Fund for Land-locked Developing Countries
278734,"United Nations Institute for Training and Research, resolution"
278735,"Middle East, Middle East resolution"
278736,"Middle East, Middle East resolution"
278737,"Middle East, Middle East resolution"
278738,"Middle East, Middle East resolution"
278739,"Middle East, Middle East resolution"
278741,"Africa, Declaration on the Denuclearization of Africa"
278742,"Nuclear capability, South Africa"
278743,"development, mass destruction, resolution"
278744,Bilateral nuclear-arms negotiations
278746,"nuclear weapon, resolution"
278747,nuclear neutron weapon
278748,"General Assembly, Nuclear weapon, resolution"
278749,International co-operation for disarmament resolution
278750,"nuclear war, resolution"
278751,"General Assembly, recommendations, resolution"
278752,"Committee on Disarmament Resolution, General Assembly"
278753,"disarmament measures, resolution"
278754,"Disarmament Week, General Assembly"
278755,"General Assembly, recommendations, resolution"
278757,Bilateral nuclear-arms negotiations
278758,Bilateral nuclear-arms negotiations
278759,"military budget, resolution"
278760,"bacteriological weapons, resolution"
278761,"chemical and bacteriological weapon, resolution"
278762,"conventional disarmament, resolution"
278763,"General Assembly, military capabilities, resolution"
278764,"fissionable material, resolution, weapons"
278765,"confidence-building measures, naval armaments, seas and ocean"
278766,"arms race, naval arms"
278767,"General Assembly, Independent Commission on Disarmament and Security Issues"
278768,"General Assembly, comprehensive study, nuclear weapon-free zones, nuclear-weapon-free zones"
278769,"disarmament, disorution, resolution"
278770,"Declaration on the Strengthening of International Security, International Security"
278771,"Charter of the United Nations for the maintenance of international peace and security, General Assembly, international peace and security, resolution"
278772,"confidence-building, international economic relations"
278773,"Economic measures, Economic resolution, Political and economic coercion against developing countries"
278774,"General Assembly, United Nations, disaster situations, natural disasters, resolution"
278775,"biennium, programme budget, resolution"
278776,"General Assembly, postage stamps, resolution"
278777,"International Civil Service Commission, United Nations common system, resolution"
278779,"United Nations Joint Staff Pension Board, resolution"
278780,"biennium, programme budget, resolution"
278781,"United Nations, health insurance, resolution"
278782,"biennium, budget appropriations"
278783,"appropriation, financing, resolution"
278784,"biennium, expenses, extraordinary expense"
278785,"Capital Fund for the biennium 1983-1985, Working Capital Fund"
278786,"International Court of Justice, Pension scheme"
278816,"Africa, South Africa, resolution"
278835,"Kampuchea, resolution"
278836,"Falkland Island (Malvinas), resolution"
278837,"General Assembly, conference, resolution"
278838,"League of Arab States, United Nations, co-operation, cooperation between the United States"
278839,"Declaration on the Right of People to Peace, General Assembly"
278840,"Afghanistan, international peace and security"
278841,"General Assembly, Iraqi nuclear installations, Israeli aggression, international peace and security, non-proliferation, nuclear energy, nuclear weapon, resolution, security"
278842,"Africa, South Africa, assistance, colonialist régime, human rights, resolution"
278843,"General Assembly, colonial countries, human rights, independence, resolution, self-determination"
278844,International Convention on the Suppression and Punishment of Crime of Apartheid
278847,"General Assembly, non-nuclear-weapon, non-nuclear-weapon States, nuclear weapon use, resolution, threat of use"
278848,Committee on the Elimination of Racial Discrimination
278851,"Mayotte, comorian sland, resolution"
278852,"Western Sahara, resolution"
278853,"Charter of the United Nations, non-self-governing territories"
278854,"Africa, Colonial Countries, Colonial Countries and Peoples, Declaration on the Granting of Independence to Colonials and other interests, General Assembly, Namibia, apartheid, colonialism, foreign economic interests, racial discrimination, resolution, southern Africa"
278855,"Colonial Countries and Peoples, Declaration on the granting of Independence to Colonialization, General Assembly, United Nations, resolution"
278856,"Mayotte, comorian sland, resolution"
278857,"Palestine, resolution"
278858,"Palestine, resolution"
278859,"Palestine, resolution"
278860,"League of Arab States, United Nations, co-operation, cooperation between the United States"
278862,"Palestine, resolution"
278863,"Africa, South Africa, illegal occupation of the Territory by South Africa"
278864,"Namibia, Security Council resolution 435 (1978)"
278865,"UN Council for Namibia, programme of work, resolution"
278866,"Namibia, information, public opinion, resolution"
278867,"UN Fund for Namibia, resolution"
278868,"Additional Protocol I of the Treaty for the Prohibition of Nuclear Weapon, Additional Protocol I of the Treaty for the Prohibition of Nuclear Weapon in Latin America (Treaty of Tlatelolco), General Assembly, Latin America, Tlatelolco"
278869,"nuclear weapon, test explosions"
278870,"comprehension, nuclear-test-ban treaty"
278871,"South Asia, nuclear-weapon-free zone"
278872,"General Assembly, non-nuclear-weapon, non-nuclear-weapon States, nuclear weapon use, resolution, threat of use"
278873,"assure, nuclear weapon, nuclear weapons, resolution"
278874,"arms race, outer space, resolution"
278875,"General Assembly resolution 38/72, nuclear weapon test"
278876,"Africa, Declaration on the Denuclearization of Africa"
278877,"Africa, Declaration on the Denuclearization of Africa, nuclear capability"
278878,"development, mass destruction, resolution"
278879,"World Disarmament Campaign, World War II"
278880,"General Assembly, Nuclear-arms freeze"
278881,"World Disarmament Campaign, World War II"
278882,"freeze, nuclear weapon, resolution"
278883,"convention on the prohibition of the use of Nuclear Weapon, resolution"
278884,"Disarmament, International security"
278885,"military budget, resolution"
278886,"chemical and bacteriological weapon, resolution"
278887,"bacteriological weapons, resolution"
278888,"chemical and bacteriological weapon, resolution"
278889,"General Assembly, reimbursement, troop-contributing States"
278891,"Lebanon, United Nations Interim Force"
278892,"apartheid regime, liberation struggle, resolution"
278893,"Apartheid, General Assembly, Special Committee"
278894,"Israel, Relations between Israel and South Africa, South Africa"
278895,"apartheid in sport, resolution"
278896,"apartheid, public action, public information"
278897,"apartheid, elimination, resolution"
278898,"law of the sea, resolution"
278899,"international economic order, international law, resolution"
278900,"African Union, Arab States, General Assembly, United Arab States, national liberation movement, resolution"
278901,"Mankind, draft code of offence, resolution"
278902,"International Relations, Non-Use of Force, Special Committee on Enhancing the Effectiveness of the Principle of Non-Use of Force"
278903,multilateral treaty-making process
278904,"Colonial Countries and People, Declaration on the granting of Independence to Colonials and People"
278905,"decolonization, resolution"
278906,"Colonial Countries and People, Colonial Countries and Peoples, Declaration on the granting of Independence to Colonials and People, General Assembly, Independence"
278907,"Human Rights of the Population of the Occupied Territories, Israeli Practices, Occupied Territories, Resolution"
278908,"Human Rights of the Population of the Occupied Territories, Israeli Practices, Occupied Territories, Resolution"
278909,"Human Rights of the Population of the Occupied Territories, Israeli Practices, Occupied Territories, Resolution"
278910,"Human Rights of the Population of the Occupied Territories, Israeli Practices, Occupied Territories, Resolution"
278911,"Human Rights of the Population of the Occupied Territories, Israeli Practices, Occupied Territories, Resolution"
278912,"Human Rights of the Population of the Occupied Territories, Israeli Practices, Occupied Territories, Resolution"
278913,"Human Rights of the Population of the Occupied Territories, Israeli Practices, Occupied Territories, Resolution"
278915,"Human Rights of the Population of the Occupied Territories, Israeli Practices, Occupied Territories, Resolution"
278916,"General Assembly, information, resolution"
278917,"General Assembly, information, resolution"
278918,"Palestine refugees, UN Relief and Work Agency, resolution"
278919,"Member States of grants and scholarships for higher education, Palestine Refugees, Palestine refugees, UN Relief and Works Agency, vocational training"
278920,"Gaza Strip, Palestine refugees"
278921,"General Assembly, Palestine refugees, UN Relief and Work Agency, resolution"
278922,"Palestine Refugees, UN Relief and Work Agency, population, refugees, resolution"
278923,"Palestine Refugees, Palestine refugee properties, UN Relief and Work Agency, resolution"
278924,"Palestine refugees, UN Relief and Work Agency for Palestines in the Near East, resolution"
278925,"Palestine refugees, UN Relief and Work Agency, West Bank resolution"
278926,"Al-Quds, Jerusalem, Palestine refugees, UN Relief and Work Agency for Palestine Refugees in the Near East, resolution"
278927,"Dead Sea, Mediterranean Sea"
278928,"El Salvador, fundamental freedoms, resolution"
278929,"Guatemala, fundamental freedoms, resolution"
278930,"Chile, fundamental freedoms, human rights, resolution"
278931,"regional commission, senior women’s programme officers"
278932,"Discrimination against Women, Women, Women’s discrimination"
278933,"General Assembly, Human rights, scientific and technological development"
278934,"General Assembly, scientific and technological development"
278935,"Death Penalty, General Assembly, International Covenant on Civil and Political Right Aiming, abolition, death penalty, resolution"
278937,"General Assembly, United Nations System, fundamental freedoms, human rights, resolution"
278939,"Middle East, Middle East resolution"
278941,"Middle East, Middle East resolution"
278942,"Middle East, Middle East resolution"
278943,"Israeli nuclear armament, resolution"
278944,"disarmament measures, resolution"
278945,Bilateral nuclear-arms negotiations
278946,"General Assembly, Nuclear weapon, resolution"
278947,"nuclear weapon, resolution"
278948,nuclear neutron weapon
278949,"climatic effect, nuclear war, resolution"
278950,Bilateral nuclear-arms negotiations
278951,"United Nations Institute for Disarmament Research, resolution"
278952,"Disarmament Week, General Assembly"
278953,"cessation, nuclear disarmament, resolution"
278954,"general Assembly, resolution of the 10th special ession"
278955,International co-operation for disarmament resolution
278956,"Disarmament Resolution, General Assembly"
278957,"general Assembly, resolution of the 10th special ession"
278958,"nuclear war, resolution"
278959,"Environmental Modification Techniques, General Assembly, Military"
278960,"question of nuclear-weapon-free zones, resolution"
278961,Nuclear-weapon freeze
278962,"General Assembly, United Nations System, arms limitation, arms limitation and disarmament, disarmament resolution, resolution"
278963,"General Assembly, military research, resolution"
278964,"fissionable material, resolution, weapons"
278965,"naval arms race, resolution"
278966,"Declaration on the Strengthening of International Security Resolution, General Assembly"
278967,Declaration on the Preparation of Societies for Life in Peace
278968,"Charter of the United Nations for the maintenance of international peace and security, General Assembly, international peace and security, resolution"
278969,"General Assembly, State terrorism, resolution, socio-political system"
278970,"general Assembly, general resolution"
278971,"Charter of Economic Rights and Duties of States, Economic rights of States"
278972,"general Assembly, resolution, war"
278973,"Palestinian people, living condition"
278974,"United Nations Institute for Training and Research, long-term financing"
278975,"Economic measures, Economic resolution, Political and economic coercion against developing countries"
278976,"General Assembly, resolution, reverse transfer of technology"
278977,"economic cooperation, international co-operation"
278978,United Nations Special Fund for Land-locked Developing Countries
278979,"Economic development project, Palestinian territories"
278980,"Palestinian people, resolution"
278981,"confidence-building, international economic relations"
278982,"environment protection, health protection"
278983,"Africa, Transport and Communication Decade"
278984,"General Assembly, Industrial development co-operation"
278985,"Africa, Industrial Development Decade"
278986,"biennium, programme budget, resolution"
278987,"biennium, programme budget, resolution"
278988,"biennium, programme budget, resolution"
278990,"biennium, programme budget, resolution"
278991,"biennium 1983-1985, budget appropriations, resolution"
278992,"biennium, income estimates, resolution"
278993,"Financing appropriations, General Assembly, resolution"
278994,"United Nations, inflation, monetary instability"
278995,"Economic Commission for Western Asia, Staff and administrative questions"
279735,"General Assembly, Iraqi nuclear installations, Israeli aggression, international peace and security, non-proliferation, nuclear energy, nuclear weapon, resolution, security"
279736,"Kampuchea, resolution"
279737,"General Assembly, people to peace, resolution"
279738,"Afghanistan, international peace and security"
279739,"Bilateral nuclear-arms, negotiations resolutio"
279740,"countries of origin, cultural property, resolution"
279741,"Falkland Island (Malvinas), resolution"
279742,"General Assembly, National experience, social and economic changes"
279743,"General Assembly, colonial countries, human rights, independence, resolution, self-determination"
279744,International Convention on the Suppression and Punishment of Crime of Apartheid
279745,Committee on the Elimination of Racial Discrimination
279746,"Western Sahara, resolution"
279747,"Charter of the United Nations, Non-Self-Governing Territories"
279748,"Africa, Colonial Countries, Colonial Countries and Peoples, Declaration on the Granting of Independence to Colonials and other interests, General Assembly, Namibia, apartheid, colonialism, foreign economic interests, racial discrimination, resolution, southern Africa"
279749,"Colonial Countries and Peoples, Declaration on the granting of Independence to Colonialization, General Assembly, United Nations, resolution"
279750,"Colonial Countries and People, Declaration on the granting of Independence to Colonials and People"
279751,"Colonial Countries and People, Declaration on the granting of Independence to Colonials and People"
279752,"decolonization, resolution"
279753,"UN Disengagement Observer Force, financing, resolution"
279754,"UN Disengagement Observer Force, financing, resolution"
279786,"law of the sea, resolution"
279787,"South Africa, resolution"
279788,"South Africa, liberation movement, resolution"
279789,"Africa, South Africa, World Conference on Sanction AGAINST RACISM"
279790,"apartheid, public action, public information"
279791,"Israel, Relations between Israel and South Africa, South Africa"
279792,"Apartheid, General Assembly, Special Committee"
279793,"Apartheid in Sports, Sports resolution"
279794,"apartheid, elimination, resolution"
279795,"international economic order, international law, resolution"
279796,"Mankind, draft code of offence, resolution"
279797,"International Relations, Non-Use of Force, Special Committee on Enhancing the Effectiveness of the Principle of Non-Use of Force"
279798,"Additional Protocol I of the Treaty for the Prohibition of Nuclear Weapon, Additional Protocol I of the Treaty for the Prohibition of Nuclear Weapon in Latin America (Treaty of Tlatelolco), General Assembly, Latin America, Tlatelolco"
279799,"nuclear weapon, test explosions"
279800,"nuclear weapon, test explosions"
279801,"comprehension, nuclear-test-ban treaty"
279802,"South Asia, nuclear-weapon-free zone"
279803,"assure, nuclear weapon, nuclear weapons, resolution"
279804,"arms race, outer space, resolution"
279805,"General Assembly, immediate cessation, nuclear weapon test"
279807,"Africa, Declaration on the Denuclearization of Africa"
279808,"Africa, Declaration on the Denuclearization of Africa, nuclear capability"
279809,"development, mass destruction, resolution"
279810,REDUCTION OF MILITARY BUDGETS
279811,"CHEMICAL AND BACTERIOLOGICAL WEAPONS, PROHIBITION"
279812,CHEMICAL AND BACTERIOLOGICAL WEAPONS
279813,"Israeli nuclear armament, resolution"
279814,"conventional disarmament, regional scale"
279815,"complete disarmament, naval arms race"
279816,"complete disarmament, fissionable material, resolution"
279817,"disarmament, nuclear weapon freeze"
279818,"complete disarmament, confidence-building measures, naval armaments, naval arms race, ocean, resolution"
279819,"complete disarmament, military"
279820,"arms limitation, disarmament agreement"
279821,"Non Protection, Non-Proliferation of Nuclear Weapon"
279822,"complete disarmament, international peace and security"
279823,"Palestine, resolution"
279824,"Palestine, resolution"
279825,"Palestine, resolution"
279826,"Palestine, resolution"
279827,"Africa, Namibia, South Africa, resolution, territory"
279828,"Namibia, Security Council resolution 435 (1978)"
279829,"UN Council for Namibia, programme of work, resolution"
279830,"Namibia, information and mobillization of international public opinion, resolution, support"
279831,"UN Fund for Namibia, resolution"
279832,"General Assembly, question of Namibia"
279833,"General Assembly, World economy, resolution, social situation"
279834,"General Assembly, scientific and technological development"
279835,"General Assembly, Human rights, scientific and technological development"
279836,"interdependence of economic and political ights, interdivisibility, social rights"
279837,"General Assembly, United Nations System, fundamental freedoms, human rights, resolution"
279838,"Afghanistan, fundamental freedoms, resolution"
279839,"El Salvador, fundamental freedoms, resolution"
279840,"Guatemala, fundamental freedoms, resolution"
279841,"Islamic Republic of Iran, resolution"
279842,"Chile, fundamental freedoms, human rights, resolution"
279843,"Fascist, General Assembly, fascist activities, neo-Fascist ideologies, racial intolerance, resolution, terror, totalitarian ideologies"
279844,"Declaration on the Strengthening of International Security, International Security"
279845,"Charter of the United Nations for the maintenance of international peace and security, General Assembly, international peace and security, resolution"
279846,"Antarctica, General Assembly"
279847,"general Assembly, recommendations, resolution"
279848,"nuclear war, resolution"
279849,"Antarctica, General Assembly"
279850,"cessation, nuclear disarmament, resolution"
279851,"Antarctica, General Assembly"
279852,"General Assembly, armaments race, peace, security, social consequences"
279853,"Disarmament, International security"
279854,"General Assembly, Nuclear-arms freeze"
279855,"World Disarmament Campaign, World War II"
279856,"General Assembly, Nuclear weapon, resolution"
279857,"nuclear weapon, resolution"
279858,"Bilateral nuclear-arms, space arms"
279859,"convention on the prohibition of the use of Nuclear Weapon, resolution"
279860,"UN programmes, disarmament, fellowship"
279861,"World Disarmament Campaign, World War II"
279862,"freeze, nuclear weapon, resolution"
279863,International co-operation for disarmament resolution
279864,nuclear neutron weapon
279865,"Disarmament Week, General Assembly"
279866,"climatic effects, nuclear war, resolution"
279867,"Disarmament Resolution, General Assembly"
279868,"general Assembly, resolution of the 10th special ession"
279869,"Isareli Practices affecting the Human Right of the Population of the Occupied Territories, Occupied Territories, Resolution"
279870,"Isareli Practices affecting the Human Right of the Population of the Occupied Territories, Occupied Territories, Resolution"
279871,"Isareli Practices affecting the Human Right of the Population of the Occupied Territories, Occupied Territories, Resolution"
279873,"Isareli Practices affecting the Human Right of the Population of the Occupied Territories, Occupied Territories, Resolution"
279874,"Isareli Practices affecting the Human Right of the Population of the Occupied Territories, Occupied Territories, Resolution"
279875,"Isareli Practices affecting the Human Right of the Population of the Occupied Territories, Occupied Territories, Resolution"
279876,"Isareli Practices affecting the Human Right of the Population of the Occupied Territories, Occupied Territories, Resolution"
279877,"General Assembly, information, resolution"
279878,"General Assembly, information, resolution"
279879,"Palestine refugees, UNRWA, resolution"
279880,"Palestine refugees, education, higher education, vocational training"
279881,"Gaza Strip, Palestine refugees"
279882,"Palestine refugees, UNRWA, resolution"
279883,"UNRWA, refugees, resolution"
279884,"Palestine refugees, UNRWA, resolution"
279885,"Palestine refugees, UNRWA, resolution"
279886,"Palestine refugees, UNRWA"
279887,"Palestine refugees, UNRWA, resolution"
279888,"Dead Sea, Mediterranean Sea"
279889,"Middle East, Middle East resolution"
279890,"Middle East, Middle East resolution"
279891,"Middle East, Middle East resolution"
279892,"Economic development project, Palestinian territories"
279893,"Palestinian people, resolution"
279894,"economic security, resolution"
279895,"Charter of Economic Rights and Duties of States, Economic rights of States"
279896,"developing countries, land-locked development"
279897,"Economic measures, Economic resolution, Political and economic coercion against developing countries"
279898,"Nicaragua, development, resolution, trade embargo"
279899,"General Assembly, resolution, transfer of technology"
279900,"general Assembly, resolution, war"
279901,"co-operation, environment, resolution"
279902,"Palestinian people, living condition"
279903,"economic development, long-term trend"
279904,"biennium, programme budget, resolution"
279905,"financial emergency, resolution"
279906,"Lebanon, UN Interim Force"
279907,"Lebanon, UN Interim Force"
279908,"General Assembly, reimbursement, troop-contributing States"
279909,"United Nations, apportionment of the expenses of the United States"
279910,"General Assembly, UN Office in Nairobi"
279911,"biennium 1986-1987, budget appropriations, resolution"
279912,"biennium 1986-1987, income estimates"
279913,"appropriations for the year 1986, resolution"
279914,"biennium 1986-1987, expenses, extraordinary expense"
279915,"Capital Fund for the biennium 1986-1987, Working Capital Fund"
279916,"International Court of Justice, emoluments, pension scheme, resolutions"
280663,"League of Arab States, United Nations, co-operation, cooperation between the United States"
280664,"Kampuchea, resolution"
280665,"General Assembly, Iraqi nuclear installations, Israeli aggression, international peace and security, non-proliferation, nuclear energy, nuclear weapon, resolution, security"
280666,"Charter of the United Nations, Non-Self-Governing Territories"
280668,"Africa, Colonial Countries, Colonial Countries and Peoples, Declaration on the Granting of Independence to Colonials and other interests, General Assembly, Namibia, apartheid, colonialism, foreign economic interests, racial discrimination, resolution, southern Africa"
280669,"Colonial Countries and Peoples, Declaration on the granting of Independence to Colonialization, General Assembly, United Nations, resolution"
280670,"Western Sahara, resolution"
280671,"Mayotte, comorian sland, resolution"
280672,"General Assembly, International Court of Justice of 27 June 1986, Nicaragua, compliance, military, military paramilitary activities, paramilitary activities, resolution"
280673,"Afghanistan, international peace and security"
280674,"law of the sea, resolution"
280675,"South Africa, liberation movement, resolution"
280676,"South Africa, racist regime, resolution"
280677,"Israel, Relations between Israel and South Africa, South Africa"
280678,"Apartheid, General Assembly, Special Committee"
280679,International Convention against Apartheid in Sports
280680,"South Africa, oil embargo"
280681,"apartheid, elimination, resolution"
280682,"African Union, African Unity, Arab Islam, Arab Jamahiriy Islam, General Assembly, Islamic Islam, United States Administration, aerial and naval military attack, aerial and naval military attack against Africa, resolution"
280683,"Africa, Namibia, illegal occupation of the Territory by South Africa"
280684,"Namibia, Security Council resolution 435 (1978)"
280685,"UN Council for Namibia, programme of work, resolution"
280686,"Namibia, immediate independence, information, international public opinion, resolution"
280687,"UN Fund for Namibia, resolution"
280688,"Falkland Island (Malvinas), resolution"
280689,"Colonial Countries and People, Declaration on the granting of Independence to Colonials and People"
280690,"Colonial Countries and People, Declaration on the granting of Independence to Colonials and People"
280691,"decolonization, resolution"
280692,"Palestine, resolution"
280693,"Palestine, resolution"
280694,"Palestine, resolution"
280695,"Palestine, resolution"
280696,"UN Disengagement Observer Force, financing, resolution"
280697,"UN Disengagement Observer Force, financing, resolution"
280698,"Additional Protocol I of the Treaty for the Prohibition of Nuclear Weapon, Additional Protocol I of the Treaty for the Prohibition of Nuclear Weapon in Latin America (Treaty of Tlatelolco), General Assembly, Latin America, Tlatelolco"
280699,"cessation, nuclear-test explosions"
280700,"cessation, nuclear-test explosions"
280701,"comprehension, nuclear-test-ban treaty"
280702,"South Asia, nuclear-weapon-free zone"
280703,"General Assembly, non-nuclear-weapon States, non-nuclear-weapons, nuclear weapon, nuclear weapon use, resolution, security"
280704,"assure, nuclear weapon, nuclear weapons, resolution"
280705,"arms race, outer space, resolution"
280706,"General Assembly, immediate cessation, nuclear weapon test"
280707,"Africa, Declaration on the Denuclearization of Africa"
280708,"AFRICA, DENUCLEARIZATION OF SOUTH AFRICA"
280709,"development, mass destruction, resolution"
280710,"CHEMICAL AND BACTERIOLOGICAL WEAPONS, PROHIBITION"
280711,CHEMICAL AND BACTERIOLOGICAL WEAPONS
280712,"complete disarmament, military"
280713,"UN system, arms, arms limitation and disarmament, complete disarmament, disarmament, limitation, limitation resolution, organizations and programmes of the UN system"
280714,"confidence-building measures, conventional disarmament, security"
280715,"General Assembly, conventional disarmament, resolution"
280716,"General Assembly, development, military use of research and development, resolution"
280717,"complete disarmament, radiological weapons, stockpiling"
280718,"General Assembly, disarmament, naval armament"
280719,"complete disarmament, fissionable material, resolution"
280720,"conventional disarmament, regional basis"
280721,"complete disarmament, nuclear test"
280722,"General Assembly, World Disarmament Campaign, World War II, resolution"
280723,"General Assembly, World Disarmament Camp assembly, World Disarmament Campaign"
280724,"General Assembly, confidence-building measures, resolution"
280725,"General Assembly, freeze on nuclear weapon, freeze on nuclear weapons, resolution"
280726,"Convention on the Prohibition of the Use, General Assembly, Nuclear Weapon, resolution"
280727,"General Assembly, UN programme of fellowship on disarmament, UN programme of fellowships on disarmament, resolution"
280728,"General Assembly, arms freeze, nuclear arms, nuclear arms freeze, resolution, resolution 40/151C"
280729,"Human Rights of the Population of the Occupied Territories, Israeli Practices, Occupied Territories, Resolution"
280730,"Human Rights of the Population of the Occupied Territories, Israeli Practices, Occupied Territories, Resolution"
280731,"Human Rights of the Population of the Occupied Territories, Israeli Practices, Occupied Territories, Resolution"
280732,"Human Rights of the Population of the Occupied Territories, Israeli Practices, Occupied Territories, Resolution"
280733,"Human Rights of the Population of the Occupied Territories, Israeli Practices, Occupied Territories, Resolution"
280734,"Human Rights of the Population of the Occupied Territories, Israeli Practices, Occupied Territories, Resolution"
280735,"Human Rights of the Population of the Occupied Territories, Israeli Practices, Occupied Territories, Resolution"
280736,"General Assembly, information, resolution"
280737,"General Assembly, information, resolution"
280738,"General Assembly, information, resolution"
280739,"Palestine refugees, UN Relief and Work Agency, resolution"
280740,"Palestine refugees, UN Relief and Work Agency, resolution"
280741,"Gaza Strip, Palestine refugees"
280742,"General Assembly, Palestine Refugees in the Near East, UN Relief and Work Agency, ration distribution, resolution"
280743,"Palestine Refugees, UN Relief and Work Agency, population, refugees, resolution"
280744,"Palestine refugees, UN Relief and Work Agency, resolution, revenues"
280745,"Palestine refugees, UN Relief and Work Agency for Palestines in the Near East, resolution"
280746,"Palestine refugees, UN Relief and Work Agency, West Bank resolution"
280747,"Al-Quds, Jerusalem, UN Relief and Work Agency for Palestine Refugees in the Near East, al-quds, resolution"
280748,"African Union, Arab States, General Assembly, United Arab States, national liberation movement, resolution"
280749,"international economic order, international law, resolution"
280750,"Mankind, draft code of offence, resolution"
280752,Bilateral nuclear-arms negotiations
280753,"nuclear weapon, resolution"
280754,"Disarmament Week, General Assembly"
280755,"cessation, nuclear disarmament, resolution"
280756,"nuclear war, resolution"
280757,"climatic effects, nuclear war, resolution"
280758,"General Assembly, recommendations, resolution"
280759,"General Assembly, recommendations, resolution"
280760,International co-operation for disarmament resolution
280761,"Disarmament Resolution, General Assembly"
280762,Bilateral nuclear-arms negotiations
280763,"general Assembly, recommendations, resolution"
280764,"Disarmament Resolution, General Assembly"
280765,"Antarctic, Antarctica, Question"
280766,"Antarctic, Antarctica, Question"
280767,"Antarctic, Antarctica, Question"
280768,"Declaration on the Strengthening of International Security, International Security"
280769,"General Assembly, International situation, political dialogue, resolution"
280771,"comprehension, international peace and security, resolution"
280772,"Israeli nuclear armament, resolution"
280773,"Africa, South Africa, assistance, colonialist régime, human rights, resolution"
280774,"General Assembly, colonial countries, human rights, independence, resolution, self-determination"
280775,"General Assembly, exercise of people to self-determination, mercenaries, resolution, self-determination"
280776,International Convention on the Suppression and Punishment of Crime of Apartheid
280777,"General Assembly, scientific and technological development"
280778,"General Assembly, Human rights, scientific and technological development"
280780,"interdependence of economic and political ights, interdivisibility, social rights"
280781,"African refugee women and children, resolution"
280782,"Declaration on the Right to Development, General Assembly"
280783,"General Assembly, United Nations, fundamental freedoms, human rights, resolution"
280784,"General Assembly, Member States, Social development, association with others, economic and social development, economic rights, everyone to own property"
280785,"General Assembly, resolution, right to development"
280786,"Ethiopia, diplaced persons, resolution"
280787,"General Assembly, Minorities, Sub-Commission on Prevention of Discrimination and Protection of Minorities"
280788,"General Assembly, adequate housing, resolution"
280789,"General Assembly, migrant workers, resolution"
280790,"human rights, international cooperation, resolution"
280791,"Guatemala, fundamental freedoms, resolution"
280792,"El Salvador, human rights, resolution"
280793,"Afghanistan, fundamental freedoms, resolution"
280794,"Islamic Republic of Iran, resolution"
280795,"Chile, fundamental freedoms, human rights, resolution"
280796,"Middle East, Middle East resolution"
280797,"Middle East, Middle East resolution"
280798,"Middle East, Middle East resolution"
280799,"Nicaragua, development, resolution, trade embargo"
280800,"Economic measures, Economic resolution, Political and economic coercion against developing countries"
280801,"Lebanon, UN Interim Force"
280803,"Lebanon, UN Interim Force"
280804,"developed countries, resolution"
280805,"Palestinian people, resolution"
280806,"General Assembly, Secretary-General, resolution"
280807,"Cultural Development, General Assembly, Resolution of the World Decade"
280808,"Uganda, assistance, resolution"
280809,"Mozambique, resolution"
280810,"front-line States, general assistance, resolution"
280811,"Africa, African Republic, Africane Republic, Assistance, Benin, Benin-Bissau, Gambia, Ghana, Ghany, Guinea-Bissau, Senegal, Sudan Africa, Vanuatu, resolution"
280812,"health insurance coverage, locally-recruited staff"
280813,"Department of Political and Security Council Affair, General Assembly"
280814,"General Assembly, United Nations Industrial Development Organization"
280815,"General Assembly, New York, United Nations Administrative Tribunal, class 12 post adjustment"
280817,"General Assembly, General Service, Job classification"
280818,"biennium 1986-1987, budget appropriations, resolution"
280819,"biennium 1986-1987, income estimates, programme budget"
280820,"appropriations for the biennium 1986-1987, programme budget for the year 1986-1987"
280821,UN Conference for the Promotion of International Cooperation in the Peaceful Uses of Nuclear Energy
280822,"General Assembly, people to peace, resolution"
280823,"South Atlantic, cooperation, peace and co-operation of the South Atlantic"
281002,"Kampuchea, resolution"
281003,"League of Arab States, United Nations, co-operation, cooperation between the United States"
281004,"countries of origin, cultural property, resolution"
281005,"Africa, Namibia, illegal occupation of the Territory by South Africa"
281006,"Namibia, Security Council Resolution 435 (1978)"
281007,"UN Council for Namibia, programme of work, resolution"
281008,"Namibia, immediate independence, information, international public opinion, resolution"
281009,"UN Fund for Namibia, resolution"
281010,"Afghanistan, international peace and security"
281011,"South Atlantic, cooperation, peace and co-operation of the South Atlantic"
281012,"Mayotte, comorian sland, resolution"
281013,"General Assembly, International Court of Justice of 27 June 1986, Nicaragua, compliance, military, military paramilitary activities, paramilitary activities, resolution"
281014,"Falkland Island (Malvinas), resolution"
281015,"law of the sea, resolution"
281016,"South Africa, liberation struggle, resolution"
281017,"South Africa, co-ordinated and strictly monitored measures against South Africa"
281018,"South Africa, racist regime, resolution"
281019,"Israel, Relations between Israel and South Africa, South Africa"
281020,"Apartheid, General Assembly, Special Committee"
281021,"South Africa, oil embargo"
281022,"apartheid, elimination, resolution"
281023,"Additional Protocol I of the Treaty for the Prohibition of Nuclear Weapon in Latin America (Treaty of Tlatelolco), Latin America, Tlatelolco, additional protocol I of the Treaty for the Prohibition of Nuclear Weapon, general assembly resolution 41/45"
281024,"cessation, nuclear-test explosions"
281025,"cessation, nuclear-test explosions"
281026,"comprehension, nuclear-test-ban treaty"
281027,"South Asia, nuclear-weapon-free zone"
281028,"General Assembly, non-nuclear-weapon States, non-nuclear-weapons, nuclear weapon, nuclear weapon use, resolution, security"
281029,"arms race, outer space, resolution"
281030,"Africa, Declaration on Denuclearization of Africa"
281031,"Africa, Declaration on Denuclearization of Africa, nuclear capability"
281032,"development, mass destruction, resolution"
281033,bilateral nuclear-arms negotiations
281034,"completed disarmament, nuclear test, resolution"
281035,bilateral nuclear-arms negotiations
281036,"disarmament, radiological weapons"
281037,"General Assembly, military, resolution"
281038,"General Assembly, disarmament, resolution"
281039,"General Assembly, disarmament, naval armament"
281040,"completed disarmament, fissionable material, resolution"
281041,"conventional disarmament, regional scale"
281042,"concluding document, general assembly, resolution"
281043,"General Assembly, freeze on nuclear weapon, freeze on nuclear weapons, resolution"
281044,"Convention on the Prohibition of the Use, General Assembly, Nuclear Weapon, resolution"
281045,"General Assembly, World Disarmament Camp assembly, World Disarmament Campaign"
281046,"General Assembly, implementation, nuclear-arms freeze, resolution, resolution 41/60I"
281047,"General Assembly, UN programme of fellowship on disarmament, UN programme of fellowships on disarmament, resolution"
281048,"General Assembly, non-use of nuclear weapons, nuclear war, resolution"
281049,"General Assembly, recommendations, resolution"
281050,"General Assembly, nuclear disarmament, nuclear-arms, race and nuclear disarmament, recommendations and decisions, resolution"
281051,"General Assembly, nuclear war, recommendations and decisions, resolution"
281052,"General Assembly, International cooperation for disarmament, disarmament, resolution"
281053,"Disarmament Week, General Assembly, resolution"
281054,"Disarmament, Disarmament resolution, General Assembly, general assembly, recommendations and decisions"
281055,"Disarmament, Disarmament resolution, General Assembly, general assembly, recommendations and decisions"
281056,"General Assembly, recommendations, resolution"
281057,"1st Committee, General Assembly, rationalization of the work, recommendations and decisions, resolution, work of the 1st Committee"
281058,"Israeli nuclear armament, resolution"
281059,"Antarctica, General Assembly"
281060,"Antarctica, General Assembly"
281061,"General Assembly, National experience, social and economic changes"
281062,"General Assembly, conditions of peace, education, enjoyment, human rights, peace, resolution"
281063,International Convention on the Suppression and Punishment of Crime of Apartheid
281064,"Palestine, resolution"
281065,"Palestine, resolution"
281066,"Palestine, resolution"
281067,"Palestine, resolution"
281068,"Palestine refugees, UNRWA, resolution"
281069,"Palestine refugees, education, higher education, vocational training"
281070,"Gaza Strip, Palestine refugees"
281071,"Palestine refugees, UNRWA, resolution"
281072,"UNRWA, refugees, resolution"
281073,"Palestine refugee properties, UNRWA, resolution"
281074,"Palestine refugees, UNRWA, resolution"
281075,"Palestine refugees, UNRWA"
281076,"Palestine refugees, UNRWA, resolution"
281077,United Nations Disengagement Observer Force
281078,"Colonial Countries and People, Declaration on the granting of Independence to Colonials and People"
281079,"decolonization, resolution"
281080,"Charter of the United Nations, Non-Self-Governing Territories"
281081,"Africa, Colonial Countries, Colonial Countries and Peoples, Declaration on the Granting of Independence to Colonials and other interests, General Assembly, Namibia, apartheid, colonialism, foreign economic interests, racial discrimination, resolution, southern Africa"
281082,"Colonial Countries and Peoples, Declaration on the granting of Independence to Colonialization, General Assembly, United Nations, resolution"
281083,"Western Sahara, resolution"
281084,"New Caledonia, resolution"
281085,Declaration on the Preparation of Societies for Life in Peace
281086,"Declaration on the Strengthening of International Security, International Security"
281087,Comprehenive system of international peace and security
281088,"General Assembly, colonial countries, human rights, independence, resolution, self-determination"
281089,"General Assembly, exercise of people to self-determination, mercenaries, resolution, self-determination"
281090,"General Assembly, scientific and technological development"
281091,"General Assembly, Human rights, scientific and technological development"
281092,"Convention on the Right of the Child, General Assembly"
281093,"interdependence of economic and political ights, interdivisibility, social rights"
281094,"General Assembly, fundamental freedoms, human rights, property"
281095,"General Assembly, United Nations System, fundamental freedoms, human rights, resolution"
281096,"General Assembly, assistance, co-operation, family, international cooperation, resolution"
281097,"Afghanistan, fundamental freedoms, resolution"
281098,"Islamic Republic of Iran, resolution"
281099,"Ethiopia, diplaced persons, resolution"
281100,"General Assembly, migrant workers, resolution"
281101,"General Assembly, economy, resolution, social life"
281102,"General Assembly, adequate housing, resolution"
281103,"Chile, fundamental freedoms, human rights, resolution"
281104,"international economic order, international law, resolution"
281105,"General Assembly, disputes between States, resolution"
281106,"Draft Code of Crimes, Mankind"
281107,"Draft Convention, International Bill of Exchange and International Promissory Notes"
281108,"General Assembly, good-neighbourliness, resolution"
281109,"General Assembly, United Nations, acts of violence, auspices of the Secretary-General, auspices of the United Nations, convening, despair, freedom, frustration, grievance, innocent human lives, international terrorism, national liberation, radical changes, report of the Secretary-General, resolution, sacrification, terrorism, violence"
281110,"Human Rights of the Population of the Occupied Territories, Israeli Practices, Occupied Territories, Resolution"
281111,"Human Rights of the Population of the Occupied Territories, Israeli Practices, Occupied Territories, Resolution"
281112,"Human Rights of the Population of the Occupied Territories, Israeli Practices, Occupied Territories, Resolution"
281113,"Human Rights of the Population of the Occupied Territories, Israeli Practices, Occupied Territories, Resolution"
281114,"Human Rights of the Population of the Occupied Territories, Israeli Practices, Occupied Territories, Resolution"
281115,"Human Rights of the Population of the Occupied Territories, Israeli Practices, Occupied Territories, Resolution"
281116,"Human Rights of the Population of the Occupied Territories, Israeli Practices, Occupied Territories, Resolution"
281117,"General Assembly, information, resolution"
281118,"General Assembly, information, resolution"
281119,"economic security, resolution"
281120,"Palestinian people, resolution"
281121,"Economic measures, Economic resolution, Political and economic coercion against developing countries"
281122,"developing countries, land-locked development"
281123,"Nicaragua, development, resolution, trade embargo"
281124,"co-operation, environment, resolution"
281125,"Palestinian people, living condition"
281126,"external debt problem, international cooperation"
281127,"Lebanon, reconstruction, resolution"
281128,"Chad, economic assistance, resolution"
281129,"front-line States, general assistance, resolution"
281130,"Maldives, disaster relief, resolution"
281131,"Assistance to El Salvador, El Salvador, General Assembly"
281132,"Central America, Special economic assistance"
281133,"Africa, African Republic, Benin, Gambia, Madagascar, Vanuatu"
281134,"Middle East, Middle East resolution"
281135,"Middle East, Middle East resolution"
281136,"Middle East, Middle East resolution"
281137,"Middle East, Middle East resolution"
281138,"Committee on Relations with the Host Country, General Assembly"
281145,"Lebanon, United Nations Interim Force"
281146,"General Assembly, reimbursement, troop-contributing States"
281147,"biennium 1988-1989, budget appropriations, resolution"
281148,"assure, nuclear weapon, nuclear weapons, resolution"
281330,"General Assembly, Palestine Liberation Organization office, Palestine Liberation Organization office in New York, closure, resolution"
281331,"General Assembly, Palestine Liberation Organization office, Palestine Liberation Organization office in New York, closure, resolution"
281332,"Committee on Relations with the Host Country, General Assembly"
281336,"Committee on Relations with the Host Country, General Assembly"
281348,"League of Arab States, United Nations, co-operation, cooperation between the United States"
281349,"General Assembly, International Court of Justice of 27 June 1986, Nicaragua, compliance, military, military paramilitary activities, paramilitary activities, resolution"
281350,"African Union, African Unity, United Nations"
281351,"Pretoria, racial elections, resolution"
281352,"Mayotte, comorian sland, resolution"
281353,"law of the sea, resolution"
281354,"Kampuchea, resolution"
281355,"Palestinian people, intifadah, resolution"
281356,"General Assembly, people to peace, resolution"
281357,"South Atlantic, cooperation, peace and co-operation of the South Atlantic"
281359,"Africa, Namibia, South Africa, resolution, territory"
281360,"Falkland Island (Malvinas), resolution"
281361,"Namibia, Security Council resolution 435 (1978)"
281362,"UN Council for Namibia, programme of work, resolution"
281363,"General Assembly, Namibia, immediate independence, information, public opinion, resolution"
281364,"UN Fund for Namibia, resolution"
281365,"Charter of the United Nations, Non-Self-Governing Territories"
281366,"Africa, Colonial Countries, Colonial Countries and Peoples, Declaration on the Granting of Independence to Colonials and other interests, General Assembly, Namibia, apartheid, colonialism, foreign economic interests, racial discrimination, resolution, southern Africa"
281367,"Colonial Countries and Peoples, Declaration on the granting of Independence to Colonialization, General Assembly, United Nations, resolution"
281368,"Western Sahara, resolution"
281369,"Colonial Countries and People, Declaration on the granting of Independence to Colonials and People"
281370,"decolonization, resolution"
281371,"Colonialism, International Decade for the Eradication"
281373,"Committee on Relations with the Host Country, General Assembly"
281374,"Committee on Relations with the Host Country, General Assembly"
281375,"South Africa, apartheid, liberation struggle, resolution"
281376,"South Africa, apartheid, military collaboration with South Africa"
281377,"General Assembly, South Africa, apartheid of the Government of South Africa, mandatory sanctions, resolution"
281378,"General Assembly, South Africa, apartheid, racist South Africa, resolution"
281379,"Israel, South Africa, apartheid of the Government of South Africa"
281380,"Apartheid, General Assembly, South Africa, Special Committee, apartheid, resolution"
281381,"Africa, General Assembly, South Africa, apartheid, dissemination of information against the policies of apartheid of the regime of racist South Africa, racist South Africa, resolution"
281382,"South Africa, apartheid, oil embargo"
281383,"South Africa, apartheid, elimination, resolution"
281385,"Middle East, Middle East resolution"
281386,"Middle East, Middle East resolution"
281387,"Middle East, Middle East resolution"
281388,"Palestine refugees, UN Relief and Work Agency, resolution"
281389,"Member States of grants and scholarships for higher education, Palestine Refugees, Palestine refugees, UN Relief and Works Agency, vocational training"
281390,"General Assembly, Israel, Palestine refugees, UN Relief and Work Agency, resolution"
281391,"General Assembly, Palestine refugees, UN Relief and Work Agency, resolution"
281392,"General Assembly, UN Relief and Work Agency for Palestine Refugees in the Near East, refugees, resolution, return of population, return of population and refugees"
281393,"Palestine Refugees, Palestine refugee properties, UN Relief and Work Agency, resolution"
281394,"Palestine refugees, UN Relief and Work Agency for Palestines in the Near East, resolution"
281395,"Al-Quds, Jerusalem, Palestine refugees, UN Relief and Work Agency for Palestine Refugees in the Near East, resolution"
281396,"Human Rights of the Population of the Occupied Territories, Israeli Practices, Occupied Territories, Resolution"
281397,"Human Rights of the Population of the Occupied Territories, Israeli Practices, Occupied Territories, Resolution"
281398,"Human Rights of the Population of the Occupied Territories, Israeli Practices, Occupied Territories, Resolution"
281399,"Human Rights of the Population of the Occupied Territories, Israeli Practices, Occupied Territories, Resolution"
281400,"Human Rights of the Population of the Occupied Territories, Israeli Practices, Occupied Territories, Resolution"
281401,"Human Rights of the Population of the Occupied Territories, Israeli Practices, Occupied Territories, Resolution"
281402,"Human Rights of the Population of the Occupied Territories, Israeli Practices, Occupied Territories, Resolution"
281403,"General Assembly, information, resolution"
281404,"General Assembly, information, resolution"
281406,"cessation, nuclear-test explosions"
281407,"cessation, nuclear-test explosions"
281408,"comprehension, nuclear-test-ban treaty"
281409,"South Asia, nuclear-weapon-free zone"
281410,"General Assembly, non-nuclear-weapon States, non-nuclear-weapons, nuclear weapon, nuclear weapon use, resolution, security"
281411,"assure, nuclear weapon, nuclear weapons, resolution"
281412,"arms race, outer space, resolution"
281413,"Africa, Declaration on the Denuclearization of Africa"
281414,"Africa, Declaration on the Denuclearization of Africa, nuclear capability"
281415,"development, mass destruction, resolution"
281416,"bilateral nuclear-arms negotiation, complete disarmament"
281417,"complete disarmament, military"
281418,"General Assembly, disarmament, resolution"
281419,"complete disarmament, international arms transfer, resolution"
281420,"complete disarmament, radiological weapons, stockpiling"
281421,"complete disarmament, fissionable material, resolution"
281422,"General Assembly, disarmament, naval armament"
281423,"comprehensive UN study, nuclear weapon"
281424,"bilateral nuclear-arms negotiations, complete disarmament"
281425,"complete disarmament, radioactive wastes"
281426,"conventional disarmament, regional scale"
281427,"complete disarmament, radioactive wastes"
281428,"General Assembly, disarmament, international security, resolution"
281429,"General Assembly, arms freeze, nuclear arms, nuclear arms freeze"
281430,"General Assembly, disarmament campaign, general disarmament campaign"
281431,"Convention on the Prohibition of the Use, General Assembly, Nuclear Weapon, resolution"
281432,"General Assembly, general assembly, international security, resolution, scientific and technological development, scientific and technological developments"
281433,"General Assembly, disarmament, resolution"
281434,"General Assembly, non-use of nuclear weapons, nuclear war, nuclear weapons, resolution"
281435,"General Assembly, International cooperation for disarmament, disarmament, resolution"
281436,"General Assembly, climatic effects, nuclear conditions, nuclear war, nuclear winter, war"
281437,"General Assembly, nuclear disarmament, nuclear-arms, race and nuclear disarmament, recommendations and decisions, resolution"
281438,"General Assembly, nuclear war, recommendations and decisions, resolution"
281439,"Disarmament, Disarmament resolution, General Assembly, general assembly, recommendations and decisions"
281440,"General Assembly, armaments race, economic and social consequences, recommendations and decisions, resolution, security, social consequences"
281441,"Disarmament, Disarmament resolution, General Assembly, general assembly, recommendations and decisions"
281442,"Israeli nuclear armament, resolution"
281443,"resolution, verification"
281444,"3th Review Conference, General Assembly, Non protection of nutclear weapon, Non-Proliferation of Nuclear Weapon"
281445,"Antarctica, General Assembly"
281446,"Antarctica, General Assembly"
281447,"General Assembly, International situation, political dialogue, resolution"
281448,"Declaration on the Preparation of Societies for Life in Peace, peace, societies for Life in Peace"
281449,"Declaration on the Strengthening of International Security, International Security"
281450,"Charter of the United Nations, General Assembly, international peace and security"
281451,"Africa, South Africa, assistance, colonialist régime, human rights, resolution"
281452,International Convention on the Suppression and Punishment of Crime of Apartheid
281453,"General Assembly, colonial countries, human rights, independence, resolution, self-determination"
281454,"General Assembly, exercise of people to self-determination, mercenaries, resolution, self-determination"
281455,"General Assembly, Human rights, scientific and technological development"
281456,"interdependence of economic and political ights, interdivisibility, social rights"
281457,"General Assembly, fundamental freedoms, human rights, property"
281458,"General Assembly, United Nations System, fundamental freedoms, human rights, resolution"
281459,"General Assembly, United Nations System, fundamental freedoms, human rights, resolution"
281460,"Islamic Republic of Iran, resolution"
281461,"General Assembly, migrant workers, resolution"
281462,"General Assembly, economy, resolution, social life"
281463,"Chile, fundamental freedoms, human rights, resolution"
281464,"African Union, Arab States, General Assembly, United Arab States, national liberation movement, resolution"
281465,"African Union, Arab States, General Assembly, United Arab States, national liberation movement, resolution"
281466,"international economic order, international law, resolution"
281467,"General Assembly, disputes between States, resolution"
281468,"Draft Code of Crimes, Mankind"
281469,"General Assembly, Good neighbourliness between States"
281470,"General Assembly, Good neighbourliness between States"
281472,"Palestinian people, resolution"
281473,"International Development Strategy, United Nations Development Decade"
281474,"Nicaragua, development, resolution, trade embargo"
281475,International Conference on Money and Finance
281476,eradication of poverty
281477,"General Assembly, official development assistance"
281478,"debt crisis, development, resolution"
281479,"front-line States, general assistance, resolution"
281480,"Committee on Conference on Conference, General Assembly"
281481,"United Nations Disengagement Observer Force, financing"
281482,"Lebanon, United Nations Interim Force"
281673,"Palestine, resolution"
281674,"Palestine, resolution"
281675,"Palestine, resolution"
281676,"Palestine, resolution"
281677,"Palestine, resolution"
281687,"Palestine, resolution"
281697,"Africa, South Africa, death entence, resolution"
281698,"Palestinian People, intifadah, resolution"
281699,"League of Arab States, United Nations, co-operation, cooperation between the United States"
281700,"Mayotte, comorian sland, resolution"
281702,"countries of origin, cultural property, resolution"
281706,"South Atlantic, cooperation, peace and co-operation of the South Atlantic"
281707,"Kampuchea, resolution"
281708,African Alternative Framework to Structural Adjustment Programmes for Socio-Economic Recovery
281709,"law of the sea, resolution"
281710,"South Africa, liberation struggle, resolution"
281711,"South Africa, racist regime, resolution"
281712,"South Africa, co-ordination, racist South Africa, resolution"
281713,"Africa, apartheid economy, financial pressure"
281714,"Israel, South Africa, relations, resolution"
281715,"Apartheid, General Assembly, Special Committee"
281716,"South Africa, oil embargo"
281717,"South Africa, military collaboration, resolution"
281718,"apartheid, elimination, resolution"
281719,"Commission against Apartheid in Sports, General Assembly"
281720,"international economic order, international law, resolution"
281721,"General Assembly, disputes between States, resolution"
281722,"Draft Code of Crimes, Mankind"
281723,"Middle East, Middle East resolution"
281725,"Middle East, Middle East resolution"
281726,"Middle East, Middle East resolution"
281727,"Palestine, resolution"
281728,"Palestine, resolution"
281729,"Palestine, resolution"
281730,"Palestine, resolution"
281731,"General Assembly, International Court of Justice of 27 June 1986, Nicaragua, compliance, military, military paramilitary activities, paramilitary activities, resolution"
281732,"Palestine refugees, resolution"
281733,"development, grants and scholarships for higher education, resolution"
281734,"Israel, Palestine, refugees, resolution"
281735,"Palestine refugees, resolution"
281736,"refugees, resolution"
281737,"Palestine refugees, resolution"
281738,"Palestine refugees, resolution"
281739,"Al-Quds, Jerusalem, Palestine refugees, resolution"
281740,"General Assembly, Palestine Refugees in the Near East, Palestinian territory, UN Relief and Work Agency, UN Relief and Works Agency for Palestine, educational institutions, refugees, resolution, security"
281741,"Human Rights of the Population of the Occupied Territories, Israeli Practices, Occupied Territories, Resolution"
281742,"Human Rights of the Population of the Occupied Territories, Israeli Practices, Occupied Territories, Resolution"
281743,"Human Rights of the Population of the Occupied Territories, Israeli Practices, Occupied Territories, Resolution"
281744,"Human Rights of the Population of the Occupied Territories, Israeli Practices, Occupied Territories, Resolution"
281746,"Human Rights of the Population of the Occupied Territories, Israeli Practices, Occupied Territories, Resolution"
281747,"Human Rights of the Population of the Occupied Territories, Israeli Practices, Occupied Territories, Resolution"
281748,"Human Rights of the Population of the Occupied Territories, Israeli Practices, Occupied Territories, Resolution"
281749,"General Assembly, information, resolution"
281750,"General Assembly, World economy, resolution, social situation"
281751,"General Assembly, United Nations, fundamental freedoms, human rights, resolution"
281752,International Convention on the Suppression and Punishment of Crime of Apartheid
281753,"General Assembly, colonial countries, human rights, independence, resolution, self-determination"
281754,"General Assembly, exercise of people to self-determination, mercenaries, resolution, self-determination"
281755,"Charter of the United Nations, Non-Self-Governing Territories"
281756,"Africa, Colonial Countries, Colonial Countries and Peoples, Declaration on the Granting of Independence to Colonials and other interests, General Assembly, Namibia, apartheid, colonialism, foreign economic interests, racial discrimination, resolution, southern Africa"
281757,"Colonial Countries and Peoples, Declaration on the granting of Independence to Colonialization, General Assembly, United Nations, resolution"
281758,"Colonial Countries and People, Colonial Countries and Peoples, Declaration on the granting of Independence to Colonials and People, General Assembly, Independence"
281759,"Colonial Countries and People, Declaration on the granting of Independence to Colonials and People"
281760,"decolonization, resolution"
281761,"Additional Protocol I of the Treaty for the Prohibition of Nuclear Weapon, Additional Protocol I of the Treaty for the Prohibition of Nuclear Weapon in Latin America (Treaty of Tlatelolco), General Assembly, Latin America, Tlatelolco"
281762,"cessation, nuclear-test explosions"
281763,"Nuclear Weapon Tests, Outer Space, Outer Space and under Water, outer resolution"
281764,"comprehension, nuclear-test-ban treaty"
281766,"South Asia, nuclear-weapon-free zone"
281767,"General Assembly, non-nuclear-weapon States, non-nuclear-weapons, nuclear weapon, nuclear weapon use, resolution, security"
281768,"assure, nuclear weapon, nuclear weapons, resolution"
281769,"arms race, outer space, resolution"
281770,"Africa, Declaration on Denuclearization of Africa"
281771,"Nuclear capability, South Africa"
281772,"military budget, resolution"
281773,"general Assembly, military budget, resolution"
281774,"radiological weapons, stockpiling"
281775,Bilateral nuclear-arms negotiations
281776,"General Assembly, military, resolution"
281777,"disarmament, resolution"
281778,"fissionable material, resolution, weapons"
281779,"General Assembly, military resources, resolution"
281780,Bilateral nuclear-arms negotiations
281781,"disarmament, naval armament"
281782,"General Assembly, arms transfer, resolution"
281783,"Defensive security, General Assembly"
281784,"dumping of radioactive wastes, resolution"
281785,"conventional disarmament, regional scale"
281786,"World Disarmament Campaign, World War II"
281787,"convention on the prohibition of the use of Nuclear Weapon, resolution"
281788,"General Assembly, Nuclear-arms freeze"
281789,"Caribbean, Caribbean resolution, Latin America, UN Regional Centre for Peace, UN regional centres for peace and disarmament, disarmament and development"
281790,"international security, technological development"
281791,"disarmament resolution, technology"
281792,"disarmament resolution, disorution"
281793,"nuclear weapon, resolution"
281794,"Disarmament Resolution, General Assembly"
281795,"cessation, nuclear war, race"
281796,South Pacific Nuclear-Free-Zone Treaty
281797,"Declaration of the Indian Ocean as a Zone of Peace, Indian Ocean"
281798,"Israeli nuclear armament, resolution"
281799,"disarmament, disarmament resolution, disorution"
281800,"Declaration on the Strengthening of International Security, International Security"
281801,"Death Penalty, General Assembly, International Covenant on Civil and Political Right Aiming, abolition, death penalty, resolution"
281802,"interdependence of economic and political ights, interdivisibility, social rights"
281803,"General Assembly, electoral processes, national overeignty, non-interference, resolution"
281804,"Chile, human rights, resolution"
281805,"Commission on Human Rights, fundamental freedoms, human rights, resolution"
281806,"Angola, economic rehabilitation, resolution"
281807,"Charter of Economic Rights and Duties of States, Economic rights of States"
281808,"Palestinian people, living condition, resolution"
281809,"General Assembly, Special assistance"
281810,"external debt problem, resolution"
281811,"developing countries, land-locked development"
281812,"Economic measures, Economic resolution, Political and economic coercion against developing countries"
281813,"Nicaragua, development, resolution, trade embargo"
281814,"Commodities, General Assembly"
281815,"General Assembly, countries, economic growth, resolution, sustainable development, transfer of resources"
281816,"Palestinian people, resolution"
281817,"Central America, United States of America in Panama, military intervention, resolution"
282037,"Antarctica, General Assembly"
282038,"Antarctica, General Assembly"
282055,"Namibia, resolution"
282083,"comorian Island of Mayotte, resolution"
282086,"Charter of the United Nations, Non-Self-Governing Territories"
282087,"Africa, Declaration on the Granting of Independence to Colonial Countries and People, Declarations on the granting of independence, apartheid, colonial domination, colonialism, discrimination, economy, foreign and other interests, independence, racial discrimination, southern Africa, the granting of Independence to Colonial Countries and Peoples in Territories"
282088,"Colonial Countries and Peoples, Declaration on the granting of Independence to Colonialization, General Assembly, United Nations, resolution"
282089,"Colonial Countries and People, Declaration on the granting of Independence to Colonials and People"
282090,"Colonial Countries and People, Declaration on the granting of Independence to Colonials and People"
282091,"decolonization, resolution"
282092,"African Union, Arab States, General Assembly, United Arab States, national liberation movement, resolution"
282093,"diplomatic and consular missions, effective measures, resolution, security"
282094,"Charter of the United Nations, General Assembly, Organization, Special Committee, resolution"
282095,"United Nations, rationalization, resolution"
282096,"South Atlantic, cooperation, peace and co-operation of the South Atlantic"
282097,"Guam, general Assembly, resolution"
282102,"Caribbean, General Assembly, Latin America, Tlatelolco, additional protocol I of the Treaty for the Prohibition of Nuclear Weapon, additional protocol I of the Treaty for the Prohibition of Nuclear Weapon in Latin America and the Caribbean (Treaty of Tlatelolco), general assembly resolution 44/104"
282103,"cessation, nuclear-test explosions"
282104,"Nuclear Weapon Tests, Outer Space, Outer Space and under Water, outer resolution"
282105,"comprehension, nuclear-test-ban treaty"
282106,"South Asia, nuclear-weapon-free zone"
282107,"assure, nuclear weapon, nuclear weapons, resolution"
282108,"ARMS RACE, REVENTION OF AN ARMSRACE"
282109,"CONFIDENCE-BUILDING MEASURES, OUTTER SPACE"
282110,"AFRICA, DENUCLEARIZATION OF AFRICA"
282111,CAPABILITY OF SOUTH AFRICA
282112,Bilateral nuclear-arms negotiations
282113,Bilateral nuclear-arms negotiations
282114,"attack on nuclear facilities, resolution"
282115,"dumping, radioactive wastes"
282116,"fissionable material, resolution, weapons"
282117,"civilian endeavours, military, resolution"
282118,"Defensive security, General Assembly"
282119,"General Assembly, Regional disarmament resolution"
282120,"convention on the prohibition of the use of Nulear Weapon, resolution"
282121,"General Assembly, Nuclear-arms freeze"
282122,"international security, technological development"
282123,"disarmament, nuclear war, resolution"
282124,"Disarmament Resolution, General Assembly"
282125,"Comprehentive Programme on Disarmament Resolution, General Assembly"
282126,"Israeli nuclear armament, resolution"
282127,"Palestine, resolution"
282128,"Palestine, resolution"
282129,"Palestine, resolution"
282130,"International Peace Conference on the Middle East, Middle East"
282131,"Palestinian people, intifadah, resolution"
282135,"Palestine refugees, UNRWA, resolution"
282136,"Palestine refugees, resolution, vocational training"
282137,"Israel, Palestine, refugees, resolution"
282138,"Palestine refugees, resolution"
282139,"refugees, resolution"
282140,"Palestine refugees, resolution"
282141,"Palestine refugees, resolution"
282142,"Al-Quds, Jerusalem, Palestine refugees, resolution"
282143,"General Assembly, Palestinian students and educational institutions, Palestinian territory, UNRWA, security"
282144,"Arabs, Arabs of the Occupied Territories, General Assembly, Human Rights of the Palestinian People and Other Arabs, Israeli Practices, Palestinian People, Special Committee to Investigate Israeli practices, resolution"
282145,"Arabs, Arabs of the Occupied Territories, General Assembly, Human Rights of the Palestinian People and Other Arabs, Israeli Practices, Palestinian People, Special Committee to Investigate Israeli practices, resolution"
282146,"Arabs, Arabs of the Occupied Territories, General Assembly, Human Rights of the Palestinian People and Other Arabs, Israeli Practices, Palestinian People, Special Committee to Investigate Israeli practices, resolution"
282147,"Arabs, Arabs of the Occupied Territories, General Assembly, Human Rights of the Palestinian People and Other Arabs, Israeli Practices, Palestinian People, Special Committee to Investigate Israeli practices, resolution"
282148,"Arabs, Arabs of the Occupied Territories, General Assembly, Human Rights of the Palestinian People and Other Arabs, Israeli Practices, Palestinian People, Special Committee to Investigate Israeli practices, resolution"
282149,"Arabs, Arabs of the Occupied Territories, General Assembly, Human Rights of the Palestinian People and Other Arabs, Israeli Practices, Palestinian People, Special Committee to Investigate Israeli practices, resolution"
282150,"Arabs, Arabs of the Occupied Territories, General Assembly, Human Rights of the Palestinian People and Other Arabs, Israeli Practices, Palestinian People, Special Committee to Investigate Israeli practices, resolution"
282151,"Declaration of the Indian Ocean as a Zone of Peace, Indian Ocean"
282152,"Declaration on the Strengthening of International Security, International Security"
282153,"League of Arab States, United Nations, co-operation, cooperation between the United States"
282154,"Middle East, Middle East resolution"
282155,"Middle East, Middle East resolution"
282156,"Middle East, Middle East resolution"
282157,"Africa, South Africa, assistance, colonialist régime, human rights, resolution"
282158,"General Assembly, World economy, resolution, social situation"
282159,"Antarctica, General Assembly"
282160,"Antarctica, General Assembly"
282161,International Convention on the Suppression and Punishment of Crime of Apartheid
282162,"General Assembly, United Nations, fundamental freedoms, human rights, resolution"
282163,"General Assembly, colonial countries, human rights, independence, resolution, self-determination"
282164,"General Assembly, exercise of people to self-determination, mercenaries, resolution, self-determination"
282165,"law of the sea, resolution"
282167,"General Assembly, genuine elections, resolution"
282168,"General Assembly, electoral processes, national overeignty, non-interference, resolution"
282169,International Year for the World’ Indigenous People
282170,"Kuwait, human rights, resolution"
282171,"eradicating apartheid, resolution"
282172,"South Africa, military collaboration, resolution"
282173,"Israel, South Africa, relations, resolution"
282174,"Apartheid, General Assembly, Special Committee"
282175,"South Africa, oil embargo"
282176,"Commission against Apartheid in Sports, General Assembly"
282178,"Palestinian people, resolution"
282179,"Entrepreneurship, General Assembly"
282474,"comorian Island of Mayotte, resolution"
282476,"countries of origin, cultural property, resolution"
282479,"International Atomic Energy Agency, atomic energy, resolution"
282481,"South Atlantic, cooperation, peace, resolution"
282484,"Arab States, Cooperation between the United States and the League of Arab States, United Nations, United States"
282485,"Nuclear Weapon Tests, Outer Space, Outer Space and under Water, outer resolution"
282486,"comprehension, nuclear-test-ban treaty"
282487,"South Asia, nuclear-weapon-free zone"
282488,"assure, nuclear weapon, nuclear weapons, resolution"
282489,"arms race, outer space, resolution"
282490,"Africa, Denuclearization of Africa, nuclear capacity"
282491,"General Assembly, Regional disarmament resolution"
282492,Bilateral nuclear-arms negotiations
282493,"General Assembly, nuclear-arms freeze"
282494,"General Assembly, Nuclear Weapon, convention on prohibition of use of nutclear nutrition, general Assembly, resolution"
282495,"Comprehensive Programme of Disarmament, General Assembly, recommendations and decisions, resolution"
282496,"Disarmament, Disarmament resolution, General Assembly, general assembly, recommendations and decisions"
282497,"Israeli nuclear armament, resolution"
282498,"Antarctica, General Assembly"
282499,"Antarctica, General Assembly"
282500,"fissionable material, resolution, weapon"
282501,"Palestine refugees, UN Relief and Work Agency for Palestine Refugees in the Near East (UNRWA), resolution"
282502,"development, grants and scholarships for higher education, resolution"
282503,"Israel, Palestine refugees, resolution"
282504,"Palestine refugees, resolution"
282505,"General Assembly, refugees, resolution"
282506,"Palestine refugees, resolution"
282508,"Palestine refugees, resolution"
282509,"Al-Quds, Jerusalem, al-quds, resolution"
282510,"Palestinian students and educational institutions, Palestinian territory, UNRWA, resolution, security"
282511,"Arabs, Arabs of the Occupied Territories, General Assembly, Human Rights of the Palestinian People and Other Arabs, Israeli Practices, Palestinian People, Special Committee to Investigate Israeli practices, resolution"
282512,"Arabs, Arabs of the Occupied Territories, General Assembly, Human Rights of the Palestinian People and Other Arabs, Israeli Practices, Palestinian People, Special Committee to Investigate Israeli practices, resolution"
282513,"Arabs, Arabs of the Occupied Territories, General Assembly, Human Rights of the Palestinian People and Other Arabs, Israeli Practices, Palestinian People, Special Committee to Investigate Israeli practices, resolution"
282514,"Arabs, Arabs of the Occupied Territories, General Assembly, Human Rights of the Palestinian People and Other Arabs, Israeli Practices, Palestinian People, Special Committee to Investigate Israeli practices, resolution"
282515,"Arabs, Arabs of the Occupied Territories, General Assembly, Human Rights of the Palestinian People and Other Arabs, Israeli Practices, Palestinian People, Special Committee to Investigate Israeli practices, resolution"
282516,"Arabs, Arabs of the Occupied Territories, General Assembly, Human Rights of the Palestinian People and Other Arabs, Israeli Practices, Palestinian People, Special Committee to Investigate Israeli practices, resolution"
282517,"Arabs, Arabs of the Occupied Territories, General Assembly, Human Rights of the Palestinian People and Other Arabs, Israeli Practices, Palestinian People, Special Committee to Investigate Israeli practices, resolution"
282518,"armament, resolution, transparency"
282519,"General Assembly, UN Regional Centre for Peace and Disarmament, resolution"
282520,"Declaration of the Indian Ocean as a Zone of Peace, Indian Ocean"
282521,"international economic order, international law, resolution"
282522,"Charter of the United Nations, Non-Self-Governing Territories"
282523,"Africa, Colonial Countries, Declaration on the Granting of Independence to Colonials and other interests, apartheid, colonial domination, colonialism, discrimination, foreign economic interests, racial discrimination, southern Africa"
282524,"Colonial Countries and Peoples, Declaration on the granting of Independence to Colonialization, General Assembly, United Nations, resolution"
282525,"Colonial Countries and People, Declaration on the granting of Independence to Colonials and People"
282527,"decolonization, resolution"
282528,"Palestine, resolution"
282529,"Palestine, resolution"
282530,"Palestine, resolution"
282531,"International Peace Conference on the Middle East, Middle East"
282532,"Palestinian people, intifadah, resolution"
282533,"law of the sea, resolution"
282534,"Apartheid, General Assembly, Special Committee"
282535,"South Africa, collaboration, military, resolution"
282536,"Israel, South Africa, relations, resolution"
282537,"South Africa, oil embargo"
282540,"Middle East, Middle East resolution"
282541,"Middle East, Middle East resolution"
282542,International Convention on the Suppression and Punishment of Crime of Apartheid
282543,"racial discrimination, racism"
282544,"General Assembly, colonial countries, human rights, independence, resolution, self-determination"
282545,"General Assembly, exercise of people to self-determination, mercenaries, resolution, self-determination"
282546,"General Assembly, World economy, resolution, social situation"
282547,"General Assembly, United Nations System, fundamental freedoms, human rights, resolution"
282548,"General Assembly, affair, electoral processess, national overeignty, non-interference, resolution"
282549,"Iraq, human rights, resolution"
282550,"Iraqi occupation, Kuwait, human rights"
282551,"General Assembly, genuine elections, resolution"
282552,African Institute for the Prevention of Crime and the Treatment of Offenders
282553,"Palestinian people, living condition, resolution"
282554,"Arab territories, Israeli settlement, Jerusalem, Palestinian territory"
282555,"Palestinian people, resolution"
282556,"Economic measures, Economic resolution, Political and economic coercion against developing countries"
282557,"General Assembly, Iraq, Kuwait, region, resolution"
282811,"Bosnia, Herzegovina"
282817,"General Assembly, Security Council, recommendation"
282824,"International Atomic Energy Agency, atomic energy, resolution"
282825,"comorian Island of Mayotte, resolution"
282826,"Arab States, Cooperation between the United States and the League of Arab States, United Nations, United States"
282830,"Charter of the United Nations, Non-Self-Governing Territories"
282831,"Africa, Colonial Countries, Declaration on the Granting of Independence to Colonials and other interests, apartheid, colonial domination, colonialism, discrimination, foreign economic interests, racial discrimination, southern Africa"
282832,"Colonial Countries and Peoples, Declaration on the granting of Independence to Colonialization, General Assembly, United Nations, resolution"
282835,"Cuba, United States of America against Cuba, economic embargo, economy"
282836,"Colonial Countries and People, Declaration on the granting of Independence to Colonials and People"
282837,"decolonization, resolution"
282838,"African Union, Arab States, General Assembly, United Arab States, national liberation movement, resolution"
282847,"international security, technological development"
282848,"Nuclear Weapon Tests, Outer Space, Outer Space and under Water, outer resolution"
282849,"comprehension, nuclear-test-ban treaty"
282850,"South Asia, nuclear-weapon-free zone"
282851,"assure, nuclear weapon, nuclear weapons, resolution"
282852,"arms race, outer space, resolution"
282853,"Conference and ts Preparatory Committee, Non protection, Non-proliferation of Nuclear Weapon, natural weapon, nonproliferation, the General Assembly"
282854,"fissionable material, resolution"
282855,"General Assembly, Regional disarmament resolution"
282856,"convention on prohibition of the use of Nuclear Weapon, resolution"
282857,"General Assembly, Nuclear-arms freeze"
282858,"Disarmament Research, General Assembly, United Nations Institute for Disarmament Research, United Nations Institute for Human Responsibility, recommendations and decisions"
282859,"Israeli nuclear armament, resolution"
282860,"Declaration of the Indian Ocean as a Zone of Peace, Indian Ocean"
282861,declaration on strengthening of international security
282862,"international security, resolution"
282863,"Middle East, Middle East resolution"
282864,"Middle East, Middle East resolution"
282865,"Palestine, resolution"
282866,"Palestine, resolution"
282867,"Palestine, resolution"
282868,"Palestine, resolution"
282869,"Palestine, resolution"
282870,"law of the sea, resolution"
282871,"Palestine refugees, UN Relief and Work Agency, resolution"
282872,"Palestine refugees, resolution"
282873,"Palestine refugees, resolution"
282874,"Palestine refugees, resolution"
282875,"refugees, resolution"
282876,"Palestine refugees, resolution"
282877,"Palestine refugees, resolution"
282878,"Al-Quds, Jerusalem, al-quds, resolution"
282879,"Palestine Refugees in the Near East, Palestinian educational institutions, UN Relief and Works Agency for Palestine Refugees in the Near East"
282880,"Arabs of the Occupied Territories, General Assembly, Human Rights of the Palestinian People and Other Arabs, Israeli Practices, Palestinian People, Special Committee to Investigate Israeli practices, resolutions"
282881,"Arabs of the Occupied Territories, General Assembly, Human Rights of the Palestinian People and Other Arabs, Israeli Practices, Palestinian People, Special Committee to Investigate Israeli practices, resolutions"
282882,"Arabs of the Occupied Territories, General Assembly, Human Rights of the Palestinian People and Other Arabs, Israeli Practices, Palestinian People, Special Committee to Investigate Israeli practices, resolutions"
282883,"Arabs of the Occupied Territories, General Assembly, Human Rights of the Palestinian People and Other Arabs, Israeli Practices, Palestinian People, Special Committee to Investigate Israeli practices, resolutions"
282884,"Arabs of the Occupied Territories, General Assembly, Human Rights of the Palestinian People and Other Arabs, Israeli Practices, Palestinian People, Special Committee to Investigate Israeli practices, resolutions"
282885,"Arabs of the Occupied Territories, General Assembly, Human Rights of the Palestinian People and Other Arabs, Israeli Practices, Palestinian People, Special Committee to Investigate Israeli practices, resolutions"
282886,"Arabs of the Occupied Territories, General Assembly, Human Rights of the Palestinian People and Other Arabs, Israeli Practices, Palestinian People, Special Committee to Investigate Israeli practices, resolutions"
282887,"South Atlantic, cooperation, peace, resolution"
282888,"confidence-building measures, resolution"
282890,International Convention on the Suppression and Punishment of Crime of Apartheid
282891,"General Assembly, colonial countries, human rights, independence, resolution, self-determination"
282892,"General Assembly, exercise of people to self-determination, mercenaries, resolution, self-determination"
282893,African Institute for the Prevention of Crime and the Treatment of Offenders
282894,"South Africa, oil embargo"
282895,"South Africa, apartheid, collaboration, military, resolution"
282896,"Israel, South Africa, apartheid of the government of South Africa"
282897,"Commission against Apartheid in Sports, General Assembly, South Africa, apartheid in sport, commission against the government of South Africa"
282898,"Bosnia, Herzegovina"
282899,"General Assembly, electoral processes, national overeignty, non-interference, resolution"
282900,"General Assembly, United Nations System, fundamental freedoms, human rights, resolution"
282901,"General Assembly, genuine elections, resolution"
282902,"Cuba, human rights, resolution"
282903,"Sudan, Sudan resolution"
282904,"Iraq, human rights, resolution"
282905,"Islamic Republic of Iran, resolution"
282906,"General Assembly, Iraq, Kuwait, region, resolution"
282909,"Palestinian people, resolution"
282910,"Arab population, Jerusalem, Palestinian people, Palestinian territory, Syrian Golan, economy"
282911,"General Assembly, debt crisis, developing countries, development, external debt problem, international cooperation towards, resolution"
283166,"Antarctica, General Assembly"
283200,"General Assembly, Security Council, recommendation, resolution"
283233,"International Atomic Energy Agency, atomic energy, resolution"
283234,"countries of origin, cultural property, resolution"
283235,"Cuba, United States of America against Cuba, economic embargo, economy"
283246,"South Atlantic, cooperation, peace, resolution"
283272,"law of the sea, resolution"
283273,"Palestine refugees, UNRWA, resolution"
283274,"Palestine refugees, resolution, vocational training"
283275,"Israel, Palestine, refugees, resolution"
283276,"refugees, resolution"
283277,"Palestine refugees, resolution"
283278,"Palestine refugees, resolution"
283279,"Al-Quds, Jerusalem, Palestine refugees, resolution"
283280,"UNRWA, educational institutions, resolution, security"
283281,"Arabs, Arabs of the Occupied Territories, General Assembly, Human Rights of the Palestinian People and Other Arabs, Israeli Practices, Palestinian People, Special Committee to Investigate Israeli practices, resolution"
283282,"Arabs, Arabs of the Occupied Territories, General Assembly, Human Rights of the Palestinian People and Other Arabs, Israeli Practices, Palestinian People, Special Committee to Investigate Israeli practices, resolution"
283283,"Arabs, Arabs of the Occupied Territories, General Assembly, Human Rights of the Palestinian People and Other Arabs, Israeli Practices, Palestinian People, Special Committee to Investigate Israeli practices, resolution"
283284,"Arabs, Arabs of the Occupied Territories, General Assembly, Human Rights of the Palestinian People and Other Arabs, Israeli Practices, Palestinian People, Special Committee to Investigate Israeli practices, resolution"
283285,"Charter of the United Nations, Non-Self-Governing Territories"
283286,"Colonial Countries and Peoples in Territories under colonial domination, Declaration on the Granting of Independence to Colonial Countries and People, Declarations on the granting of independence, colonial domination, foreign economic and other interests, resolution, territories"
283287,"Colonial Countries and Peoples, Declaration on the granting of Independence to Colonialization, General Assembly, United Nations, resolution"
283288,"Colonial Countries and People, Declaration on the granting of Independence to Colonials and People"
283289,"decolonization, resolution"
283290,"comorian Island of Mayotte, resolution"
283291,"Jerusalem, Middle East"
283292,"Middle East, Syria, Syrian Golan, Syrian Nazareth"
283293,"Middle East, Middle East peace process, resolution"
283294,"international security, technological development"
283295,"General Assembly, disarmament, resolution, security"
283296,"General Assembly, United Nations, resolution, verification"
283297,"Nuclear Weapon Tests, Outer Space, Outer Space and under Water, outer resolution"
283298,"arms race, outer space, resolution"
283299,"General Assembly, disarmament, resolution"
283300,"conventional arms, curb llicit transfer, resolution"
283301,"General Assembly, Regional disarmament resolution"
283302,"conventional arms control, regional and subregional level"
283303,"South Asia, nuclear-weapon-free zone"
283304,"Certain Conventional Weapon, General Assembly, Prohibitions and Restrictions on the use of certain conventional weapon, injurious effect, resolution"
283305,"Declaration of the Indian Ocean as a Zone of Peace, Indian Ocean"
283306,"Declaration on the Strengthening of International Security, International Security"
283307,"international security, resolution"
283308,"General Assembly, confidence-building measures, regional confidence-building measures, resolution"
283309,"convention on prohibition of the use of Nuclear Weapon, resolution"
283311,"Israeli nuclear armament, resolution"
283312,"assure, nuclear weapon, nuclear weapons, resolution"
283315,"Bosnia, Herzegovina"
283316,International Convention on the Suppression and Punishment of Crime of Apartheid
283317,"General Assembly, exercise of people to self-determination, mercenaries, resolution, self-determination"
283318,"General Assembly, colonial countries, human rights, independence, resolution, self-determination"
283319,African Institute for the Prevention of Crime and the Treatment of Offenders
283320,"General Assembly, United Nations System, fundamental freedoms, human rights, resolution"
283321,"General Assembly, electoral processes, national overeignty, non-interference, resolution"
283322,"General Assembly, genuine elections, resolution"
283323,"Cuba, human rights, resolution"
283324,"Iraq, human rights, resolution"
283325,"Islamic Republic of Iran, resolution"
283326,"Sudan, human rights, resolution"
283327,"Palestine, inalienable rights of the Palestinian People"
283328,"General Assembly, Palestinian Rights of the Secretariat"
283329,"General Assembly, Public Information of the Secretariat"
283330,"Palestine, resolution"
283331,"Economic measures, Economic resolution, Political and economic coercion against developing countries"
283332,"external debt problem, international cooperation towards"
283333,"Arab population, Jerusalem, Palestinian people, Palestinian territory, Syrian Golan, economy"
283556,"Antarctica, General Assembly"
283566,"General Assembly, United Nations Convention on the Law of the Sea of 10 December 1982, law of the Sea of 10 December 1982, resolution"
283584,"Cuba, United States of America against Cuba, economic embargo, economy"
283587,"Bosnia, Herzegovina"
283588,"General Assembly, resolution, territories"
283594,"comorian Island of Mayotte, resolution"
283601,"South Atlantic, cooperation, peace, resolution"
283602,"law of the sea, resolution"
283604,"Outer Space, outerspace, peaceful uses of outer Space"
283605,"Palestine refugees, UNRWA, resolution"
283606,"General Assembly, June 1967, resolution"
283607,"Palestine refugees, resolution, vocational training"
283608,"General Assembly, UnRWA, United Nations Relief and Work Agency for Palestine Refugees in the Near East (UNRWA), resolution"
283609,"Palestine refugees, resolution"
283610,"Al Quds, Jerusalem, al Quds resolution"
283611,"Arabs, Arabs of the Occupied Territories, General Assembly, Israeli Practices, Palestinian People, resolution"
283612,"Arabs, Arabs of the Occupied Territories, General Assembly, Israeli Practices, Palestinian People, resolution"
283613,"Arabs, Arabs of the Occupied Territories, General Assembly, Israeli Practices, Palestinian People, resolution"
283614,"Arabs, Arabs of the Occupied Territories, General Assembly, Israeli Practices, Palestinian People, resolution"
283615,"Charter of the United Nations, Non-Self-Governing Territories"
283616,"Colonial Countries and Peoples in Territories under colonial domination, Declaration on the Granting of Independence to Colonial Countries and People, Declarations on the granting of independence, colonial domination, foreign economic and other interests, resolution, territories"
283617,"Colonial Countries and Peoples, Declaration on the granting of Independence to Colonialization, General Assembly, United Nations, resolution"
283618,"Croatia, occupied territories, resolution"
283619,"international watercourses, non-navigational uses"
283620,"Charter of the United Nations, General Assembly, Organization, Special Committee, resolution"
283621,"Palestinian People, inalienable rights"
283622,"General Assembly, Palestinian Rights of the Secretariat"
283623,"Palestine, department of Public Information of the Secretariat, resolution"
283624,"Palestine, resolution"
283625,"International Atomic Energy Agency, atomic energy, resolution"
283626,"international security, technological development"
283627,"General Assembly, disarmament, resolution, security"
283628,"Nuclear Weapon Tests, Outer Space, Outer Space and under Water, outer resolution"
283629,"South Asia, nuclear-weapon-free zone"
283630,"assure, nuclear weapon, nuclear weapons, resolution"
283631,"arms race, outer space, resolution"
283632,"Declaration of the 1990, Disarmament Decade"
283633,"armament, resolution, transparency"
283634,"nuclear threat, step-by-step reduction"
283635,"Non Protection, Non-Proliferation, Non-Proliferation of Nuclear Weapon, Nuclear Weapon"
283636,"General Assembly, illicit traffic, resolution"
283637,"disarmament, nuclear weapons"
283638,"General Assembly, International Court of Justice (ICJ), legalilty, nuclear weapon, resolution, threat"
283639,"General Assembly, Regional disarmament resolution"
283640,"conventional arms control, regional and subregional level"
283641,"Bilateral nuclear-arms negotiations, NUclear disarmament"
283642,"convention on the prohibition of the use of nuclear weapon, resolution"
283643,"confidence-building measures, resolution"
283644,"Middle East, nuclear proliferation"
283645,"Declaration of the Indian Ocean as a Zone of Peace, Indian Ocean"
283646,"South Atlantic region, nuclear weapon-free zone"
283647,"Jerusalem, Middle East"
283648,"Middle East, Syria, Syrian Golan, Syrian Nazareth"
283649,"Middle East, Middle East peace process, resolution"
283650,"Colonial Countries and People, Declaration on the granting of Independence to Colonials and People"
283651,"decolonization, resolution"
283669,"Arab population, Jerusalem, Palestinian people, Palestinian territory, Syrian Golan, economy"
283671,"Palestinian people, resolution, self-determination"
283672,"General Assembly, exercise of people to self-determination, mercenaries, resolution, self-determination"
283673,"General Assembly, colonial countries, human rights, independence, resolution, self-determination"
283674,"affairs of States in their electoral process, national overeignty, non-interference, resolution"
283675,"freedom of travel, resolution, travel"
283676,"General Assembly, United Nations System, fundamental freedoms, human rights, resolution"
283677,"General Assembly, United Nations, democratization, genuine elections, periodic and genuine elections, resolution"
283678,"Bosnia and Herzegovina, Croatia, General Assembly, Montenegro, Republic of Croatia, Serbia, Yugoslavia, resolution, the Federal Republic of Yugoslavia (Serbia and Montenegro)"
283679,"Sudan, human rights, resolution"
283680,"Cuba, human rights, resolution"
283681,"Islamic Republic of Iran, resolution"
283682,"Iraq, human rights, resolution"
283683,"Kosovo, human rights, resolution"
283917,"Action for Equality, Development and Peace, General Assembly, action for Equality, non-governmental organizations, nongovernmental organization, resolution"
284059,"International Atomic Energy Agency, atomic energy, resolution"
284060,"Cuba, United States of America against Cuba, economic embargo, economy"
284061,"multilingalism, resolution"
284062,"South Atlantic, cooperation, peace, resolution"
284093,"Middle East, Middle East peace process, resolution"
284094,"Jerusalem, resolution"
284095,"Syrian Golan, Syrian Resolution"
284096,"law of the sea, resolution"
284097,"Palestine refugees, resolution"
284098,"General Assembly, June 1967, hostilities, resolution"
284099,"Member States of grants and scholarships for higher education, vocational training"
284100,"UNRWA, resolution"
284101,"Palestine refugees, resolution"
284102,"Al-Quds, Jerusalem, Palestine refugees, resolution"
284103,"Arabs, General Assembly, Human Rights of the Palestinian People and Other Arabs, Israeli Practices, Occupied Territories, Palestinian People, Special Committee to Investigate Israeli practices, resolution"
284104,"Arabs, General Assembly, Human Rights of the Palestinian People and Other Arabs, Israeli Practices, Occupied Territories, Palestinian People, Special Committee to Investigate Israeli practices, resolution"
284105,"Arabs, General Assembly, Human Rights of the Palestinian People and Other Arabs, Israeli Practices, Occupied Territories, Palestinian People, Special Committee to Investigate Israeli practices, resolution"
284106,"Arabs, General Assembly, Human Rights of the Palestinian People and Other Arabs, Israeli Practices, Occupied Territories, Palestinian People, Special Committee to Investigate Israeli practices, resolution"
284107,"Charter of the United Nations, Non-Self-Governing Territories"
284108,"Colonial Countries and Peoples in Territories under colonial domination, Declaration on the Granting of Independence to Colonial Countries and People, Declarations on the granting of independence, colonial domination, foreign economic and other interests, resolution, territories"
284109,"Colonial Countries and Peoples, Declaration on the granting of Independence to Colonialization, General Assembly, United Nations, resolution"
284110,"Anguilla, Caicos Islands, Guam, Guam Islands and the United States Virgin Islands, Islands, South America, United States Virgin Islands"
284111,"Colonial Countries and People, Declaration on the granting of Independence to Colonials and People"
284112,"decolonization, resolution"
284118,"Charter of the United Nations, General Assembly, Organization, Special Committee, resolution"
284119,"countries of origin, cultural property, resolution"
284123,"General Assembly, United Nations, resolution, verification"
284124,"General Assembly, disarmament, resolution, security"
284125,"Nuclear Weapen Tests, Outer Space, Outer Space and under Water, outer resolution"
284126,"South Asia, nuclear-weapon-free zone"
284127,"assure, nuclear weapon, nuclear weapons, resolution"
284128,"General Assembly, Nuclear testing"
284129,"General Assembly, Small arms, resolution"
284130,"disarmament, nuclear weapons"
284132,"armament, resolution, transparency"
284133,"General Assembly, disarmament, resolution"
284134,"bilateral nuclear arms, negotiations"
284135,"General Assembly, Regional disarmament resolution"
284136,"conventional arms control, regional and subregional level"
284137,"agreement on disarmament and arms control, environmental norms"
284138,"bilateral nuclear arms, negotiations"
284139,"General Assembly, Nuclear disarmament"
284140,"Non Protection, Non-Proliferation, Non-Proliferation of Nuclear Weapon, Nuclear Weapon"
284141,"convention on the prohibition of the use of Nuclear Weapon, resolution"
284142,"Middle East, nuclear proliferation"
284143,"Declaration of the Indian Ocean as a Zone of Peace, Indian Ocean"
284145,"Palestinian People, inalienable rights"
284146,"General Assembly, Palestinian Rights of the Secretariat"
284147,"General Assembly, Public Information of the Secretariat"
284148,"Palestine, resolution"
284151,"Economic measures, Economic resolution, Political and economic coersion against developing countries"
284152,"Arab population, Jerusalem, Palestinian people, Palestinian territory, Syrian Golan, economy"
284155,"General Assembly, exercise of people to self-determination, mercenaries, resolution, self-determination"
284156,"Palestinian people, resolution, self-determination"
284157,"General Assembly, electoral processes, national overeignty, non-interference, resolution"
284158,"family reunification, freedom of travel, resolution"
284159,"General Assembly, United Nations, democratization, genuine elections, periodic and genuine elections, resolution"
284160,"Islamic Republic of Iran, resolution"
284161,"Kosovo, human rights, resolution"
284162,"Iraq, human rights, resolution"
284163,"Bosnia and Herzegovina, Croatia, General Assembly, Montenegro, Republic of Croatia, Serbia, Yugoslavia, resolution, the Federal Republic of Yugoslavia (Serbia and Montenegro)"
284164,"Sudan, human rights, resolution"
284165,"Cuba, human rights, resolution"
284166,"Nigeria, human rights, resolution"
284470,"international security, resolution, science and technology"
284471,"arms race, outer space, resolution"
284472,"Middle East, Middle East resolution"
284473,"Lebanon, United Nations Interim Force"
284474,"International Atomic Energy Agency, atomic energy, resolution"
284475,"South Atlantic, cooperation, peace, resolution"
284476,"Cuba, United States of America against Cuba, economic embargo, economy"
284477,"comprehension, nuclear-test-ban treaty"
284496,"coercive economic measures, compulsion"
284502,"Palestinian People, inalienable rights"
284503,"General Assembly, Palestinian Rights of the Secretariat"
284504,"General Assembly, Palestine, Public Information of the Secretariat, Special information programme"
284505,"Palestine, resolution"
284506,"Jerusalem, resolution"
284507,"Syrian Golan, Syrian Resolution"
284508,"Middle East, Middle East peace process, resolution"
284510,"law of the sea, resolution"
284512,"international security, resolution, science and technology"
284513,"General Assembly, disarmament, resolution, security"
284514,"South Asia, nuclear-weapon-free zone"
284515,"assure, nuclear weapon, nuclear weapons, resolution"
284516,"arms race, outer space, resolution"
284517,"General Assembly, Non Protection, Non-Proliferation of Nuclear Weapon, Non-Proliferation of Nuclear Weapons, Preparatory Committee, resolution"
284518,"General Assembly, nuclear-weapon-free southern hemisphere, resolution"
284519,"General Assembly, disarmament, resolution"
284520,"agreement on disarmament and arms control, environmental norms"
284521,"disarmament, nuclear weapons"
284522,"armament, resolution, transparency"
284523,"bilateral nuclear arms, negotiations"
284524,"General Assembly, Regional disarmament resolution"
284525,"International Court of Justice, nuclear weapon, resolution, threat"
284526,"General Assembly, Nuclear disarmament"
284527,"Geneva Protocol, geneva protocol, resolution"
284528,"conventional arms control, regional and subregional level"
284529,"bilateral nuclear arms, negotiations"
284530,"anti-personnel landmines, resolution"
284531,"convention on the prohibition of the use of Nuclear Weapon, resolution"
284532,"Disarmament, Disarmament Resolution, General Assembly, general assembly, recommendations and decisions"
284533,"Middle East, nuclear proliferation"
284534,"Declaration of the Indian Ocean as a Zone of Peace, Indian Ocean"
284535,"international security, resolution, violent diintegration"
284545,Cooperation between the United Nations and the Organization for Security and Cooperation in Europe
284548,"Palestinian people, resolution, self-determination"
284549,"General Assembly, exercise of people to self-determination, mercenaries, resolution, self-determination"
284550,"family reunification, freedom of travel, resolution"
284552,"cooperation, human rights, resolution"
284553,"coercive measures, resolution"
284554,"Iraq, human rights, resolution"
284556,"Islamic Republic of Iran, resolution"
284557,"Nigeria, human rights, resolution"
284558,"Kosovo, human rights, resolution"
284560,"Sudan, human rights, resolution"
284561,"Cuba, human rights, resolution"
284563,"Bosnia and Herzegovina, Croatia, General Assembly, Montenegro, Republic of Croatia, Serbia, Yugoslavia, resolution, the Federal Republic of Yugoslavia (Serbia and Montenegro)"
284564,"Palestine refugees, resolution"
284565,"General Assembly, June 1967, hostilities, resolution"
284566,"Palestine refugees, resolution of grants and scholarships for higher education, vocational training"
284567,"Palestine Refugees, United Nations Relief and Work Agency"
284568,"Palestine refugees, resolution"
284569,"Al-Quds, Jerusalem, Palestine refugees, resolution"
284570,"3th Committee, General Assembly, Human Rights of the Palestinian People and Other Arabs, Israeli Practices, Occupied Territories, Palestinian People, Special Committee to Investigate Israeli practices, Special Political and Decolonization Committee (A/51/592)"
284571,"Arab territories, Arab territory, General Assembly, Geneva Convention, Jerusalem, Palestinian Persons in Time of War, Palestinian territory, resolution"
284572,"Jerusalem, Palestinian territory, Syrian Golan"
284573,"Jerusalem, Palestinian territory, resolution"
284574,"Syrian Golan, Syrian resolution"
284575,"General Assembly, peacekeeping operations, resolution"
284576,"United Nations, public information policies and activities"
284577,"Charter of the United Nations, Non-Self-Governing Territories"
284578,"Colonial Countries and Peoples in Territories under colonial domination, Declaration on the Granting of Independence to Colonial Countries and People, Declarations on the granting of independence, colonial domination, foreign economic and other interests, resolution, territories"
284579,"Colonial Countries and Peoples, Declaration on the granting of Independence to Colonialization, General Assembly, United Nations, resolution"
284580,"Colonial Countries and People, Declaration on the granting of Independence to Colonials and People"
284581,"decolonization, resolution"
284599,"Arab population, General Assembly, Jerusalem, Palestinian territory, Syrian Golan, natural resources, resolution"
284607,"General Assembly, Security Council"
284609,"Sudan, assistance, resolution"
284610,"Bosnia, Herzegovina"
284611,"21 November, World Television Day, resolution"
284612,"United Nations pension system, resolution"
284771,"Israeli settlement activities, Palestinian territory, occupied East Jerusalem"
284784,"East Jerusalem, Israel, occupied Palestinian Territory, resolution"
284828,"Illegal Israeli actions, Occupied East Jerusalem, Palestinian Territory"
284833,"International Watercourses, Non-Navigational Uses"
284834,"Lebanon, United Nations Interim Force"
284860,"Cuba, United States of America against Cuba, economic embargo, economy"
284862,"International Atomic Energy Agency, atomic energy, resolution"
284863,"Illegal Israeli actions, Occupied East Jerusalem, Palestinian Territory"
284868,"South Atlantic, cooperation, peace, resolution"
284872,Cooperation between the United Nations and the Organization for Security and Cooperation in Europe
284873,"countries of origin, cultural property, resolution"
284874,"General Assembly, law of the sea, resolution"
284893,"international security, resolution, science and technology"
284894,"South Asia, nuclear-weapon-free zone"
284895,"assure, nuclear weapon, nuclear weapons, resolution"
284896,"arms race, outer space, resolution"
284897,"Anti-personnel Mines, Stockpiling, destruction, resolution"
284898,"armament, resolution, transparency"
284899,"agreement on disarmament and arms control, environmental norms"
284900,"anti-personnel landmines, resolution"
284901,"General Assembly, Small arms, resolution"
284902,"disarmament, nuclear weapons"
284903,"General Assembly, Nuclear disarmament"
284904,"bilateral nuclear arms, negotiations"
284905,"adjacent areas, nuclear-weapon-free southern hemishpere"
284906,"General Assembly, International Court of Justice on the Threat or Use of Nuclear Weapon, Nuclear Weapon, Threat"
284907,"conventional arms control, regional and subregional level"
284908,"armament, resolution, transparency"
284909,"Nuclear Weapon, Prohibition of the use of nutclear weapon"
284910,disarmament resolution
284911,"Middle East, nuclear proliferation"
284913,"Declaration of the Indian Ocean as a Zone of Peace, Indian Ocean"
284914,"Palestinian People, inalienable rights"
284915,"General Assembly, Palestinian Rights of the Secretariat"
284916,"Palestine, resolution"
284917,"Palestine, resolution"
284918,"Jerusalem, resolution"
284919,"Middle East, Syria, Syrian Golan, Syrian Islam"
284920,"Palestine refugees, resolution"
284921,"General Assembly, June 1967, hostilities, resolution"
284922,"Palestine refugees, resolution, vocational training"
284923,"Palestine Refugees, United Nations Relief and Work Agency"
284924,"Palestine refugees, resolution"
284925,"Al-Quds, Jerusalem, Palestine refugees, resolution"
284926,"Arabs, Arabs of the Occupied Territories, General Assembly, Human Rights of the Palestinian People and Other Arabs, Israeli Practices, Palestinian People, Special Committee to Investigate Israeli practices, resolution"
284927,"Arab territories resolution, Arab territory, Geneva Convention, Jerusalem, Palestinian Persons in Time of War, Palestinian territory"
284928,"Jerusalem, Palestinian territory, Syrian Golan"
284929,"Jerusalem, Palestinian territory, resolution"
284930,"Syrian Golan, Syrian resolution"
284931,"Charter of the United Nations, Non-Self-Governing Territories"
284932,"Economic and other activities, Non-Self-Governing Territories"
284933,"Colonial Countries and Peoples, Declaration on the granting of Independence to Colonialization, General Assembly, United Nations, resolution"
284934,"Colonial Countries and People, Declaration on the granting of Independence to Colonials and People"
284935,"decolonization, resolution"
284937,"General Assembly, exercise of the people to self-determination, mercenaries, resolution, self-determination"
284938,"Palestinian people, resolution, self-determination"
284939,"General Assembly, electoral processes, national overeignty, non-interference, resolution"
284940,"coercive measures, resolution"
284941,"family reunification, freedom of travel, resolution"
284942,"General Assembly, United Nations, democratization, genuine elections, periodic and genuine elections, resolution"
284943,"United Nations, general assembly, human rights, international cooperation, non-selectivity, objectivity, resolution"
284944,"General Assembly, resolution, terrorism"
284945,"General Assembly, resolution, right to development"
284946,"Kosovo, human rights, resolution"
284947,"Sudan, human rights, resolution"
284948,"Iraq, human rights, resolution"
284949,"Islamic Republic of Iran, resolution"
284950,"Cuba, human rights, resolution"
284951,"Nigeria, human rights, resolution"
284952,"Bosnia, Bosnia and Herzegovina, Croatia, Federal Republic of Yugoslavia, General Assembly, human rights, resolution"
284953,"Sudan, assistance, resolution"
284954,"economic measures, political and political coercion against developing countries"
284955,"Arab population, General Assembly, Jerusalem, Palestinian territory, Syrian Golan, natural resources, resolution"
285234,"International Atomic Energy Agency, atomic energy, resolution"
285260,"South Atlantic, cooperation, peace, resolution"
285263,"Jerusalem, resolution"
285264,"Middle East, Syria, Syrian Golan, Syrian Islam"
285265,"Palestinian People, inalienable rights"
285266,"General Assembly, Palestinian Rights of the Secretariat"
285267,"General Assembly, Palestine, Public Information of the Secretariat, Special information programme"
285268,"Palestine, resolution"
285269,"Palestine refugees, resolution"
285270,"General Assembly, June 1967, hostilities, resolution"
285271,"Palestine refugees, resolution, vocational training"
285272,"Palestine Refugees, United Nations Relief and Work Agency"
285273,"Palestine refugees, resolution"
285274,"Al-Quds, Jerusalem, Palestine refugees, resolution"
285275,"Arabs, Arabs of the Occupied Territories, General Assembly, Human Rights of the Palestinian People and Other Arabs, Israeli Practices, Palestinian People, Special Committee to Investigate Israeli practices, resolution"
285276,"Arab territories, Arab territory, General Assembly, Geneva Convention, Jerusalem, Palestinian Persons in Time of War, Palestinian territory, resolution"
285277,"Jerusalem, Palestinian territory, Syrian Golan"
285278,"Jerusalem, Palestinian territory, resolution"
285279,"Syrian Golan, Syrian resolution"
285280,"Charter of the United Nations, Non-Self-Governing Territories"
285281,"Economic and other activities, Non-Self-Governing Territories"
285282,"Colonial Countries and Peoples, Declaration on the granting of Independence to Colonialization, General Assembly, United Nations, resolution"
285283,"Colonial Countries and People, Declaration on the granting of Independence to Colonials and People"
285284,"decolonization, resolution"
285287,"international security, resolution, violent diintegration"
285288,"international security, resolution, science and technology"
285289,"assure, nuclear weapon, nuclear weapons, resolution"
285290,"arms race, outer space, resolution"
285291,"General Assembly, Small arms, resolution"
285292,"General Assembly, resolution, ruclear danger"
285293,"General Assembly, Nuclear testing"
285294,"General Assembly, Regional disarmament resolution"
285295,"agreement on disarmament and arms control, environmental norms"
285296,"Geneva Protocol, geneva protocol, resolution"
285297,"Anti-Personnel Mines, Stockpiling, anti-personnel mines"
285298,"conventional arms control, regional and subregional level"
285299,"hemisphere, resolution"
285300,"armament, resolution, transparency"
285301,"disarmament, nuclear weapons"
285302,"armament, resolution, transparency"
285303,"General Assembly, International Court of Justice on the Legality of the Threat or Use of Nuclear Weapon, Nuclear Weapon, the Legality of the Threat"
285304,"General Assembly, Nuclear disarmament"
285305,"General Assembly, nuclear-weapon-free world"
285306,"bilateral nuclear arms, negotiations"
285307,"convention on the prohibition of the use of Nuclear Weapon, resolution"
285308,"Middle East, nuclear proliferation"
285309,Cooperation between the United Nations and the Organization for Security and Cooperation in Europe
285318,"General Assembly, exercise of people to self-determination, mercenaries, resolution, self-determination"
285319,"Palestinian people, resolution, self-determination"
285320,"coercive measures, resolution"
285321,"family reunification, freedom of travel, resolution"
285322,"General Assembly, resolution, right to development"
285323,"Iraq, human rights, resolution"
285324,"Islamic Republic of Iran, resolution"
285325,"Bosnia and Herzegovina, Federal Republic of Yugoslavia, General Assembly, Montenegro, Serbia and Montenegro, human rights, resolution"
285326,"Kosovo, human rights, resolution"
285330,"Arab population, General Assembly, Jerusalem, Palestinian territory, Syrian Golan, natural resources, resolution"
285523,"Lebanon, United Nations Interim Force"
285524,"Palestine, United Nations, resolution"
285525,"Cuba, United States of America against Cuba, economic embargo, economy"
285526,"coercive economic measures, compulsion"
285527,"General Assembly, law of the sea, resolution"
285559,"Lebanon, United Nations Interim Force"
404018,"General Assembly, law of the sea, resolution"
404019,"South Atlantic, cooperation, peace, resolution"
404021,"International Atomic Energy Agency, atomic energy, resolution"
404022,"Jerusalem, resolution"
404023,"Syrian Golan, Syrian Resolution"
404024,"Palestinian people, inalienable rights"
404025,"General Assembly, Palestinian Rights of the Secretariat"
404026,"General Assembly, Palestine, Public Information of the Secretariat, Special information programme"
404028,"Palestine, resolution"
404029,"Declaration of the Indian Ocean as a Zone of Peace, Indian Ocean"
404030,"international security, resolution, science and technology"
404031,"assure, nuclear weapon, nuclear weapons, resolution"
404032,"arms race, outer space, resolution"
404033,"Anti-Ballistic Missile System, anti-ballistic misile system"
404034,"Anti-personnel mines, General Assembly, Stockpiling, destruction, resolution"
404035,"disarmament, nuclear weapons"
404036,"General Assembly, Missiles, resolution"
404037,"General Assembly, nuclear weapon-free world"
404038,"armament, resolution, transparency"
404039,"General Assembly, resolution, ruclear danger"
404040,"hemisphere, resolution"
404041,"conventional arms control, regional and subregional level"
404042,"armament, resolution, transparency"
404043,"General Assembly, Nuclear disarmament"
404044,"General Assembly, International Court of Justice on the Legality of the Threat or Use of Nuclear Weapon, Nuclear Weapon, the Legality of the Threat"
404045,"agreement on disarmament and arms control, environmental norms"
404046,"convention on the prohibition of the use of Nuclear Weapon, resolution"
404047,"Middle East, nuclear proliferation"
404048,"South-Eastern Europe, international security"
404049,"Comprehenive Nuclear-Test-Ban Treaty, General Assembly"
404052,"Cuba, United States of America against Cuba, economic embargo, economy"
404054,"Palestine refugees, resolution"
404055,"General Assembly, June 1967, hostilities, resolution"
404056,"Palestine refugees, resolution, vocational training"
404057,"Palestine Refugees in the Near East, United Nations Relief and Work Agency"
404058,"Palestine refugees, resolution"
404059,"Al-Quds, Jerusalem, Palestine refugees, resolution"
404060,"Arabs, Arabs of the Occupied Territories, General Assembly, Human Rights of the Palestinian People and Other Arabs, Israeli Practices, Palestinian People, Special Committee to Investigate Israeli practices, resolution"
404061,"Arab territories, General Assembly, Geneva Convention, Jerusalem, Occupied Palestinian Persons in Time of War, Palestinian Territory"
404062,"Jerusalem, Palestinian Territory, Syrian Golan"
404063,"Jerusalem, Occupied Palestinian Territory, Palestinian Territory"
404064,"Syrian Golan, Syrian resolution"
404065,"Charter of the United Nations, Non-Self-Governing Territories"
404066,"Economic and other activities, Non-Self-Governing Territories"
404067,"Colonial Countries and Peoples, Declaration on the granting of Independence to Colonialization, General Assembly, United Nations, resolution"
404068,"Colonial Countries and People, Declaration on the granting of Independence to Colonials and People"
404069,"decolonization, resolution"
404531,Cooperation between the United Nations and the Organization for Security and Cooperation in Europe
404532,"General Assembly, Small arms, resolution"
404565,"General Assembly, exercise of people to self-determination, mercenaries, resolution, self-determination"
404566,"Palestinian people, resolution, self-determination"
404567,"General Assembly, resolution, terrorism"
404568,"Globalization, globalization, human rights, resolution"
404569,"General Assembly, electoral processes, national overeignty, non-interference, resolution"
404570,"family reunification, freedom of travel, resolution"
404571,"coercive measures, resolution"
404580,"General Assembly, United Nations, democratization, genuine elections, periodic and genuine elections, resolution"
404581,"General Assembly, development, resolution"
404582,"Islamic Republic of Iran, resolution"
404583,"Human Rights Situation, Human rights situation, Iraq"
404584,"democratic Republic of the Congo, human rights, resolution"
404585,"Sudan, human rights, resolution"
404586,"Kosovo, human rights, resolution"
404587,"Bosnia and Herzegovina, Federal Republic of Yugoslavia, General Assembly, Montenegro, Serbia and Montenegro, human rights, resolution"
404946,"General Assembly, developing countries, development, international financial system, resolution"
404978,"economic measures, political and political coercion against developing countries"
404979,"Arab population, General Assembly, Jerusalem, Palestinian territory, Syrian Golan, natural resources, resolution"
405168,"General Assembly, resolution, terrorism"
422519,"Lebanon, UN Interim Force"
426078,"East Jerusalem, Israel, occupied Palestinian Territory, resolution"
426217,"Cuba, United States of America against Cuba, economic embargo, economy"
426984,"extraterritorial coercive economic measures, political compulsion"
426989,"General Assembly, law of the sea, resolution"
426997,"General Assembly, drift-net fishing, fisheries by-catch and discards, high seas, national jurisdiction, resolution"
427081,"Illegal Israeli actions, Occupied East Jerusalem, Palestinian Territory"
427247,"Israel, Israeli actions, Occupied East Jerusalem, Palestinian Territory"
427520,"international security, resolution, science and technology"
427521,"assure, nuclear weapon, resolution"
427522,"arms race, outer space, resolution"
427523,"General Assembly, Missiles, resolution"
427524,"Anti-Ballistic Missile System, anti-ballistic misile system"
427525,"General Assembly, nuclear-weapon-free world"
427526,"Non Protection, Non-Proliferation of Nuclear Weapon"
427527,"hemisphere, resolution"
427528,"Geneva Protocol, geneva protocol, resolution"
427529,"agreement on disarmament and arms control, environmental norms"
427530,"General Assembly, resolution, ruclear danger"
427531,"conventional arms control, regional and subregional level"
427532,"elimination of nuclear weapons, resolution"
427533,"General Assembly, Nuclear disarmament"
427534,"armament, resolution, transparency"
427535,"Anti-personnel Mines, General Assembly, Stockpiling, destruction, resolution"
427536,"General Assembly, International Court of Justice on the Legality of the Threat or Use of Nuclear Weapon, Nuclear Weapon, the Legality of the Threat"
427537,"convention on the prohibition of the use of Nuclear Weapon, resolution"
427538,"Middle East, nuclear proliferation"
427539,"Comprehenive Nuclear-Test-Ban Treaty, General Assembly"
428379,"South Atlantic, cooperation, peace, resolution"
428568,"Jerusalem, resolution"
428569,"Syrian Golan, Syrian Resolution"
428570,"Palestinian People, inalienable rights"
428571,"General Assembly, Palestinian Rights of the Secretariat"
428572,"General Assembly, Palestine, Public Information of the Secretariat, Special information programme"
428573,"Palestine, resolution"
428793,"elimination of crimes against women, resolution"
428794,"General Assembly, exercise of people to self-determination, mercenaries, resolution, self-determination"
428795,"Palestinian people, resolution, self-determination"
428797,"General Assembly, migrants, resolution"
428798,"democracy, resolution"
428799,"family reunification, freedom of travel, resolution"
428800,"Charter of the United Nations, General Assembly, United Nations, human rights, humanitarian character, international cooperation, resolution, respect for the purposes and principles"
428801,"Globalization, globalization, human rights, resolution"
428802,"democratic and equitable international order, resolution"
428803,"coercive measures, resolution"
428804,"Islamic Republic of Iran, resolution"
428805,"Human Rights Situation, Human rights situation, Iraq"
428806,"Sudan, human rights, resolution"
428807,"democratic Republic of the Congo, human rights, resolution"
429139,"Palestine refugees, resolution"
429140,"General Assembly, June 1967, hostilities, resolution"
429141,"Palestine refugees, resolution, vocational training"
429142,"Palestine Refugees, United Nations Relief and Work Agency"
429143,"Palestine refugees, resolution"
429144,"Al-Quds, Jerusalem, Palestine refugees, resolution"
429145,"Arabs, Arabs of the Occupied Territories, General Assembly, Human Rights of the Palestinian People and Other Arabs, Israeli Practices, Palestinian People, Special Committee to Investigate Israeli practices, resolution"
429146,"Arab territories, Arab territory, General Assembly, Geneva Convention, Jerusalem, Palestinian Persons in Time of War, Palestinian territory, resolution"
429147,"Jerusalem, Palestinian Territory, Syrian Golan"
429148,"Jerusalem, Palestinian territory, resolution"
429149,"Syrian Golan, Syrian resolution"
429150,"Charter of the United Nations, Non-Self-Governing Territories"
429151,"Economic and other activities, Non-Self-Governing Territories"
429152,"Colonial Countries and Peoples, Declaration on the granting of Independence to Colonialization, General Assembly, United Nations, resolution"
429153,"decolonization, resolution"
429154,"Colonialism, Second International Decade for the Eradication of ColoNIAlism"
429155,"Colonial Countries and People, Declaration on the granting of Independence to Colonials and People"
429344,"General Assembly, resolution, terrorism"
429857,Cooperation between the United Nations and the Organization for Security and Cooperation in Europe
429858,"Lebanon, United Nations Interim Force"
429936,"Arab population, General Assembly, Jerusalem, Palestinian Territory, Syrian Golan, natural resources, resolution"
442961,"Lebanon, United Nations Interim Force"
453666,"Declaration of the Indian Ocean as a Zone of Peace, Indian Ocean"
453671,"General Assembly, law of the sea, resolution"
453713,"assure, nuclear weapon, nuclear weapons, resolution"
453721,"international security, resolution, science and technology"
453722,"arms race, outer space, resolution"
453723,"Anti-Ballistic Missile Sytem, anti-ballistic misile sytem, resolution"
453724,"General Assembly, Missiles, resolution"
453725,"General Assembly, resolution, ruclear danger"
453726,"agreement on disarmament and arms control, environmental norms"
453727,"hemisphere, resolution"
453728,"conventional arms control, regional and subregional level"
453731,"Anti-personnel Mines, General Assembly, Stockpiling, destruction, resolution"
453733,"elimination of nuclear weapons, resolution"
453735,"General Assembly, Non Protection, Non-Proliferation of Nuclear Weapon, Nuclear Weapon"
453736,"armament, resolution, transparency"
453738,"General Assembly, Nuclear disarmament"
453740,"General Assembly, International Court of Justice on the Legality of the Threat or Use of Nuclear Weapon, Nuclear Weapon, the Legality of the Threat"
453747,"convention on the prohibition of the use of Nuclear Weapon, resolution"
453748,"Middle East, nuclear proliferation"
453749,"Jerusalem, resolution"
453750,"Syrian Golan, Syrian Resolution"
453751,"Palestinian People, inalienable rights"
453753,"General Assembly, Palestinian Rights of the Secretariat"
453754,"General Assembly, Palestine of the Department of Public Information of the Secretariat, Public Information of the Secretariat, information programme"
453755,"Palestine, resolution"
454252,"Comprehensive Nuclear-Test-Ban Treaty Organization, United Nations"
454253,"Palestine refugees, resolution"
454254,"General Assembly, June 1967, hostilities, resolution"
454255,"Palestine refugees, resolution, vocational training"
454256,"Palestine Refugees, United Nations Relief and Work Agency"
454257,"Palestine refugees, resolution"
454263,"Al-Quds, Jerusalem, Palestine refugees, resolution"
454271,"Arabs, Arabs of the Occupied Territories, General Assembly, Human Rights of the Palestinian People and Other Arabs, Israeli Practices, Palestinian People, Special Committee to Investigate Israeli practices, resolution"
454275,"Arab territories, General Assembly, Geneva Convention, Jerusalem, Occupied Palestinian Persons in Time of War, Palestinian Territory"
454280,"Jerusalem, Palestinian Territory, Syrian Golan"
454283,"Israel, Jerusalem, Palestinian territory, resolution"
454287,"Syrian Golan, Syrian resolution"
454290,"Charter of the United Nations, Non-Self-Governing Territories"
454291,"Economic and other activities, Non-Self-Governing Territories"
454294,"Colonial Countries and Peoples, Declaration on the granting of Independence to Colonialization, General Assembly, United Nations, resolution"
454296,"decolonization, resolution"
454297,"Colonial Countries and People, Declaration on the granting of Independence to Colonials and People"
454728,"International Atomic Energy Agency, atomic energy, resolution"
454775,"Palestinian people, resolution, self-determination"
454776,"general Assembly, geographical distribution, human rights instruments"
454777,"coercive measures, resolution"
454778,"General Assembly, development, resolution"
454779,"democratic and equitable international order, resolution"
454783,"Charter of the United Nations, General Assembly, United Nations, general Assembly, human rights, humanitarian character, international cooperation, resolution, respect for the purposes and principles"
454789,"General Assembly, affairs of States, human rights, national overeignty, non-interference, resolution"
454814,"General Assembly, food, resolution"
454821,"General Assembly, United Nations, democratization, genuine elections, periodic and genuine elections, resolution"
454822,"General Assembly, resolution, terrorism"
454825,"Globalization, globalization, human rights, resolution"
454826,"Islamic Republic of Iran, resolution"
454829,"democratic Republic of the Congo, human rights, resolution"
454845,"Iraq, human rights, resolution"
454848,"Sudan, human rights, resolution"
455251,"Israel, Jerusalem, occupied Palestinian Territory, resolution"
455262,"East Jerusalem, Israel, occupied Palestinian Territory, resolution"
455673,"economic measures, political and political coercion against developing countries"
455676,"Arab population, General Assembly, Jerusalem, Palestinian population, Syrian Golan, natural resources, resolution"
455678,"Lebanon, United Nations Interim Force"
455679,Cooperation between the United Nations and the Organization for Security and Cooperation in Europe
455680,"General Assembly, exercise of people to self-determination, mercenaries, resolution, self-determination"
462340,"Discrimination, Related Intolerance, World Conference against Racism, Xenophobia"
464215,"Illegal Israeli actions, Occupied East Jerusalem, Palestinian Territory"
464310,"South Atlantic, cooperation, peace, resolution"
464314,"Cuba, United States of America against Cuba, economic embargo, economy"
468522,"Lebanon, United Nations Interim Force"
470868,"East Jerusalem, Illegal Israeli actions, occupied Palestinian territory, resolution"
476195,extraterritorial coercive economic measures
478298,"International Atomic Energy Agency, atomic energy, resolution"
478356,"Cuba, United States of America against Cuba, economic embargo, economy"
479322,Comprehensive Nuclear-Test-Ban Treaty Organization
479323,"international security, resolution, science and technology"
479325,"assure, nuclear weapon, nuclear weapons, resolution"
479326,"arms race, outer space, resolution"
479327,"non-strategic nuclear weapon, resolution"
479328,"General Assembly, nuclear-weapon-free world"
479329,"Geneva Protocol, geneva protocol, resolution"
479330,"disarmament, multilateralism"
479331,"agreement on disarmament and arms control, environmental norms"
479332,"development, disarmament, resolution"
479334,"arms, military equipment, resolution"
479335,"General Assembly, Missiles, resolution"
479336,"hemisphere, resolution"
479337,"Anti-personnel Mines, General Assembly, Stockpiling, destruction, resolution"
479339,"armament, resolution, transparency"
479340,"conventional arms control, regional and subregional level"
479341,"elimination of nuclear weapons, resolution"
479343,"General Assembly, Nuclear disarmament"
479344,"General Assembly, resolution, ruclear danger"
479345,"General Assembly, International Court of Justice on the ""Legality of the Threat or Use of Nuclear Weapon"", Nuclear Weapon, Threat, resolution"
479346,"convention on the prohibition of the use of Nuclear Weapon, resolution"
479347,"Middle East, nuclear proliferation"
479348,"Comprehenive Nuclear-Test-Ban Treaty, General Assembly"
480138,"Palestinian People, inalienable rights"
480140,"General Assembly, Palestinian Rights of the Secretariat"
480141,"General Assembly, Palestine, Public Information of the Secretariat, Special information programme"
480142,"Palestine, resolution"
480148,"Jerusalem, resolution"
480150,"Syrian Golan, Syrian Resolution"
482346,"Palestinian refugees, resolution"
482348,"General Assembly, June 1967, hostilities, resolution"
482349,"Palestine refugees, resolution, vocational training"
482375,"Palestine Refugees, United Nations Relief and Work Agency"
482376,"Palestine refugees, resolution"
482377,"Al-Quds, Jerusalem, Palestine refugees, resolution"
482378,"Arabs, Arabs of the Occupied Territories, General Assembly, Human Rights of the Palestinian People and Other Arabs, Israeli Practices, Palestinian People, Special Committee to Investigate Israeli practices, resolution"
482379,"Arab territories, East Jerusalem, General Assembly, Geneva Convention, Middle Ages, Occupied Palestinian Persons in Time of War, Palestinian Territory, resolution"
482382,"Israeli settlement, Palestinian Territory, Syrian Golan"
482383,"East Jerusalem, Occupied Palestinian Territory, Palestinian Territory, resolution"
482386,"Syrian Golan, Syrian Resolution"
482388,"Charter of the United Nations, Non-Self-Governing Territories"
482389,"Economic and other activities, Non-Self-Governing Territories"
482390,"Colonial Countries and Peoples, Declaration on the granting of Independence to Colonialization, General Assembly, United Nations, resolution"
482391,"decolonization, resolution"
482392,"Colonial Countries and People, Declaration on the granting of Independence to Colonials and People"
482393,"General Assembly, law of the sea, resolution"
482398,Cooperation between the United Nations and the Council of Europe
482399,International Research and Training Institute for the Advancement of Women
482400,"Palestinian children, resolution"
482402,"General Assembly, child, resolution"
482404,"Durban Declaration and Programme, Durban Declaration and Programme of Action, General Assembly, action, racial discrimination, racism, resolution"
482406,"General Assembly, exercise of people to self-determination, mercenaries, resolution, self-determination"
482407,"Palestinian people, resolution, self-determination"
482408,"Convention against Torture and Other Cruel Treatment and Punishment, Optional Protocol"
482409,"Globalization, globalization, human rights, resolution"
482410,"democratic and equitable international order, resolution"
482411,"extrajudicial execution, resolution"
482518,"General Assembly, people to peace, resolution"
482520,"Charter of the United Nations, General Assembly, United Nations, human rights, humanitarian character, international cooperation, resolution, respect for the purposes and principles"
482521,"coercive measures, resolution"
482522,"General Assembly, Right to Development, right to development"
482533,"General Assembly, food, resolution"
482534,"family reunification, freedom of travel, resolution"
482535,"Khmer Rouge trial, khmer resolution"
482536,"Human Rights Situation, Human rights situation, Iraq"
482537,"democratic Republic of the Congo, human rights, resolution"
482538,"Arab population, General Assembly, Palestinian people, Syrian Golan, natural resources, resolution"
482539,Cooperation between the United Nations and the Organization for Security and Cooperation in Europe
482541,"Sudan, human rights, resolution"
497742,"Lebanon, United Nations Interim Force"
504164,"Illegal Israeli actions, Occupied East Jerusalem"
504508,"Illegal Israeli actions, Occupied East Jerusalem"
505386,"Cuba, United States of America against Cuba, economic embargo, economy"
505387,"International Atomic Energy Agency, atomic energy, resolution"
507405,"Palestinian People, inalienable rights"
507406,"General Assembly, Palestinian Rights of the Secretariat"
507407,"General Assembly, Palestine, Public Information of the Secretariat, Special information programme"
507408,"Palestine, resolution"
507409,"Jerusalem, resolution"
507410,"Syrian Golan, Syrian Resolution"
507717,"Illegal Israeli actions, Occupied East Jerusalem"
508001,"international security, resolution, science and technology"
508002,"assure, nuclear weapon, nuclear weapons, resolution"
508005,"arms race, outer space, resolution"
508006,"General Assembly, Missiles, resolution"
508007,"conventional arms control, regional and subregional level"
508008,"confidence-building measures, regional and subregional context, resolution"
508010,"disarmament, multilateralism"
508011,"agreement on disarmament and arms control, environmental norms"
508014,"General Assembly, resolution, ruclear danger"
508016,"hemisphere, resolution"
508018,"non-strategic nuclear weapon, resolution"
508021,"Anti-personnel Mines, General Assembly, Stockpiling, destruction, resolution"
508023,"armament, resolution, transparency"
508024,"General Assembly, Nuclear disarmament"
508027,"elimination of nuclear weapons, resolution"
508028,"convention on the prohibition of the use of Nuclear Weapon, resolution"
508030,"Middle East, nuclear proliferation"
508032,"Comprehenive Nuclear-Test-Ban Treaty, General Assembly"
508075,"Declaration of the Indian Ocean as a Zone of Peace, Indian Ocean"
508079,"Palestine refugees, resolution"
508084,"General Assembly, June 1967, hostilities, resolution"
508085,"Palestine Refugees, UN Relief and Work Agency"
508087,"Palestine refugees, resolution"
508100,"Palestine Refugees in the Near East, Palestine refugees, UN Relief and Work Agency"
508109,"Arabs, Arabs of the Occupied Territories, General Assembly, Human Rights of the Palestinian People and Other Arabs, Israeli Practices, Palestinian People, Special Committee to Investigate Israeli practices, resolution"
508117,"Arab territories, East Jerusalem, General Assembly, Geneva Convention, Middle Ages, Occupied Palestinian Persons in Time of War, Palestinian Territory, resolution"
508121,"Israeli settlement, Palestinian Territory, Syrian Golan"
508126,"East Jerusalem, Occupied Palestinian Territory, Palestinian Territory, resolution"
508130,"Syrian Golan, Syrian resolution"
508133,"Charter of the United Nations, Non-Self-Governing Territories"
508136,"Economic and other activities, Non-Self-Governing Territories"
508172,"Colonial Countries and Peoples, Declaration on the granting of Independence to Colonialization, General Assembly, United Nations, resolution"
508173,"decolonization, resolution"
508174,"Colonial Countries and People, Declaration on the granting of Independence to Colonials and People"
508289,"General Assembly, International Court of Justice on the Legality of the Threat or Use of Nuclear Weapon, Nuclear Weapon, the Legality of the Threat"
508317,"General Assembly, nuclear weapon-free world"
508874,"Palestinian people, resolution"
508875,"democratic Republic of the Congo, economic recovery"
509151,"Palestinian children, resolution"
509153,"General Assembly, child, resolution"
509154,"general assembly, resolution, self-determination"
509155,"General Assembly, exercise of people to self-determination, mercenaries, resolution, self-determination"
509156,"coercive measures, resolution"
509158,"General Assembly, development, resolution"
509171,"attainable standard of physical and mental health, physical and mental health, resolution"
509173,"General Assembly, resolution, terrorism"
509174,"HIV/AIDS, malaria, medication, tuberculosis"
509176,"General Assembly, democratization, genuine elections, resolution"
509177,"intolerance, resolution"
509179,"General Assembly, food, resolution"
509180,"fundamental freedoms, human rights, resolution"
509181,"Charter of the UN, General Assembly, general Assembly, human respect, human rights, humanitarian character, international cooperation, resolution"
509182,"General Assembly, democratic systems, electoral processes, human rights, national overeignty, resolution"
509183,"General Assembly, human rights, peace, resolution, vital requirement"
509184,"Globalization, globalization, human rights, resolution"
509185,"Turkmenistan, human rights, resolution"
509186,"Islamic Republic of Iran, resolution"
509188,"democratic Republic of the Congo, human rights, resolution"
509375,"Palestinian people, resolution, self-determination"
509380,"Declaration and Programme of Action, Durban, Durban Declaration and Programme of Action, General Assembly, intolerance, racial discrimination, related intolerance, resolution"
509418,"economic measures, political and political coercion against developing countries"
509419,"Arab population, General Assembly, Palestinian people, Syrian Golan, natural resources, resolution"
509420,"law of the Sea, resolution"
509421,International Research and Training Institute for the Advancement of Women
509429,"Children and Armed conflict, Special Representative"
521431,"East Jerusalem, occupied territory, resolution"
524030,"Lebanon, UN Interim Force"
526686,"East Jerusalem, International Court of Justice, Occupied Palestinian Territory, construction of a wall, resolution"
527352,"General Assembly, United Nations, international cooperation, international security, resolution"
534121,"Cuba, United States of America, economic embargo, economy, resolution"
534130,"Comprehensive Nuclear-Test-Ban Treaty Organization, United Nations"
534386,"International Atomic Energy Agency, atomic energy, resolution"
535326,"General Assembly, law of the sea, resolution"
536082,"Palestinian People, inalienable rights"
536083,"General Assembly, Palestinian Rights of the Secretariat"
536087,"Palestine, resolution"
536088,"Jerusalem, resolution"
536089,"Syrian Golan, Syrian Resolution"
536120,"General Assembly, Palestine, Public Information of the Secretariat, Special information programme"
536203,"international security, resolution, science and technology"
536205,"assure, nuclear weapon, nuclear weapons, resolution"
536206,"arms race, outer space, resolution"
536207,"General Assembly, Missiles, resolution"
536209,"agreement on disarmament and arms control, environmental norms"
536211,"disarmament, multilateralism"
536213,"Geneva Protocol, geneva protocol, resolution"
536217,"disormament commitment, nuclear disarmament"
536218,"General Assembly, Nuclear disarmament"
536220,"development, disarmament, resolution"
536223,"General Assembly, resolution, ruclear danger"
536228,"General Assembly, Special Coordinator (CD/1299), arms race, committee to negotiate, devices, disarmament decision, fissile material, nuclear arms, nuclear disarmament, nuclear weapon, race and nuclear disarmament, resolution, treaty banning"
536236,"General Assembly, International Court of Justice on the Legality of the Threat or Use of Nuclear Weapon, Nuclear Weapon, the Legality of the Threat"
536241,"Anti-personnel Mines, General Assembly, Stockpiling, destruction, resolution"
536245,"hemisphere, resolution"
536248,"conventional arms control, regional and subregional level"
536251,"Ballistic Missile Proliferation, Hague Code of Conduct"
536255,"Nuclear Weapon, Prohibition of use of nutclear weapon"
536256,"Middle East, nuclear proliferation"
536259,"Comprehenive Nuclear-Test-Ban Treaty, General Assembly"
536958,"elimination of nuclear weapons, resolution"
537015,"Palestine refugees, resolution"
537018,"General Assembly, June 1967, hostilities, resolution"
537019,"Palestine Refugees, United Nations Relief and Work Agency"
537020,"Palestine refugees, resolution"
537021,"Arabs, Arabs of the Occupied Territories, General Assembly, Human Rights of the Palestinian People and Other Arabs, Israeli Practices, Palestinian People, Special Committee to Investigate Israeli practices, resolution"
537022,"Arab territories, East Jerusalem, General Assembly, Geneva Convention, Middle Ages, Occupied Palestinian Persons in Time of War, Palestinian Territory, resolution"
537023,"Israeli settlement, Palestinian Territory, Syrian Golan"
537024,"East Jerusalem, Palestinian Territory, resolution"
537025,"Syrian Golan, Syrian resolution"
537026,"Economic and other activities, Non-Self-Governing Territories"
537028,"Charter of the United Nations, Charter of the United nations, Non-Self Governing Territories, United nations, resolution"
537030,"Colonial Countries and People, General Assembly, Specialized Agencies, United Nations, granting of Independence, resolution"
537031,"Western Sahara, resolution"
537033,"decolonization, resolution"
537038,"Colonial Countries and People, Declaration on the granting of Independence to Colonials and People"
537669,"Palestinian children, resolution"
537671,"Declaration and Programme of Action, Durban, Durban Declaration and Programme of Action, General Assembly, intolerance, racial discrimination, related intolerance, resolultion"
537673,"General Assembly, exercise of people to self-determination, mercenaries, resolultion, self-determination"
537675,"Palestinian people, resolution, self-determination"
537676,"geographical distribution, human rights treaty bodies"
537677,"Globalization, globalization, human rights, resolution"
537679,"General Assemly, development, resolution"
537703,"democratic and equitable international order, resolution"
537711,"General Assemly, Human rights and terrorism, resolution"
537717,"coercive measures, resolution"
537719,"extrajudicial execution, resolution"
537720,"intolerance, resolution"
537722,"democracy, resolution"
537724,"General Assemly, food, resolution"
537725,"family reunification, freedom of travel, resolution"
537726,"Charter of the United Nations, General Assemly, United Nations, general Assemly, human rights, humanitarian character, international cooperation, resolution, respect for the purposes and principles"
537728,"Islamic Republic of Iran, human rights, resolution"
537730,"Turkmenistan, human rights, resolution"
537731,"democratic Republic of the Congo, human rights, resolution"
538026,"General Assembly, International trade and development"
538027,"Arab population, General Assembly, Palestinian people, Syrian Golan, natural resources, resolution"
538295,International Research and Training Institute for the Advancement of Women
538364,"General Assembly, child, resolution"
543081,"United Nations, human cloning, resolution"
551967,"Lebanon, United Nations Interim Force"
560077,"International Atomic Energy Agency, atomic energy, resolution"
560083,"Cuba, United States of America against Cuba, economic embargo, economy"
561604,"General Assembly, law of the sea, resolution"
561747,"Palestinian People, inalienable rights"
561748,"General Assembly, Palestinian Rights of the Secretariat"
561751,"Department of Public Information of the Secretariat, General Assembly, Palestine, Public Information of the Secretariat, Special Information Programme"
561753,"Palestine, resolution"
561754,"Syrian Golan, Syrian Resolution"
561756,"Jerusalem, resolution"
562360,"information and telecommunications, security"
562361,"Disarmament, Disarmament Resolution, General Assembly, development and manufacture of new types of weapons, mass destruction, such weapons"
562362,"Declaration of the Indian Ocean as a Zone of Peace, Indian Ocean"
562363,"international security, resolution, science and technology"
562388,"assure, nuclear weapon, nuclear weapons, resolution"
562391,"arms race, outer space, resolution"
562392,"arms limitation, disarmament agreement, non-proliferation, resolution"
562396,"disarmament commitments, nuclear-weapon-free world"
562398,"adjacent areas, nuclear disarmament commitment"
562400,"disarmament, multilateralism"
562402,"agreement on disarmament and arms control, environmental norms"
562404,"development, disarmament, resolution"
562405,"Ballistic Missile Proliferation, Hague Code of Conduct"
562408,"elimination of nuclear weapons, resolution"
562412,"confidence-building measures, outer space activities"
562423,"General Assembly, accumulation, illicit manufacture, light weapons, resolution, small arms, small arms and light weapons"
562427,"General Assembly, Nuclear disarmament"
562433,"General Assembly, Non Protection, Non-Proliferation of Nuclear Weapon, Nuclear Weapon, nuclear disarmament obligations, resolution"
562434,"conventional arms control, regional and subregional level"
562436,"General Assembly, International Court of Justice on the Legality of the Threat or Use of Nuclear Weapon, Nuclear Weapon, the Legality of the Threat"
562500,"General Assembly, resolution, ruclear danger"
562501,"Anti-personnel Mines, General Assembly, Stockpiling, destruction, resolution"
562504,"convention on the prohibition of the use of Nuclear Weapon, resolution"
562506,"Middle East, nuclear proliferation"
562507,"Comprehenive Nuclear-Test-Ban Treaty, General Assembly"
562599,"Palestine refugees, resolution"
562602,"General Assembly, June 1967, hostilities, resolution"
562864,"Palestine Refugees, resolution"
562869,"Arabs, Arabs of the Occupied Territories, General Assembly, Human Rights of the Palestinian People and Other Arabs, Israeli Practices, Palestinian People, Special Committee to Investigate Israeli practices, resolution"
562870,"Arab territories, East Jerusalem, General Assembly, Geneva Convention, Middle Ages, Occupied Palestinian Persons in Time of War, Palestinian Territory, resolution"
562872,"Israeli settlement, Palestinian Territory, Syrian Golan"
562873,"East Jerusalem, Occupied Palestinian Territory, Palestinian Territory, resolution"
562876,"Syrian Golan, Syrian resolution"
562877,"Charter of the United Nations, Non-Self-Governing Territories"
562879,"Economic and other activities, Non-self-Governing Territories"
562929,"Colonial Countries and Peoples, General Assembly, Specialized Agencies and the international nstitutions, United Nations, granting of Independence, resolution"
562933,"decolonization, resolution"
562935,"Colonial Countries and People, Declaration on the granting of Independence to Colonials and People"
562938,"Colonialism, Second International Decade for the Eradication of ColoNIAlism"
563423,"certain practices, intolerance, racial discrimination, racism, xenophobia"
563431,"Declaration and Programme of Action, Durban, Durban Declaration and Programme of Action, General Assembly, intolerance, racial discrimination, related intolerance, resolution"
563432,"Palestinian people, resolution, self-determination"
563434,"defamation, resolution"
563436,"Globalization, globalization, human rights, resolution"
563437,"coercive measures, resolution"
563438,"General Assembly, development, resolution"
563440,"General Assembly, United Nations, democratization, genuine elections, periodic and genuine elections, resolution"
563457,"General Assembly, human rights, peace, resolution, vital requirement"
563459,"General Assembly, democratic systems, electoral processes, human rights, national overeignty, resolution"
563460,"General Assembly, food, resolution"
563461,"Islamic Republic of Iran, resolution"
563463,"Turkmenistan, human rights, resolution"
563464,"Democratic People’s Republic of Korea, human rights, resolution"
563465,"Uzbekistan, human rights, resolution"
563466,"democratic Republic of the Congo, human rights, resolution"
563614,"Palestine Refugees, United Nations Relief and Work Agency"
563797,"Arab population, General Assembly, Palestinian people, Syrian Golan, natural resources, resolution"
563799,"General Assembly, International trade and development"
563800,"economic measures, political and political coercion against developing countries"
563801,International Year of Desert and Desertification 2006
563978,"armament, resolution, transparency"
563979,International Research and Training Institute for the Advancement of Women
563980,"Discrimination against Women, Women, Women’s discrimination"
563982,"General Assembly, child, resolution"
571955,"General Assembly, Human Right Council"
574516,"United Nations, investing, resolution"
578375,"Lebanon, United Nations Interim Force"
587480,"International Atomic Energy Agency, atomic energy, resolution"
587505,"Cuba, United States of America against Cuba, economic embargo, economy"
587673,"Palestinian People, inalienable rights"
587685,"General Assembly, Palestinian Rights of the Secretariat"
587707,"Department of Public Information of the Secretariat, Palestine, Special Information Programme"
587737,"Jerusalem, resolution"
587738,"Palestine, resolution"
587749,"Syrian Golan, Syrian Resolution"
587912,"Comprehensive Nuclear-Test-Ban Treaty Organization, United Nations"
588079,"information and telecommunications, security"
588082,"international security, resolution, science and technology"
588085,"assure, nuclear weapon, nuclear weapons, resolution"
588086,"arms race, outer space, resolution"
588088,"General Assembly, Missiles, resolution"
588089,"General Assembly, disarmament, resolution"
588092,"Geneva Protocol, geneva protocol, resolution"
588117,"disarmament, multilateralism"
588126,"agreement on disarmament and arms control, environmental norms"
588127,"development, disarmament, resolution"
588139,"disarmament commitments, nuclear-weapon-free world"
588140,"illicit trade, small arms"
588141,"3th disarmament decade, resolution"
588156,"hemisphere, resolution"
588161,"General Assembly, Non Protection, Non-Proliferation of Nuclear Weapon, Nuclear Weapon"
588168,"accumulation, conventional ammunition stockpiles"
588175,"elimination of nuclear weapons, resolution"
588176,"confidence-building measures, outer space activities"
588177,"disarmament measures, peace, resolution"
588181,"armament, resolution, transparency"
588186,"General Assembly, Nuclear disarmament"
588201,"conventional arms control, regional and subregional level"
588207,"General Assembly, International Court of Justice on the Legality of the Threat or Use of Nuclear Weapon, Nuclear Weapon, the Legality of the Threat"
588224,"Anti-personnel Mines, General Assembly, Stockpiling, destruction, resolution"
588237,"General Assembly, resolution, ruclear danger"
588251,"Central Asia, nuclear-weapon-free zone"
588253,"arms trade treaty, conventional arms, export, transfer"
588269,"convention on the prohibition of the use of Nuclear Weapon, resolution"
588854,"Palestine refugees, resolution"
588859,"General Assembly, June 1967, hostilities, resolution"
588875,"Palestine Refugees, United Nations Relief and Work Agency"
588889,"Palestine refugees, resolution"
588895,"Arabs, Arabs of the Occupied Territories, General Assembly, Human Rights of the Palestinian People and Other Arabs, Israeli Practices, Palestinian People, Special Committee to Investigate Israeli practices, resolution"
588902,"Arab territories, East Jerusalem, General Assembly, Geneva Convention, Middle Ages, Occupied Palestinian Persons in Time of War, Palestinian Territory, occupied Palestinians, resolution"
588908,"Israeli settlement, Palestinian Territory, Syrian Golan"
588911,"Israeli settlement, Palestinian Territory, Syrian Golan"
588920,"Syrian Golan, Syrian resolution"
588928,"Charter of the United Nations, Non-Self-Governing Territories"
588934,"Economic and other activities, Non-Self-Governing Territories"
588948,"Western Sahara, resolution"
588952,"Anguilla, Guam, Guam Islands, Islands, Saint Helena Islands and Caicos Islands, South America, United States Virgin Island, resolution"
588953,"decolonization, resolution"
588954,"Colonial Countries and People, Declaration on the granting of Independence to Colonials and People"
588959,"Palestinian people, resolution"
589951,"General Assembly, child, resolution"
590162,"certain practices, intolerance, racial discrimination, racism, xenophobia"
590164,"Declaration and Programme of Action, Durban, Durban Declaration and Programme of Action, General Assembly, intolerance, racial discrimination, related intolerance, resolution"
590170,"General Assembly, exercise of people to self-determination, mercenaries, resolution, self-determination"
590174,"Palestinian people, resolution, self-determination"
590183,"Lebanon, human rights situation, resolution"
590195,"Globalization, globalization, human rights, resolution"
590198,"Human Rigth, Human rights, Office of the United Nations High Commissioner for Human Rights, United States High Commisioner"
590199,"democratic and equitable international order, resolution"
590200,"family reunification, freedom of travel"
590215,"General Assembly, food, resolution"
590216,"defamation, resolution"
590229,"dialogue, human rights, resolution"
590279,"General Assembly, development, resolution"
590294,"coercive measures, resolution"
590297,"extrajudicial execution, resolution"
590298,"Democratic People’s Republic of Korea, human rights, resolution"
590299,"Belarus, human rights, resolution"
590300,"Islamic Republic of Iran, resolution"
590303,"General Assembly, commission on Human Rights, declaration, draft declaration, resolution"
590310,"Arab population, General Assembly, Palestinian people, Syrian Golan, natural resources, resolution"
590311,"General Assembly, International trade and development"
590380,"Lebanese, oil slick, resolution"
590394,"global climate, mankind, resolution"
590428,"General Assembly, law of the sea, resolution"
590464,"Colonial Countries and Peoples, Declaration on the granting of Independence to Colonialization, General Assembly, United Nations, resolution"
590466,"Myanmar, human rights, resolution"
590543,"Lebanon, United Nations Interim Force"
596019,"Middle East, nuclear proliferation"
596023,"Comprehenive Nuclear-Test-Ban Treaty, General Assembly"
602411,"African freedom fighters, South Africa"
602429,"International Monetary Fund, South Africa"
605273,"Iran, Iraq, armed conflict, resolution"
605488,"General Assembly, Iraqi, international peace and security, non-proliferation, nuclear energy, nuclear weapon, resolution, security"
605494,"United Nations, financial emergency, resolution"
607133,United Nations Conference on Succession of States in respect of State Property
609112,"Kampuchea, resolution"
609117,"Falkland Island (Malvinas), resolution"
609197,United Nations Declaration on the Right of Indigenous People
609285,"World Charter for Nature, World War II, nature, resolution"
609389,"Lebanon, United Nations Interim Force"
609394,"Lebanon, United Nations Interim Force"
609404,"International Atomic Energy Agency, atomic energy, resolution"
609462,"Western Sahara, resolution"
609492,"Charter of the United Nations, Non-Self-Governing Territories"
609711,"East Timor, general Assembly, resolution"
609712,"Africa, Colonial Countries, Colonial Countries and Peoples, Declaration on the Granting of Independence to Colonials and other interests, General Assembly, Namibia, apartheid, colonialism, foreign economic interests, racial discrimination, resolution, southern Africa"
610102,"Colonial Countries and Peoples, Declaration on the granting of Independence to Colonialization, General Assembly, United Nations, resolution"
610124,"Colonial Countries and People, Declaration on the granting of Independence to Colonials and People"
610129,"decolonization, resolution"
610134,"Afghanistan, international peace and security"
610150,"United Nations Disengagement Observer Force, financing"
610328,"Africa, South Africa, assistance, colonialist regime, human rights, resolution"
610331,"United Nations Disengagement Observer Force, financing"
611242,"United Nations High Commissioner for Refugees, administrative cost, resolution"
611786,"World Disarmament Campaign, World War II"
611967,"United Nations Decade for Women, World Conference for Women"
612921,"Arab territories, resolution"
612987,"Palestine, resolution"
613000,"Palestinian People, inalienable rights"
613049,"Palestine, resolution"
613050,"Palestine, resolution"
613051,"Palestine, resolution"
613058,"Palestine, resolution"
613060,"Palestine, resolution"
613066,"Palestine, resolution"
613302,"Cuba, United States of America against Cuba, economic embargo, economy"
613360,"Declaration of the Indian Ocean as a Zone of Peace, Indian Ocean"
613363,"information and telecommunications, security"
613369,"assure, nuclear weapon, nuclear weapons, resolution"
613384,"arms race, outer space, resolution"
613394,"General Assembly, Non Proliferation, Non Proliferation of Nuclear Weapon, Non Protection, Nuclear Weapon, Nuclearing Weappon, Resolution, nuclear disarmament obligations, resolution"
613409,"disarmament commitments, nuclear-weapon-free world"
613414,"disarmament, multilateralism"
613417,"agreement on disarmament and arms control, environmental norms"
613418,"General Assembly, disarmament, resolution"
613419,"armament, depleted uranium, resolution"
613420,"Bangkok Treaty, South-East Asia Nuclear-Weapon-Free Zone"
613421,"General Assembly, resolution, ruclear danger"
613425,"hemisphere, resolution"
613895,"General Assembly, nuclear weapons system, resolution"
613897,"elimination of nuclear weapons, resolution"
613901,"General Assembly, International Court of Justice on the Legality of the Threat or Use of Nuclear Weapon, Nuclear Weapon, the Legality of the Threat"
613902,"Anti-personnel Mines, General Assembly, Stockpiling, destruction, resolution"
613903,"General Assembly, Nuclear disarmament"
613904,"confidence-building measures, outer space activities"
613909,"conventional arms control, regional and subregional level"
613913,"illicit trade, small arms"
613920,"development, disarmament, resolution"
613927,"convention on the prohibition of the use of Nuclear Weapon, resolution"
614124,"Middle East, nuclear proliferation"
614125,"Comprehenive Nuclear-Test-Ban Treaty, General Assembly"
614165,"Palestinian People, inalienable rights"
614166,"General Assembly, Palestinian Rights of the Secretariat"
614177,"General Assembly, Palestine, Public Information of the Secretariat, Special information programme"
614178,"Palestine, resolution"
614179,"Jerusalem, resolution"
614180,"Syrian Golan, Syrian Resolution"
614214,"Palestine refugees, resolution"
614524,"General Assembly, June 1967, hostilities, resolution"
614525,"Palestine Refugees, United Nations Relief and Work Agency"
614526,"Palestine refugees, resolution"
614527,"Arabs, Arabs of the Occupied Territories, General Assembly, Human Rights of the Palestinian People and Other Arabs, Israeli Practices, Palestinian People, Special Committee to Investigate Israeli practices, resolution"
614528,"Arab territories, East Jerusalem, General Assembly, Geneva Convention, Middle Ages, Occupied Palestinian Persons in Time of War, Palestinian Territory, resolution"
614529,"Israeli settlement, Palestinian Territory, Syrian Golan"
614530,"East Jerusalem, Occupied Palestinian Territory, Palestinian Territory, resolution"
614531,"Syrian Golan, Syrian resolution"
614532,"Charter of the United Nations, Non-Self-Governing Territories"
614533,"Economic and other activities, Non-Self-Governing Territories"
614534,"Colonial Countries and Peoples, Declaration on the granting of Independence to Colonialization, General Assembly, United Nations, resolution"
614535,"decolonization, resolution"
614536,"Colonial Countries and People, Declaration on the granting of Independence to Colonials and People"
614666,"General Assembly, child, resolution"
614669,"certain practices, intolerance, racial discrimination, racism, xenophobia"
614671,"Durban Review Conference, Human Rights Council"
614674,"General Assembly, exercise of people to self-determination, mercenaries, resolution, self-determination"
614675,"Palestinian people, resolution, self-determination"
614676,"death penalty, resolution"
614679,"General Assembly, United Nations, democratization, genuine elections, periodic and genuine elections, resolution"
614680,"Globalization, globalization, human rights, resolution"
614903,"defamation, resolution"
614906,"General Assembly, development, resolution"
614909,"coercive measures, resolution"
614918,"General Assembly, human rights, peace, resolution, vital requirement"
615009,"General Assembly, food, resolution"
615015,"Charter of the United Nations, General Assembly, United Nations, human rights, humanitarian character, international cooperation, resolution, respect for the purposes and principles"
615020,"Democratic People’s Republic of Korea, human rights, resolution"
615027,"Islamic Republic of Iran, resolution"
615032,"Belarus, human rights, resolution"
615088,"Arab population, General Assembly, Palestinian people, Syrian Golan, natural resources, resolution"
615093,"economic measures, political and political coercion against developing countries"
615099,"General Assembly, International trade and development"
615103,"Lebanese, oil slick, resolution"
615131,Agricultural technology
615158,"General Assembly, law of the sea, resolution"
615159,"Africa, United Nations Regional Centre for Peace and Disarmament in Africa"
615161,"Discrimination against Women, Women, Women’s discrimination"
615162,"General Assembly, Human Right Council"
615163,"Declaration and Programme of Action, Durban, Durban Declaration and Programme of Action, General Assembly, intolerance, racial discrimination, related intolerance, resolution"
615165,"Myanmar, human rights, resolution"
615197,"biennium 2008-2009, programme budget"
615330,decade for action to Combat Racism and Racial Discrimination
615709,"General Assembly, colonial countries, human rights, independence, resolution, self-determination"
615931,Committee on the Elimination of Racial Discrimination
616327,"General Assembly, Palestine"
616375,"Hearing for the Jewish Agency, Palestine"
616392,"Palestine Commission, resolution, work of the United Nations"
616402,"Tunisia, grave situation"
616483,International Convention on the Suppression and Punishment of Crime of Apartheid
616495,"aging, resolution"
616501,"Mayotte, comorian sland, resolution"
616593,"General Assembly, United Nations Emergency Force, cost estimates, financing, resolution"
616597,"Congo, General Assembly, United Nations Operation in the Congo, resolution"
616599,"Congo, Emergency Force Special Account, Nations Operations in the Congo, United Nations Emergency Force Special Account, United Nations Operations in the Congo, arrears, assessed contribution"
616734,"United Nations Conference on the Law of the Sea, law of the sea, resolution"
616735,"Africa, freedom fighters"
616776,"Africa, South West Africa, resolution"
616829,"General Assembly, resolution"
616906,"Lebanon, United Nations Interim Force"
616908,"Declaration on Namisbia, National Independence for Namibia, Programme of Action in Support of action"
616935,"Afghanistan, international peace and security"
616993,"General Assembly, Humanitarian assistance, resolution"
617000,"City of Jerusalem, resolution"
617003,"City of Jerusalem, resolution"
617008,"Middle East, Middle East resolution"
617025,"General Assembly, emergency special ession, resolution"
617249,"Africa, South Africa, resolution"
617254,"apartheid, international action, resolution"
617300,"South Africa, resolution"
617425,"General Assembly, Security Council, resolution"
617426,"Hungary, resolution, situation"
617433,"Hungary, resolution, situation"
617441,"Hungary, resolution, situation"
617442,"Hungary, resolution, situation"
617455,"Security Council, general Assembly, resolution"
617461,"Security Council, general Assembly, resolution"
617462,"Security Council, general Assembly, resolution"
617463,"Security Council, general Assembly, resolution"
617520,"Security Council, general Assembly, resolution"
617522,"Security Council, general Assembly, resolution"
617539,"South Africa, nuclear collaboration"
617554,"Apartheid, General Assembly, Special Committee"
617562,"Israel, Relations between Israel and South Africa, South Africa"
617620,"apartheid in sport, resolution"
617784,"Namibia, resolution"
617994,"South Africa, investment, resolution"
618004,"South Africa, oil embargo"
618006,"Additional Protocol I of the Treaty for the Prohibition of Nuclear Weapon, General Assembly, Latin America, Nuclear Weapon, Protocol I of the Treaty of Tlatelolco, Tlatelolco"
618065,"nuclear weapon, test explosions"
618076,"comprehension, nuclear-test-ban treaty"
618095,"Nuclear capability, South Africa"
618105,"Declaration, Denuclearization of Africa"
618576,"General Assembly, resolution, scientific and technological achievement"
618665,"mass destruction, resolution, weapons"
618673,"South Asia, nuclear-weapon-free zone"
618924,"Bilateral nuclear arms, negotiations"
618945,International co-operation for disarmament resolution
619243,"General Assembly, Nuclear weapon, resolution"
619294,nuclear neutron weapon
619308,"general Assembly, resolution of the 10th special ession"
619310,"Committee on Disarmament Resolution, General Assembly"
619580,"nuclear war, resolution"
619581,"nuclear weapon, resolution"
619681,"disarmament agreement, international satellite monitoring engineering, international security, resolution"
619683,"General Assembly, non-nuclear-weapon, non-nuclear-weapon States, nuclear weapon use, resolution, threat of use"
620115,"assure, nuclear weapon, nuclear weapons, resolution"
620121,"Israeli nuclear armament, resolution"
620159,"arms race, outer space, resolution"
620167,"development, disarmament, resolution"
620182,"cessation, nuclear weapon test"
620226,"Palestine, resolution"
620375,"Palestine, resolution"
620380,"Palestine, resolution"
620383,"Palestine, resolution"
620665,"Human Rights of the Population of the Occupied Territories, Israeli Practices, Occupied Territories, Resolution"
620679,"Human Rights of the Population of the Occupied Territories, Israeli Practices, Occupied Territories, Resolution"
620768,"Human Rights of the Population of the Occupied Territories, Israeli Practices, Occupied Territories, Resolution"
620809,"Human Rights of the Population of the Occupied Territories, Israeli Practices, Occupied Territories, Resolution"
620822,"Human Rights of the Population of the Occupied Territories, Israeli Practices, Occupied Territories, Resolution"
620825,"Human Rights of the Population of the Occupied Territories, Israeli Practices, Occupied Territories, Resolution"
620838,"Human Rights of the Population of the Occupied Territories, Israeli Practices, Occupied Territories, Resolution"
621276,"Palestine, resolution"
621443,"General Assembly, information, resolution"
621451,"military budget, resolution"
621604,"chemical and bacteriological weapon, resolution"
621630,"chemical and bacteriological weapon, resolution"
621706,"Geneva protocol, resolution"
621712,"chemical and bacteriological weapon, resolution"
622108,"General Assembly, non-stationing, nuclear weapon, resolution"
622478,"Mayotte, comorian sland, resolution"
622838,"anti-satellite systems, arms race"
623453,"accredited staff of permanent mission, language training programme"
623769,"fissionable material, resolution, weapons"
623776,"comprehensive study, general assembly, nuclear weapon-free zones, resolution"
623800,"General Assembly, military capabilities, resolution"
623801,"Environmental Modification Techniques, General Assembly, Military"
624048,"General Assembly, military research, resolution"
624065,"freeze, nuclear weapon, resolution"
624136,"Mankind, draft code of offence, resolution"
624138,"international economic order, international law, resolution"
624139,"African Union, Arab States, General Assembly, United Arab States, national liberation movement, resolution"
624141,"International Relations, Non-Use of Force, Special Committee on Enhancing the Effectiveness of the Principle of Non-Use of Force"
624143,"Charter of the United Nations, General Assembly, Organization, Special Committee, resolution"
624214,"Nuclear arms freeze, resolution"
624216,"convention on the prohibition of the use of nuclear weapon, resolution"
624217,"Disarmament, International security"
624219,"World Disarmament Campaign, World War II"
624318,"Declaration on the Strengthening of International Security, International Security"
624319,"Jerusalem for Palestine refugees, resolution"
624320,"Palestine refugees, resolution, vocational training"
624490,"General Assembly, questions, resolution"
624540,"Gaza Strip, Palestine refugees"
624541,"Palestine refugees, resolution"
624542,"General Assembly, refugees, resolution"
624543,"Palestine refugee properties, resolution"
624544,"Palestine refugees, Special dentification cards"
624554,"Palestine refugees, resolution"
624574,"Palestine refugees, resolution"
624717,"United Nations Joint Staff Pension Fund, resolution"
625079,"Dead Sea, Mediterranean Sea"
625084,"Middle East, Middle East resolution"
625090,"Middle East, Middle East resolution"
625092,"Middle East, Middle East resolution"
625097,"Middle East, Middle East resolution"
625101,"Middle East, Middle East resolution"
625107,"Middle East, Middle East resolution"
625213,"United Nations, apportionment of expenses"
625215,"International Civil Service Commission, resolution"
625216,"Lebanon, United Nations Interim Force"
625217,"Lebanon, United Nations Interim Force"
625218,"United Nations, inflation, monetary instability"
625219,"United Nations Joint Staff Pension Board, resolution"
625413,"Palestinian people, resolution"
625419,"Arab territories, Palestinian national resources, resolution"
625420,"environment protection, health protection"
625433,"Africa, Economic Commission for Africa, Multinational Programming and Operational Centre, resolution"
625435,"Africa, Transport and Communication Decade"
625436,"United Nations Institute for Training and Research, resolution"
625437,"General Assembly, United Nations Disaster Relief Coordinator"
625439,United Nations Conference for the Promotion of International Cooperation in the Peaceful Uses of Nuclear Energy
625453,"Chile, fundamental freedoms, human rights, resolution"
625464,"Guatemala, fundamental freedoms, resolution"
625467,"El Salvador, fundamental freedoms, resolution"
625468,"General Assembly, Human rights, scientific and technological development"
625469,"General Assembly, Human rights, scientific and technological development"
625470,"General Assembly, United Nations, fundamental freedoms, human rights, resolution"
625693,"fundamental freedoms, human rights, resolution"
625695,"Charter of Economic Rights and Duties of States, Economic rights of States"
625696,"General Assembly, resolution, reverse transfer of technology"
625698,"General Assembly, Industrial development co-operation"
625699,"general Assembly, resolution, war"
625706,"Palestinian people, living condition"
625707,United Nations Special Fund for Land-locked Developing Countries
625708,"General Assembly of Offenders, United Nations Congress on the Prevention of Crime and the Treatment of Offenders, attend regional preparatory meetings, representatives from the least developed countries, resolution of offenders"
625709,"Namibia, information, public opinion, resolution"
625710,"Africa, Namibia, illegal occupation of the Territory by South Africa"
625711,"Security Council, Security Council resolution 435 (1978)"
625712,"United Nations Council for Namibia, resolution"
625713,"United Nations Fund for Namibia, resolution"
625714,"General Assembly, questions, resolution"
625715,"General Assembly, United Nations, agent, related organizations, resolution"
625716,"Addis Ababa, Economic Commission for Africa"
625773,"General Assembly, Secretariat resolution, top echelon"
625777,"United Nations High Commissioner for Refugees, financing of the administrative cost, resolution"
625781,"biennium 1983-1983, budget appropriations, resolution"
625786,"appropriations for the year 1983, resolution"
625788,"General Assembly, Science and Technology for Development, United Nations Financing System for Science and Technology for Development, long-term arrangement, science and technologie for development"
625791,"Nairobi Programme of Action for the Development and Utilization of New and Renewable Sources of Energy, energy, resolution, utilization"
625794,"energy resources, resolution"
625795,"developing countries, immediate measures, resolution"
625796,"Cyprus, General Assembly, resolution"
626550,"General Assembly, United Nations, membership"
626552,"Kampuchea, resolution"
626554,"historical responsibility, preservation of nature"
626555,decade for action to Combat Racism and Racial Discrimination
626556,Committee on the Elimination of Racial Discrimination
626564,International Convention on the Suppression and Punishment of Crime of Apartheid
626569,"Jerusalem, excavations, resolution"
626572,"General Assembly, co-operative movement, resolution"
626574,"General Assembly, National experience, social and economic changes"
626577,"crime prevention, criminal justice, resolution"
626578,"International Atomic Energy Agency, atomic energy, resolution"
626594,"Economic Commission for Africa, English and French translators"
626638,"General Assembly, Iraqi nuclear installations, Israeli aggression, international peace and security, non-proliferation, nuclear energy, nuclear weapon, resolution, security"
626641,"General Assembly, education, human rights, resolution, work"
626642,"International Relations, Non-Use of Force, Special Committee on Enhancing the Effectiveness of the Principle of Non-Use of Force"
626815,"Afghanistan, international peace and security"
626816,"Commission, General Assembly, International Law Commission, enlargement"
626817,"Western Sahara, resolution"
626818,"Charter of the United Nations, non-self-governing territories"
626819,"East Timor, general Assembly, resolution"
626820,"Africa, Colonial Countries, Colonial Countries and Peoples, Declaration on the Granting of Independence to Colonials and other interests, General Assembly, Namibia, apartheid, colonialism, foreign economic interests, racial discrimination, resolution, southern Africa"
626821,"Colonial Countries and Peoples, Declaration on the granting of Independence to Colonialization, General Assembly, United Nations, resolution"
626822,"General Assembly, Human rights, scientific and technological development"
626829,"United Nations Disengagement Observer Force, financing"
626865,"United Nations accommodation, nairobi, resolution"
626866,"General Assembly, interorganizational security, resolution"
626871,"Economic and Social Affairs, Information System Unit"
626872,"appropriations for the year 1982, resolution"
626873,"biennium 1983-1983, budget appropriations"
626874,"biennium, expenses, extraordinary expense"
626875,"Capital Fund for the biennium 1982-1983, Working Capital Fund"
626878,"Palestine, resolution"
626883,"Palestine, resolution"
626885,"Palestine, resolution"
626886,"Palestine, resolution"
626896,"Africa, Namibia, illegal occupation of the Territory by South Africa"
626897,"Member States, Namibia, resolution"
626898,"United Nations Council for Namibia, resolution"
626899,"Namibia, intergovernmental organizations"
626900,"Namibia, information, resolution"
626901,"United Nations Fund for Namibia, resolution"
626905,"United Nations accommodation, nairobi, resolution"
626906,"Colonial Countries and People, Declaration on the granting of Independence to Colonials and People"
626909,"decolonization, resolution"
626910,"Palestinian people, living condition, resolution"
626911,"nuclear weapon, test explosions"
626912,"Declaration, Denuclearization of Africa"
626915,"Nuclear capability, South Africa"
626917,"Middle East, nuclear-weapon-free zone"
626920,"South Asia, nuclear-weapon-free zone"
626921,"Charter of the United Nations, General Assembly, Organization, Special Committee, resolution"
626924,"development, mass destruction, resolution"
626925,"General Assembly, United Nations, fundamental freedoms, human rights, resolution"
626928,nuclear neutron weapon
626980,"Lebanon, United Nations Interim Force"
626981,"General Assembly, United Nations Conference on Trade and Development"
626982,"Palestine refugees, resolution, vocational training"
626983,"Jerusalem for Palestine refugees, resolution"
626984,"Palestine refugees, resolution"
626985,"Palestine refugess properties, revenues"
626986,"General Assembly, refugees, resolution"
626987,"Gaza Strip, Palestine refugees"
626988,"Human Rights of the Population of the Occupied Territories, Israeli Practices, Occupied Territories, Resolution"
626994,"Human Rights of the Population of the Occupied Territories, Israeli Practices, Occupied Territories, Resolution"
626995,"Human Rights of the Population of the Occupied Territories, Israeli Practices, Occupied Territories, Resolution"
626997,"Human Rights of the Population of the Occupied Territories, Israeli Practices, Occupied Territories, Resolution"
626998,"Human Rights of the Population of the Occupied Territories, Israeli Practices, Occupied Territories, Resolution"
626999,"Human Rights of the Population of the Occupied Territories, Israeli Practices, Occupied Territories, Resolution"
627000,"Human Rights of the Population of the Occupied Territories, Israeli Practices, Occupied Territories, Resolution"
627001,"General Assembly, information, resolution"
627002,"Dead Sea, Mediterranean Sea"
627004,United Nations Voluntary Fund for Victim of Torture
627007,"El Salvador, fundamental freedoms, resolution"
627008,"Chile, human rights, resolution"
627009,"Abu Eain, human rights, resolution"
627010,"South Africa, investment, resolution"
627011,"Special Committee against apartheid, resolution"
627012,"Israel, Relations between Israel and South Africa, South Africa"
627013,"apartheid, mass media, media, public actions, resolution"
627014,"apartheid, children, resolution"
627015,"Africa, South Africa, academic, cultural and sport boycotts"
627016,"International Conference of Trade Unions on Sanction against South Africa, South Africa"
627017,"South Africa, oil embargo"
627018,"Africa, arms embargo, resolution"
627019,"South Africa, nuclear collaboration"
627020,"South Africa, resolution"
627021,"Angola, apartheid regime, resolution"
627022,"Africa, International Year of Mobilization for Sanction, South Africa"
627023,"Africa, South Africa, resolution"
627024,"Arab territories, Palestinian national resources, resolution"
627025,"developing countries, land-locked development"
627026,"remnant of war, resolution, war"
627027,"Middle East, Middle East resolution"
627028,"General Assembly, United Nations, disaster situations, natural disasters, resolution"
627029,"Middle East, Middle East resolution"
627030,"United Nations, apportionment of the expenses of the United States"
627031,"General Assembly, United Nations, agent, related organizations, resolution"
627032,"biennium 1980-1981, financial income estimates"
627033,"biennium 1980-1981, resolution"
627063,"General Assembly, arms race, collecting signatures, disarmament, nuclear war, resolution, war"
627064,"nuclear weapon, resolution"
627065,multilateral disarmament agreement
627066,"Committee on Disarmament Resolution, General Assembly"
627067,"General Assembly, Nuclear weapon, resolution"
627068,International co-operation for disarmament resolution
627069,"World Disarmament Campaign, World War II"
627257,"United Nations Disengagement Observer Force, financing"
627702,"General Assembly, non-nuclear-weapon, non-nuclear-weapon States, nuclear weapon use, resolution, threat of use"
627703,"assure, nuclear weapon, nuclear weapons, resolution"
627704,"chemical and bacteriological weapon, resolution"
627706,"chemical and bacteriological weapon, resolution"
627707,"chemical and bacteriological weapon, resolution"
627708,"Disarmament, International security"
627709,"Committee on Disarmament Resolution, General Assembly"
627711,"fissionable material, resolution, weapon use"
627712,"General Assembly, non-stationing, nuclear weapon, resolution"
627714,"career development, job clasification, language staff"
627715,"arms race, outer space, resolution"
627716,"conventional disarmament, resolution"
627717,"Israeli nuclear armament, resolution"
627719,"outer space, resolution, stationing of weapons"
627722,"Nuclear Catastrophe, resolution"
627773,"Declaration on the Strengthening of International Security Resolution, General Assembly"
627775,Inadmissibility of Intervention and Interference in the Internal Affair of States
627776,Declaration on the Preparation of Societies for Life in Peace
627777,"Mayotte, comorian sland, resolution"
627778,"Mankind, draft code of offence, resolution"
627779,"international economic order, international law, resolution"
627783,multilateral treaty-making process
627785,"United Nations, financial emergency, resolution"
627786,"United Nations, financial emergency, resolution"
627787,"Palestine, resolution"
627788,"Palestine, resolution"
628525,"Committee on Disarmament Resolution, General Assembly"
628526,"Israeli nuclear armament, resolution"
628527,"Declaration on the Strengthening of International Security Resolution, General Assembly"
628528,"international affair of states, non-interference, resolution"
628615,"Charter of the United Nations and the Strengthening of the Rol of the Organizations, General Assembly, Organizations, resolution"
628616,"consolidation, economic law, international economic order, progressive development, resolution"
628617,"African Union, Arab States, General Assembly, United Arab States, national liberation movement, resolution"
628618,"Palestine, resolution"
628619,"Palestine, resolution"
628620,"Palestine, resolution"
628621,"Palestine, resolution"
628622,"Palestine, resolution"
628623,"General Assembly, United Nations, fundamental freedoms, human rights, resolution"
628626,"nuclear weapon, resolution"
628630,"Bolivia, Human rights in Bolivia"
628632,"Chile, human rights, resolution"
628633,"United Nations, human rights, victims of gross and flagrant violations"
628635,"El Salvador, fundamental freedoms, human rights, resolution"
628636,"General Assembly, migrant workers, resolution"
628637,"Fascist, General Assembly, fascist activities, neo-Fascist ideologies, racial intolerance, resolution, terror, totalitarian ideologies"
628638,"Africa, South Africa, resolution"
628641,"South Africa, nuclear collaboration"
628642,"South Africa, resolution, sanction"
628644,"South Africa, oil embargo"
629364,"Kampuchea, resolution"
629367,"historical responsibility, preservation of nature"
629369,"General Assembly, subsidary organ"
629370,"Palestine refugees, resolution"
629372,"Palestine refugees, resolution, vocational training"
629373,"General Assembly, refugees, resolution"
629377,"Gaza Strip, Palestine refugees"
629380,"Belarus, General Assembly, resolution"
629382,"Charter of the United Nations, Non-Self-Governing Territories"
629391,"East Timor, general Assembly, resolution"
629395,"Africa, Colonial Countries, Colonial Countries and Peoples, Declaration on the Granting of Independence to Colonials and other interests, General Assembly, Namibia, apartheid, colonialism, foreign economic interests, racial discrimination, resolution"
629397,"Colonial Countries and Peoples, Declaration on the granting of Independence to Colonialization, General Assembly, United Nations, resolution"
629398,"Africa, South Africa, academic boycott"
629399,"South Africa, Transnational corporations"
629401,"apartheid, campaigns, resolution"
629402,"Afghanistan, international peace and security"
629403,"Israel, Relations between Israel and South Africa, South Africa"
629405,"International Conference on Sanction against South Africa, South Africa"
629406,International Convention on the Supression and Punishment of Crime of Apartheid
629407,"Africa, South Africa, national liberation movement, resolution"
629408,"apartheid in sport, resolution"
629409,"apartheid, children, resolution"
629411,"apartheid, intergovernmental organizations, resolution"
629412,"Apartheid, General Assembly, Special Committee"
629413,"Mayotte, comorian sland, resolution"
629414,"South Africa, investment, resolution"
629415,"Middle East, Middle East resolution"
629417,"3th Committee, resolution, staff representative"
629419,"General Assembly, reinbursement, resolution"
629420,"International Civil Service Commission, resolution"
629422,"United Nations Disengagement Observer Force, financing"
629426,"Santiago, United Nations, United States accommodation"
629427,"United Nations Disengagement Observer Force, financing"
629428,"United Nations, honoraria payable to members of organs and subsidary organs of the United Nations, resolution, subsidary organ"
629430,"International Court of Justice, pension scheme, resolution"
629431,"International Relations, Non-Use of Force, Special Committee on Enhancing the Effectivness of the Principle of Non-Use of Force"
629432,"biennium 1908-1081, resolution"
629433,"financial appropriations, resolution"
629435,"Africa, Namibia, illegal occupation of the Territory by South Africa"
629436,"Namibia, United Nations action, coordination, resolution"
629437,"United Nations Council for Namibia, resolution"
629438,"Namibia, intergovernmental organizations"
629439,"United Nations Institute for Namibia, resolution"
629440,"Nationhood Programme for Namibia, nation hood programme, resolution"
629441,"United Nations Fund for Namibia, resolution"
629442,"Namibia, information, resolution"
629443,"Namibian uranium, resolution"
629444,"Africa, South Africa, United Nations resolutions"
629446,"Charter of Economic Rights and Duties of States, Economic rights of States"
629464,land-locked development countries
629465,"General Assembly, United Nations Conference on Trade and Development"
629466,"Palestinian people, living condition, resolution"
629467,"United Nations, financial emergency, resolution"
629468,"Lebanon, United Nations Interim Force"
629469,"Lebanon, United Nations Interim Force"
629594,"Colonial Countries and People, Colonial Countries and Peoples, Declaration on the granting of Independence to Colonials and People, General Assembly, Independence"
629596,"Colonial Countries and People, Declaration on the granting of Independence to Colonials and People"
629598,"decolonization, resolution"
629600,"Human Rights of the Population of the Occupied Territories, Israeli Practices, Occupied Territories, Resolution"
629601,"Human Rights of the Population of the Occupied Territories, Israeli Practices, Occupied Territories, Resolution"
629603,"Human Rights of the Population of the Occupied Territories, Israeli Practices, Occupied Territories, Resolution"
629604,"Human Rights of the Population of the Occupied Territories, Israeli Practices, Occupied Territories, Resolution"
629605,"Human Rights of the Population of the Occupied Territories, Israeli Practices, Occupied Territories, Resolution"
629607,"Human Rights of the Population of the Occupied Territories, Israeli Practices, Occupied Territories, Resolution"
629609,"Malagase Island, Malagasy Island, Question"
629611,"International co-operation, refugees, resolution"
629613,"General Assembly, Human rights, scientific and technological development"
629614,"General Assembly, Human rights, scientific and technological development"
629623,"military budget, resolution"
629624,"Additional Protocol I of the Treaty for the Prohibition of Nuclear Weapon, Additional Protocol I of the Treaty for the Prohibition of Nuclear Weapon in Latin America (Treaty of Tlateloco), General Assembly, Latin America, Tlateloco"
629625,Chemical and Bacteriological (Biological) Weapon
629627,"nuclear weapon, test explosions"
629628,"nuclear test explosions, prohibition"
630225,"Nuclear capability, South Africa"
630227,"Declaration, Denuclearization of Africa"
630230,"South Asia, nuclear-weapon-free zone"
630232,"development, mass destruction, resolution"
630233,"General Assembly, Nuclear weapon, resolution"
630234,"General Assembly, Nuclear weapon, resolution"
630235,"nuclear weapon, resolution"
630236,"final document, general assembly, resolution"
630237,"Committee on Disarmament Resolution, General Assembly"
630238,"General Assembly, non-nuclear-weapon states, nuclear weapon, resolution, security"
630240,"non-nuclear-weapon states, nuclear weapon, resolution"
630242,"conventional disarmament, resolution"
630246,"General Assembly, non-stationing, nuclear weapon, resolution"
630247,"fissionable material, resolution, weapons"
632041,"Azerbaijan, occupied territories, resolution"
632080,"Abkhazia, Georgia, diplaced persons, refugees, resolution"
632095,"General Assembly, Global Forum on Migration and Development"
632867,"General Assembly, resolution"
632868,"United Nations, apportionment of the expenses of the United States"
632871,United Nations Disengagement Observer Force
632874,United Nations Disengagement Observer Force
632875,United Nations Disengagement Observer Force
632877,United Nations Disengagement Observer Force
632882,"Lebanon, United Nations Interim Force"
632883,"Lebanon, United Nations Interim Force"
632884,"Lebanon, United Nations Interim Force"
632885,"Lebanon, United Nations Interim Force"
632886,"International Relations, Non-Use of Force, Special Committee on Enhancing the Effectiveness of the Principle of Non-Use of Force"
632887,"Kampuchea, resolution"
632961,decade for action to Combat Racism & Racial Discrimination
632962,International Convention on the Suppression and Punishment of Crime of Apartheid
632963,"General Assembly, occupied territories, resolution"
632964,"Cyprus, General Assembly, resolution"
632965,"Charter of the United Nations, Non-Self-Governing Territories"
632966,"Western Sahara, resolution"
632967,"Belarus, General Assembly, resolution"
633049,"East Timor, general Assembly, resolution"
633050,"Africa, Colonial Countries, Colonial Countries and Peoples, Declaration on the Granting of Independance to Colonials and other interests, Independance, apartheid, colonialism, foreign economic interests, racial discrimination, resolution, southern Africa"
633051,"Colonial Countries and Peoples, Declaration on the granting of Independence to Colonialization, General Assembly, United Nations, resolution"
633052,"General Assembly, colonial countries, human rights, independence, resolution, self-determination"
633053,"General Assembly, United Nations, fundamental freedoms, human rights, resolution"
633054,"General Assembly, human rights, resolution"
633055,"General Assembly, United Nations, effective enjoyment, fundamental freedoms, human rights, human rights and fundamental freedoms, resolution"
633056,"Palestine refugees, resolution"
633057,"Member States of grants and scholarships for higher education, Palestinian refugees, resolution, vocational training"
633058,"General Assembly, refugees, resolution"
633059,"Gaza Strip, Palestine refugees"
633060,"General Assembly, United Nations Disaster Relief Coordinator"
633061,"Palestine, resolution"
633062,"Palestine, resolution"
633074,"Palestine, resolution"
633075,"Palestine, resolution"
633087,"comorian Island of Mayotte, resolution"
633108,"Middle East, Middle East resolution"
633109,"Declaration, Denuclearization of Africa"
633110,"Middle East, nuclear-weapon-free zone"
633111,"General Assembly, resolution"
633112,"South Asia, nuclear weapon-free-zone"
633113,"development, mass destruction, resolution"
633157,"Declaration of the Indian Ocean as a Zone of Peace, Indian Ocean"
633159,"Declaration of the Indian Ocean as a Zone of Peace, Indian Ocean"
633160,"Committee on Disarmament Resolution, General Assembly"
633162,"disarmament agreement, international security"
633163,"nuclear weapon, resolution"
633165,"General Assembly, Nuclear weapon, resolution"
633166,"convention, non-nuclear-weapon States, security"
633167,"international convention, nuclear weapon, resolution"
633168,"nuclear weapon, resolution, security"
633170,"General Assembly, non-stationing, nuclear weapon, resolution"
633173,"fissionable material, resolution, weapons"
633175,"disarmament, institutional arrangement, resolution"
633177,"General Assembly, International Co-operation for Disarmament Resolution"
633181,"Israeli nuclear armament, resolution"
633182,"Human Rights of the Population of the Occupied Territories, Israeli Practices, Occupied Territories, Resolution"
633183,"Human Rights of the Population of the Occupied Territories, Israeli Practices, Occupied Territories, Resolution"
633185,"Human Rights of the Population of the Occupied Territories, Israeli Practices, Occupied Territories, Resolution"
633187,"Constitution of the Island of Gloriesus, Question of the Islamic Republic of India"
635764,"United Nations Council for Namibia, resolution"
635765,"Namibia, United Nations action, coordination, resolution"
635766,"Namibia, intergovermental actions, non-governmental organizations"
635767,"Namibia, information, resolution"
635768,"Africa, South Africa, illegal occupation of the territory"
635769,"Africa, South Africa, resolution"
635770,"South Africa, resolution, sanction"
635771,"Africa, arms embargo, resolution"
635772,"Africa, Nuclear collaboration, South Africa"
635773,"South Africa, oil embargo"
635774,"Africa, South Africa, national liberation movement, resolution"
635775,"apartheid, resolution"
635776,"apartheid, mass media, resolution"
635777,"apartheid in sport, resolution"
635778,"Israel, Relations between Israel and South Africa, South Africa"
635779,"South Africa, investment, resolution"
635780,"Apartheid, General Assembly, Special Committee"
635781,"Colonial Countries and People, Declaration on the granting of Independence to Colonials and People"
635782,"decolonization, resolution"
635783,"Declaration on the Strengthening of International Security Resolution, General Assembly"
635784,"General Assembly, internal affair, non-interference"
635785,"hegemonism, international relations"
635786,"Palestinian people, living condition, resolution"
635787,"Palestinian people, resolution"
635788,"Arab territories, national resources, resolution"
635789,"General Assembly, acts of violence, despair, freedom, frustration, grievance, innocent human lives, international terrorism, radical changes, resolution, terrorism"
635790,"Charter of the United Nations, General Assembly, Organization, Special Committee, resolution"
635791,"General Assembly, international economic law, international economic order, order, progressive development, resolution"
635792,"United Nations Decade for Women, World Conference for Women"
635793,"World Conference for Women, World Conference of the United Nations Decade for Women"
635794,"General Assembly, reimbursement, resolution"
635795,"General Assembly, migrant workers, resolution"
635796,"United Nations Trust Fund for Chile, resolution"
635797,"Chile, General Assembly, Human rights in Chile, resolution"
635798,"Discrimination against Women, Women, Women’s discrimination"
635799,"Combat Desertification, General Assembly"
635800,"Southern Rhodesia, resolution"
635801,"development, inflationary phenomenon, resolution"
635802,"developing countries, land-locked development"
635803,"multilateral trade negotiations, resolution"
635804,"Land-locked Developing Countries, United Nations Special Fund"
635805,"general Assembly, general development strategy, resolution"
635806,"General Assembly, International monetary reform, resolution"
635807,"United Nations, resolution, staff"
635808,"United Nations Joint Staff Pension Board, resolution"
635809,"United Nations Joint Staff Pension Fund, investment, resolution"
635810,"United Nations Joint Staff Pension Fund, investment, resolution"
635811,"biennium 1978-1979, final budget appropriations, resolution"
635899,"biennium 1978-1979, financial income estimates"
635900,"United Nations Industrial Development Organization, resolution"
635902,"Centre for Human Restitutions (Habitat), General Assembly, United Nations Centre for Human Settlements (Habitat), resolution, work programme"
635903,"bieenium 1980-1981, budget appropriations, resolution"
635904,"appropriations for the year 1980, resolution"
635905,"biennium 1980-1981, expenses"
635906,"Working Capital Fund for the biennium 1980-1981, resolution"
635910,"Economic and Social Affairs, Information System Unit"
635913,"United Nations International School, resolution"
635915,United Nations accommodation at Nairobi
635918,"General Assembly, Secretariat officials, service and compensation"
635919,"General Assembly, United Nations Industrial Development Organization, financing of the travel of representative of the least developed countries, resolution"
637262,"General Assembly, resolution"
637953,United Nations Disengagement Observer Force
637954,United Nations Disengagement Observer Force
637960,United Nations Disengagement Observer Force
637965,United Nations Disengagement Observer Force
637968,United Nations Disengagement Observer Force
637971,"Human Rights of the Population of the Occupied Territories, Israeli Practices, Occupied Territories, Resolution"
637972,"Human Rights of the Population of the Occupied Territories, Israeli Practices, Occupied Territories, Resolution"
637973,"Human Rights of the Population of the Occupied Territories, Israeli Practices, Occupied Territories, Resolution"
637974,"General Assembly, peace-keeping operations, resolution"
637975,"General Assembly, Organizational nomenclature, Secretariat"
637976,"Financial Regulations of the United Nations, General Assembly"
637977,"International Computing Centre, budget estimates"
637978,"Disarmament commission, General Assembly"
637979,"General Assembly, Secretariat officials, service and compensation"
637980,"Committee for Programme and Co-ordination, General Assembly, co-ordination, communication, resolution"
637985,"United Nations, honoraria payable to members of organs and subsidiary organs of the United Nations, resolution, subsidiary organ"
637988,"Executive Direction and Management, Special Political Questions"
637991,"General Assembly, resolution"
637996,"Medium-term plan for the period 1980-1983, resolution"
637998,"International Civil Service Commission, resolution"
637999,"United Nations Joint Staff Pension Board, resolution"
638670,"Financing of the United States Emergency Force, United Nations Disengagement Force"
638755,"Lebanon, United Nations Interim Force"
638757,"Cyprus, General Assembly, resolution"
638758,"United Nations Conference on the Law of the Sea, law of the sea, resolution"
638759,"Africa, assistance, colonial regimes, human rights, resolution, southern Africa"
638760,"General Assembly, colonial countries, human rights, independence, resolution, self-determination"
638761,"Palestine, resolution"
638762,"Palestine, resolution"
638763,"Palestine, resolution"
638764,"Western Sahara, resolution"
638766,"Belarus, General Assembly, resolution"
638767,"Charter of the United Nations, Non-Self-Governing Territories"
638768,"Southern Rhodesia, resolution"
638769,"Southern Rhodesia, resolution"
638770,"East Timor, general Assembly, resolution"
638771,"Africa, Colonial Countries, Colonial Countries and Peoples, Declaration on the Granting of Independence to Colonials and other interests, Independence, apartheid, colonialism, foreign economic interests, racial discrimination, resolution, southern Africa"
638774,"Colonial Countries and Peoples, Declaration on the granting of Independence to Colonialization, General Assembly, United Nations, resolution"
638775,"Colonial Countries and People, Declaration on the granting of Independence to Colonials and People"
638776,"decolonization, resolution"
638777,"General Assembly, World economy, World social development"
638778,"cultural property, cultural values, resolution, return"
638783,"General Assembly, Human rights, scientific and technological development"
638784,"2nd Conference, Non protection of nutclear weapon, Non-Proliferation, Non-Proliferation of Nuclear Weapon, Nuclear Weapon, preparatory committee, resolution"
638785,"General Assembly, resolution"
638786,"Africa, Declaration on the Denuclearization of Africa"
638787,"Middle East, nuclear-weapon-free zone"
638788,"South Asia, nuclear-weapon-free zone"
638789,"development, mass destruction, resolution"
638790,"development, mass destruction, resolution"
638860,"military budget, resolution"
638861,"Declaration of the Indian Ocean as a Zone of Peace, Indian Ocean"
638863,"Israel, nuclear collaboration"
638869,"nuclear weapon, resolution"
638870,"further testing, nuclear weapon"
638872,"Disarmament negotiations and machinery, General Assembly"
638874,"disarmament agreement, international security"
638877,"convention, non-nuclear states, security"
638878,"convention, non-nuclear states, security"
638879,Declaration on the Preparation of Societies for Life in Peace
638881,"General Assembly, internal affair, non-interference"
638883,"Declaration on the Strengthening of International Security Resolution, General Assembly"
638884,"Nicaragua, resolution"
638885,United Nations Special Fund for Land-Locked Developing Countries
638887,"Combat Desertification, General Assembly"
638888,"confidence-building measures, resolution"
638939,"General Assembly, arms limitation talks, resolution"
638940,"nuclear weapon, resolution"
638941,"General Assembly, regional disarmament, resolution"
638942,"General Assembly, non-stationing, nuclear weapons, resolution"
638943,"Committee on Disarmament Resolution, General Assembly"
638944,"fissionable material, resolution, weapons"
638962,"International Relations, Non-Use of Force, Special Committee on Enhancing the Effectiveness of the Principle of Non-Use of Force"
638963,"Mankind, draft code of offence, resolution"
638964,decade for action to Combat Racism and Racial Discrimination
638965,"Combat Racism and Racial Discrimination, World Conference"
638966,"Combat Racism and Racial Discrimination, World Conference"
638967,International Convention on the Suppression and Punishment of Crime of Apartheid
638968,"intolerance, resolution"
638969,"Palestinian people, living condition, resolution"
638972,"Palestine refugees, resolution"
638975,"Palestine refugees, grants and scholarships for higher education, vocational training"
638976,"Gaza Strip, Palestine refugees"
638977,"General Assembly, refugees, resolution"
639252,"United Nations Joint Staff Pension Fund, investment, transnational corporations"
639253,"Acceleration of real resources, General Assembly, Resolution"
639254,"Finance for development resolution, General Assembly"
639255,"General Assembly, assessment, composition of the relevant organs of the United Nations, resolution, rules of procedure"
639256,"General Assembly, questions, resolution"
639257,"Palestinian people, resolution"
639258,"developing countries, land-locked development"
639259,"General Assembly, resolution, transfer of technology"
639260,"development, inflationary phenomenon, resolution"
639261,"developing countries, development problems, resolution"
639346,"Anguilla, Guam, Guam Islands, Islands, Saint Helena Islands and Caicos Islands, South America, United States Virgin Island, resolution"
639347,"General Assembly, Individual territories, resolution"
639400,"General Assembly, migrant workers, resolution"
639402,"Cyprus, Missing persons, resolution"
639403,"Chile, United Nations Trust Fund for Chile"
639404,"Chile, human rights, resolution"
639405,"Ad Hoc Working Group, Chile, General Assembly, Human Rights, resolution"
639406,"biennium 1978-1979, budget appropriations, resolution"
639407,"biennium 1978-1979, financing, resolution"
639409,"Accommodation, Vienna International Centre"
639411,"Africa, Namibia, illegal occupation of the Territory by South Africa"
639412,"Africa, South Africa, United Nations resolution"
639413,"United Nations Council for Namibia, resolution"
639415,"apartheid, mobilization, resolution"
639417,"General Assembly, leader, oppressed people, outstanding personalities, resolution"
639419,"Israel, Relations between Israel and South Africa, South Africa"
639420,"South Africa, oil embargo"
639421,"Africa, Nuclear collaboration, South Africa"
639422,"Economic collaboration with South Africa, South Africa"
639423,"apartheid, resolution"
639424,"Apartheid, General Assembly, Special Committee"
639425,"Africa, South Africa, national liberation movement, resolution"
639426,"Africa, South Africa, resolution"
639427,"apartheid in sport, resolution"
639428,"South Africa, military collaboration, resolution"
639429,"South Africa, investment, resolution"
639430,"General Assembly, economic and social fields, education, equality of women with men, improvement of the status and role of women, resolution"
639475,"International Court of Justice, Kosovo, general Assembly, general law, independence of Kosovo, international law, resolution"
639624,"General Assembly, Protectionism, resolution"
639625,"multilateral trade negotiations, resolution"
639626,"activity, marginal usefulness, resolution"
639627,"biennium 1978-1979, budget appropriations, resolution"
639628,"biennium 1978-1979, income estimates"
639629,"appropriations for the year 1979, financing, resolution"
639630,"Namibia, resolution"
639631,"Western Sahara, resolution"
639632,"Middle East, Middle East resolution"
642010,"apartheid, sport, sport resolution"
642012,"Bantustan, resolution"
642019,"South Africa, investment, resolution"
642288,United Nations Disengagement Observer Force
642335,"Charter of the United Nations, Israel, Israeli measures, Israel’s international obligations, Middle East, United Nations, United Nations resolutions, United States resolutions, contravention of the principles of the United Nations, demographic composition, geographical nature, illegal status, international obligations, legal status, occupied Arab territories, peace, resolution"
642378,"Economic collaboration with South Africa, South Africa"
642393,"Mayotte, comorian sland, resolution"
642624,"Economic collaboration with South Africa, South Africa"
642626,"apartheid, resolution"
642628,"General Assembly, Special Committee on Apartheid"
642629,"Africa, South Africa, national liberation movement, resolution"
642630,"Africa, South Africa, resolution"
642631,"Apartheid, World Conference for Action against Apartyheid"
642633,United Nations Special Fund for Land-Locked Developing Countries
642634,"United Nations Conference on Science and Technology for Development, science and technologie for development"
642635,"resolution, rhodesia"
642636,"Chile, human rights, resolution"
642637,"General Assembly, aggression, apartheid, colonialism, independence, racial discrimination, racism, resolution, self-determination, social progress"
642638,"co-operation, narcotic drugs, rehabilitation"
642639,"United Nations Fund for Drug Abuse control, economic and social development"
642640,"illicit traffic, narcotic drugs, psychotropic substances, psychotropy"
642641,"Combat Racism and Racial Discrimination, World Conference"
642642,"General Assembly, United Nations, fundamental freedoms, human rights, resolution"
642643,"General Assembly, colonialism, foreign domination, racial discrimination, racism, resolution, strengthening of international peace and security"
642644,"General Assembly, colonialism, foreign domination, racial discrimination, racism, resolution, strengthening of international peace and security"
642658,"force, non-use of force in international relations"
642863,"Namibia, information, resolution"
643248,"Africa, South Africa, resolution"
643250,"Africa, Namibia, illegal occupation of the Territory by South Africa"
643251,"Namibia, intergovernmental organizations"
643252,"conventional weapons, general Assembly, humanitarian reasons, resolution"
643253,"General Assembly, internal affair, non-interference"
643255,"Declaration on the Strengthening of International Security Resolution, General Assembly"
643256,"United Nations Council for Namibia, resolution"
643257,"IUnited Nations Water Conference, Water Conference"
643258,"Arab territories, national resources, resolution"
643259,"Namibia, United Nations action, coordination, resolution"
643260,"human settlements, international cooperation"
643263,"General Assembly, Namibia, resolution"
643264,"Palestinian people, living condition, resolution"
643265,International Convention on the Suppression and Punishment of Crime of Apartheid
643269,Committee on the Elimination of Racial Discrimination
643271,"General Assembly, colonial countries, human rights, independence, resolution, self-determination"
643273,"developing countries, land-locked development"
643274,United Nations Negotiating Conference on a Common Fund under the Integrated Programme for Commodities
643275,"co-operation, outer space, resolution"
643276,"Cyprus, General Assembly, resolution"
643281,"Middle East, Middle East resolution"
643282,"First-class travel, United Nations organizations"
643283,"Brunei, resolution"
643284,"International Civil Service Commission, resolution"
643285,"Belarus, General Assembly, resolution"
643286,"Charter of the United Nations, Non-Self-Governing Territories"
643287,"East Timor, general Assembly, resolution"
643288,"Africa, Colonial Countries, Colonial Countries and Peoples, Declaration on the Granting of Independence to Colonials and other interests, Independence, apartheid, colonialism, foreign economic interests, racial discrimination, resolution, southern Africa"
643289,"Colonial Countries and Peoples, General Assembly, Specialized Agencies, United Nations, granting of Independence, resolution"
643290,"apportionment, expenses of the United Nations"
643291,"Palestine, resolution"
643292,"Palestine, resolution"
643339,"Colonial Countries and People, Declaration on the granting of Independence to Colonials and People"
643341,"Additional Protocol I of the Treaty for the Prohibition of Nuclear Weapon in Latin America (Treaty of Tlatelolco), Latin America (Treaty of Tlatelolco), additional protocol I of the Treaty for the Prohibition of Nuclear Protection, general assembly resolution 3473 (XXX)"
643342,"General Assembly, comprehensive test ban, comprehensive tests, general prohibition, nuclear test, nuclear weapon tests, nuclear-weapon tests"
643343,"Additional Protocol II of the Treaty for the Prohibition of Nuclear Weapon, Additional Protocol II of the Treaty for the Prohibition of Nuclear Weapon in Latin America (Treaty of Tlatelolco), General Assembly, Latin America, Tlatelolco"
643344,"Disarmament Decade, disarmament decade, resolution"
643345,"Africa, Declaration on the Denuclearization of Africa"
643346,"Middle East, nuclear-weapon-free zone"
643347,"South Asia, nuclear-weapon-free zone"
643348,"development, mass destruction, resolution"
643349,"development, mass destruction, resolution"
643350,"military budget, resolution"
643351,"Declaration of the Indian Ocean as a Zone of Peace, Indian Ocean"
643352,"General Assembly, disarmament, resolution"
643353,"General Assembly, disarmament, resolution"
643354,"General Assembly, disarmament, resolution"
643355,"General Assembly, disarmament, resolution"
643356,"Palestine refugees, resolution"
643357,"Gaza Strip, Palestine refugees"
643358,"General Assembly, refugees, resolution"
643359,"Human Rights of the Population of the Occupied Territories, Israeli Practices, Occupied Territories, Resolution"
643360,"Israeli Practices Affecting the Human Right of the Occupied Territories, Special Committee to Investigate Israeli practices, occupied territories, resolution"
643361,"Israeli Practices Affecting the Human Right of the Occupied Territories, Special Committee to Investigate Israeli practices, occupied territories, resolution"
643362,"Anti-Apartheid Year, World War II"
643363,"apartheid, resolution"
643364,"Israel, Relations between Israel and South Africa, South Africa"
643365,"South Africa, nuclear collaboration"
643385,"biennium 1976-77, final budget appropriations, resolution"
643386,"General Assembly, Organizational nomenclature, Secretariat"
643387,"Arabic language services, United Nations"
643388,United Nations accommodation at Nairobi
643389,"United Nations budget, resolution"
643390,"United Nations Headquarters, conference servicing, delegate facilities"
643391,Honoraria of member of the Human Rights Committee
643392,"biennium 1978-1979, budget appropriations, resolution"
643393,"appropriations for the year 1978, resolution"
643394,"biennium 1978-1979, expenses"
643395,"Capital Fund for the biennium 1978-1979, Working Capital Fund"
643885,"Cuba, United States of America against Cuba, economic embargo, economy"
643890,"Comprehensive Nuclear-Test-Ban Treaty Organization, United Nations"
643894,"Palestinian People, inalienable rights"
643895,"General Assembly, Palestinian Rights of the Secretariat"
643897,"General Assembly, Palestine, Public Information of the Secretariat, Special information programme"
643898,"Palestine, resolution"
643899,"Jerusalem, resolution"
643901,"Syrian Golan, Syrian Resolution"
643902,"Disarmament, Disarmament Resolution, General Assembly, development and manufacture of new types of weapons, mass destruction, such weapons"
643903,"information and telecommunications, security"
643904,"assure, nuclear weapon, nuclear weapons, resolution"
643905,"arms race, outer space, resolution"
643906,"General Assembly, nuclear weapons system, resolution"
643907,"Anti-personnel Mines, General Assembly, Stockpiling, destruction, resolution"
643949,"conventional arms control, regional and subregional level"
643951,"General Assembly, Nuclear disarmament"
643953,"General Assembly, resolution, ruclear danger"
643958,"General Assembly, International Court of Justice on the Legality of the Threat or Use of Nuclear Weapon, Nuclear Weapon, the Legality of the Threat"
643960,"disarmament, multilateralism"
643981,"Geneva Protocol, geneva protocol, resolution"
643988,"armament, depleted uranium, resolution"
643997,"General Assembly, Missiles, resolution"
643999,"disarmament commitments, nuclear-weapon-free world"
644005,"arms limitation, commitments, non-proliferation agreements"
644046,"disarmament measures, peace, resolution"
644051,"Central Asia, nuclear-weapon-free zone"
644054,"Ballistic Missile Proliferation, Hague Code of Conduct"
644058,"hemisphere, resolution"
644071,"confidence-building measures, outer space activities"
644152,"armament, resolution, transparency"
644182,"illicit trade, small arms"
644185,"elimination of nuclear weapons, resolution"
644187,"convention on the prohibition of the use of Nuclear Weapon, resolution"
644200,"Middle East, nuclear proliferation"
644214,"Comprehenive Nuclear-Test-Ban Treaty, General Assembly"
644217,"Palestine refugees, resolution"
644218,"General Assembly, June 1967, hostilities, resolution"
644223,"Palestine refugees, resolution"
644273,"Arabs, Arabs of the Occupied Territories, General Assembly, Human Rights of the Palestinian People and Other Arabs, Israeli Practices, Palestinian People, Special Committee to Investigate Israeli practices, resolution"
644277,"Palestine Refugees, United Nations Relief and Work Agency"
644280,"Arab territories, East Jerusalem, General Assembly, Geneva Convention, Middle Ages, Occupied Palestinian Persons in Time of War, Palestinian Territory, resolution"
644287,"Israeli settlement, Palestinian Territory, Syrian Golan"
644294,"East Jerusalem, Occupied Palestinian Territory, Palestinian Territory, resolution"
644298,"Syrian Golan, Syrian resolution"
644299,"Charter of the United Nations, Non-Self-Governing Territories"
644300,"Economic and other activities, Non-Self-Governing Territories"
644301,"Colonial Countries and Peoples, Declaration on the granting of Independence to Colonialization, General Assembly, United Nations, resolution"
644310,"decolonization, resolution"
644311,"Colonial Countries and People, Declaration on the granting of Independence to Colonials and People"
644312,"General Assembly, law of the sea, resolution"
644480,"General Assembly, Human Right Council"
644498,"certain practices, intolerance, racial discrimination, racism, xenophobia"
644534,"General Assembly, exercise of people to self-determination, mercenaries, resolution, self-determination"
644535,"Palestinian people, resolution, self-determination"
644536,"geographical distribution, human rights treaty bodies"
644537,"death penalty, resolution"
644538,"defamation, resolution"
644553,"Globalization, globalization, human rights, resolution"
644555,"General Assembly, development, resolution"
644557,"coercive measures, resolution"
644560,"extrajudicial execution, resolution"
644567,"General Assembly, food, resolution"
644568,"family reunification, freedom of travel, resolution"
644569,"democratic and equitable international order, resolution"
644571,"Democratic People’s Republic of Korea, human rights, resolution"
644572,"Islamic Republic of Iran, resolution"
644683,"Arab population, General Assembly, Palestinian people, Syrian Golan, natural resources, resolution"
644732,"Lebanese, oil slick, resolution"
644738,"general Assembly, general economic order, resolution"
644763,"arms trade treaty, conventional arms, export, transfer"
644764,"General Assembly, child, resolution"
644765,"Declaration and Programme of Action, Durban, Durban Declaration and Programme of Action, General Assembly, intolerance, racial discrimination, related intolerance, resolution"
644767,"Myanmar, human rights, resolution"
644975,"Palestinian People, living condition, resolution"
646023,"American Samoa, resolution"
646047,"Anguilla resolution, General Assembly"
646049,"General Assembly, Middle Ages, resolution"
646050,"British Virgin Island, resolution"
646051,"Cayman Island, resolution"
646052,"Guam, general Assembly, resolution"
646053,"Montserrat, resolution"
646054,"Pitcairn, resolution"
646055,"Caicos Islands, Turks Islands"
646058,"Saint Helena, resolution"
646059,"United States Virgin Island, resolution"
646737,"Human Rights of the Population of the Occupied Territories, Israeli Practices, Occupied Territories, Resolution"
647344,"Financing of the United States Emergency Force, United Nations Disengagement Force"
647345,"Financing of the United States Emergency Force, United Nations Disengagement Force"
647573,"Apartheid, General Assembly"
648892,"Africa, arms embargo, resolution"
648894,"South Africa, investment, resolution"
648896,"apartheid in sport, resolution"
648897,"Apartheid, General Assembly, Special Committee"
648900,"Transkei, bantustan, resolution"
648901,"Israel, Relations between Israel and South Africa, South Africa"
649009,"Africa, Colonial Countries, Colonial Countries and People, Declaration on the Granting of Independence to Colonials and other interests, Independence to Colonials and People in Southern Rhodesia and Namibia, apartheid, colonialism, foreign economic interests, racial discrimination, resolution, southern Africa"
649011,"force, non-use of force in international relations"
649012,"Cyprus, General Assembly, resolution"
649014,"international economic cooperation, international economy"
649016,"General Assembly, refugees, resolution"
649017,"Gaza Strip, Palestine refugees"
649018,"Palestine, resolution"
649019,"General Assembly, United Nations, resolution"
649023,"Charter of the United Nations, Non-Self-Governing Territories"
649024,"Colonial Countries and Peoples, General Assembly, Specialized Agencies, United Nations, granting of Independence, resolution"
649025,"Africa, assistance, colonial regimes, human rights, resolution, southern Africa"
649026,"General Assembly, colonial countries, human rights, independence, resolution, self-determination"
649324,"Angola, United Nations, membership, resolution"
649325,"Falkland Island (Malvinas), resolution"
649326,"Belarus, General Assembly, resolution"
649327,"Timor, general assembly, resolution"
649328,"Brunei, resolution"
649329,"Guam, general Assembly, resolution"
649330,"French Somaliland, resolution"
649331,"Middle East, Middle East resolution"
649332,"Middle East, Peace Conference on the Middle East"
649333,"General Assembly, achieve and comprehenive test ban, cessation, nuclear, resolution, thermonuclear test"
649684,"General Assembly resolution 3467 (XXX), Latin America (Treaty of Tlatelolco), additional Protocol II of the Treaty for the Prohibition of Nuclear Weapon in Latin America (Treaty of Tlatelolco)"
649686,"question of nuclear-weapon-free zones, resolution"
649687,"Middle East, nuclear-weapon-free zone"
649688,"Environmental Modification Techniques, Military"
649689,"South Asia, nuclear-weapon-free zone"
649690,"development, mass destruction, resolution"
649691,"General Assembly, Non Protection, Non protection of nutclear weapon, Non-Proliferation of Nuclear Weapon"
649692,Vienna Convention on Diplomatic Relations of 1961
649693,decade for action to Combat Racism and Racial Discrimination
649694,"Combat Racism and Racial Discrimination, World Conference"
649695,International Convention on the Suppression and Punishment of Crime of Apartheid
649696,"General Assembly, World economy, resolution, social situation"
649698,"military budget, resolution"
649699,"Declaration of the Indian Ocean as a Zone of Peace, Indian Ocean"
649700,"general prohibition, nuclear weapon test"
649702,"General Assembly, internal affair, non-interference"
649703,"Declaration on the Strengthening of International Security Resolution, General Assembly"
649704,"United Nations, apportionment of the expenses of the United States"
649708,"Israeli Practices Affecting the Human Right of the Occupied Territories, Special Committee to Investigate Israeli practices, occupied territories, resolution"
649710,"Israeli Practices Affecting the Human Right of the Occupied Territories, Special Committee to Investigate Israeli practices, occupied territories, resolution"
649732,"Israeli Practices Affecting the Human Right of the Occupied Territories, Special Committee to Investigate Israeli practices, occupied territories, resolution"
649747,"Israeli Practices Affecting the Human Right of the Occupied Territories, Special Committee to Investigate Israeli practices, occupied territories, resolution"
649748,"Chili, human rights, resolution"
649756,"General Assembly, Human rights, scientific and technological development"
649758,"General Assembly, International Civil Service Commission"
649760,"Colonial Countries and People, Declaration on the granting of Independence to Colonials and People"
649761,"decolonization, resolution"
649762,"Africa, Namibia, illegal occupation of the Territory by South Africa"
649764,"United Nations Council for Namibia, resolution"
649909,"Namibia, United Nations action, coordination, resolution"
649910,"Namibia, intergovernmental organizations"
649913,"Namibia, information, resolution"
649914,"Africa People’ Organization, South West Africa People' Organization"
649915,"Southern Rhodesia, resolution"
649916,"developing countries, land-locked development"
649917,"developing countries, development problems, resolution"
649918,"developing countries, redeployment, resolution"
649919,"General Assembly, accelerating the transfer of real resources, countries, resolution"
649920,United Nations Special Fund for Land-Locked Developing Countries
649921,"General Assembly, resolution"
649922,"Arab territories, national resources, resolution"
649923,"General Assembly, disarmament, resolution"
649924,"General Assembly, disarmament, resolution"
649925,"General Assembly, disarmament, resolution"
649926,"United Nations Headquarters, conference servicing, delegate facilities"
649927,"United Nations, regulations, resolution, salary system"
649994,"United Nations Joint Staff Pension Fund, investment, resolution"
649999,"International Court of Justice, emolument, resolution"
650000,United Nations Conference on Trade and Development
650001,"biennium 1976-77, resolution"
650002,"appropriations for the year 1977, resolution"
650003,"biennium, income estimates, resolution"
650004,"United Nations, resolution"
650007,"computer usage, resolution"
650087,"General Assembly, comprehension, comprehensive test, nuclear test, resolution, test ban, thermonuclear"
650088,"Additional Protocol II of the Treaty for the Prohibition of Nuclear Weapon in Latin America (Treaty of Tlatelolco), Latin America (Treaty of Tlatelolco), additional protocol II of the Treaty for the Prohibition of Nuclear Protection, general assembly resolution 3258 (XXIX)"
650089,"Declaration of the Indian Ocean as a Zone of Peace, Indian Ocean"
650090,"Africa, Declaration on the Denuclearization of Africa"
650091,"question of nuclear-weapon-free zones, resolution"
650092,"question of nuclear-weapon-free zones, resolution"
650093,"Additional Protocol I of the Treaty for the Prohibition of Nuclear Weapon in Latin America (Treaty of Tlatelolco), Latin America (Treaty of Tlatelolco), additional protocol I of the Treaty for the Prohibition of Nuclear Protection, general assembly resolution 3262 (XXIX)"
650094,"Middle East, nuclear-weapon-free zone"
650095,"South Pacific, nuclear-weapon-free zone"
650096,"general prohibition, nuclear weapon test"
650097,"development, mass destruction, resolution"
650098,"French Somaliland, resolution"
650100,"Colonial Countries and People, Declaration on the granting of Independence to Colonials and People"
650101,"decolonization, resolution"
650102,"General Assembly, disarmament, resolution"
650104,"General Assembly, disarmament, resolution"
650105,"General Assembly, disarmament, resolution"
650106,"General Assembly, disarmament, resolution"
650108,"General Assembly, disarmament, resolution"
650109,"Timor, general assembly, resolution"
650111,"Charter of Economic Rights and Duties of States, Economic rights of States"
650121,"Arab territories, national resources, resolution"
650123,"General Assembly, colonialism, foreign domination, racial discrimination, racism, resolution, strengthening of international peace and security"
650124,"International Women’ Year, World Conference of the International Women' Year"
650125,"Equality between men and women, elimination of discrimination against men"
650127,"Human Rights of the Population of the Occupied Territories, Israeli Practices, Occupied Territories, Resolution"
650128,"Human Rights of the Population of the Occupied Territories, Israeli Practices, Occupied Territories, Resolution"
650129,"Human Rights of the Population of the Occupied Territories, Israeli Practices, Occupied Territories, Resolution"
650133,"United Nations Disaster Relief Coordinator, emergency relief assistance, resolution, technical cooperation activities"
650134,"United Nations Industrial Development Organization, resolution"
650135,"United Nations, public information policies and activities"
650136,"General Assembly, Pension scheme, resolution"
650137,"emolument, resolution"
650138,"United Nations, financial problem, resolution"
650139,"biennium, programme budget, resolution"
650140,"biennium 1976-77, resolution"
650141,"appropriations for the year 1976, resolution"
650142,"biennium 1976-77, expenses, extraordinary expense"
650143,"Capital Fund for the biennium 1976-77, Working Capital Fund"
650276,decade for action to Combat Racism and Racial Discrimination
650278,"Middle East, Palestine Liberation Organization, peace, resolution"
650279,"Palestine, resolution"
650280,United Nations Disengagement Observer Force
650323,"combat, racial discrimination, racism"
650324,"discrimination, resolution"
650332,"Africa, assistance, colonial regimes, human rights, resolution, southern Africa"
650334,"Declaration on the Strengthening of International Security Resolution, General Assembly"
650335,"Korea, resolution"
650336,"Korea, resolution"
650339,"Cyprus, General Assembly, resolution"
650341,"Southern Rhodesia, resolution"
650342,"Africa, Colonial Countries, Colonial Countries and Peoples, Declaration on the Granting of Independence to Colonials and other interests, Independence, apartheid, colonialism, foreign economic interests, racial discrimination, resolution, southern Africa"
650346,"Africa, South Africa, United Nations, United States, resolution, responsibility"
650375,"Bantustan, resolution"
650376,"Apartheid, General Assembly, Special Committee"
650377,"Africa, South Africa, resolution"
650379,"Middle East, Middle East resolution"
650397,"Palestine refugees, resolution"
650398,"General Assembly, refugees, resolution"
650399,"Charter of the United Nations, Non-Self-Governing Territories"
650427,"Colonial Countries and Peoples, Declaration on the granting of Independence to Colonialization, General Assembly, United Nations, resolution"
650428,"Brunei, resolution"
650429,"Guam, United States Virgin Island, resolution"
650430,"Belarus, General Assembly, resolution"
650431,"Hebrides, Pitcairn, Tuvalu, resolution"
650466,"Chile, human rights, resolution"
650468,"Cyprus, Missing persons, resolution"
650469,"General Assembly, United Nations, fundamental freedoms, human rights, resolution"
650470,"Sahara, resolution, spanish Sahara"
650471,"Sahara, resolution, spanish Sahara"
650472,"General Assembly, resolution"
650815,"General Assembly, resolution"
650861,"Africa, South Africa, United Nations"
650876,"Palestine Liberation Organization, invitation, resolution"
650963,"Cyprus, General Assembly, resolution"
650964,"International Atomic Energy Agency, atomic energy, resolution"
650968,"General Assembly, National experience, social and economic changes"
650989,"Charter of Economic Rights and Duties of States, Economic rights of States"
650990,"General Assembly, international disputes, resolution"
651000,"United Nations, apportionment of the expenses of the United States"
651003,"Chile, human rights, resolution"
651005,"Palestine, resolution"
651006,"General Assembly, Palestine Liberation Organization"
651012,"Cambodia, Royal Government of National Union of Cambodia in the United Nations, United Nations, resolution"
651013,"Charter of the United Nations, Non-Self-Governing Territories"
651015,"Human Rights of the Population of the Occupied Territories, Israeli Practices, Occupied Territories, Resolution"
651016,"Human Rights of the Population of the Occupied Territories, Israeli Practices, Occupied Territories, Resolution"
651017,"General Assembly, colonial countries, human rights, independence, resolution, self-determination"
651018,"General Assembly, council by 10 per cent, developing countries, military budgets, resolution, security, utilization"
651020,"incendiary weapon, napalm, resolution"
651022,"incendiary weapon, napalm, resolution"
651025,"British Virgin Islands, Cayman Islands and Caicos Islands, Islands, United States Virgin Islands"
651026,"Guam, New Hebrides, South America"
651029,"Sahara, resolution, spanish Sahara"
651030,"Charter of the United Nations, Non-Self-Governing Territories"
651031,"Namibia, resolution"
651032,"Southern Rhodesia, resolution"
651033,"Southern Rhodesia, resolution"
651034,"Africa, Colonial Countries, Colonial Countries and Peoples, Declaration on the Granting of Independence to Colonials and other interests, Namibia, Portuguese domination, South Rhodesia, appartheid, colonialism, discrimination, foreign economic interests, racial discrimination, southern Africa"
651038,"Africa, arms embargo, resolution"
651039,"General Assembly, political prisoners, resolution"
651040,"General Assembly, Special Committee on Apartheid"
651042,"Africa, South Africa, resolution"
651045,"United Nations Habitat and Human ettlements Foundation, United States Human rights Foundation"
651046,"Colonial Countries and People, Declaration on the granting of Independence to Colonials and People"
651047,"decolonization, resolution"
651048,"Palestine Refugees, United Nations Relief and Work Agency"
651049,"Palestine Refugees, United Nations Relief and Work Agency"
651050,"Declaration on the Strengthening of International Security Resolution, General Assembly"
651051,"Korea, resolution"
651053,"Arab territories, national resources, resolution"
651056,"Africa, Colonial Countries, Colonial Countries and Peoples, Declaration on the Granting of Independence to Colonials and other interests, General Assembly, Portuguese domination, Portuguese domination and efforts, appartheid, colonialism, foreign economic interests, racial discrimination, southern Africa"
651057,"General Assembly, comprehension, comprehensive test, nuclear test, resolution, test ban, thermonuclear"
651058,"Additional Protocol II of the Treaty for the Prohibition of Nuclear Weapon in Latin America (Treaty of Tlatelolco), Latin America (Treaty of Tlatelolco), additional protocol II of the Treaty for the Prohibition of Nuclear Protection, general assembly resolution 3079 (XXVIII)"
651059,"Declaration of the Indian Ocean as a Zone of Peace, Indian Ocean"
651060,"General Assembly, disarmament, resolution"
651061,"General Assembly, disarmament, resolution"
651062,"General Assembly, disarmament, resolution"
651096,"Charter of the United Nations, resolution"
651100,"General Assembly, Staff Regulations, United Nations, staff regulations"
651101,"biennium 1974-1975, budget appropriations, resolution"
651175,"Additional Protocol I of the Treaty for the Prohibition of Nuclear Weapon in Latin America (Treaty of Tlatelolco), Latin America (Treaty of Tlatelolco), additional protocol I of the Treaty for the Prohibition of Nuclear Protection, general assembly resolution 2286 (XXII)"
651176,"Middle East, nuclear-weapon-free zone"
651193,"action to influence the environment and climate, health, human well-being, military, resolution"
651195,"South Asia, nuclear-free zone"
651196,"South Asia, nuclear-free zone"
652180,"cultural values, resolution"
652181,"General Assembly, Human rights, scientific and technological development"
652182,"General Assembly, development, social activity"
652183,"apartheid, resolution"
652184,"General Assembly, Special Committee on Apartheid"
652185,"apartheid, resolution"
652186,"United Nations action against apartheid, coordination, resolution"
652187,"General Assembly, intergovernmental organizations, resolution"
652188,"Africa, United Nations Trust Fund for South Africa"
652189,"Africa, South Africa, apartheid, resolution"
652190,"atomic radiation, resolution"
652191,"atomic radiation, resolution"
652192,"atomic radiation, resolution"
652193,"Niue, resolution"
652194,"American Samoa, Gilbert and Ellice Islands, Guam, New Hebrides, Seychelles, Solomon ilands, South America, St Helena, resolution"
652195,"British Virgin Islands, Cayman Islands and Caicos Islands, Islands, United States Virgin Islands"
652196,"Seychelles, resolution"
652197,"Brunei, resolution"
652198,"Falkland Island (Malvinas), resolution"
652199,"Comoro Archipelago, General Assembly"
652200,"Sahara, resolution, spanish Sahara"
652201,"Colonial Countries and People, Declaration on the granting of Independence to Colonials and People"
652203,"decolonization, resolution"
652204,Colonialism and Apartheid in Southern Africa
652207,"United Nations Revolving Fund for Natural Resources Exploration, resolution"
652209,"landlocked developing countries, resolution"
652210,"General Assembly, natural resources, sovereignty"
652211,Feneral Assembly
652213,"Arab territories, natural resources, sovereignty"
652216,"General Assembly, disarmament, resolution"
652224,"General Assembly, Trade and Development Board, trade and development board"
652233,"South Africa, political prisoners, resolution"
652235,"General Assembly, Guinea-Bissau, Portuguese military forces of certain ectors, Republic, aggression, resolution"
652345,"General Assembly, disarmament, resolution"
652346,"General Assembly, disarmament, resolution"
652349,"art to countries victims of expropriation, resolution"
652352,"biennium 1974-1975, budget appropriations, resolution"
652353,"appropriations for the year 1974, resolution"
652354,"biennium 1974-1975, expenses, extraordinary expense"
652355,"Capital Fund, Working Capital Fund for the biennium 1974-1975"
652357,"United Nations staff, accommodation, official travel"
652358,"General Assembly, approval of programmes and budgets, resolution"
652367,"Human Rights of the Population of the Occupied Territories, Israeli Practices, Occupied Territories, Resolution"
652401,"atomic radiation, resolution"
652402,"Southern Rhodesia, resolution"
652403,"General Assembly, co-operation, crimes against humanity, resolution, war crime"
652404,"incendiary weapon, napalm, resolution"
652418,"chemical and bacteriological weapon, resolution"
652419,"nuclear tests, urgent need"
652420,"nuclear tests, urgent need"
652421,"Additional Protocol II of the Treaty for the Prohibition of Nuclear Weapon in Latin America (Treaty of Tlatelolco), Latin America (Treaty of Tlatelolco), additional protocol II of the Treaty for the Prohibition of Nuclear Protection, general assembly resolution 2935 (XXVII)"
652423,"Declaration of the Indian Ocean as a zone of peace, Indian Ocean"
652424,"United Nations University, resolution"
652430,"indexation of prices, resolution"
652431,"Human Rights of the Population of the Occupied Territories, Israeli Practices, Occupied Territories, Resolution"
652432,"Human Rights of the Population of the Occupied Territories, Israeli Practices, Occupied Territories, Resolution"
652433,"Council, Council by 10 per cent, General Assembly, State permanent members of the Security Council, developing countries, military budgets, resolution"
652434,"Council, Council by 10 per cent, General Assembly, State permanent members of the Security Council, developing countries, military budgets, resolution"
652435,"United Nations Emergency Force, financing, resolution"
652436,"armed conflicts, human rights, resolution"
652437,"alien domination, combatants struggling against colonial and alien domination, legal status, racist regimes, resolution"
652439,"Charter of the United Nations, Non-Self-Governing Territories"
652440,"Namibia, resolution"
652441,"United Nations Fund for Namibia, resolution"
652442,"Palestine Refugees, United Nations Relief and Work Agency"
652443,"Palestine Refugees, United Nations Relief and Work Agency"
652531,"Portuguese administration, Territories"
652532,"Mozambique, commission of inquiry, reported Massacres"
652533,"Southern Rhodesia, resolution"
652534,"Southern Rhodesia, resolution"
652535,"Africa, Colonial Countries, Colonial Countries and Peoples, Declaration on the Granting of Independence to Colonials and other interests, Namibia, Portuguese domination, South Rhodesia, apartheid, colonialism, foreign economic interests, racial discrimination, resolution, southern Africa"
652536,"Colonial Countries and Peoples, Declaration on the granting of Independence to Colonialization, General Assembly, United Nations, resolution"
652537,"South Africa, United Nations Educational and Training Programme"
652538,"United Nations Capital Development Fund, resolution"
652539,"co-operation, natural resources, resolution"
652540,"housing, human settlement, multilateral financing"
652541,"General Assembly, United Nations High Commissioner for Human Rights"
652619,"Colonial Countries and Peoples, Declaration on the granting of Independence to Colonialization, General Assembly, United Nations, resolution"
652620,"South Africa, United Nations Educational and Training Programme"
652621,"Sahara, resolution, spanish Sahara"
652622,"Bahamas, Bayman Islands, Cocos Islands, Ellice Islands (Keeling Islands), Guam, Guam Islands, Islands, New Hebrides, St Helena, Turks and Caicos Islands, United States Virgin Islands, Virgin Island, resolution"
652623,"Seychelles, resolution"
652624,"Niue Island, Tokelau Island, resolution"
652625,"Antigua, Grenada, Saint Vincent-Nevis-Anguilla, Saint. Vincent, St. Lucia"
652627,"General Assembly, Security Council"
652628,"Declaration of the Indian Ocean as a zone of peace, Indian Ocean"
652629,"Declaration on the Strengthening of International Security Resolution, General Assembly"
652657,"General Assembly, International responsibility, environment, resolution"
652670,"Human Rights of the Population of the Occupied Territories, Israeli Practices, Occupied Territories, Resolution"
652671,"United Nations system, employment of women, professional positions, resolution"
652672,"Capital punishment, General Assembly"
652673,"narcotics control, resolution"
652674,"drug abuse control, resolution"
652675,"United Nations programme, drug abuse control"
652676,"developing countries, sovereignty"
652677,"developed countries, trained personnel"
652678,"developing countries, mass poverty, unemployment"
652679,United Nations fund for Population Activities
652683,"communication, international youth organizations"
652685,"intolerance, resolution"
652739,"Colonial Countries and People, Declaration on the granting of Independence to Colonials and People"
652756,"artificial earth satellites, direct television broadcasting"
652923,"Portuguese administration, Territories"
652924,"detainees, resolution, torture"
652926,"Africa, United Nations Trust Fund for South Africa"
652928,"General Assembly, Special Committee on Apartheid"
652934,"apartheid, resolution"
652938,"Africa, South Africa, apartheid, resolution"
652942,"Apartheid, International Conference of Trade Union"
652945,"World Disarmament Conference, World Disarmment Conference resolution"
652946,"Conference of Non-Nuclear-Weapon States, resolution"
652951,"International Law Commission, resolution"
652957,"General Assembly, disarmament, resolution"
652960,"General Assembly, disarmament, resolution"
652964,"chemical and bacteriological weapon, resolution"
652967,"nuclear tests, urgent need"
652976,"nuclear tests, urgent need"
652984,"nuclear tests, urgent need"
652987,"Additional Protocol II of the Treaty for the Prohibition of Nuclear Weapon in Latin America (Treaty of Tlatelolco), Latin America (Treaty of Tlatelolco), additional protocol II of the Treaty for the Prohibition of Nuclear Protection, general assembly resolution 2830 (XXVI)"
652993,"force in international relations, nuclear weapons"
653011,"Southern Rhodesia, resolution"
653473,"General Assembly, resolution"
653984,"Middle East, Middle East resolution"
653985,"General Assembly, colonial countries, human rights, independence, resolution, self-determination"
653992,"natural disaster, resolution"
653994,"United Nations, apportionment of the expenses of the United States"
653996,"United Nations, apportionment of the expenses of the United States"
653999,"United Nations, apportionment of the expenses of the United States"
654001,"United Nations, apportionment of the expenses of the United States"
654009,"Palestine Refugees, United Nations Relief and Work Agency"
654010,"Palestine Refugees, United Nations Relief and Work Agency"
654011,"Palestine Refugees, United Nations Relief and Work Agency"
654251,"United Nations Development Programme, enlargement, resolution"
654299,"Bahrain, United Nations, membership"
654301,"Qatar, United Nations, membership, resolution"
654312,"General Assembly, United Nations, United States, membership"
654350,"China, United Nations, resolution of the lawful ights of the People’s Republic of China"
654352,"South Africa, apartheid, policie, resolution"
654357,"Southern Rhodesia, resolution"
654360,"Youth, Youth’s problems and needs, the General Assembly"
654365,"General Assembly, World economy, resolution, social situation"
654368,"Africa, United Nations Trust Fund for South Africa"
654375,"arms embargo, resolution"
654376,"apartheid, educational material, resolution"
654378,"General Assembly, Special Committee on Apartheid"
654379,"apartheid in sport, resolution"
654382,"bantustan, resolution"
654384,"Africa, South Africa, apartheid, resolution"
654386,"apartheid, resolution"
654387,"South Africa, apartheid, policie, resolution"
654391,International Liability of Damage Caused by Space Object
654404,"discrimination, resolution"
654405,International Year for Action to Combat Racism and Racial Discrimination
654406,"Crime of apartheid, aparthood, approach, punishment, resolution, suppression"
654407,"General Assembly, colonial countries, human rights, independence, resolution, self-determination"
654408,"Palestine Refugees, United Nations Relief and Work Agency"
654409,"Palestine Refugees, United Nations Relief and Work Agency"
654410,"General Assembly, Security Council, resolution"
654411,"Palestine Refugees, United Nations Relief and Work Agency"
654412,"United Arab Emirates, membership in the United Nations"
654413,"Portuguese administration, Territories"
654414,"Southern Rhodesia, resolution"
654415,"Middle East, Middle East resolution"
654416,"General Assembly, International Development Strategy, United Nations Development Decade, information, public opinion"
654417,"General Assembly, disarmament, resolution"
654418,"General Assembly, disarmament, resolution"
654419,"Bacteriological (Biological), Stockpiling, Toxin Weapon, destruction, toxin weapon"
654420,"chemical and bacteriological weapons, resolution"
654421,"chemical and bacteriological weapons, resolution"
656350,"nuclear tests, urgent need"
656463,"Charter of the United Nations, resolution"
656467,"The General Assembly, United Nations Programme of Assistance in the Teaching Study"
656472,"New Guinea, Papua"
656475,"Charter of the United Nations, Non-Self-Governing Territories"
656481,"General Assembly, Oman, resolution"
656483,"Africa, Colonial Countries, Colonial Countries and Peoples, Declaration on the Granting of Independence to Colonials and other interests, Namibia, Portuguese domination, South Rhodesia, apartheid, discrimination, foreign economic interests, racial discrimination, southern Africa"
656484,"Colonial Countries and Peoples, Declaration on the granting of Independence to Colonialization, General Assembly, United Nations, resolution"
656486,"South Africa, United Nations Educational and Training Programme"
656487,"Portuguese Administration, Territories"
656489,"Colonial Countries and People, Declaration on the granting of Independence to Colonials and People"
656490,"Antigua, Antiguia, Bayman Islands, Cocos Islands, Cocos Lakes, Dominica Islands, Guam, Islands, Islands of Cocos (Keeling Islands), Montserrat, New Hebrides, Niue Islands, Saint Vincent and St. Vincent-Nevis-Anguilla, St. Helena, Turks and Caicos Islands, United States Virgin Island, United States Virgin Islands, resolution"
656491,"Antigua, Grenada, Saint Vincent-Nevis-Anguilla, Saint. Vincent, St. Lucia"
656492,"Sahara, resolution, spanish Sahara"
656494,"General Assembly, apartheid, colonial and other dependant countries and territories, colonial countries, fundamental freedoms, human rights, racial discrimination, resolution, segregation"
656496,United Nations Conference on Trade and Development
656500,"know-how, patent, transfer of technology"
656501,"Human Rights of the Population of the Occupied Territories, Israeli Practices, Occupied Territories, Resolution"
656503,"General Assembly, conference on the law of the sea, national jurisdiction, peaceful purposes, resolution, resources in the interests of mankind, sea-bed, subsoil thereof"
656508,"adoption law, international conference, resolution"
656510,"General Assembly, convention, convention on the law of the sea, law of the sea, national jurisdiction, peaceful purposes, resolution, resources in the interests of mankind, sea-bed, subsoil thereof"
656513,"General Assembly, convention, convention on the law of the sea, law of the sea, national jurisdiction, peaceful purposes, resolution, resources in the interests of mankind, sea-bed, subsoil thereof"
656516,"United Nations Fund for Namibia, resolution"
656519,"Namibia, resolution"
656520,"armed conflicts, human rights, resolution"
656521,"General Assembly, acts of violence, despair, freedom, frustration, grievance, innocent human lives, international terrorism, radical changes, resolution, terrorism"
656523,"code of conduct, liner conference"
656526,"General Assembly, developing countries, resolution"
656527,Charter of the economic ights and duties of states
656528,"General Assembly, information, public opinion, trade and development"
656532,"developing countries, external debt servicing"
656536,"multilateral trade negotiations, resolution"
656537,United Nations Conference on Trade and Development
656539,"United Nations budget, budget cycle, resolution"
656575,"budget appropriations, financial year 1973, resolution"
656576,"financial year 1973, income estimates"
656577,"appropriations, financial year 1973, resolution"
656578,"expenses, extraordinary expense, financial year 1973"
656579,"Capital Fund, Working Capital Fund for the financial year 1973"
656580,"General Assembly, funds, resolution, travel fund"
656581,"United Nations, financial situation, resolution"
656582,"United Nations, financial situation, resolution"
656583,"United Nations, financial situation, resolution"
656873,"Southern Rhodesia, resolution"
656986,"natural disaster, resolution"
657427,"United Nations, resolution"
657428,"China, United Nations, representation, resolution"
657429,"Indonesia, West Irian, West New Guinea (West Irian), the Kingdom of the Netherlands"
657431,"Manifesto on Southern Africa, South Africa, resolution"
657432,"Portuguese administration, Territories"
657433,"Southern Rhodesia, resolution"
657434,"industrial development, technical assistance"
657488,"Korea, resolution"
657491,"Namibia, resolution"
657493,"Colonial Countries and People, Declaration on the granting of Independence to Colonials and People, General Assembly, connexion with the 10th anniversary of the Declaration on the Granting of Independence, granting of independence, resolution"
657494,"Palestine Refugees, United Nations Relief and Work Agency"
657496,"Palestine Refugees, United Nations Relief and Work Agency"
657497,"General Assembly, human rights, occupied territories"
657498,"Africa, Colonial Countries, Colonial Countries and Peoples, Declaration on the Granting of Independence to Colonials and other interests, Namibia, Portuguese domination, South Rhodesia, appartheid, colonialism, discrimination, foreign economic interests, racial discrimination, southern Africa"
657505,"Colonial Countries and Peoples, Declaration on the granting of Independence to Colonialization, General Assembly, United Nations, resolution"
657512,"Namibia, resolution"
657515,"Charter of the United Nations, Non-Self-Governing Territories"
657516,"General Assembly, Oman, resolution"
658140,"General Assembly, mankind, national jurisdiction, ocean floor, reservation exclusively, resolution, sea-bed, subsoil thereof"
658193,"resolution, rhodesia"
658194,"China, United Nations, representation, resolution"
658195,convention on the Non-Applicability of Statutory Limitations to War Crimes and Crimes Against Humanity
658196,"Portuguese administration, Territories"
658197,"General Assembly, Oman, resolution"
658198,"Africa, Colonial Countries, Colonial Countries and Peoples, Declaration on the Granting of Independence to Colonials and other interests, Namibia, Portuguese domination, South Rhodesia, apartheid, colonialism, discrimination, foreign economic interests, racial discrimination, southern Africa"
658199,"Colonial Countries and Peoples, Declaration on the granting of Independence to Colonialization, General Assembly, United Nations, resolution"
658200,"New Guinea, Papua, the trust Territory"
658201,"Charter of the United Nations, Non-Self Governing Territories"
658202,"Ifni, Sahara, Sahara resolution"
658203,"General Assembly, resolution"
658301,"Antigua, Antiguia, Bayman Islands, Cocos, Cocos Islands (Keeling Islands), Dominica, Ellice Islands, Grenada, Guam, Islands, New Hebrides, Niue Islands, Solomon Islands, St. Helena, Turks and Caicos Islands, Virgin Island, resolution"
658304,"South Africa, United Nations Educational and Training Programme"
658305,"General Assembly, human rights, occupied territories"
658328,"Namibia, resolution"
658351,"Economic and Social Council, enlargement, enterprise, entrepreneurship, resolution"
658353,"General Assembly, environment, resolution"
658354,"General Assembly, United Nations Conference on Human Environment Resolution"
658355,"Human Rights of the Population of the Occupied Territories, Israeli Practices, Occupied Territories, Resolution"
658358,"Declaration of the Indian Ocean as a zone of peace, Indian Ocean"
658359,"General Assembly, United Nations High Commissioner for Human Rights"
658361,"nuclear tests, urgent need"
658362,"nuclear tests, urgent need"
658363,"Chile, United Nations, United States building in Santiago Chile"
658364,"Addis Ababa, Bangkok, United Nations accommodation"
658365,"General Assembly, accommodation, resolution"
658366,World Youth Assembly
658368,"United Nations information policies and activities, resolution"
658369,"budget appropriations, financial year 1972, resolution"
658371,"financial year 1972, income estimates"
658372,"appropriations, financial year 1972, resolution"
658374,"expenses, extraordinary expense, financial year 1972"
658375,"financial year 1972, resolution"
658376,United Nations Industrial Development Organization
658381,"Capital punishment, General Assembly"
658388,"General Assembly, resolution"
658395,"Papua New Guinea, resolution"
658397,"Antigua, Grenada, Saint Vincent, St. Lucia"
658399,"Niue Island, Tokelau Island, resolution"
658400,"Bahamas, Bayman Islands, Cocos Islands, Ellice Islands (Keeling Islands), Guam, Guam Islands, Islands, New Hebrides, St.Helena, Turks and Caicos Islands, United States Virgin Islands, Virgin Island, resolution"
658403,"Namibia, resolution"
658405,"United Nations Fund for Namibia, resolution"
658406,"Africa, Colonial Countries, Colonial Countries and Peoples, Declaration on the Granting of Independence to Colonials and other interests, Namibia, Portuguese domination, South Rhodesia, apartheid, discrimination, foreign economic interests, racial discrimination, southern Africa"
658407,"Colonial Countries and Peoples, Declaration on the granting of Independence to Colonialization, General Assembly, United Nations, resolution"
658409,"South Africa, United Nations Educational and Training Programme"
658411,"Southern Rhodesia, resolution"
658412,"Colonial Countries and People, Declaration on the granting of Independence to Colonials and People"
658413,"decolonization, resolution"
658416,"Declaration on the Strengthening of International Security Resolution, General Assembly"
658419,"General Assembly, conference on the law of the sea, national jurisdiction, peaceful purposes, resolution, resources in the interests of mankind, sea-bed, subsoil thereof"
658427,"Advisory Committee on Administrative and Budgetary Questions, General Assembly"
658428,"General Assembly, Pension scheme, resolution"
658429,"emolument, resolution"
658430,"Palais des Nations, extension, resolution"
658431,"Palais des Nations, improvement, maintenance"
658801,"Colonial Countries and People, Declaration on the granting of Independence to Colonials and People, Independence"
658802,"South Africa, apartheid, policie, resolution"
658803,"Middle East, Middle East resolution"
658807,"China, United Nations, representation, resolution"
658810,"discrimination, resolution"
658812,"Southern Rhodesia, resolution"
658815,"General Assembly, Mass Destruction, Nuclear Weapons, Sea-Bed, Subsoil Thereof"
658817,"Complete Disarmament, General Assembly"
658819,"Complete Disarmament, General Assembly"
658828,"Additional Protocol II of the Treaty for the Prohibition of Nuclear Weapon in Latin America (Treaty of Tlatelolco), General Assembly, General Assembly resolution 2456 B (XXIII), Latin America, Nuclear Weapon, Tlatelolco, resolution"
658829,"Korea, resolution"
658831,"international law, international watercourses"
658834,"South Africa, apartheid, policie, resolution"
658837,"South Africa, apartheid, policie, resolution"
658840,"Palestine refugees, United Nations Relief and Work Agency"
658841,"Palestine refugees, United Nations Relief and Work Agency"
658844,"armed conflicts, journalists, resolution"
658845,"armed conflicts, human rights, resolution"
658847,"armed conflicts, human rights, resolution"
658849,"Namibia, resolution"
658850,"United Nations Fund for Namibia, resolution"
658994,"resolution, rhodesia"
659460,"commission on the status of Women, resolution"
659461,"Human rights, International Conference on Human Rights"
659463,"Human rights, International Conference on Human Rights"
659467,"New Guinea, Papua, Trust Territories"
659469,"Sahara, resolution, spanish Sahara"
659471,"Antigua, Antiguia, Bayman Islands, Cocos Islands, Cocos Lakes, Dominica Islands, Guam, Islands, Islands of Cocos (Keeling Islands), Montserrat, New Hebrides, Niue Islands, Saint Vincent and St. Vincent-Nevis-Anguilla, St. Helena, Turks and Caicos Islands, United States Virgin Island, United States Virgin Islands, resolution"
659472,"Antigua, Grenada, Saint Vincent-Nevis-Anguilla, Saint. Vincent, St. Lucia"
659474,"General Assembly, United Nations High Commissioner for Human Rights"
659484,"General Assembly, general disarmament, resolution"
659491,"chemical and bacteriological weapons, resolution"
659496,"General Assembly, Non-Nuclear-Weapon States"
659498,"General Assembly, Non-Nuclear-Weapon States"
659509,"United Nations regular budget, expenditure, increases, resolution"
659626,"General Assembly, Non-Nuclear-Weapon States"
659628,"General Assembly, Non-Nuclear-Weapon States"
659629,"General Assembly, Non-Nuclear-Weapon States"
659632,"General Assembly, Non-Nuclear-Weapon States"
659648,"Korean question, resolution"
659650,"General Assembly, mankind, national jurisdiction, reservation exclusively for peaceful purposes, resolution, sea-bed, subsoil thereof"
659652,"General Assembly, mankind, national jurisdiction, reservation exclusively for peaceful purposes, resolution, sea-bed, subsoil thereof"
659659,"International Atomic Energy, International Atomic Energy Agency, United Nations, atomic energy, resolution"
659661,"General Assembly, Russian, Russian among the working languages, Russian and Spanish, Russian language, Security Council, Spanish, resolution, rule 51 of the rules of procedure"
659664,"General Assembly, Secretariat, resolution"
659848,"International Year For Human Reights, International Year for Human Rights"
659862,"non-proliferation, nuclear weapon"
659863,"New Guinea, Papua"
659865,"fiji, resolution"
659868,"General Assembly, resolution"
659872,"French Somaliland, resolution"
659874,"Antigua, Antiguia, Bayman Islands, Cocos, Ellice Islands, Grenada, Guam, Islands, New Hebrides, Niue Islands, Saint Vincent, St. Helena, Turks and Caicos Islands, United States Virgin Island, Vincent Islands, resolution"
659878,"General Assembly, Secretariat, resolution"
659992,"General Assembly, International Covenant on Civil and Political Rights, International Covenant on Economic and Cultural Rights, Optional Protocol, Political Right, Resolution, optional protocol"
659993,"General Assembly, International Covenant on Civil and Political Rights, International Covenant on Economic and Cultural Rights, Optional Protocol, Political Right, Resolution, optional protocol"
659994,"General Assembly, International Covenant on Civil and Political Rights, International Covenant on Economic and Cultural Rights, Optional Protocol, Political Right, Resolution, optional protocol"
659995,"apartheid of the Government of the Republic of South Africa, resolution"
659996,"apartheid of the Government of the Republic of South Africa, resolution"
660007,"General Assembly, peace-keeping operations, resolution"
660008,"Korean question, resolution"
660010,"Nauru, trust territory"
660011,"New Guinea, Papua"
660012,"French Somaliland, resolution"
660013,"Ifni, Sahara, Sahara resolution"
660014,"Equatorial Guinea, General Assembly"
660015,"General Assembly, resolution"
660016,"Antigua, Antiguia, Bayman Islands, Cocos Islands (Keeling Islands), Dominica, Ellice Islands, Guam, Islands, New Hebrides, Niue Islands, Saint Vincent, St. Helena, Turks and Caicos Islands, United States Virgin Island, United States Virgin Islands, resolution"
660020,"General Assembly, Oman, resolution"
660022,"General Assembly, Secretariat, resolution"
660045,"Korean question, resolution"
660046,"Portuguese administration, Territories"
660047,"China, United Nations, representation, resolution"
660048,"British Guiana, resolution"
660049,"Ifni, Sahara, Sahara resolution"
660050,"General Assembly, Oman, resolution"
660051,"Latin America, Nuclear Weapon"
660053,"Cyprus, General Assembly, resolution"
660054,"Tibet, resolution"
660056,"Africa, Colonial Countries, Colonial Countries and Peoples, Declaration on the Granting of Independence to Colonials and other interests, Peoples, Portuguese domination, South West Africa, apartheid, colonialism, foreign economic interests, racial discrimination, southern Africa"
660059,"convention on the use of nuclear weapon, resolution"
660060,"industrial development, technical assistance"
660110,"Colonial Countries and Peoples, Declaration on the granting of Independence to Colonialization, General Assembly, United Nations, resolution"
660111,"United Nations Capital Development Fund, resolution"
660112,"Africa, South West Africa, resolution"
660113,"Africa, South West Africa, resolution"
660114,"Charter of the United Nations, General Assembly, United States, co-operation, international law"
660115,"diplomatic privileges and immunities, resolution"
660141,"Colonial Countries and People, Declaration on the granting of Independence to Colonials and People"
660142,International Convention on the Elimination of all Forms of Racial Discrimination
660149,"Portuguese administration, Territories"
660151,"Nauru, Trust Territory"
660152,"New Guinea, Papua, Trust Territory"
660154,"General Assembly, resolution"
660155,"United Nations Emergency Force, resolution"
660166,"Declaration on the Inadmissibility of Intervention in the Domestic Affair of States and the Protection of Their Independence and Sovereignty, General Assembly, Protection of the Independence and overeignty"
660167,"Korean question, resolution"
660460,"resolution, rhodesia"
660461,"Africa, South West Africa, resolution"
660463,"non-proliferation, nuclear weapon"
660464,"China, United Nations, representation, resolution"
660465,"General Assembly, force, international relations, resolution, self-determination, threat"
660466,"Charter of the United Nations, General Assembly, United States, co-operation, international law"
660467,"Portuguese administration, Territories"
660468,"Colonial Countries and People, Declaration on the granting of Independence to Colonials and People"
660469,"United Nations Emergency Force, resolution"
660470,"United Nations Emergency Force, resolution"
660989,"apartheid of the Government of the Republic of South Africa, resolution"
660990,"Indonesia, West Irian, West New Guinea (West Irian), the Kingdom of the Netherlands"
660991,"Islamic Republic of Mauritania, United Nations"
660992,"China, United Nations, representation, resolution"
660993,"China, United Nations, representation, resolution"
661039,"China, United Nations, representation, resolution"
661040,"Federation of Malaya, United Nations, membership"
661042,"Sudan, Sudan membership, United Nations"
661043,"China, United Nations, representation, resolution"
661359,"Southern Rhodesia, resolution"
661360,"Aden, General Assembly, aden, resolution"
661361,"Southern Rhodesia, resolution"
661362,"China, United Nations, representation, resolution"
661363,"non-proliferation, nuclear weapon"
661364,"convention, world disarmament conference"
661365,"General Assembly, general disarmament, resolution"
661366,"nuclear tests, urgent need"
661367,"Africa, Declaration on the denuclearization of Africa"
661368,Palestine Refugees in the Near East
661369,"Cook Island, resolution"
661370,"Falkland Island (Malvinas), resolution"
661371,"General Assembly, resolution"
661372,"Southern Rhodesia, resolution"
661373,"1 January to 30 June 1964, United Nations Operation in the Congo, cost estimates and financing for the period 1 January to 30 June 1964, resolution of the General Assembly"
661374,"Southern Rhodesia, resolution"
661375,"Africa, South West Africa, resolution"
661376,"General Assembly, conference, resolution, thermo-nuclear weapons"
661377,"Latin America, deuclearization, resolution"
661378,"Portuguese administration, Territories"
661396,"General Assembly, Oman, resolution"
662064,"Southern Rhodesia, resolution"
662065,"Southern Rhodesia, resolution"
662066,"apartheid of the Government of the Republic of South Africa, resolution"
662067,"thermo-nuclear tests, urgent need"
662068,"atomic radiation, resolution"
662069,"Chinese refugees, Hong Kong, Hong Kong resolution"
662070,"General Assembly, natural resources, sovereignty"
662071,"Declaration on the granting of independence to colonial countries and people, granting of independence to colonial countries and people"
662072,"ban nuclear weapons tests, nuclear weapons test, refrain from their renewal, resolution, thermo-nuclear tests, under effective international control"
662073,"resolution, thermo-nuclear tests"
662074,"control, nuclear weapons tests"
662075,"Algerians, resolution"
662076,"Africa, consideration of Africa, resolution"
662077,"resolution, thermo-nuclear weapons"
662078,"Declaration on the granting of independence to colonial countries and people, granting of independence to colonial countries and people"
662079,"Africa, General Assembly, South Africa, apartheid, race conflict, resolution"
662080,"China, United Nations, representation, resolution"
662081,"Charter of the United Nations, General Assembly, Non-compliance of the Government of Portugal, United Nations, resolution"
662082,"committee on Information from Non-Self-Governing-Territories, non-self-governing territoriaries"
662083,"General Assembly, Member States"
662084,Credentials of the Republic of the Congo (Leopoldville)
662085,"colonial countries and people, independence, insurance"
662086,"Non-Governing Territories, rail discrimination"
662087,"Charter, General Assembly, article 73 e of the Charter, information called for under Article 73 e of Members, resolution"
662088,"article 73 e of the Charter, information, resolution"
662122,"Africa, General Assembly, South West Africa, Union of South Africa, fulfillment of the obligations, resolution, the Territory of South West"
662544,"apartheid of the Government of the Republic of South Africa, resolution"
662952,"Administrative Tribunal, General Assembly, United Nations Administrative Tribunal judgment"
662954,"Charter, General Assembly, General Conference of the Members of the United Nations, Resolution, resolution"
663061,"Portuguese administration, Territories"
663140,"Burundi, assassination, resolution"
663764,"Angola, resolution, situation"
663767,"United Nations, budgetary procedures, resolution"
663770,"Hungary, resolution"
664260,"Declaration on the granting of independence to colonial countries and people, granting of independence to colonial countries and people"
664261,"mechanical means of voting, resolution"
664263,"Korean question, resolution"
664264,"fact-finding, general assembly, resolution"
664266,"apartheid of the Government of the Republic of South Africa, resolution"
664267,"Africa, South West Africa, resolution"
664268,"United Nations Emergency Force, resolution"
664269,"General Assembly, General Committee of the General Assembly, resolution, rules of procedure"
664273,"Economic and Social Council, Resolution, Security Council"
664274,"Economic and Social Council, Resolution, Security Council"
664276,"Economic Committee, Economic and Social Council, General Assembly"
664377,"Tibet, resolution"
664378,"General Assembly, South Africa, apartheid of the Government of the Union of South Africa, race conflict, resolution"
664379,"dissemination, nuclear weapon"
664380,"capital punishment, resolution"
664381,thermo-nuclear tests
664382,"Economic and Social Council, General Assembly, Security Council, Social Council"
664383,"International Trusteeship System, Trust Territories"
664397,"Sahara, nuclear test"
664398,"General Assembly, South Africa, apartheid of the Government of the Union of South Africa, race conflict, resolution"
664399,"France, General Assembly, Ireland, Union of Soviet Socialist Republic, United Kingdom of Great Britain, United Kingdom of Great Britain and Northern Ireland, United States of America, assistance, atomic and hydrogen weapon tests, disarmament, disinuance, military budget, resolution, savings, under-developed countries"
664400,"General Assembly, United Nations Emergency Force"
664401,"Korean question, resolution"
664402,"Council, Economic and Social Council (chapter I), membership of the Council, resolution, section VI"
664403,"United Nations conference on the law of the sea, resolution"
664891,"economic development, population growth"
664894,"Tibet, resolution"
664895,"Algeria, resolution"
664896,"Palestine Refugees in the Near East, United Nations Relief and Work Agency"
664900,"United Nations, budgetary procedures, resolution"
664901,"Congo, United Nations, cost estimates, financing"
664902,"United Nations Emergency Force, resolution"
664908,"United Nations, financial position, resolution"
664909,"Korean question, resolution"
664910,"Hungary, resolution"
664912,"Angola, resolution, situation"
664915,"General Assembly, Non-Self-Governing Territories"
664917,"Ruanda-Urundi, resolution"
664918,"Southern Rhodesia, question, resolution"
665771,"Africa, Union of South Africa, people of Indian rigin, resolution"
666131,"China, United Nations, representation, resolution"
666133,Good Office Committee on South West Africa
666143,"General Assembly, armaments, atomic, hydrogen, limitation, mass destruction, reduction of armed forces, resolution"
666146,"armaments race, destructive effects, information and enlighten the people of the world, modern weapon, resolution"
666148,"Disarmament Commission, General Assembly"
666150,"United Nations Emergency Force, resolution"
666152,"Africa, Economic Commission for Africa"
666153,"General Assembly, South Africa, apartheid of the Government of the Union of South Africa, race conflict, resolution"
666155,"Africa, Union of South Africa, people of Indian rigin, resolution"
666156,"Korean question, resolution"
667221,"Morocco, United Nations, membership"
667222,"admission of Tunisia, membership of the United Nations, resolution"
667223,"China, United Nations, representation, resolution"
667224,"executive board of the United Nations Children’s Fund, membership"
667225,"British administration, Togoland, resolution"
667226,"Japan, United Nations, membership"
667227,"French administration, Togoland"
667228,"Algeria, resolution"
667615,"Africa, South West Africa, resolution"
667618,"Algeria, resolution"
667622,"dissemination, nuclear weapon"
667623,thermo-nuclear tests
667624,thermo-nuclear tests
667625,"Ruanda-Urundi, resolution"
667626,"Mwami, resolution"
667635,"Congo, United Nations, United States operations in the Congo"
667637,"Member States, South Africa, South West Africa, resolution, territory, the Government of the Union of South Africa"
667639,"Africa, South West Africa, resolution"
667641,"General Assembly, South Africa, apartheid of the Government of the Union of South Africa, race conflict, resolution"
667642,"Congo, Republic of the Congo"
667643,"Congo, Republic of the Congo"
667644,"Congo, Republic of the Congo"
667645,"United Nations, admission of new Members, resolution"
667646,"Angola, resolution, situation"
667647,"Palestine Refugees in the Near East, Refugees in the Near East, Relief and Work Agency, resolution"
667648,"Ruanda-Urundi, resolution"
667649,"International Trusteeship System, Trust Territories"
667650,"Cameroons, Trust Territory, United Kingdom administration"
667653,"Cuba, Republic of Cuba, Revolutionary Government of Cuba, United States of America, aggression, clear threat to international peace and security, independence, international peace and security, intervention, resolution, sovereignty, territorial integrity"
667655,"Congo, United Nations, cost estimates and financing"
667656,"United Nations, administrative and budgetary procedures, resolution"
667938,"convention on the Nationality of Married Women, resolution"
667960,"United Nations capital development fund, resolution"
667962,"Agrarian reform, agricultural reform, resolution"
667987,"United Nations Emergency Force, resolution"
668034,"Hungary, resolution"
668035,"Korean question, resolution"
668040,"Africa, Union of South Africa, people of Indian rigin, resolution"
668047,"General Assembly, information, transmission"
668314,"Hungary, resolution, situation"
668321,"United Nations capital development fund, resolution"
668322,"international flow of private capital, resolution"
668325,"commodity problem, resolution"
668340,"United Nations Emergency Force, cost estimates"
668353,"outer space, resolution"
668355,"Cameroons, French administration, Trust Territory"
668356,"Cameroons, Trust Territory, United Kingdom administration"
668444,"agression, resolution"
668445,"French administration, Togoland"
668456,General Committee of the General Assembly
668464,"Cameroons, French administration, Trust Territories"
668471,"General Assembly, United Nations, geographical distribution"
668477,"General Assembly, economy, peaceful and neighbourly relations, resolution"
668552,"General Assembly, Trust Territories, elf-government"
668572,"Ghana, United Nations, membership"
668587,"United Nations, admission of new Members, resolution"
668597,"Antilles, Netherlands Antilles and Surinam, Resolution"
668598,"General Assembly, Trust Territories of the objective of elf-government"
669305,"General Assembly, emergency special ession, resolution, resolution 1120"
669311,"General Assembly, emergency special ession, resolution"
669317,"General Assembly, emergency special ession, resolution, resolution 1123"
669321,"General Assembly, emergency special ession, resolution, resolution 1124"
669324,"General Assembly, emergency special ession, resolution, resolution 1125"
669329,"General Assembly, emergency special ession, resolution, resolution 1127"
669331,"General Assembly, emergency special ession, resolution, resolution 1128"
669335,"General Assembly, emergency special ession, resolution, resolution 1129"
669340,"General Assembly, emergency special ession, resolution, resolution 1130"
669343,"General Assembly, emergency special ession, resolution, resolution 1131"
669344,"General Assembly, emergency special ession, resolution, resolution 1132"
669345,"3rd emergency special ession of the General Assembly, General Assembly, resolution, resolution 1133"
669416,"General Assembly, resolution"
669423,"International Civil Aviation Organization, Japan, Japan for membership"
669433,"Korea, United Nations Commission for the Unification and Rehabilitation of Korea"
669450,"Africa, Union of South Africa, people of Indian rigin, resolution"
669452,"General Assembly, South Africa, apartheid of the Government of the Union of South Africa, race conflict, resolution"
669454,"General Assembly, South Africa, apartheid of the Government of the Union of South Africa, race conflict, resolution"
669465,"General Assembly, Territory, account, development, elf-government, resolution, self-government"
669477,"General Assembly, resolution, self-determination"
669486,"Morocco, question, resolution"
669493,"convention on the Political Right of Women, the General Assembly"
669499,Ewe and Togoland unification problem
669502,"General Assembly, admission of new Members, resolution"
669503,"General Assembly, admission of new Members, resolution"
669512,"Italian administration, Trust Territory of Somaliland, petitioners"
669527,"General Assembly, economic development, integrated economic development, primary commodities, resolution"
669528,Migration and economic development resolution
669531,"freely natural wealth and resources, resolution"
669591,"United Nations Force, impartial investigation of charges of use"
669653,"General Assembly, South Africa, apartheid of the Government of the Union of South Africa, race conflict, resolution"
669663,"Ethiopia, Italian administration, Somaliland, Trust Territory"
669689,"Morocco question, resolution"
669715,"Africa, South West Africa, resolution"
669716,"Africa, South West Africa, resolution"
669717,"Korea, North Korean and Chinese Communist forces, United Nations, United Nations prisoners of war, United States prisoners of war"
669722,"forced labour, resolution"
669728,"General Assembly, South Africa, apartheid of the Government of the Union of South Africa, race conflict, resolution"
669748,"financial year 1953, supplementary estimates"
670009,"Italy, Trusteeship Council"
670018,"Federal Republic of Germany, General Assembly, Germany, Germany Federal Republic of Germany, Soviet Zone, Soviet Zone of Germany, United Nations supervision, areas, genuinely free elections, impartial international commission, resolution"
670032,"Charter, General Assembly, international peace and security, resolution, security"
670033,"Charter, General Assembly, international peace and security, resolution, security"
670034,"economic development, under-developed countries"
670035,"Africa, Union of South Africa, people of Indian rigin, resolution"
670053,"General Assembly, Trust Territories of the objective of elf-government"
670063,"Africa, South West Africa, resolution"
670064,"Africa, South West Africa, resolution"
670081,"Charter of the United Nations, China, Far East, General Assembly, Sino-Soviet Treaty of Friendship and Alliance of 14 August 1945, Soviet Treaty of Friendship and Alliance of 14 August 1945, Soviet violations, resolution, territorial integrity, violations"
670142,"commission on the status of Women, resolution"
670144,"Discrimination and Protection of Minorities, Sub-Commission"
670169,"General Assembly, Korea, Nations Commission for the Unification and rehabilitation of Korea, United Nations, United Nations Agent General for Korea, United Nations Commission for the Unification and rehabilitation of Korea, United States Agent General for Korean Reconstruction, reconstruction, resolution"
670279,"General Assembly, peace, resolution"
670295,"Spain relations, Spain resolution"
670330,"Charter of the United Nations, China, Far East, General Assembly, Sino-Soviet Treaty of Friendship and Alliance of 14 August 1945, Soviet Treaty of Friendship and Alliance of 14 August 1945, Soviet violations, resolution, territorial integrity, violations"
670399,"Africa, Union of South Africa, people of Indian rigin, resolution"
670401,"United Nations Commission for Eritrea, interim Committee of the General Assembly, resolution"
670406,"General Assembly, Trusteeship Council"
670407,"General Assembly, Trusteeship Council"
670408,"General Assembly, resolution, visiting missions"
670409,"examination, petition, resolution"
670410,"General Assembly, Trust Territories, Trusteeship Council"
670411,"corporal punishment, trust territories"
670533,"Non-Self-Governing Territories, human rights"
670534,"Comparable statistical information, resolution"
670557,"Africa, South West Africa, resolution"
670558,"Africa, South West Africa, resolution"
670559,"atomic energy, resolution"
670560,"Central People’s Government of China in Korea, intervention, resolution"
670563,"General Assembly, resolution"
670598,"General Assembly, resolution"
670599,"Korea, additional measures, aggression, resolution"
670602,Draft Convention on Freedom of Information
670655,"Central People’s Government of China in Korea, intervention, resolution"
670662,"Bulgaria, Hungary Romania, Romania"
670668,"General Assembly, Social advancement, Trust Territories"
670670,"Trust Territories, United Nations"
670675,"Italian colonies, disposal, resolution"
670676,"Libya, disposal of the former Italian colonies"
670677,"Italian colonies, disposal, resolution"
670681,"Eritrea, disposal of the former Italian colonies"
670741,"Chapter XI of the Charter applies, General Assembly"
670744,"convention for the Suppression of the Traffic in persons and of the Exploitation of the Prostitution of Others, exploitation of other, resolution"
670761,"South West Africa, reiteration of previous resolution"
670772,"Holy Places, Jerusalem area, Palestine, resolution"
670908,"article 73e of the Charter, information, resolution"
670910,"Article 73e of the Charter, Special Committee on information transmitted by the General Assembly"
670911,"Article 73e of the Charter, Economic and Social Council, Information transmitted by the General Assembly, Special Committee on Information"
670912,"Article 73e of the Charter, General Assembly"
670928,"European Union, Geneva, International Convention Relating to Economic Statistics, United Nations, functions and powers, generation, resolution"
670938,"General Assembly, economic development, technical assistance"
670942,"General Assembly, convocation, resolution"
670943,"General Assembly, adoption, spanish"
670956,"admission of New Members, resolution"
670961,"Convention on the Prevention and Punishment of f the crime of genocide, General Assembly, genocide, resolution"
670964,"development of Human Rights, the General Assembly"
670969,"Palestine, United Nations Mediator, resolution"
670970,"General Assembly, League of Nations"
670972,"financial year 1949, resolution"
670974,"Korea, independence, resolution"
670976,"Charter, General Assembly, Soviet Socialist Republic, Violation, diplomatic practices, resolution"
670984,"Bulgaria, Hungary, fundamental freedoms, human rights"
671023,"Israel, United Nations, membership"
671029,Draft Convention on the International Transmission of News and the Right of Correction
671032,"Africa, Union of South Africa, people of Indian rigin, resolution"
671149,"Greece, political independence, territorial integrity"
671154,"South West Africa, consideration, trusteeship agreement"
671165,"3D regular ession, General Assembly"
671171,"General Assembly, admission of new Members, resolution"
671173,"General Assembly, admission of new Members, resolution"
671174,"General Assembly, admission of new Members, resolution"
671175,"General Assembly, admission of new Members, resolution"
671177,"General Assembly, admission of new Members, resolution"
671178,"General Assembly, admission of new Members, resolution"
671194,"General Assembly, genocide, resolution"
671195,"Palestine, resolution"
671205,"resolution, rules of procedure"
671206,"general assembly, provisional rules of procedure, resolution"
671208,"Spain, United Nations with Spain"
671209,"Trusteeship Council, resolution"
671210,"General Assembly, elf-governing people, resolution"
671211,"General Assembly, refugees, resolution"
671214,"Economic and Social Council, non-governmental bodies"
671248,"Africa, United States of South Africa, resolution"
671249,"Spain, Spain resolution, United Nations"
671250,"Security Council, Security Council resolution, voting procedure"
671253,"South West Africa, resolution"
671256,"Non-Self-Governing Territories, Regional conferences"
671257,"United Nations, resolution"
671262,"Economic and Social Council, General Assembly, World Federation of Trade Union"
671263,"General Assembly, non-governmental organizations, resolution"
671265,"General Assembly, International Refugee Organization, general assembly, refugee, refugees, resolution"
671266,"General Assembly, International Refugee Organization, United Nations, displaced persons, refugee, refugees, resolution, war"
671267,"Draft Constitution of the IROR, Financial provision, International Refugee Organization"
671297,"General Assembly, Trusteeship Agreement"
671304,"Ruanda-Urundi, Trusteeship Agreement"
671305,"French mandate, Trusteeship Agreements"
671306,"French mandate, Trusteeship Agreements"
671308,Trusteeship Agreement
671309,"Tanganyika, Trusteeship Agreement"
671310,"British mandate, Trusteeship Agreements"
671311,"British mandate, Trusteeship Agreements"
671314,"Abkhazia, Georgia, Tskhinvali region"
671596,"China, General Assembly, representation, resolution"
671597,"General Assembly, safeguarding, women"
671598,"Territories, political rights of women"
671599,"Africa, Union of South Africa, people of Indian rigin, resolution"
671600,"South West Africa, petitions, resolution"
671601,"China, Government of the Republic of China, aggression against the Republic of China, resolution"
671602,"Greenland, Greenland resolution, article 73 e of the Charter, resolution, transmission of information"
671603,"Africa, International Court of Justice, South West Africa, questions, reports and petitions, resolution"
671738,"Arabic language, General Assembly, language, resolution"
671739,"aggression, resolution"
671740,"General Assembly, Korean Armistice Agreement, detention, military personnel"
671773,"Korean question, resolution"
671931,"Cuba, United States of America against Cuba, economic embargo, economy"
671951,"Lebanon, United Nations Interim Force"
671965,"Africa, South West Africa, resolution"
671966,"Non Protection, Non-Proliferation of Nuclear Weapon"
672037,"Gaza Conflict, United Nations Fact-Finding Mission"
672215,"Charter in respect of Puerto Rico, Puerto Rico, article 73 e of the Charter, resolution, transmission of information"
672913,"Palestinian People, inalienable rights"
672918,"General Assembly, Palestinian Rights of the Secretariat"
672925,"General Assembly, Palestine, Public Information of the Secretariat, Special information programme"
672938,"Palestine, resolution"
672993,"Jerusalem, resolution"
672995,"Syrian Golan, Syrian Resolution"
673013,"Declaration of the Indian Ocean as a Zone of Peace, Indian Ocean"
673193,"assure, nuclear weapon, nuclear weapons, resolution"
673194,"arms race, outer space, resolution"
673197,"General Assembly, Non Protection, Non-Proliferation of Nuclear Weapon, Nuclear Weapon, nuclear disarmament obligations, resolution"
673200,"disarmament, multilateralism"
673259,"General Assembly, resolution, ruclear danger"
673288,"Bangkok Treaty, South-East Asia Nuclear-Weapon-Free Zone"
673348,"conventional arms control, regional and subregional level"
673350,"hemisphere, resolution"
673353,"elimination of nuclear weapons, resolution"
673354,"Arms Trade Treaty, arms trade treaty, resolution"
673485,"illicit trade, small arms"
673488,"Mongolia, Nuclear-Weapon-Free Zones"
673489,"General Assembly, Nuclear disarmament"
673490,"armament, resolution, transparency"
673492,"General Assembly, International Court of Justice on the Legality of the Threat or Use of Nuclear Weapon, Nuclear Weapon, the Legality of the Threat"
673493,"Anti-Personnel Mines, General Assembly, Stockpiling, anti-personnel mines"
673494,"disarmament commitments, nuclear-weapon-free world"
673540,"convention on the prohibition of the use of Nuclear Weapon, resolution"
673557,"Middle East, nuclear proliferation"
673629,"Comprehenive Nuclear-Test-Ban Treaty, General Assembly"
673642,"General Assembly, law of the sea, resolution"
673804,"Palestine refugees, resolution"
673806,"General Assembly, June 1967, hostilities, resolution"
673807,"Palestine Refugees, United Nations Relief and Work Agency"
673810,"Palestine refugees, resolution"
673828,"Arabs, Arabs of the Occupied Territories, General Assembly, Human Rights of the Palestinian People and Other Arabs, Israel Practices, Palestinian People, Special Committee to Investigate Israel practices, resolution"
673829,"Arab territories, East Jerusalem, General Assembly, Geneva Convention, Middle Ages, Occupied Palestinian Persons in Time of War, Palestinian Territory, resolution"
673877,"Israeli settlement, Palestinian Territory, Syrian Golan"
673879,"East Jerusalem, Occupied Palestinian Territory, Palestinian Territory, resolution"
673912,"Syrian Golan, Syrian resolution"
673915,"Charter of the United Nations, Non-Self-Governing Territories"
673929,"Economic and other activities, Non-Self-Governing Territories"
673931,"Colonial Countries and Peoples, Declaration on the granting of Independence to Colonialization, General Assembly, United Nations, resolution"
673950,"decolonization, resolution"
673960,"Colonial Countries and People, Declaration on the granting of Independence to Colonials and People"
674037,"certain practices, intolerance, racial discrimination, racism, xenophobia"
674038,"Declaration and Programme of Action, Durban, Durban Declaration and Programme of Action, General Assembly, intolerance, racial discrimination, related intolerance, resolution"
674042,"Palestinian people, resolution, self-determination"
674093,"General Assembly, exercise of people to self-determination, mercenaries, resolution, self-determination"
674095,"General Assembly, International Covenant on Human Rights"
674135,"defamation, resolution"
674136,"democratic and equitable international order, resolution"
674201,"Globalization, globalization, human rights, resolution"
674226,"coercive measures, resolution"
674250,"General Assembly, development, resolution"
674405,"equitable geographical distribution, human rights treaty bodies"
674406,"General Assembly, cultural diversity, resolution"
674407,"Democratic People’s Republic of Korea, human rights, resolution"
674408,"Islamic Republic of Iran, resolution"
674421,"Arab population, General Assembly, Palestinian people, Syrian Golan, natural resources, resolution"
674422,"General Assembly, International trade and development"
674424,"economic measures, political and political coercion against developing countries"
674741,"Lebanese, oil slick, resolution"
674770,Agricultural technology
674774,"general Assembly, general economic order, resolution"
675477,"Myanmar, human rights, resolution"
680440,"Gaza Conflict, United Nations Fact-Finding Mission"
687112,"General Assembly, human ight to water and sanitation, resolution"
689037,"Lebanon, United Nations Interim Force"
691396,"Abkhazia, Georgia, Tskhinvali region"
694614,"Cuba, United States of America against Cuba, economic embargo, economy"
694906,"Illegal Israeli actions, Occupied East Jerusalem, Palestinian Territory"
694915,"Occupied Palestinian Territory, The Wall, construction of the Wall in the Occupied Palestinian Territory, the United Nations Register of Damage"
694928,"General Assembly, immediate ceasefire, resolution"
695076,"International Court of Justice, emoluments, pension scheme, resolutions"
695077,"International Court of Justice, emoluments, pension scheme, resolutions"
695078,"International Court of Justice, emoluments, pension scheme, resolutions"
695101,United Nations Disengagement Observer Force
695102,United Nations Disengagement Observer Force
695379,"American Samoa, resolution"
695380,"Anguilla, General Assembly"
695382,"General Assembly, resolution"
695383,"British Virgin Island, resolution"
695384,"Cayman Island, resolution"
695385,"General Assembly, Guam, Guam resolution"
695387,"Montserrat, resolution"
695388,"Pitcairn, resolution"
695389,"St. Helena, resolution"
695391,"Tokelau, resolution"
695393,"Caicos Island, Turks Island"
695394,"United States Virgin Island, resolution"
696745,"confidence-building measures, outer space activities"
696789,"General Assembly, nuclear weapons system, resolution"
696791,United action towards the total elimination of nuclear weapons
696794,"Ballistic Missile Proliferation, Hague Code of Conduct"
696799,"brokering activities, combating, resolution"
696801,"General Assembly, International Court of Justice, nuclear weapon, resolution, threat"
696882,"assure, nuclear weapon, nuclear weapons, resolution"
696884,"arms race, outer space, resolution"
696886,"conventional arms control, regional and subregional level"
696888,"Central Asia, Nuclear-Weapon-Free Zone"
696889,"Geneva Protocol, geneva protocol, resolution"
696954,"Middle East, nuclear proliferation"
697063,"Anti-Personnel Mines, General Assembly, Stockpiling, anti-personnel mines"
697068,"fissile material, nuclear weapon"
697069,"General Assembly, disarmament, resolution"
697287,"Comprehenive Nuclear-Test-Ban Treaty, General Assembly"
697294,"Palestine refugees, resolution"
697301,"Palestine Refugees, United Nations Relief and Work Agency"
697306,"Palestine refugees, resolution"
697307,"Arabs, Arabs of the Occupied Territories, General Assembly, Human Rights of the Palestinian People and Other Arabs, Israeli Practices, Palestinian People, Special Committee to Investigate Israeli practices, resolution"
697308,"Arab territories, East Jerusalem, General Assembly, Geneva Convention, Middle Ages, Occupied Palestinian Persons in Time of War, Palestinian Territory, resolution"
697309,"Israeli settlement, Palestinian Territory, Syrian Golan"
697314,"East Jerusalem, Occupied Palestinian Territory, Palestinian Territory, resolution"
697316,"Syrian Golan, Syrian resolution"
697317,"Economic and other activities, Non-Self-Governing Territories"
697318,"Colonial Countries and Peoples, Declaration on the granting of Independence to Colonialization, General Assembly, United Nations, resolution"
697324,"decolonization, resolution"
697325,"Colonial Countries and People, Declaration on the granting of Independence to Colonials and People"
697326,"Colonial Countries and People, Declaration on the granting of Independence to Colonials and People"
697327,"Colonialism, International Decade for the Eradication"
697331,"Palestinian People, inalienable rights"
697332,"General Assembly, Palestinian Rights of the Secretariat"
697333,"General Assembly, Palestine, Public Information of the Secretariat, Special information programme"
697336,"Palestine, resolution"
697414,"Jerusalem, resolution"
697416,"Syrian Golan, Syrian Resolution"
697854,"disarmament, multilateralism"
697855,"armament, depleted uranium, resolution"
697856,"General Assembly, Nuclear disarmament"
697858,"hemisphere, resolution"
697859,"disarmament commitments, nuclear-weapon-free world"
697863,"General Assembly, International trade and development"
697884,"General Assembly, resolution, ruclear danger"
698128,"convention on the prohibition of the use of Nuclear Weapon, resolution"
698713,"Lebanese, oil slick, resolution"
698983,"General Assembly, June 1967, hostilities, resolution"
700327,"General Assembly, Human Right Council"
700346,"certain practices, intolerance, racial discrimination, racism, xenophobia"
700379,"Palestinian people, resolution, self-determination"
700384,"General Assembly, exercise of people to self-determination, mercenaries, resolution, self-determination"
700454,"death penalty, resolution"
700507,"extrajudicial execution, resolution"
700508,"Globalization, globalization, human rights, resolution"
700524,"General Assembly, development, resolution"
700534,"coercive measures, resolution"
700542,"General Assembly, human rights, peace, resolution, vital requirement"
700551,"democratic and equitable international order, resolution"
700637,"defamation, resolution"
700650,"Democratic People’s Republic of Korea, human rights, resolution"
700654,"Islamic Republic of Iran, resolution"
700704,"General Assembly, law of the sea, resolution"
700739,"general Assembly, general economic order, resolution"
700753,"Myanmar, human rights, resolution"
700847,"Declaration and Programme of Action, Durban, Durban Declaration and Programme of Action, General Assembly, intolerance, racial discrimination, related intolerance, resolution"
701201,"Arab population, General Assembly, Palestinian people, Syrian Golan, natural resources, resolution"
701638,"biennium 2010-2011, programme budget"
703013,"European Union, United Nations, resolution"
704960,"General Assembly, Near East, Palestine Refugees, United Nations Relief and Work Agency, United Nations Relief and Work Agency for Palestines Refuges, resolution"
708290,"General Assembly, Human Right Council"
712767,"Lebanon, United Nations Interim Force"
716363,"General Assembly, resolution"
718405,"Charter of the United Nations, Non-Self-Governing Territories"
718557,"Disarmament, Disarmament Resolution, General Assembly, development and manufacture of new types of weapons, mass destruction, such weapons"
718599,"convention on the prohibition of the use of Nuclear Weapon, resolution"
718618,"Middle East, nuclear proliferation"
718624,"Comprehenive Nuclear-Test-Ban Treaty, General Assembly"
718652,"Declaration of the Indian Ocean as a Zone of Peace, Indian Ocean"
719132,"Cuba, United States of America against Cuba, economic embargo, economy"
719134,"Human Rights Council, Libya, resolution of the rights of membership"
719746,"assure, nuclear weapon, nuclear weapons, resolution"
719747,"arms race, outer space, resolution"
719748,"General Assembly, Non Protection, Non-Proliferation of Nuclear Weapon, Nuclear Weapon, Nucleary weapon, non-proliferation, nuclear disarmament obligations, resolution"
719749,"Anti-personnel Mines, General Assembly, Stockpiling, destruction, resolution"
719814,"General Assembly, Non Protection, Non-Proliferation of Nuclear Weapon, Nuclear Weapon"
719823,"fissile material, nuclear weapon"
719827,United action towards the total elimination of nuclear weapons
719829,"General Assembly, International Court of Justice, nuclear weapon, resolution, threat"
719860,"General Assembly, resolution, ruclear danger"
719861,"arms limitation, commitments, non-proliferation agreements"
719863,"General Assembly, Nuclear disarmament"
719890,"disarmament, multilateralism"
719891,"conventional arms control, regional and subregional level"
719898,"armament, resolution, transparency"
719924,"disarmament commitments, nuclear-weapon-free world"
720036,"Palestine Refugees, United Nations Relief and Work Agency"
720043,"Palestine refugees, resolution"
720046,"Arabs, Arabs of the Occupied Territories, General Assembly, Human Rights of the Palestinian People and Other Arabs, Israeli Practices, Palestinian People, Special Committee to Investigate Israeli practices, resolution"
720050,"Arab territories, East Jerusalem, General Assembly, Geneva Convention, Middle Ages, Occupied Palestinian Persons in Time of War, Palestinian Territory, resolution"
720060,"Palestine refugees, resolution"
720062,"General Assembly, June 1967, hostilities, resolution"
720116,"Charter of the United Nations, Non-Self-Governing Territories"
720117,"Economic and other activities, Non-Self-Governing Territories"
720119,"Colonial Countries and Peoples, Declaration on the granting of Independence to Colonialization, General Assembly, United Nations, resolution"
720161,"Israeli settlement, Palestinian Territory, Syrian Golan"
720162,"East Jerusalem, Occupied Palestinian Territory, Palestinian Territory, resolution"
720165,"Syrian Golan, Syrian resolution"
720379,"decolonization, resolution"
720380,"Colonial Countries and People, Declaration on the granting of Independence to Colonials and People"
720396,"General Assembly, Palestinian Rights of the Secretariat"
720397,"Palestine, resolution"
720398,"Jerusalem, resolution"
720399,"Syrian Golan, Syrian Resolution"
720410,"Palestinian People, inalienable rights"
720416,"General Assembly, Palestine, Public Information of the Secretariat, Special information programme"
720591,"General Assembly, Terrorism, Terrorist attack"
721356,"Islamic Republic of Iran, resolution"
721456,"Syrian Arab Republic, human rights, resolution"
721485,"economic measures, political and political coercion against developing countries"
721707,"Lebanese, oil slick, resolution"
721805,"Syria, Syrian Arab Republic"
722029,Agricultural technology
722846,"General Assembly, Human Right Council"
723989,"Declaration and Programme of Action, Durban, Durban Declaration and Programme of Action, General Assembly, intolerance, racial discrimination, related intolerance, resolution"
723993,"equitable geographical distribution, human rights treaty bodies"
723996,"General Assembly, cultural diversity, resolution"
724004,"Globalization, globalization, human rights, resolution"
724243,"certain practices, intolerance, racial discrimination, racism, xenophobia"
724245,"coercive measures, resolution"
724279,"democratic and equitable international order, resolution"
724283,"Arab population, General Assembly, Palestinian people, Syrian Golan, natural resources, resolution"
724410,"Palestinian people, resolution, self-determination"
724411,"General Assembly, development, resolution"
724459,"Democratic People’s Republic of Korea, human rights, resolution"
724615,"General Assembly, exercise of people to self-determination, mercenaries, resolution, self-determination"
724755,"General Assembly, law of the sea, resolution"
724807,"Myanmar, human rights, resolution"
724904,"United Nations Secretariat, accountability system"
727813,"General Assembly, human rights treaty body system, resolution"
730958,"Abkhazia, Georgia, Tskhinvali region"
732147,"Lebanon, United Nations Interim Force"
733398,"Syria, Syrian Arab Republic"
738239,"Cuba, United States of America against Cuba, economic embargo, economy"
738624,"Palestine, United Nations"
738626,"Palestinian People, inalienable rights"
738629,"General Assembly, Palestinian Rights of the Secretariat"
738657,"General Assembly, Palestine, Public Information of the Secretariat, Special information programme"
738659,"Palestine, resolution"
738660,"Jerusalem, resolution"
738661,"Syrian Golan, Syrian Resolution"
738669,"Comprehenive Nuclear-Test-Ban Treaty, General Assembly"
738672,"assure, nuclear weapon, nuclear weapons, resolution"
738674,"arms race, outer space, resolution"
738675,"Central Asia, Nuclear-Weapon-Free Zone"
738679,"Anti-personnel Mines, General Assembly, Stockpiling, destruction, resolution"
738682,"General Assembly, International Court of Justice, nuclear weapon, resolution, threat"
738683,"disarmament commitments, nuclear-weapon-free world"
738685,"Geneva Protocol, geneva protocol, resolution"
738687,"armament, depleted uranium, resolution"
738688,"disarmament, multilateralism"
738689,"General Assembly, Nuclear Disarmament"
738690,"Ballistic Missile Proliferation, Hague Code of Conduct"
738691,"brokering activities, combating, resolution"
738692,"General Assembly, resolution, ruclear danger"
738693,"General Assembly, nuclear weapons system, resolution"
738694,"Fissile Material, Nuclear Weapon"
738695,"hemisphere, resolution"
738696,multilateral nuclear disarmament negotiations
738697,United action towards the total elimination of nuclear weapons
738698,"General Assembly, Nuclear disarmament"
738699,"conventional arms control, regional and subregional level"
738700,"convention on the prohibition of the use of Nuclear Weapon, resolution"
738701,"Middle East, nuclear proliferation"
739430,"General Assembly, law of the sea, resolution"
739847,"Economic and other activities, Non-Self-Governing Territories"
739848,"Colonial Countries and Peoples, Declaration on the granting of Independence to Colonialization, General Assembly, United Nations, resolution"
739987,"Palestine refugees, resolution"
739988,"General Assembly, June 1967, hostilities, resolution"
739989,"Palestine Refugees, United Nations Relief and Work Agency"
739990,"Palestine refugees, resolution"
739991,"Arabs, Arabs of the Occupied Territories, General Assembly, Human Rights of the Palestinian People and Other Arabs, Israeli Practices, Palestinian People, Special Committee to Investigate Israeli practices, resolution"
739992,"Arab territories, East Jerusalem, General Assembly, Geneva Convention, Middle Ages, Occupied Palestinian Persons in Time of War, Palestinian Territory, resolution"
739993,"Israeli settlement, Palestinian Territory, Syrian Golan"
739994,"East Jerusalem, Occupied Palestinian Territory, Palestinian Territory, resolution"
739995,"Syrian Golan, Syrian resolution"
739996,"Charter of the United Nations, Non-Self-Governing Territories"
739997,"decolonization, resolution"
739998,"Colonial Countries and People, Declaration on the granting of Independence to Colonials and People"
740170,"comprehensive and integral legal instrument, dignity, older persons, resolution, rights and dignity of older persons"
740171,"General Assembly, nazism, racial discrimination, racism, xenophobia"
740172,"Declaration and Programme of Action, Durban, Durban Declaration and Programme of Action, General Assembly, intolerance, racial discrimination, related intolerance, resolution"
740173,"Palestinian people, resolution, self-determination"
740174,"General Assembly, exercise of people to self-determination, mercenaries, resolution, self-determination"
740175,United Nations Human Right Training and Documentation Centre for South-West Asia and the Arab Region
740176,"Globalization, globalization, human rights, resolution"
740177,"extrajudicial execution, resolution"
740178,"coercive measures, resolution"
740179,"General Assembly, development, resolution"
740180,"General Assembly, human rights, peace, resolution, vital requirement"
740181,"democratic and equitable international order, resolution"
740182,"death penalty, resolution"
740183,"Islamic Republic of Iran, resolution"
740184,"Syrian Arab Republic, human rights, resolution"
740242,"Lebanese, oil slick, resolution"
740243,"Entrepreneurship for development resolution, General Assembly"
740244,"general Assembly, general economic order, resolution"
740245,International migration and development resolution
740247,"Arab population, General Assembly, Palestinian people, Syrian Golan, natural resources, resolution"
740419,"Arms Trade Treaty, arms trade treaty, resolution"
740420,"International Humanitarian Law, International Tribunal for the Prosecution of Persons Responsible for Serious Violations of International Humanitarian Law Committed in the Territory of the territory, Yugoslavia, resolution"
746778,"Arms Trade Treaty, arms trade treaty, resolution"
750273,"Syria, Syrian Arab Republic"
751406,"Abkhazia, Georgia, Tskhinvali region"
751572,"Lebanon, United Nations Interim Force"
760076,"Cuba, United States of America against Cuba, economic embargo, economy"
762024,"Palestinian People, inalienable rights"
764203,"General Assembly, Palestinian Rights of the Secretariat"
764205,"General Assembly, Palestine, Public Information of the Secretariat, Special information programme"
764206,"Palestine, resolution"
764207,"Jerusalem, resolution"
764214,"Syrian Golan, Syrian Resolution"
764976,"Declaration of the Indian Ocean as a Zone of Peace, Indian Ocean"
764978,"assure, nuclear weapon, nuclear weapons, resolution"
764980,"arms race, outer space, resolution"
764986,"Anti-personnel Mines, General Assembly, Stockpiling, destruction, resolution"
764988,"Arms Trade Treaty, arms trade treaty, resolution"
764991,"General Assembly, Nuclear Disarmament"
764996,"General Assembly, Non Protection, Non-Proliferation of Nuclear Weapon, Nuclear Weapon, Nucleary weapon, non-proliferation, nuclear disarmament obligations, resolution"
764998,"disarmament, multilateralism"
764999,"disarmament commitments, nuclear-weapon-free world"
765000,"General Assembly, resolution, ruclear danger"
765001,"General Assembly, International Court of Justice, nuclear weapon, resolution, threat"
765002,"armament, resolution, transparency"
765003,"arms, dual-use good, military equipment"
765004,multilateral nuclear disarmament negotiations
765005,"General Assembly, Nuclear disarmament"
765007,United action towards the total elimination of nuclear weapons
765008,"conventional arms control, regional and subregional level"
765009,"convention on the prohibition of the use of Nuclear Weapon, resolution"
765010,"Middle East, nuclear proliferation"
765011,"Comprehenive Nuclear-Test-Ban Treaty, General Assembly"
765013,"Palestine refugees, resolution"
765014,"General Assembly, June 1967, hostilities, resolution"
765015,"Palestine Refugees, United Nations Relief and Work Agency"
765017,"Palestine refugees, resolution"
765018,"Arabs, Arabs of the Occupied Territories, General Assembly, Human Rights of the Palestinian People and Other Arabs, Israeli Practices, Palestinian People, Special Committee to Investigate Israeli practices, resolution"
765019,"Arab territories, East Jerusalem, General Assembly, Geneva Convention, Middle Ages, Occupied Palestinian Persons in Time of War, Palestinian Territory, resolution"
765020,"Israeli settlement, Palestinian Territory, Syrian Golan"
765021,"East Jerusalem, Occupied Palestinian Territory, Palestinian Territory, resolution"
765023,"Syrian Golan, Syrian resolution"
765024,"Charter of the United Nations, Non-Self-Governing Territories"
765027,"Economic and other activities, Non-Self-Governing Territories"
765028,"Colonial Countries and Peoples, Declaration on the granting of Independence to Colonialization, General Assembly, United Nations, resolution"
765029,"decolonization, resolution"
765030,"Colonial Countries and People, Declaration on the granting of Independence to Colonials and People"
765034,"General Assembly, Human Right Council"
765036,"General Assembly, Nazism, racial discrimination, racism, xenophobia"
765039,"Declaration and Programme of Action, Durban, Durban Declaration and Programme of Action, General Assembly, intolerance, racial discrimination, related intolerance, resolution"
765052,"General Assembly, exercise of people to self-determination, mercenaries, resolution, self-determination"
765056,"Palestinian people, resolution, self-determination"
765059,"General Assembly, development, resolution"
765063,"General Assembly, cultural diversity, resolution"
765068,"equitable geographical distribution, human rights treaty bodies"
765071,"coercive measures, resolution"
765075,"Globalization, globalization, human rights, resolution"
765076,"democratic and equitable international order, resolution"
765077,"Syrian Arab Republic, human rights, resolution"
765078,"Islamic Republic of Iran, resolution"
765079,"economic measures, political and political coercion against developing countries"
765080,"Lebanese, oil slick, resolution"
765081,Agricultural technology
765082,"Arab population, General Assembly, Palestinian people, Syrian Golan, natural resources, resolution"
765083,United Nations Human Right Training and Documentation Centre for South-West Asia and the Arab Region
765084,"General Assembly, law of the sea, resolution"
767565,"Territorial integrity of Ukraine, Ukraine"
772070,"Abkhazia, Georgia, Tskhinvali region"
774238,"Lebanon, United Nations Interim Force"
779003,"debt restructuring processes, multilateral legal framework"
782030,"Cuba, United States of America against Cuba, economic embargo, economy"
782544,Cooperation between the United Nations and the Organization for the Prohibition of Chemical Weapons
820055,"General Assembly, International Court of Justice, nuclear weapon, resolution, threat"
820056,"arms race, outer space, resolution"
820057,"Syrian Golan, Syrian resolution"
820058,"General Assembly, development, resolution"
820059,"Mongolia, Nuclear-Weapon-Free Zones"
820060,"Arabs, Arabs of the Occupied Territories, General Assembly, Human Rights of the Palestinian People and Other Arabs, Israeli Practices, Palestinian People, Special Committee to Investigate Israeli practices, resolution"
820061,"Globalization, globalization, human rights, resolution"
820062,"General Assembly, outer space, resolution"
820063,"disarmament commitments, nuclear-weapon-free world"
820064,"Anti-personnel Mines, General Assembly, Stockpiling, destruction, resolution"
820065,"General Assembly, Nuclear disarmament"
820066,"East Jerusalem, Occupied Palestinian Territory, Palestinian Territory, resolution"
820067,"General Assembly, Palestine, Public Information of the Secretariat, Special information programme"
820068,"Chemical Weapon, General Assembly, convention on the prohibition of the destruction of chemical weapon, destruction, resolution"
820069,"external debt sustainability, sustainable development"
820070,"Syrian Arab Republic, human rights, resolution"
820071,"General Assembly, Human Right Council"
820072,"Comprehenive Nuclear-Test-Ban Treaty, General Assembly"
820073,"Ballistic Missile Proliferation, Hague Code of Conduct"
820074,"hemisphere, resolution"
820075,"Colonial Countries and People, Declaration on the granting of Independence to Colonials and People"
820076,"General Assembly, nuclear weapons system, resolution"
820077,"General Assembly, resolution, ruclear danger"
820078,"General Assembly, Nuclear Disarmament"
820079,"Economic and other activities, Non-Governing Territories"
820080,"General Assembly, law of the sea, resolution"
820081,United action towards the total elimination of nuclear weapons
820082,"Geneva Protocol, geneva protocol, resolution"
820083,"Arab territories, East Jerusalem, General Assembly, Geneva Convention, Middle Ages, Occupied Palestinian Persons in Time of War, Palestinian Territory, resolution"
820084,"extrajudicial execution, resolution"
820085,"Palestine refugees, resolution"
820086,multilateral nuclear disarmament negotiations
820087,"General Assembly, debt restructuring processes, multilateral legal framework, resolution"
820088,"Islamic Republic of Iran, resolution"
820089,"South-South cooperation, resolution"
820090,"Jerusalem, resolution"
820091,"Palestine Refugees, United Nations Relief and Work Agency"
820092,"armament, depleted uranium, resolution"
820093,"assure, nuclear weapon, nuclear weapons, resolution"
820094,"Entrepreneurship for development resolution, General Assembly"
820095,"Arms Trade Treaty, arms trade treaty, resolution"
820096,"Lebanese, oil slick, resolution"
820097,"decolonization, resolution"
820098,"General Assembly, exercise of people to self-determination, mercenaries, resolution, self-determination"
820099,"General Assembly, human rights, peace, resolution, vital requirement"
820100,"Syrian Golan, Syrian Resolution"
820101,"Palestine refugees, resolution"
820102,"Charter of the United Nations, General Assembly, Information from Non Self-Governing Territories"
820103,"arms limitation, commitments, non-proliferation agreements"
820104,"United Nations, resolution"
820105,"coercive measures, resolution"
820106,"Democratic People’s Republic of Korea, human rights, resolution"
820107,"Palestinian people, resolution, self-determination"
820108,"Israeli settlement, Palestinian Territory, Syrian Golan"
820109,"Palestine, resolution"
820110,"Disarmament, Disarmament Resolution, General Assembly, development and manufacture of new types of weapons, mass destruction, such weapons"
820111,"convention on the prohibition of the use of Nuclear Weapon, resolution"
820112,"Arab population, General Assembly, Palestinian people, Syrian Golan, natural resources, resolution"
820113,"United Nations, operational activities, resolution"
820114,"Palestinian People, inalienable rights"
820115,"brokering activities, combating, resolution"
820116,"Development Programme, General Assembly, UNITED Nations Population Fund, United Nations Development Programme/United Nations Population Fund"
820117,"democratic and equitable international order, resolution"
820118,"conventional arms control, regional and subregional level"
820119,Albinism Awareness Day
820120,"Debt Restructuring Processes, Resolution"
820121,"General Assembly, Palestinian Rights of the Secretariat"
820122,"Lebanon, United Nations Interim Force"
820123,"Durban Declaration and Programme of Action, General Assembly, concrete action, racial discrimination, related intolerance, xenophobia"
820124,"Abkhazia, Georgia, Tskhinvali region"
820125,"arms control, disarmament, non-proliferation"
820126,United Nations Human Right Training and Documentation Centre for South-West Asia and the Arab Region
820127,"General Assembly, June 1967, hostilities, resolution"
820128,"death penalty, resolution"
820129,"Middle East, nuclear proliferation"
820130,"Colonial Countries and Peoples, Declaration on the granting of Independence to Colonialization, General Assembly, United Nations, resolution"
820131,"disarmament, multilateralism"
820132,"General Assembly, neo-Nazism, racial discrimination, racism, xenophobia"
820133,"general Assembly, general economic order, resolution"
827171,"Palestine refugees, resolution"
827172,"General Assembly, law of the sea, resolution"
827173,"Fissile Material, Nuclear Weapon"
827174,"elimination of nuclear weapons, prohibition, resolution"
827175,"Economic and other activities, Non-Governing Territories"
827176,"General Assembly, development, resolution"
827177,multilateral nuclear disarmament negotiations
827178,"Jerusalem, resolution"
827179,"Anti-Personnel Mines, General Assembly, Stockpiling, anti-personnel mines"
827180,"General Assembly, Nuclear Disarmament"
827181,"elimination of nuclear weapons, renewable determination"
827182,"General Assembly, neo-Nazism, racial discrimination, racism, xenophobia"
827183,"Declaration of the Indian Ocean as a Zone of Peace, Indian Ocean"
827184,"International Atomic Energy Agency, atomic energy, resolution"
827185,"Arabs, Arabs of the Occupied Territories, General Assembly, Human Rights of the Palestinian People and Other Arabs, Israeli Practices, Palestinian People, Special Committee to Investigate Israeli practices, resolution"
827186,"Democratic People’s Republic of Korea, human rights, resolution"
827187,"United Nations, democratization, periodic elections, resolution"
827188,"General Assembly, Nuclear-Weapon-Free World"
827189,"Arms Trade Treaty, arms trade treaty, resolution"
827190,"Globalization, globalization, human rights, resolution"
827191,"decolonization, resolution"
827192,"General Assembly, cultural diversity, resolution"
827193,"Arab territories, East Jerusalem, General Assembly, Geneva Convention, Middle Ages, Occupied Palestinian Persons in Time of War, Palestinian Territory, resolution"
827194,United Nations Human Right Training and Documentation Centre for South-West Asia and the Arab Region
827195,"economic measures, political and political coercion against developing countries"
827196,"ethical imperatives, nuclear-weapon-free world"
827197,"Durban Declaration and Programme of Action, General Assembly, concrete action, racial discrimination, related intolerance, xenophobia"
827198,"General Assembly, June 1967, hostilities, resolution"
827199,"General Assembly, resolution, ruclear danger"
827200,"General Assembly, exercise of people to self-determination, mercenaries, resolution, self-determination"
827201,"East Jerusalem, Occupied Palestinian Territory, Palestinian Territory, resolution"
827202,"Declaration on the Right and Responsibility of Individuals, General Assembly, Human Recognized Human Resources, Human Responsibility of Individuals and Organs of Society, Human Rights and Fundamental Freedom, Human rights defenders, resolution"
827203,"Syrian Golan, Syrian resolution"
827204,"Palestinian people, resolution, self-determination"
827205,"Cluster Munitions, General Assembly"
827206,"disarmament, multilateralism"
827207,"hemisphere, resolution"
827208,"equitable geographical distribution, human rights treaty bodies"
827209,"General Assembly, International Court of Justice, nuclear weapon, resolution, threat"
827210,"General Assembly, Non Protection, Non-Proliferation of Nuclear Weapon, Nuclear Weapon, Nucleary weapon, non-proliferation, nuclear disarmament obligations, resolution"
827211,"Syrian Golan, Syrian Resolution"
827212,"Arab population, General Assembly, Palestinian people, Syrian Golan, natural resources, resolution"
827213,"Islamic Republic of Iran, resolution"
827214,"convention on the prohibition of the use of Nuclear Weapon, resolution"
827215,"Cuba, United States of America against Cuba, economic embargo, economy"
827216,"General Assembly, Palestine, Public Information of the Secretariat, Special information programme"
827217,"General Assembly, child, resolution"
827218,"Palestinian People, inalienable rights"
827219,"Palestine refugees, resolution"
827220,"democratic and equitable international order, resolution"
827221,"coercive measures, resolution"
827222,"General Assembly, Human Right Council"
827223,"General Assembly, Palestinian Rights of the Secretariat"
827224,"Comprehenive Nuclear-Test-Ban Treaty, General Assembly"
827225,"disarmament commitments, nuclear-weapon-free world"
827226,"Colonial Countries and People, Declaration on the granting of Independence to Colonials and People"
827227,"arms race, outer space, resolution"
827228,"General Assembly, Nuclear disarmament"
827229,"General Assembly, Non Protection, Non-Proliferation of Nuclear Weapon, Nuclear Weapon"
827230,"Chemical Weapon, General Assembly, convention on the prohibition of the destruction of chemical weapon, destruction, resolution"
827231,"Israeli settlement, Palestinian Territory, Syrian Golan"
827232,"Colonial Countries and Peoples, Declaration on the granting of Independence to Colonialization, General Assembly, United Nations, resolution"
827233,"Palestine, resolution"
827234,"Charter of the United Nations, General Assembly, Information from Non Self-Governing Territories"
827235,"Lebanese, oil slick, resolution"
827236,"General Assembly, Humanitarian consequences, nuclear weapon"
827237,"conventional arms control, regional and subregional level"
827238,"General Assembly, outer space, resolution"
827239,"Middle East, nuclear proliferation"
827240,Agricultural technology
827241,"assure, nuclear weapon, nuclear weapons, resolution"
827242,"Syrian Arab Republic, human rights, resolution"
827243,"Palestine Refugees, United Nations Relief and Work Agency"
845066,"Abkhazia, Georgia, Tskhinvali region"
845067,"Lebanon, United Nations Interim Force"
847070,"Cuba, United States of America against Cuba, economic embargo, economy"
849568,"Arab States, Cooperation between the United States and the League of Arab States, United Nations, United States"
850614,"Palestinian People, inalienable rights"
850615,"Palestine, resolution"
850616,"Jerusalem, resolution"
850618,"Syrian Golan, Syrian Resolution"
850619,"General Assembly, Palestine, Public Information of the Secretariat, Special information programme"
855165,"Geneva Protocol, geneva protocol, resolution"
855166,"General Assembly, entrepreneurship, sustainable development"
855167,"Cluster Munitions, General Assembly"
855168,"Palestinian people, resolution, self-determination"
855169,"General Assembly, Human Right Council"
855170,"General Assembly, exercise of people to self determination, mercenaries, resolution"
855171,"Comprehenive Nuclear-Test-Ban Treaty, General Assembly"
855172,"death penalty, resolution"
855173,"General Assembly, June 1967, hostilities, resolution"
855174,"Israeli settlement, Palestinian Territory, Syrian Golan"
855175,"General Assembly, disarmament verification, resolution"
855176,"conventional arms control, regional and subregional level"
855177,"disarmament commitments, nuclear disormaments"
855178,"brokering activities, combating, resolution"
855179,"Palestine Refugees, United Nations Relief and Work Agency"
855180,"General Assembly, law of the sea, resolution"
855181,"autonomous Republic of Crimea, human rights, resolution"
855182,"Impartial and Independent Mechanism to Assist in the Investigation and Prosecution of Persons Responsible for the Most Serious Crimes, International Law Committed, Syria, Syrian Arab Republic, Syrian law, Syrians"
855183,"Syrian Golan, Syrian resolution"
855184,"Globalization, globalization, human rights, resolution"
855185,"Durban Declaration and Programme of Action, General Assembly, concrete action, racial discrimination, related intolerance, xenophobia"
855186,"information and telecommunications, security"
855187,"Declaration on the Right to Peace, General Assembly"
855188,Cooperation between the United Nations and the Organization for the Prohibition of Chemical Weapons
855189,"General Assembly, neo-Nazism, racial discrimination, racism, xenophobia"
855190,"Arab population, General Assembly, Palestinian people, Syrian Golan, natural resources, resolution"
855191,"ethical imperatives, nuclear-weapon-free world"
855192,"general Assembly, general economic order, resolution"
855193,"Syria, Syrian Arab Republic"
855194,"Ballistic Missile Proliferation, Hague Code of Conduct"
855195,"Arms Trade Treaty, arms trade treaty, resolution"
855196,"Arabs, Arabs of the Occupied Territories, General Assembly, Human Rights of the Palestinian People and Other Arabs, Israeli Practices, Palestinian People, Special Committee to Investigate Israeli practices, resolution"
855197,"extrajudicial execution, resolution"
855198,"Islamic Republic of Iran, resolution"
855199,"Charter of the United Nations, Non-Self-Governing Territories"
855200,"Colonial Countries and Peoples, General Assembly, United Nations, granting of Independence, resolution"
855201,"General Assembly, outer space, resolution"
855202,"General Assembly, resolution, ruclear danger"
855203,"General Assembly, Nuclear disarmament"
855204,"General Assembly, nuclear weapons system, resolution"
855205,"Anti-personnel Mines, General Assembly, Stockpiling, destruction, resolution"
855206,"Economic and other activities, Non-Self-Governing Territories"
855207,"Middle East, nuclear proliferation"
855208,"arms race, outer space, resolution"
855209,"Palestine refugees, resolution"
855210,"Palestine refugees, resolution"
855211,Humanitarian Pledge for the Prohibition and Elimination of Nuclear Weapon
855212,"arms, dual use good, military equipment"
855213,"General Assembly, International Court of Justice, nuclear weapon, resolution, threat"
855214,"General Assembly, Nuclear Disarmament"
855215,"Colonial Countries and People, Declaration on the granting of Independence to Colonials and People"
855216,"General Assembly, development, resolution"
855217,"assure, nuclear weapon, nuclear weapons, resolution"
855218,"convention on the prohibition of the use of Nuclear Weapon, resolution"
855219,"hemisphere, resolution"
855220,"Chemical Weapon, General Assembly, convention on the prohibition of the destruction of chemical weapon, destruction, resolution"
855221,"Arab territories, East Jerusalem, General Assembly, Geneva Convention, Middle Ages, Occupied Palestinian Persons in Time of War, Palestinian Territory, resoultion"
855222,"Lebanese, oil slick, resolution"
855223,"elimination of nuclear weapons, renewable determination"
855224,"General Assembly, Humanitarian Consequences of Nuclear Weapon"
855225,"decolonization, resolution"
855226,"disarmament, multilateralism"
855227,"Syrian Arab Republic, human rights, resolution"
855228,"democratic and equitable international order, resolution"
855229,multilateral nuclear disarmament negotiations
855230,"armament, resolution, transparency"
855231,"coercive measures, resolution"
855232,"Fissile Material, Nuclear Weapon"
855233,"East Jerusalem, Occupied Palestinian Territory, Palestinian Territory, resolution"
855234,"armament, depleted uranium, resolution"
855235,"Agenda 21, United Nations Conference on Sustainable Development, sustainable development"
1289215,"Abkhazia, Georgia, Tskhinvali region"
1290041,"Chagos archipelago, Chagos archipelago from Mauritius, International Court of Justice, Mauritius 1965, general Assembly, resolution, separation"
1298240,"Lebanon, United Nations Interim Force"
1305244,"United Nations, global economic governance, resolution"
1312218,"Cuba, United States of America against Cuba, economic embargo, economy"
1325766,"Cluster Munitions, General Assembly"
1325767,"General Assembly, outer space, resolution"
1325768,"assure, nuclear weapon, nuclear weapons, resolution"
1325769,"General Assembly, Nuclear disarmament"
1325770,"Declaration of the Indian Ocean as a Zone of Peace, Indian Ocean"
1325771,"disarmament commitments, nuclear-weapon-free world"
1325772,multilateral nuclear disarmament negotiations
1325773,"hemisphere, resolution"
1325774,"General Assembly, resolution, ruclear danger"
1325775,"arms race, outer space, resolution"
1325776,"General Assembly, disarmament, resolution"
1325777,"General Assembly, Non Protection, Non-Proliferation of Nuclear Weapon, Nuclear Weapon, Nucleary weapon, non-proliferation, nuclear disarmament obligations, resolution"
1325778,"arms limitation, commitments, non-proliferation agreements"
1325779,"Arms Trade Treaty, arms trade treaty, resolution"
1325780,"Comprehenive Nuclear-Test-Ban Treaty, General Assembly"
1325781,"Middle East, nuclear proliferation"
1325782,"General Assembly, International Court of Justice, nuclear weapon, resolution, threat"
1325783,"ethical imperatives, nuclear-weapon-free world"
1325784,"Disarmament, Disarmament Resolution, General Assembly, development and manufacture of new types of weapons, mass destruction, such weapons"
1325785,"Chemical Weapon, General Assembly, convention on the prohibition of the destruction of chemical weapon, destruction, resolution"
1325786,"Anti-Personnel Mines, General Assembly, Stockpiling, anti-personnel mines"
1325787,"conventional arms control, regional and subregional level"
1325788,"convention on the prohibition of the use of Nuclear Weapon, resolution"
1325789,"elimination of nuclear weapons, renewable determination"
1325790,"disarmament, multilateralism"
1325791,"General Assembly, Humanitarian consequences, nuclear weapon"
1325847,"Conservation and Management of Straddling, Conservation and Management of Straddling Fish Stocks, Fish Stocks, General Assembly, Highly Migratory, Highly Migratory Stocks, United Nations Convention on the Law of the Sea, United Nations Convention on the Law of the Sea of 10 December 1982, fisheries"
1325848,"Islamic Cooperation, United Nations"
1325849,"Syrian Golan, Syrian resolution"
1325850,"General Assembly, law of the sea, resolution"
1325851,"Colonial Countries and Peoples, Declaration on the granting of Independence to Colonialization, General Assembly, United Nations, resolution"
1325852,"Palestine Refugees, United Nations Relief and Work Agency"
1325853,"Palestine refugees, resolution"
1325854,"Arab territories, East Jerusalem, General Assembly, Geneva Convention, Middle Ages, Occupied Palestinian Persons in Time of War, Palestinian Territory, resolution"
1325855,"Arabs, Arabs of the Occupied Territories, General Assembly, Human Rights of the Palestinian People and Other Arabs, Israeli Practices, Palestinian People, Special Committee to Investigate Israeli practices, resolution"
1325856,"General Assembly, June 1967, hostilities, resolution"
1325857,"Economic and other activities, Non-Self Governing Territories"
1325858,"Israeli settlement, Palestinian Territory, Syrian Golan"
1325859,"decolonization, resolution"
1325860,"Charter of the United Nations, Non-Self-Governing Territories"
1325861,"East Jerusalem, Occupied Palestinian Territory, Palestinian Territory, resolution"
1325862,"Guam, general Assembly, resolution"
1325863,"Colonial Countries and People, Declaration on the granting of Independence to Colonials and People"
1325864,"Palestine refugees, resolution"
1325973,"moderation, resolution"
1326165,"Palestine, resolution"
1326166,"General Assembly, Palestine, Public Information of the Secretariat, Special information programme"
1326167,"Syrian Golan, Syrian Resolution"
1326168,"Jerusalem, resolution"
1326169,"General Assembly, Palestinian Rights of the Secretariat"
1326170,"Palestinian People, inalienable rights"
1327541,"General Assembly, Human Right Council"
1327542,"Culture, Culture and sustainable development"
1327543,"energy, reliability, resolution, sustainable energy"
1327544,"drinking water, sanitation"
1327545,"General Assembly, food, resolution"
1327546,"Arab population, General Assembly, Palestinian people, Syrian Golan, natural resources, resolution"
1327547,"General Assembly, International trade and development"
1327548,Agricultural technology
1327549,"General Assembly, cultural diversity, resolution"
1327550,"Commodities, General Assembly"
1327551,"equitable geographical distribution, human rights treaty bodies"
1327552,"Palestinian people, resolution, self-determination"
1327553,"General Assembly, neo-Nazism, racial discrimination, racism, xenophobia"
1327554,United Nations Human Right Training and Documentation Centre for South-West Asia and the Arab Region
1327555,"International financial system and development, resolution"
1327556,"Jerusalem, resolution"
1327557,"coercive measures, resolution"
1327558,"General Assembly, exercise of people to self-determination, mercenaries, resolution, self-determination"
1327559,"economic measures, political and political coercion against developing countries"
1327560,"United Nations, globalization, interdependence"
1327561,"Durban Declaration and Programme of Action, General Assembly, concrete action, racial discrimination, related intolerance, xenophobia"
1327562,"General Assembly, World Summit for Social Development, resolution, social development"
1327563,"Agriculture development, food security, nutrition"
1327564,"Agenda 21, United Nations Conference on Sustainable Development, sustainable development"
1327565,"Islamic Republic of Iran, resolution"
1327566,"Globalization, globalization, human rights, resolution"
1327567,"United Nations, democratization, periodic elections, resolution"
1327568,"General Assembly, development, resolution"
1327569,"democratic and equitable international order, resolution"
1327570,"Syrian Arab Republic, human rights, resolution"
1327571,"Lebanese, oil slick, resolution"
1327572,"autonomous Republic of Crimea, human rights, resolution"
1467690,"General Assembly, Optional Protocol thereto, convention on the rights of persons with disabilities, girls with disabilities, optional protocol thereto, resolution"
1468215,"General Assembly, child, resolution"
1468216,"General Assembly, Nuclear Disarmament"
1470211,"Myanmar, human rights, resolution"
1471017,"General Assembly, Palestinian Rights of the Secretariat"
1479517,"arms race, outer space, resolution"
1479518,"enjoyment of human rights, resolution"
1493353,"Artificial Earth Satellites, International Direct Television Broadcasting"
1493376,"Abkhazia, Georgia, Tskhinvali region"
1627950,Global Pact for the Environment
1629999,"Abkhazia, Georgia, Tskhinvali region"
1630101,"Palestinian civilian population, resolution"
1630737,"Moldova, military foreign forces, unconditional withdrawal"
1634030,"Lebanon, United Nations Interim Force"
1638050,"Lebanon, United Nations Interim Force"
1642598,"Africa, Africa’s Development, Global Assembly, International support"
1642599,"Africa, conflict, development, durable peace, resolution, sustainable development, sustainable peace"
1648364,"chair of the Group of 77, resolution"
1650751,"Cuba, United States of America against Cuba, economic embargo, economy"
1654157,"Palestinian People, inalienable rights"
1654158,"Jerusalem, resolution"
1654159,"Syrian Golan, Syrian Resolution"
1654160,"General Assembly, Palestine, Public Information of the Secretariat, Special information programme"
1654161,"General Assembly, Palestinian Rights of the Secretariat"
1654162,"Palestine, resolution"
1654871,"Israeli settlement, Palestinian Territory, Syrian Golan"
1654872,"East Jerusalem, Occupied Palestinian Territory, Palestinian Territory, resolution"
1654873,"Colonial Countries and Peoples, Declaration on the granting of Independence to Colonialization, General Assembly, United Nations, resolution"
1654874,"Middle East, just and lasting peace, resolution"
1654875,"Charter of the United Nations, General Assembly, Information from Non Self-Governing Territories"
1654876,"Palestine refugees, resolution"
1654878,"Afghanistan, Resolution"
1654879,"Arab territories, East Jerusalem, General Assembly, Geneva Convention, Middle Ages, Occupied Palestinian Persons in Time of War, Palestinian Territory, resolution"
1654880,"Colonial Countries and People, Declaration on the granting of Independence to Colonials and People"
1654881,"Arabs, Arabs of the Occupied Territories, General Assembly, Human Rights of the Palestinian People and Other Arabs, Israeli Practices, Palestinian People, Special Committee to Investigate Israeli practices, resolution"
1654882,"Syrian Golan, Syrian resolution"
1654883,"Palestine Refugees, United Nations Relief and Work Agency"
1654884,"decolonization, resolution"
1654885,"Palestine refugees, resolution"
1654886,"Economic and other activities, Non-Self-Governing Territories"
1654887,"General Assembly, June 1967, hostilities, resolution"
1655122,"assure, nuclear weapon, nuclear weapons, resolution"
1655123,"arms race, outer space, resolution"
1655124,"General Assembly, outer space, resolution"
1655126,"Middle East, nuclear-weapon-free zone"
1655128,"information and telecommunications, security"
1655320,"armament, depleted uranium, resolution"
1655321,"disarmament, multilateralism"
1655322,"General Assembly, Nuclear Disarmament"
1655323,"brokering activities, combating, resolution"
1655324,"General Assembly, Nuclear disarmament"
1655325,"General Assembly, nuclear weapons system, resolution"
1655326,"ethical imperatives, nuclear-weapon-free world"
1655327,"Fissile Material, Nuclear Weapon"
1655328,"General Assembly, resolution, ruclear danger"
1655329,"General Assembly, Nuclear-Weapon-Free World"
1655330,"conventional arms control, regional and subregional level"
1655331,"Arms Trade Treaty, arms trade treaty, resolution"
1655332,"confidence-building measures, outer space activities"
1655333,"Chemical Weapon, General Assembly, convention on the prohibition of the destruction of chemical weapon, destruction, resolution"
1655334,"Ballistic Missile Proliferation, Hague Code of Conduct"
1655335,"elimination of nuclear weapons, renewable determination"
1655336,"General Assembly, International Court of Justice, nuclear weapon, resolution, threat"
1655337,"convention on the prohibition of the use of Nuclear Weapon, resolution"
1655338,"Mongolia, Nuclear-Weapon-Free Zones"
1655339,"Mediterranean region, security"
1655340,"Anti-personnel Mines, General Assembly, Stockpiling, destruction, resolution"
1655341,"Comprehenive Nuclear-Test-Ban Treaty, General Assembly"
1655342,"General Assembly, disarmament, resolution"
1655343,"General Assembly, Humanitarian consequences, nuclear weapon"
1655344,"Cluster Munitions, General Assembly"
1655346,"Geneva Protocol, geneva protocol, resolution"
1655347,"General Assembly, Nuclear Weapon, Prohibition"
1655348,"Middle East, nuclear proliferation"
1655350,"disarmament commitments, nuclear-weapon-free world"
1655458,"General Assembly, law of the sea, resolution"
1655459,"diplomacy for peace, multilateralism"
1655568,"Islamic Cooperation, United Nations"
1655569,"better nutrition, foreign policy, health"
1656124,"Azov, Black Sea, Sea of Azov, Ukraine, autonomous Republic of Crimea, militarization, sea of Azov"
1656157,"democratic and equitable international order, resolution"
1656158,"General Assembly, human rights, peace, resolution, vital requirement"
1656159,"General Assembly, exercise of people to self-determination, mercenaries, resolution, self-determination"
1656160,United Nations Declaration on the Right of Peasants and Other People Working in Rural Areas
1656161,"General Assembly, food, resolution"
1656162,"General Assembly, development, resolution"
1656163,"General Assembly, World Summit for Social Development, resolution, social development"
1656164,"Palestinian people, resolution, self-determination"
1656165,"United Nations High Commissioner for Refugees, resolution"
1656166,"General Assembly, neo-Nazism, racial discrimination, racism, xenophobia"
1656167,"General Assembly, Human Right Council"
1656168,"assembly, association, freedom of association, human rights, resolution"
1656169,"death penalty, resolution"
1656170,"coercive measures, resolution"
1656171,"extrajudicial execution, resolution"
1656197,"Islamic Republic of Iran, resolution"
1656198,"Syrian Arab Republic, human rights, resolution"
1656199,"communications technologies, criminal purposes, resolution"
1656414,"General Assembly, Global Compact for Safe Migration"
1656636,"Agriculture development, food security, nutrition"
1656637,"2030 Agenda for Sustainable Development, rural poverty"
1656638,"General Assembly, International trade and development"
1656639,International migration and development resolution
1656640,"Avena, General Assembly, International Court of Justice of 31 March 2004, Mexican national compliance, Mexican national law"
1656642,"general Assembly, general economic order, resolution"
1656643,"chemical weapons, prohibition"
1656644,"International financial system and development, resolution"
1656645,"Arab population, General Assembly, Palestinian people, Syrian Golan, natural resources, resolution"
1656646,"General Assembly, Industrial development cooperation"
1656647,"General Assembly, entrepreneurship, sustainable development"
1656648,"Agenda 21, United Nations Conference on Sustainable Development, sustainable development"
1656649,"Lebanese, oil slick, resolution"
1657117,"cyberspace, cyberspace resolution, security"
1657118,"autonomous Republic of Crimea, human rights, resolution"
1657119,"Arab States, Cooperation between the United States and the League of Arab States, United Nations, United States"
1657120,"Myanmar, human rights, resolution"
1657121,"Durban Declaration and Programme of Action, General Assembly, concrete action, racial discrimination, related intolerance, xenophobia"
3807805,"Chago Archipelago, Chagos archipelago, General Assembly, International Court of Justice, Mauritius, resolution, separation of the Chago architecture"
3808112,"Abkhazia, Georgia, Tskhinvali region"
3811071,"common international standards, torture-free trade"
3813047,"board of auditors, financial statements, resolution"
3813050,"International Migration Review Forums, organizational aspects, resolution"
3813221,Cooperation between the United Nations and the Economic Cooperation Organization
3814149,Cooperation between the United Nations and the Pacific Islands Forum
3827191,"Africa, Africa’s Development, Global Assembly, International support"
3827192,"Africa, conflict, development, durable peace, resolution, sustainable development, sustainable peace"
3827354,"Academy for Human Encounters and Dialogue, General Assembly"
3834943,"Cuba, United States of America against Cuba, economic embargo, economy"
3837253,"Afghanistan, Resolution"
3837825,"Syrian Golan, Syrian Resolution"
3837827,"General Assembly, Palestinian Rights of the Secretariat"
3837828,"Palestine, resolution"
3837829,"Palestinian People, inalienable rights"
3837830,"General Assembly, Global Communication, Palestine, department of Global Communications of the Secretariat, information programme"
3838477,"Azov, Black Sea, Sea of Azov, Ukraine, autonomous Republic of Crimea, militarization, sea of Azov"
3838653,"General Assembly, law of the sea, resolution"
3839812,"Palestine Refugees, United Nations Relief and Work Agency"
3839814,"arms control, arms treaties, disarmament, resolution"
3839865,"decolonization, resolution"
3839866,"Colonial Countries and People, Declaration on the granting of Independence to Colonials and People"
3839867,"military expenditures, resolution"
3839868,"Declaration of the Indian Ocean as a Zone of Peace, Indian Ocean"
3839870,"cyberspace, resolution, security"
3839871,"information and telecommunications, security"
3839872,"Middle East, nuclear-weapon-free zone"
3839873,"assure, nuclear weapon, nuclear weapons, resolution"
3839874,"arms race, outer space, resolution"
3839953,"General Assembly, disarmament, resolution"
3839954,"General Assembly, International Court of Justice, nuclear weapon, resolution, threat"
3839955,"Anti-Personnel Mines, General Assembly, Stockpiling, anti-personnel mines"
3839956,"Cluster Munitions, General Assembly"
3839957,"dialogue, future-oriented dialogue towards a world without nuclear weapons"
3839958,"confidence-building measures, outer space activities"
3839959,"convention on the prohibition of the use of Nuclear Weapon, resolution"
3839960,"Middle East, nuclear proliferation"
3839961,"Mediterranean region, security"
3839962,"Comprehenive Nuclear-Test-Ban Treaty, General Assembly"
3839963,"Palestine refugees, resolution"
3839964,"General Assembly, June 1967, hostilities, resolution"
3839965,"Palestine refugees, resolution"
3839966,"Arabs, Arabs of the Occupied Territories, General Assembly, Human Rights of the Palestinian People and Other Arabs, Israeli Practices, Palestinian People, Special Committee to Investigate Israeli practices, resolution"
3839967,"Israeli settlement, Palestinian Territory, Syrian Golan"
3839968,"East Jerusalem, Occupied Palestinian Territory, Palestinian Territory, resolution"
3839969,"Charter of the United Nations, Non-Self-Governing Territories"
3839970,"Economic and other activities, Non-Self-Governing Territories"
3839971,"Colonial Countries and Peoples, Declaration on the granting of Independence to Colonialization, General Assembly, United Nations, resolution"
3839972,"General Assembly, outer space, resolution"
3839973,"General Assembly, Non Protection, Non-Proliferation of Nuclear Weapon, Nuclear Weapon, Nucleary weapon, non-proliferation, nuclear disarmament obligations, resolution"
3839974,"arms race, outer space, resolution"
3839975,"Syrian Golan, Syrian resolution"
3839976,"conventional arms control, regional and subregional level"
3839977,"Chemical Weapon, General Assembly, convention on the prohibition of the destruction of chemical weapon, destruction, resolution"
3839978,"General Assembly, Nuclear Weapon, Prohibition"
3839979,"General Assembly, resolution, ruclear danger"
3839980,"General Assembly, Humanitarian consequences, nuclear weapon"
3839981,"General Assembly, Nuclear disarmament"
3839982,"disarmament commitments, nuclear-weapon-free world"
3839983,"ethical imperatives, nuclear-weapon-free world"
3839984,"hemisphere, resolution"
3839985,"Arms Trade Treaty, arms trade treaty, resolution"
3839986,"General Assembly, Nuclear Disarmament"
3839987,"General Assembly, disarmament verification, resolution"
3839988,"armament, resolution, transparency"
3839989,"disarmament, multilateralism"
3840115,"Palestinian people, resolution, self-determination"
3840116,"Islamic Republic of Iran, resolution"
3840117,"autonomous Republic of Crimea, human rights, resolution"
3840118,"Syrian Arab Republic, human rights, resolution"
3840119,"General Assembly, World Summit for Social Development, resolution, social development"
3840120,"coercive measures, resolution"
3840121,"General Assembly, development, resolution"
3840122,"equitable geographical distribution, human rights treaty bodies"
3840123,United Nations Human Right Training and Documentation Centre for South-West Asia and the Arab Region
3840124,"democratic and equitable international order, resolution"
3840125,"United Nations High Commissioner for Refugees, resolution"
3840127,"General Assembly, food, resolution"
3840128,"General Assembly, exercise of people to self-determination, mercenaries, resolution, self-determination"
3840129,"Durban Declaration and Programme of Action, General Assembly, concrete action, racial discrimination, related intolerance, xenophobia"
3840130,"General Assembly, neo-Nazism, racial discrimination, racism, xenophobia"
3840131,"General Assembly, Human Right Council"
3840132,"General Assembly, cultural diversity, resolution"
3840211,Agricultural technology
3840212,"Lebanese, oil slick, resolution"
3840213,"Agenda 21, United Nations Conference on Sustainable Development, sustainable development"
3840214,"Commodities, General Assembly"
3840215,"International financial system and development, resolution"
3840216,"General Assembly, International trade and development"
3840217,"economic measures, political and political coercion against developing countries"
3840218,"Harmony with nature, nature"
3840219,"chemical resolution, combating sand and dust storms"
3840220,"United Nations, globalization, interdependence"
3840221,"2030 Agenda for Sustainable Development, rural poverty"
3840222,"International Tea Day, resolution"
3840223,"Arab population, General Assembly, Palestinian people, Syrian Golan, natural resources, resolution"
3841021,"Myanmar, Rohingya Muslims"
3841022,"General Assembly, programme planning, resolution"
3841023,"communications technologies, criminal purposes, resolution"
3846846,"Advisory Committee on Administrative and Budgetary Questions, General Assembly, resolution, rule 155"
3879561,"Africa, conflict, development, durable peace, resolution, sustainable development, sustainable peace"
3879562,"Africa, Africa’s Development, Global Assembly, International support"
3879564,"Abkhazia, Georgia, Tskhinvali region"
3880645,"COVID-19, global health threats, resolution"
3880646,"COVID-19, coronavirus disease"
3889751,"COVID-19, coronavirus disease, resolution"
3893458,"intercultural dialogue, interreligious dialogue"
3893459,"General Assembly, Global Communication, Palestine, department of Global Communications of the Secretariat, information programme"
3893460,"Syrian Golan, Syrian Resolution"
3893461,"Palestine, resolution"
3893462,"Palestinian People, inalienable rights"
3893463,"General Assembly, Palestinian Rights of the Secretariat"
3893734,"Azov, Black Sea, Sea of Azov, Ukraine, autonomous Republic of Crimea, militarization, sea of Azov"
3893776,"Ballistic Missile Proliferation, Hague Code of Conduct"
3893799,"Chemical Weapon, General Assembly, convention on the prohibition of the destruction of chemical weapon, destruction, resolution"
3893802,"conventional arms control, regional and subregional level"
3893803,"Anti Personnel Mines, General Assembly, Stockpiling, antipersonnel mines, resolution"
3893804,"Geneva Protocol, geneva protocol, resolution"
3893805,"disarmament, multilateralism"
3893807,"General Assembly, Humanitarian consequences, nuclear weapon"
3893808,"General Assembly, Nuclear Weapon, Prohibition"
3893809,"armament, depleted uranium, resolution"
3893810,"General Assembly, Nuclear Disarmament"
3893811,"General Assembly, disarmament, resolution"
3893828,"Comprehenive Nuclear-Test-Ban Treaty, General Assembly"
3893833,"Mediterranean region, security"
3893834,"Fortieth anniversary, United Nations Institute for Disarmament Research"
3893835,"Middle East, nuclear proliferation"
3893836,"convention on the prohibition of the use of Nuclear Weapon, resolution"
3893837,"General Assembly, nuclear weapons system, resolution"
3893838,"ethical imperatives, nuclear-weapon-free world"
3893839,"dialogue, future-oriented dialogue towards a world without nuclear weapons"
3893840,"confidence-building measures, outer space activities"
3893841,"General Assembly, International Court of Justice, nuclear weapon, resolution, threat"
3893842,"arms control, arms treaties, disarmament, resolution"
3893843,"disarmament commitments, nuclear-weapon-free world"
3893844,"Cluster Munitions, General Assembly"
3893845,"Arms Trade Treaty, arms trade treaty, resolution"
3893846,"General Assembly, Nuclear disarmament"
3893847,"cyberspace, cyberspace resolution, security"
3893848,"Middle East, nuclear-weapon-free zone"
3893849,"Disarmament, Disarmament Resolution, General Assembly, development and manufacture of new types of weapons, mass destruction, such weapons"
3893850,"assure, nuclear weapon, nuclear weapons, resolution"
3893851,"responsible behaviours, space threats"
3893852,"arms race, outer space, resolution"
3893853,"General Assembly, outer space, resolution"
3893854,"General Assembly, resolution, ruclear danger"
3894180,"Afghanistan, Resolution"
3894258,"Colonialism, General Assembly, International Decade for the Eradication"
3894273,"Palestine Refugees, United Nations Relief and Work Agency"
3894274,"Palestine refugees, resolution"
3894275,"Syrian Golan, Syrian resolution"
3894278,"East Jerusalem, Occupied Palestinian Territory, Palestinian Territory, resolution"
3894279,"Palestine refugees, resolution"
3894280,"Charter of the United Nations, Non-Self-Governing Territories"
3894281,"Israeli settlement, Palestinian Territory, Syrian Golan"
3894283,"Arabs, Arabs of the Occupied Territories, General Assembly, Human Rights of the Palestinian People and Other Arabs, Israeli Practices, Palestinian People, Special Committee to Investigate Israeli practices, resolution"
3894284,"decolonization, resolution"
3894285,"Economic and other activities, Non-Self-Governing Territories"
3894287,"Colonial Countries and Peoples, Declaration on the granting of Independence to Colonialization, General Assembly, United Nations, resolution"
3894323,"Colonial Countries and People, Declaration on the granting of Independence to Colonials and People"
3894511,"global health and foreign policy, healthy system, resilience, resolution"
3894838,"efforts to preven and eliminate violence against women and girls, resolution"
3894839,"General Assembly, World Summit for Social Development, resolution, social development"
3894840,"General Assembly, Human Right Council"
3894841,"General Assembly, neo-Nazism, racial discrimination, racism, xenophobia"
3894842,"United Nations High Commissioner for Refugees, resolution"
3894843,"General Assembly, human rights, peace, resolution, vital requirement"
3894844,"Palestinian people, resolution, self-determination"
3894845,"General Assembly, exercise of people to self-determination, mercenaries, resolution, self-determination"
3894846,"coercive measures, resolution"
3894847,"General Assembly, food, resolution"
3894848,"democratic and equitable international order, resolution"
3894858,"autonomous Republic of Crimea, human rights, resolution"
3894863,"Islamic Republic of Iran, resolution"
3894865,"Syrian Arab Republic, human rights, resolution"
3894866,"death penalty, resolution"
3894868,"extrajudicial execution, resolution"
3894869,"General Assembly, development, resolution"
3895363,"Agenda 21, Sustainable Development, consumption, production pattern, sustainable development"
3895364,"General Assembly, entrepreneurship, sustainable development"
3895365,"International financial system and development, resolution"
3895366,"Lebanese, oil slick, resolution"
3895367,"General Assembly, International trade and development"
3895466,"Arab population, General Assembly, Palestinian people, Syrian Golan, natural resources, resolution"
3895469,"chemical resolution, combating sand and dust storms"
3895470,"general Assembly, general economic order, resolution"
3895472,"2030 Agenda for Sustainable Development, rural poverty"
3895473,International migration and development resolution
3895476,"United Nations System, operational activities"
3896178,"Lebanon, United Nations Interim Force"
3896179,"2021, programme budget, resolution"
3896180,"information and telecommunications, security"
3896181,"Myanmar, Rohingya Muslims"
3896182,"General Assembly, law of the sea, resolution"
3896183,"Durban Declaration and Programme of Action, General Assembly, concrete action, discrimination, racial discrimination, related intolerance, xenophobia"
3897076,"appropriations for the year 2021, financing, resolution"
3897077,"budget appropriations, budget resolution"
3897078,"income estimates, resolution"
3902234,"HIV-AIDS resolution, HIV/AIDS, HIV/Aids"
3903150,"chemical weapons, prohibition"
3926467,"cleansing, crimes against humanity, ethnic cleansing, genocide, resolution, war crime"
3928346,"AIDS, HIV, HIV and AIDS, end AIDS, ending inequalities, resolution"
3929264,"Abkhazia, Georgia, Tskhinvali region"
3929594,"Myanmar, resolution"
3929865,"Cuba, United States of America against Cuba, economic embargo, economy"
3930118,"2030 Agenda for Sustainable Development, Economic and Social Council, General Assembly, General Assembly resolution 72/305, Global Level Political Forum, High-Level Political Forum on Sustainable Development, resolution"
3930612,"Lebanon, United Nations Interim Force"
3949878,"Syrian Golan, Syrian Resolution"
3949881,"Palestine, resolution"
3949882,"Jerusalem, resolution"
3950466,"General Assembly, Nuclear-Weapon-Free World"
3950467,"Arms Trade Treaty, arms trade treaty, resolution"
3950468,"Fissile Material, Nuclear Weapon"
3950469,"Cluster Munitions, General Assembly"
3950470,"Mediterranean region, security"
3950471,"General Assembly, International Court of Justice, nuclear weapon, resolution, threat"
3950472,"dialogue, future-oriented dialogue towards a world without nuclear weapons"
3950473,"convention on the prohibition of the use of Nuclear Weapon, resolution"
3950474,"Middle East, nuclear proliferation"
3950475,"Comprehenive Nuclear-Test-Ban Treaty, General Assembly"
3950476,"General Assembly, Nuclear disarmament"
3950477,"hemisphere, resolution"
3950561,"General Assembly, Nuclear Disarmament"
3950562,"disarmament, multilateralism"
3950563,"conventional arms control, regional and subregional level"
3950564,"General Assembly, Humanitarian consequences, nuclear weapon"
3950565,"General Assembly, Non Protection, Non-Proliferation of Nuclear Weapon, Nuclear Weapon, Nucleary weapon, non-proliferation, nuclear disarmament obligations, resolution"
3950566,"arms limitation, commitments, non-proliferation agreements"
3950567,"General Assembly, Nuclear Weapon, Prohibition"
3950568,"ethical imperatives, nuclear-weapon-free world"
3950569,"Anti-Personnel Mines, General Assembly, Stockpiling, anti-personnel mines"
3950570,"General Assembly, resolution, ruclear danger"
3950571,"Chemical Weapon, General Assembly, convention on the prohibition of the destruction of chemical weapon, destruction, resolution"
3950572,"Middle East, nuclear-weapon-free zone"
3950573,"assure, nuclear weapon, nuclear weapons, resolution"
3950574,"General Assembly, outer space, resolution"
3950575,"Declaration of the Indian Ocean as a Zone of Peace, Indian Ocean"
3950576,"disarmament commitments, nuclear-weapon-free world"
3950786,"intercultural dialogue, interreligious dialogue"
3950789,"Azov, Black Sea, Sea of Azov, Ukraine, autonomous Republic of Crimea, militarization, sea of Azov"
3950793,"Charter of the United Nations, General Assembly, Non-Self- Governing Territories"
3950795,"Economic and other activities, Non-Self-Governing Territories"
3950796,"Colonial Countries and Peoples, Declaration on the granting of Independence to Colonialization, General Assembly, United Nations, resolution"
3950798,"Israeli settlement, Palestinian Territory, Syrian Golan"
3950799,"Syrian Golan, Syrian resolution"
3950802,"Palestine refugees, resolution"
3950806,"Arabs, Arabs of the Occupied Territories, General Assembly, Human Rights of the Palestinian People and Other Arabs, Israeli Practices, Palestinian People, Special Committee to Investigate Israeli practices, resolution"
3950868,"Palestine refugees, resolution"
3950870,"Palestine Refugees, United Nations Relief and Work Agency"
3950871,"decolonization, resolution"
3950872,"Colonial Countries and People, Declaration on the granting of Independence to Colonials and People"
3951456,"COVID-19, coronavirus disease, resolution, vaccines"
3951457,"Islamic Republic of Iran, resolution"
3951458,"Ukraine, autonomous Republic of Crimea, civilization, human rights, resolution, the city of Sevastopol"
3951459,"General Assembly, cultural diversity, resolution"
3951460,"General Assembly, development, resolution"
3951461,"democratic and equitable international order, resolution"
3951462,"General Assembly, food, resolution"
3951463,United Nations Human Right Training and Documentation Centre for South-West Asia and the Arab Region
3951464,"equitable geographical distribution, human rights treaty bodies"
3951465,"coercive measures, resolution"
3951466,"General Assembly, neo-Nazism, racial discrimination, racism, xenophobia"
3951467,"Palestinian people, resolution, self-determination"
3951468,"General Assembly, exercise of people to self-determination, mercenaries, resolution, self-determination"
3951469,"United Nations High Commissioner for Refugees, resolution"
3951470,"General Assembly, Human Right Council"
3951471,"General Assembly, World Summit for Social Development, resolution, social development"
3951510,"economic measures, political and political coercion against developing countries"
3951511,"International financial system and development, resolution"
3951513,"General Assembly, International trade and development"
3951514,"Arab population, General Assembly, Palestinian people, Syrian Golan, natural resources, resolution"
3951515,"Lebanese, oil slick, resolution"
3951516,"chemical resolution, combating sand and dust storms"
3951518,"2030 Agenda for Sustainable Development, rural poverty"
3951519,"Commodities, General Assembly"
3951523,Agricultural technology
3952165,"General Assembly, programme budget, resolution"
3952166,"accumulation, conventional ammunition stockpiles"
3952167,"international security, resolution"
3952168,"arms race, outer space, resolution"
3952169,"Syrian Arab Republic, human rights, resolution"
3952170,"responsible behaviours, space threats"
3952171,"Durban Declaration and Programme of Action, General Assembly, concrete action, discrimination, racial discrimination, related intolerance, xenophobia"
3954788,"General Assembly, law of the sea, resolution"
3959039,"Aggression against Ukraine, Ukraine"
3965954,"aggression against Ukraine, resolution"
3967778,"Human Rights Council, Russian Federation"
3976352,"Abkhazia, Georgia, Tskhinvali region"
3979135,"Lebanon, United Nations Interim Force"
3982659,"General Assembly, human right to a clean, sustainable environment"
3990400,"Territorial integrity of Ukraine, Ukraine"
3993232,"Cuba, United States of America against Cuba, economic embargo, economy"
3993873,"Afghanistan, Resolution"
3994052,"aggression against Ukraine, resolution"
3995020,"Collective Security Treaty Organization, United Nations"
3995021,"Central European Initiative, Cooperation between the United Nations"
3996092,"General Assembly, Global Communication, Palestine, department of Global Communications of the Secretariat, information programme"
3996093,"Palestine, resolution"
3996094,"Syrian Golan, Syrian Resolution"
3996095,"General Assembly, Palestinian Rights of the Secretariat"
3996096,"Palestinian People, inalienable rights"
3996836,"international security, resolution"
3996837,"Middle East, nuclear proliferation"
3996838,"Mediterranean region, security"
3996839,"Comprehenive Nuclear-Test-Ban Treaty, General Assembly"
3996881,"General Assembly, Non Protection, Non-Proliferation of Nuclear Weapon, Nuclear Weapon"
3996894,"General Assembly, Nuclear disarmament"
3996895,"ethical imperatives, nuclear-weapon-free world"
3996896,"Anti-Personnel Mines, General Assembly, Stockpiling, anti-personnel mines"
3996897,"fissile material, nuclear weapon"
3996898,"Arms Trade Treaty, arms trade treaty, resolution"
3996899,"armament, resolution, transparency"
3996900,"conventional arms control, regional and subregional level"
3996901,"General Assembly, International Court of Justice, nuclear weapon, resolution, threat"
3996902,"Ballistic Missile Proliferation, Hague Code of Conduct"
3996903,"General Assembly, Humanitarian consequences, nuclear weapon"
3996904,"Chemical Weapon, General Assembly, convention on the prohibition of the destruction of chemical weapon, destruction, resolution"
3996905,"General Assembly, Nuclear Weapon, Prohibition"
3996906,"Geneva Protocol, geneva protocol, resolution"
3996907,"General Assembly, resolution, ruclear danger"
3996908,"armament, depleted uranium, resolution"
3996909,"common road map, nuclear weapons"
3996910,"General Assembly, nuclear disarmament"
3996911,"acquisition, radioactive sources, resolution"
3996912,"disarmament, multilateralism"
3996913,"General Assembly, outer space, resolution"
3996914,"arms control, arms treaties, disarmament, resolution"
3996915,destructive direct-ascent anti-satellite missile testing
3996916,"assure, nuclear weapon, nuclear weapons, resolution"
3996917,"Cluster Munitions, General Assembly"
3996918,"Middle East, nuclear-weapon-free zone"
3996919,"General Assembly, information and communications technologies, responsible State behaviour, security"
3996920,"convention on the prohibition of the use of Nuclear Weapon, resolution"
3996921,"information and telecommunications, security"
3997044,"Disarmament Resolution, General Assembly"
3997179,"Charter of the United Nations, Non-Self-Governing Territories"
3997180,"Israeli settlement, Palestinian Territory, Syrian Golan"
3997230,"Colonial Countries and Peoples, Declaration on the granting of Independence to Colonialization, General Assembly, United Nations, resolution"
3997231,"Economic and other activities, Non-Self-Governing Territories"
3997232,"Syrian Golan, Syrian resolution"
3997233,"Palestine refugees, resolution"
3997234,"Palestine refugees, resolution"
3997235,"Palestine Refugees, United Nations Relief and Work Agency"
3997237,"Colonial Countries and People, Declaration on the granting of Independence to Colonials and People"
3997238,"decolonization, resolution"
3997573,"General Assembly, entrepreneurship, sustainable development"
3997574,"Lebanese, oil slick, resolution"
3997612,"United Nations, globalization, interdependence"
3997619,"general Assembly, general economic order, resolution"
3997625,"chemical resolution, combating sand and dust storms"
3997632,"2030 Agenda for Sustainable Development, rural poverty"
3997638,"Arab population, General Assembly, Palestinian people, Syrian Golan, natural resources, resolution"
3997709,"addressing, drug problem, resolution"
3997710,"Syrian Arab Republic, human rights, resolution"
3997713,"Ukraine, autonomous Republic of Crimea, civilization, human rights, resolution, the city of Sevastopol"
3997720,"Islamic Republic of Iran, resolution"
3997726,"death penalty, resolution"
3997731,"extrajudicial execution, resolution"
3997738,"General Assembly, human rights, peace, resolution, vital requirement"
3997741,"democratic and equitable international order, resolution"
3997744,"coercive measures, resolution"
3997748,"General Assembly, development, resolution"
3997749,"Palestinian people, resolution, self-determination"
3997750,"General Assembly, exercise of people to self-determination, mercenaries, resolution, self-determination"
3997760,"Durban Declaration and Programme of Action, General Assembly, concrete action, discrimination, racial discrimination, related intolerance, xenophobia"
3997769,"General Assembly, neo-Nazism, racial discrimination, racism, xenophobia"
3997770,"General Assembly, gender social norms, gender stereotypes, girls, violence, women and girls"
3997771,"General Assembly, Human Right Council"
3998306,"International Day for the Prevention of Violent Extremism, Terrorism"
3999151,"General Assembly, programme budget, resolution"
3999153,"arms race, outer space, resolution"
3999158,"East Jerusalem, Occupied Palestinian Territory, Palestinian Territory, resolution"
3999186,"law of the Sea, resolution"
4003689,"chemical weapons, prohibition"
4003921,"Charter of the United Nations, Ukraine, resolution, underlying a comprehensive peace in Ukraine"
4009707,Cooperation between the United Nations and the Council of Europe
4014141,"Missing Persons, Syrian Arab Republic"
4014142,"Lebanon, United Nations Interim Force"
4014190,"Abkhazia, Georgia, Tskhinvali region"
4016932,"Conservation and Sustainable Use of Marine Biological Diversity of Areas, General Assembly, National Jurisdiction, United Nations Convention on the Law of the Sea on the Conservation and Sustainable Use of Marine Biological Diversity of Areas"
4020262,"Cooperation between the United Nations, Shanghai Cooperation Organization"
4025240,"General Assembly, civilians, legal and humanitarian obligations, resolution"
4025656,"International Criminal Court, resolution"
4025763,"Cuba, United States of America against Cuba, economic embargo, economy"
4027907,"Olympic ideal, resolution, sport"
4028491,"Syrian Golan, Syrian Resolution"
4029001,"Cluster Munitions, General Assembly"
4029002,"General Assembly, International Court of Justice, nuclear weapon, resolution, threat"
4029003,"General Assembly, Humanitarian consequences, nuclear weapon"
4029004,"General Assembly, Nuclear Weapon, Prohibition"
4029005,"conventional arms control, regional and subregional level"
4029006,"common roadmap, nuclear weapons"
4029007,"ethical imperatives, nuclear-weapon-free world"
4029008,"disarmament commitments, nuclear disormaments"
4029009,"General Assembly, resolution, ruclear danger"
4029010,"Anti-Personnel Mines, General Assembly, Stockpiling, anti-personnel mines"
4029011,conventional ammunition management
4029012,"Arms Trade Treaty, arms trade treaty, resolution"
4029013,"hemisphere, resolution"
4029014,"diagnostics, radiological weapon, resolution"
4029015,"General Assembly, Nuclear disarmament"
4029016,"convention on the prohibition of the use of Nuclear Weapon, resolution"
4029017,"Middle East, nuclear proliferation"
4029018,"Mediterranean region, security"
4029019,"Comprehenive Nuclear-Test-Ban Treaty, General Assembly"
4029020,"Fissile Material, Nuclear Weapon"
4029220,"Middle East, nuclear-weapon-free zone"
4029221,"disarmament, multilateralism"
4029222,"General Assembly, Nuclear Disarmament"
4029223,"Declaration of the Indian Ocean as a Zone of Peace, Indian Ocean"
4029224,"Chemical Weapon, General Assembly, convention on the prohibition of the destruction of chemical weapon, destruction, resolution"
4029225,"responsible behaviours, space threats"
4029226,"General Assembly, Non Protection, Non-Proliferation of Nuclear Weapon, Nuclear Weapon, Nucleary weapon, non-proliferation, nuclear disarmament obligations, resolution"
4029227,"Disarmament, Disarmament Resolution, General Assembly, development and manufacture of new types of weapons, mass destruction, such weapons"
4029228,"assure, nuclear weapon, nuclear weapons, resolution"
4029229,"General Assembly, outer space, resolution"
4029230,"General Assembly, information and communications technologies, responsible State behaviour, security"
4029432,"General Assembly, law of the sea, resolution"
4029433,"Israeli settlement, Palestinian Territory, Syrian Golan"
4029434,"Colonial Countries and Peoples, Declaration on the granting of Independence to Colonialization, General Assembly, United Nations, resolution"
4029435,"Palestine Refugees, United Nations Relief and Work Agency"
4029436,"decolonization, resolution"
4029437,"Palestine refugees, resolution"
4029438,"Charter of the United Nations, Non-Self-Governing Territories"
4029439,"Palestine refugees, resolution"
4029440,"Syrian Golan, Syrian resolution"
4029441,"Colonial Countries and People, Declaration on the granting of Independence to Colonials and People"
4029442,"Arabs, Arabs of the Occupied Territories, General Assembly, Human Rights of the Palestinian People and Other Arabs, Israeli Practices, Palestinian People, Special Committee to Investigate Israeli practices, resolution"
4029443,"Economic and other activities, Non-Self-Governing Territories"
4029732,"General Assembly, civilians, legal and humanitarian obligations, resolution"
4030698,"General Assembly, development, resolution"
4030699,"coercive measures, resolution"
4030700,"General Assembly, cultural diversity, resolution"
4030701,"equitable geographical distribution, human rights treaty bodies"
4030702,"democratic and equitable international order, resolution"
4030703,"Palestinian people, resolution, self-determination"
4030704,"General Assembly, exercise of people to self-determination, mercenaries, resolution, self-determination"
4030705,"General Assembly, neo-Nazism, racial discrimination, racism, xenophobia"
4030708,"General Assembly, Human Right Council"
4030709,"United Nations High Commissioner for Refugees, enlargement, resolution"
4030710,"United Nations High Commissioner for Refugees, enlargement, resolution"
4030711,Agricultural technology
4030712,"Lebanese, oil slick, resolution"
4030713,"economic measures, political and political coercion against developing countries"
4030714,"Syrian Arab Republic, human rights, resolution"
4030715,"Autonomous Republic of Crimea, General Assembly, autonomous Republic of Crimea, autonomous city of Sevastopol, human rights, resolution"
4030716,"Islamic Republic of Iran, resolution"
4030717,United Nations Human Right Training and Documentation Centre for South-West Asia and the Arab Region
4030718,"General Assembly, United Nations, democratization, genuine elections, periodic elections, resolution"
4030928,"General Assembly, gender equality, sustainable development"
4031002,"United Nations, international tax cooperation"
4031003,"Palestine refugees, programme budget, resolution"
4031004,"autonomous weapon system, resolution"
4031005,"General Assembly, Member States, environmental remediation, nuclear weapon, nuclear weapons, resolution, testing, victim assistance"
4031006,"General Assembly, disarmament verification, resolution"
4031007,"arms race, outer space, resolution"
4031008,"information and telecommunications, security"
4031009,"Durban Declaration and Programme of Action, General Assembly, concrete action, discrimination, racial discrimination, related intolerance, xenophobia"
4031236,"Arab population, General Assembly, Palestinian people, Syrian Golan, natural resources, resolution"
4031240,"chemical resolution, combating sand and dust storms"
4031242,"2030 Agenda for Sustainable Development, rural poverty"
4040686,"Islamophobia, combat, resolution"
4045077,Independent Institution on Missing Persons in the Syrian Arab Republic
4045078,"Conservation and Sustainable Use of Marine Biological Diversity of Areas, General Assembly, National Jurisdiction, United Nations Convention on the Law of the Sea on the Conservation and Sustainable Use of Marine Biological Diversity of Areas"
4046991,"United Nations, admission of new Members, resolution"
4048673,International Day of Reflection and Commemoration of the 1995 Genocide in Srebrenica
4050309,"Abkhazia, Georgia, Tskhinvali region"
4053203,"Lebanon, United Nations Interim Force"
4053933,"Ukraine, security"
4061432,"East Jerusalem, International Court of Justice, Israel, Israel’s policies and practices, Occupied Palestinian Territory, Palestinian Territory, resolution"
4064867,"International Criminal Court, resolution"
4064910,"Cuba, United States of America against Cuba, economic embargo, economy"
4066401,"Collective Security Treaty Organization, United Nations"
4067944,"Geneva Protocol, geneva protocol, resolution"
4067945,"assure, nuclear weapon, nuclear weapons, resolution"
4067946,"disarmament commitments, nuclear-weapon-free world"
4067947,"acquisition, radioactive sources, resolution"
4067948,"ethical imperatives, nuclear-weapon-free world"
4067949,"General Assembly, Member States, environmental remediation, nuclear weapon, nuclear weapons, resolution, victim assistance"
4067950,"General Assembly, International Court of Justice, nuclear weapon, resolution, threat"
4067951,"General Assembly, Humanitarian consequences, nuclear weapon"
4067952,"General Assembly, Nuclear-Weapon-Free World"
4067953,"Comprehenive Nuclear-Test-Ban Treaty, General Assembly"
4067954,"arms race, outer space, resolution"
4067956,"conventional arms control, regional and subregional level"
4067957,"convention on the prohibition of the use of Nuclear Weapon, resolution"
4067958,"Arms Trade Treaty, arms trade treaty, resolution"
4067959,"General Assembly, Nuclear disarmament"
4067960,"responsible behaviours, space threats"
4067961,"Middle East, nuclear proliferation"
4067962,conventional ammunition management
4068136,"Syrian Golan, Syrian Resolution"
4068137,"General Assembly, Palestinian Rights of the Secretariat"
4068138,"Palestine, resolution"
4068170,"Palestine refugees, resolution"
4068172,"Economic and other activities, Non-Self-Governing Territories"
4068173,"Colonial Countries and Peoples, Declaration on the granting of Independence to Colonialization, General Assembly, United Nations, resolution"
4068174,"Palestine refugees, resolution"
4068175,"Charter of the United Nations, Non-Self-Governing Territories"
4068176,"decolonization, resolution"
4068177,"General Assembly, colonialism, independence, resolution"
4068178,"Syrian Golan, Syrian resolution"
4068179,"Colonial Countries and People, Declaration on the granting of Independence to Colonials and People"
4068181,"Israeli settlement, Palestinian Territory, Syrian Golan"
4068497,"autonomous weapon system, resolution"
4068498,"arms control, arms treaties, disarmament, resolution"
4068499,"Cluster Munitions, General Assembly"
4068500,"Chemical Weapon, General Assembly, convention on the prohibition of the destruction of chemical weapon, destruction, resolution"
4068501,"armament, depleted uranium, resolution"
4068502,"General Assembly, Nuclear Disarmament"
4068503,"disarmament, multilateralism"
4068504,"common roadmap, nuclear weapons"
4068505,"General Assembly, Nuclear Weapon, Prohibition"
4068506,"Anti-Personnel Mines, General Assembly, Stockpiling, anti-personnel mines"
4068507,"General Assembly, resolution, ruclear danger"
4068508,"Ballistic Missile Proliferation, Hague Code of Conduct"
4068509,"General Assembly, outer space, resolution"
4068510,"Middle East, nuclear-weapon-free zone"
4068511,Cooperation between the United Nations and the Central European Initiative
4068512,"chemical weapons, prohibition"
4068916,"Mediterranean region, security"
4068917,"International Security, International Security Resolution, Peaceful Uses"
4069197,"Gaza, ceasefire, resolution"
4069198,"Palestine Refugees, Palestine Refugees in the Near East, United Nations Relief and Work Agency"
4069200,"mass destruction, outer space, resolution"
4069373,"General Assembly, law of the sea, resolution"
4069721,"digital environment, violence, women and girls"
4069722,"General Assembly, Human Right Council"
4069723,"General Assembly, neo-Nazism, racial discrimination, racism, xenophobia"
4069724,"Durban Declaration and Programme of Action, General Assembly, concrete action, discrimination, racial discrimination, related intolerance, xenophobia"
4069725,"General Assembly, exercise of people to self-determination, mercenaries, resolution, self-determination"
4069726,"Palestinian people, resolution, self-determination"
4069727,"coercive measures, resolution"
4069728,"democratic and equitable international order, resolution"
4069729,"General Assembly, human rights, peace, resolution, vital requirement"
4069730,"General Assembly, development, resolution"
4069731,"extrajudicial execution, resolution"
4069732,"death penalty, resolution"
4069733,"Islamic Republic of Iran, resolution"
4069734,"Autonomous Republic of Crimea, General Assembly, autonomous Republic of Crimea, autonomous city of Sevastopol, human rights, resolution"
4069735,"Syrian Arab Republic, human rights, resolution"
4069876,"General Assembly, International trade and development"
4069877,"Lebanese, oil slick, resolution"
4069878,"General Assembly, entrepreneurship, sustainable development"
4069879,"general Assembly, general economic order, resolution"
4069880,"United Nations, globalization, interdependence"
4069881,"2030 Agenda for Sustainable Development, rural poverty"
4069882,"Arab population, General Assembly, Palestinian people, Syrian Golan, natural resources, resolution"
4069883,"General Assembly, International Court of Justice, Israel, United Nations, United States, activities of Israel, obligations of Israel, resolution"
4070016,"United Nations, international tax cooperation"
4070017,"General Assembly, Nuclear war effects, scientific research"
4070018,"artificial intelligence, military domain, security"
4070037,"question of nuclear-weapon-free zones, resolution"
4070039,"General Assembly, Nuclear Disarmament Verification"
4070464,"United Nations, apportionment of the expenses of the United States"
4070472,"Palestine refugees, programme budget, resolution"
4076672,"Ukraine, comprehension, just and lasting peace"
4076673,"General Assembly, peace, resolution"
4078354,"democracy, democracy education"
4078355,"International Day for Judicial Well-being, judicial well being"
4078357,International Day of Peaceful Coexistence
4078358,"International Day of Hope, World War II"
4079240,"General Assembly, United Nations Decade of Action on Nutrition"
4079241,"Myanmar, Rohingya Muslims"
4080624,Cooperation between the United Nations and the Council of Europe
4080625,"Sustainable Forest Management, United Nations Decade for Afforestation and Reforestation"
4081135,"General Assembly, ethinking health promotion, foreign policy, path towards, transformative path towards, well-being"
4082671,"Association of Southeast Asian Nations, Cooperation between the United Nations"
4082960,"World Horse Day, resolution"
4083048,"Abkhazia, Georgia, Tskhinvali region"
4083529,"General Assembly, civilians, legal and humanitarian obligations, resolution"
4083624,"International Day, International Day against Unilateral Coercive Measures"
4084391,"countering hate speech, intercultural dialogue, interreligious dialogue"
4084392,"Mother Earth, Wiphala, harmony"
4084393,"General Assembly, United for Urgent Action"
4084394,"General Assembly, trafficking, wildlife"
4084395,"Lebanon, United Nations Interim Force"
4084801,"Afghanistan, Resolution"
4085849,"Inter-Parliamentary Union, interaction"
4085850,"Culture of Peace, General Assembly"
4087202,"General Assembly, Savilla Commitment"
4087205,Cooperation between the United Nations and the Commonwealth of Independent States
4087776,"African Union, United Nations"
4087777,Cooperation between the United Nations and the Economic Cooperation Organization
4087778,"International Organization of La Francophonie, International Organizations of la Francophonies, United Nations"
4087780,"Cooperation between the United Nations, Shanghai Cooperation Organization"
4087781,"High-Level Meeting on Pandemic Prevention, pandemic prevention"
4087782,"Sustainable Development Goal, technological change"
4088074,"General Assembly, New York Declaration on the Question of Palestine and the Implementation of the Two-State Solution"
4088513,"Palestine, Participation"
4091600,"Cuba, General Assembly, economic embargo, economy"
4092605,"International Criminal Court, resolution"
4092872,"International Atomic Energy Agency, atomic energy, resolution"
4093827,"International Day of the World’ Indigenous Women and Girls, Women and Women, Women’s Women and Girl, World’ Independence"
4094436,"Middle East, nuclear proliferation"
4094437,"Comprehenive Nuclear-Test-Ban Treaty, General Assembly"
4094438,"Mediterranean region, security"
4094439,"Disarmament Commission, General Assembly"
4094440,"Disarmament Resolution, General Assembly"
4094443,"Central Africa, General Assembly, United Nations Standing Advisory Committee on Security Questions, confidence-building measures"
4094447,"convention on the prohibition of the use of Nuclear Weapon, resolution"
4094455,"artificial intelligence, military domain, security"
4094456,"autonomous weapon system, resolution"
4094459,"environmental remediation, resolution, victim assistance"
4094461,"disarmament, non-proliferation, youth"
4094477,"General Assembly, Nuclear Weapon, Prohibition"
4094478,"General Assembly, Nuclear Disarmament Verification"
4094479,"Cluster Munitions, General Assembly"
4094480,"ethical imperatives, nuclear-weapon-free world"
4094481,"General Assembly, Humanitarian consequences, nuclear weapon"
4094482,"General Assembly, Nuclear Disarmament"
4094483,"common roadmap, nuclear weapons"
4094484,"Arms Trade Treaty, arms trade treaty, resolution"
4094485,"Non Protection, Non-Proliferation of Nuclear Weapon, non-proliferation, nuclear disarmament obligations"
4094565,"Palestine, resolution"
4094566,"Syrian Golan, Syrian Resolution"
4094642,"confidence-building measures, outer space activities"
4094643,"Ukrainian children, resolution"
4094645,"agreement on disarmament and arms control, environmental norms"
4094646,"General Assembly, International Court of Justice, nuclear weapon, resolution, threat"
4094647,"convention on the prohibition of the destruction of chemical weapon, destruction, resolution"
4094649,"Anti-Personnel Mines, Stockpiling, destruction, resolution"
4094650,"General Assembly, resolution, ruclear danger"
4094651,"disarmament commitments, nuclear-weapon-free world"
4094652,"disarmament, multilateralism"
4094654,conventional ammunition management
4094655,"Declaration of the Indian Ocean as a Zone of Peace, Indian Ocean"
4094657,"Middle East, nuclear-weapon-free zone"
4094658,"General Assembly, assure, nuclear weapons, resolution"
4094661,"arms race, outer space, resolution"
4094663,"General Assembly, outer space, resolution"
4094664,"arms race, outer space, resolution"
4094665,"General Assembly, artificial intelligence, nuclear weapons"
4094666,"General Assembly, Nuclear disarmament"
4094667,"development, disarmament, resolution"
4094669,"armament, resolution, transparency"
4094670,"conventional arms control, regional and subregional level"
4094672,"hemisphere, resolution"
4095053,"General Assembly, mine action, resolution"
4095054,Colonialism in All Its Form and Manifestations
4095055,"Colonial Countries and People, Declaration on the granting of Independence to Colonials and People"
4095056,"decolonization, resolution"
4095057,"United States Virgin Island, resolution"
4095058,"Guam, general Assembly, resolution"
4095059,"American Samoa, resolution"
4095061,"Colonial Countries and Peoples, Declaration on the granting of Independence to Colonialization, United Nations, international nstitutions, resolution"
4095062,"Economic and other activities, Non-Self-Governing Territories"
4095064,"Charter of the United Nations, Non-Self-Governing Territories"
4095065,"United Nations, global communications"
4095066,"General Assembly, humanity, resolution"
4095067,"General Assembly, general political mission, general resolution"
4095068,"Syrian Golan, Syrian resolution"
4095069,"Israeli settlement, Palestinian Territory, Syrian Golan"
4095071,"General Assembly, Human Rights of the Palestinian People and Other Arabs, Israeli Practices, Occupied Territories, Special Committee to Investigate Israeli practices"
4095072,"Palestine refugees, resolution"
4095073,"Palestine refugees, resolution"
4095074,"Palestine Refugees, United Nations Relief and Work Agency"
4095075,"cooperation, outer space, resolution"
4095193,"United Nations Conference, marine resources, sustainable development"
4095194,"General Assembly, law of the sea, resolution"
4095196,"Biological Diversity of Areas, National Jurisdiction, United Nations Convention on the Law of the Sea on the Conservation and Sustainable Use of Marine Biological Diversity of Areas"
4095321,"Chornobyl disaster, General Assembly, international cooperation, resolution"
4095325,"United Nations personnel, security"
4095326,"humanitarian assistance, natural disasters, resolution"
4095497,"General Assembly, International Court of Justice on the Obligations of Israel, Occupied Palestinian Territory, United Nations, resolution"
4095629,"General Assembly, Human Right Council"
4095630,"General Assembly, child, resolution"
4095631,"indigenous people, resolution"
4095632,"intolerance, neo-Nazism, racial discrimination, racism, resolution"
4095633,"Durban Declaration and Programme of Action, General Assembly, concrete action, racial discrimination, related intolerance"
4095634,"General Assembly, elf-determination, mercenaries, resolution, self-determination"
4095635,"Palestinian people, resolution, self-determination"
4095636,"degradation, inhuman treatment, punishment, resolution"
4095637,"COVID-19, coronavirus disease, homelessness"
4095638,"disease, families, resolution"
4095639,"albinism, resolution"
4095640,"General Assembly, World Summit for Social Development, general association, resolution, social development"
4095641,"General Assembly, resolution, youth"
4095642,"integration, social inclusion"
4095643,"Cooperatives in organizational development, economy"
4095644,"girls, rural areas, women"
4095645,"migrant workers, women migrants"
4095646,"Beijing Declaration and Platform for Action, General Assembly, beijing declaration and plaform for action, the 4th World Conference on Women"
4095647,"United Nations High Commissioner for Refugees, resolution"
4095648,"Africa, refugees, resolution, returnees"
4095649,"Information and communications technologie, Sustainable development"
4095650,Consumer product afety
4095651,"economic measures, political and political coercion against developing countries"
4095653,"General Assembly, International trade and development"
4095654,"International financial system and development, resolution"
4095656,"external debt sustainability, sustainable development"
4095657,"Commodities, General Assembly"
4095658,"financial nclusion, sustainable development"
4095659,"General Assembly, financial flows, international cooperation, resolution, sustainable development"
4095660,"General Assembly, investment, sustainable development"
4095661,"United Nations, international tax cooperation"
4095662,"International Conference on Finance for Development, International Conference on Financing for Development"
4095663,"Lebanese, oil slick, resolution"
4095664,"driving sustainable development, resolution"
4095666,"Dominican Republic, sustainable development"
4095668,"Agenda 21, General Assembly, consumption, production pattern, resolution, sustainable development"
4095670,"Antigua Agenda for Small Island Developing States, Barbuda Agenda, General Assembly, Resilient Prosperity, resolution"
4095671,"disaster risk reduction, disease risk, resolution"
4095673,"General Assembly, Mental Health and Well-being, Noncommunicable Disease"
4095700,3rd United Nations Decade for the Eradication of Poverty
4095701,"2030 Agenda for Sustainable Development, rural poverty"
4095702,"United Nations System, operational activities, resolution"
4095703,"South-South cooperation, resolution"
4095704,"Agriculture development, food security, nutrition"
4095705,"Arab population, Palestinian people, Syrian Golan, Syrian natural resources"
4095750,"Africa, General Assembly, United Nations Convention to Combat Desertification, resolution"
4095751,"global climate, humankind, resolution"
4095752,"care economy, sustainable development"
4095753,"3rd United Nations Conference on Landlocked Developing Countries, landlocked development countries"
4095754,United Nations Conference on the Least Developed Countries
4095755,"Development cooperation, middle-income countries"
4095756,"Culture, Culture and sustainable development"
4095757,"innovation, sustainable development"
4095758,Multidimensional Vulnerability Index
4095759,"cooperation, integrated coastal zone management, sustainable development"
4095760,"General Assembly, mountain development"
4095761,"chemical resolution, combating sand and dust storms"
4095762,"energy, reliability, resolution, sustainable energy"
4095763,"education, sustainable development"
4095764,"biological development, convention on biological diversity, resolution"
4095835,Agricultural technology
4095836,United Nations Decade of Sustainable Transport 2026-2035
4095921,"General Assembly, convention on the rights of persons with Disabilities, optional protocol thereto, resolution"
4096553,"United Nations, human rights, impartiality, non-selectivity, resolution"
4096554,"cooperation, human rights, resolution"
4096555,"General Assembly, cultural diversity, resolution"
4096556,"equitable geographical distribution, human rights treaty bodies"
4096557,"General Assembly, development, resolution"
4096558,"democratic and equitable international order, resolution"
4096559,"coercive measures, resolution"
4096560,"General Assembly, food, resolution"
4096561,"General Assembly, internally diplaced persons, resolution"
4096562,"Central Africa, Human Rights and Democracy"
4096563,"General Assembly, human rights, resolution"
4096564,"National human ights institutions, resolution"
4096565,"digital technologies, human rights, resolution"
4096566,"drinking water, sanitation"
4096567,"General Assembly, migrants, resolution"
4096568,"Islamic Republic of Iran, resolution"
4096569,"assembly, autonomous Republic of Crimea, human rights, resolution"
4096570,"Syrian Arab Republic, human rights, resolution"
4096571,"coordination of efforts against trafficking in persons, resolution"
4096575,"Declaration on the Right of Persons Belonging to National and Ethnic Minorities, General Assembly, resolution"
