Original_ID,Geopolitical,Thematic,Action
278340,Kampuchea,,
278341,Grenada,,
278342,Israel;Iraq,Nuclear installations;Nuclear energy;Non-proliferation of nuclear weapons;International peace and security,Aggression
278343,South Africa,Racial Constitution,Proposal
278344,Falkland Islands;Malvinas,,
278639,Comorian island of Mayotte,,
278640,colonial countries;peoples,right of peoples to self-determination;independence;human rights,realization;granting;guarantee;observance
278641,,International Convention on the Suppression and Punishment of the Crime of Apartheid,Suppression; Punishment
278642,,Social change;Economic change;Social progress,Achievement
278643,Afghanistan,International peace;International security,
278644,countries of origin,cultural property,return; restitution
278645,,United Nations Disengagement Observer Force,Financing
278646,United Nations Disengagement Observer Force,Financing,
278647,Namibia;South Africa,Illegal occupation;Territory,
278648,,Security Council resolution 435,Implementation
278649,Namibia,Programme of work,
278651,Namibia,Dissemination of information; Mobilization of international public opinion,Support
278652,Namibia,,Fund
278653,Lebanon,United Nations Interim Force,Financing
278654,South Africa,,Resolution
278655,,Apartheid,Programme of Action
278656,southern Africa,apartheid,effects
278657,South Africa,Sanctions,
278658,,Apartheid,Programme of work
278659,Israel;South Africa,Relations,
278660,South Africa,Military collaboration;nuclear collaboration,
278661,South Africa,Investments,
278662,South Africa,Oil embargo,Embargo
278663,,Apartheid; Sports,
278664,Non-Self-Governing Territories,Information,Transmission
278665,Namibia;southern Africa,Declaration on the Granting of Independence to Colonial Countries and Peoples;colonial domination;colonialism;apartheid;racial discrimination,implementation;elimination;efforts
278666,Colonial Countries;Colonial Peoples,Declaration;Independence,Implementation
278667,Colonial Countries; Peoples,Declaration; Independence,Implementation; Granting
278668,,Decolonization,Dissemination of information
278669,Palestine,,
278670,Palestine,,
278671,Palestine,,
278672,Palestine,,
278673,Palestine,,
278674,,Law of the Sea,Conference
278675,Latin America,Prohibition of Nuclear Weapons; Additional Protocol I; Treaty of Tlatelolco,Implementation; Signature; Ratification
278676,,Nuclear Weapons;Test Explosions,Cessation
278677,,Nuclear Test-Ban Treaty,Need
278678,South Asia,Nuclear-weapon-free zone,Establishment
278679,non-nuclear-weapon States,security;nuclear weapons,strengthening
278680,non-nuclear-weapon States,nuclear weapons,assurance
278681,Israel,Nuclear Armament,
278682,,Arms Race; Outer Space,Prevention
278684,,Disarmament;Development,Relationship
278686,,Nuclear-weapon tests,Cessation; Prohibition
278687,,Nuclear Weapons,Freeze
278688,,Nuclear-arms,Freeze
278689,,World Disarmament,Action; Activities; Campaign
278690,,Nuclear Weapons,Prohibition
278691,,Disarmament;International Security,
278692,,Treaty on the Non-Proliferation of Nuclear Weapons,Implementation; Establishment
278693,,Nuclear War,Condemnation
278694,,Nuclear-weapon,Freeze
278695,Israel;Occupied Territories,Human Rights,Investigation
278696,Israel;Occupied Territories,Human Rights,Investigation
278697,Israel;Occupied Territories,Human Rights,Investigation
278698,Israel;Occupied Territories,Human Rights,Investigation
278699,Israel;Occupied Territories,Human Rights,Investigation
278700,Israel;Occupied Territories,Human Rights,Investigation
278701,Israel;Occupied Territories,Human Rights,Investigation
278702,Israel;Occupied Territories,Human Rights,Investigation
278703,,Outer Space,International Co-operation
278704,,Peace-keeping operations,Review
278705,,Information,
278706,Palestine,Refugees,Assistance
278707,Palestine Refugees,Higher Education;Vocational Training,Offers;Grants;Scholarships
278708,Palestine; Gaza Strip,Refugees,
278709,Palestine,Refugees,Resumption; Distribution
278710,,Population;Refugees;Displacement,
278711,Palestine,Refugees;Properties;Revenues,
278712,Palestine,Protection;Refugees,
278713,Palestine; West Bank,Refugees,
278714,Palestine,Palestine refugees,
278715,Israel; Mediterranean Sea; Dead Sea,Canal,Decision; Building
278716,Guatemala,Human Rights;Fundamental Freedoms,
278717,El Salvador,Human Rights;Fundamental Freedoms,
278718,Chile,Human Rights;Fundamental Freedoms,
278719,,Prostitution,Prevention
278720,,United Nations Decade for Women,Preparation; Review; Appraisal
278721,,Human rights;Scientific and technological developments,Adoption
278722,,Human rights;Scientific and technological developments,Use
278723,,United Nations system;Human rights;Fundamental freedoms,Improvement
278724,,Principles and norms of international law; International economic order,Progressive development
278725,,Peace and Security of Mankind,Draft Code of Offences
278726,,Principle of Non-Use of Force; International Relations,Enhancement; Effectiveness
278727,Palestinian territories; Arab territories,Permanent sovereignty; National resources,
278728,Palestinian people,Assistance,
278729,Africa,Transport;Communications,Decade
278730,,Reverse Transfer Technology;Development Aspects,
278731,,Remnants of war,
278732,Palestinian people;Palestinian territories,Living conditions,
278733,Land-locked Developing Countries,Special Fund,
278734,,Training;Research,
278735,Middle East,,
278736,Middle East,,
278737,Middle East,,
278738,Middle East,,
278739,Middle East,,
278741,Africa,Denuclearization,Implementation
278742,South Africa,Nuclear capability,
278743,,Weapons of Mass Destruction,Prohibition; Development; Manufacture
278744,,Nuclear-arms,Negotiations
278746,,Nuclear weapons;nuclear war,Non-use;prevention
278747,,Nuclear neutron weapon,Prohibition
278748,,Nuclear weapons,
278749,,Disarmament,International co-operation
278750,,Nuclear War,Prevention
278751,,Recommendation;Decision,Implementation
278752,,Disarmament,Report
278753,,Nuclear disarmament,Measures
278754,,Disarmament,Promotion
278755,,Recommendation; Decision,Implementation
278757,,Nuclear-arms,Negotiations
278758,,Nuclear-arms,Negotiations
278759,,Military Budgets,Reduction
278760,,Chemical weapons;bacteriological weapons,Prohibition
278761,,Chemical weapons;bacteriological weapons;biological weapons,
278762,,Conventional Disarmament,Study
278763,,Military Capabilities; Objective Information,Providing
278764,,Fissionable material; Weapons,Prohibition; Production
278765,,Naval arms race;Naval armaments;Confidence-building measures;Seas;Oceans,Limitation;Reduction;Extension
278766,,Naval Arms Race,Study
278767,,Disarmament;Security Issues,Commission
278768,,Nuclear-weapon-free zones,Review; Supplement
278769,,Disarmament,Arrangement
278770,,Declaration on the Strengthening of International Security; International Security,Review; Implementation
278771,,Collective Security;Charter of the United Nations;International Peace;International Security,Implementation;Maintenance
278772,,International Economic Relations,Confidence-building
278773,developing countries,economic measures;political coercion;economic coercion,means
278774,,United Nations system; Natural disasters; Disaster situations,Strengthening; Response
278775,,Programme budget,
278776,,Postage stamps,
278777,,International Civil Service,Report
278779,,United Nations Joint Staff Pension Board,Report
278780,,Programme Budget; Biennium,Proposal
278781,United Nations,Health insurance contributions,
278782,,Budget appropriations,
278783,,Financing; Appropriation,
278784,,Expenses,Approval
278785,,Working Capital Fund,
278786,,Pension scheme; International Court of Justice,Adoption
278816,South Africa,,
278835,Kampuchea,,
278836,Falkland Islands;Malvinas,,
278837,,Pattern of conferences,
278838,United Nations;League of Arab States,Co-operation,
278839,,Right of Peoples; Peace,Declaration
278840,Afghanistan,International Peace;Security,
278841,Israel;Iraq,Nuclear installations;Nuclear energy;Non-proliferation of nuclear weapons;International peace and security,Aggression
278842,South Africa,Human Rights;Racist and Colonialist Régime,Assistance
278843,colonial countries;peoples,right of peoples to self-determination;independence;human rights,realization;granting;guarantee;observance
278844,,International Convention; Suppression; Punishment; Crime of Apartheid,
278847,non-nuclear-weapon States,security;nuclear weapons,strengthening
278848,,Racial Discrimination,Elimination
278851,Comorian island of Mayotte,,
278852,Western Sahara,,
278853,Non-self-governing territories,Information,Transmission
278854,Namibia;southern Africa,Declaration on the Granting of Independence to Colonial Countries and Peoples;colonial domination;colonialism;apartheid;racial discrimination,activities;implementation;efforts;elimination
278855,Colonial Countries;Colonial Peoples,Declaration;Independence,Implementation
278856,Comorian island of Mayotte,,
278857,Palestine,,
278858,Palestine,,
278859,Palestine,,Resolution
278860,United Nations;League of Arab States,Co-operation,
278862,Palestine,,
278863,Namibia; South Africa,Illegal occupation,
278864,Namibia,Security Council resolution,Implementation
278865,Namibia,Programme of work,
278866,Namibia,Dissemination of information; Mobilization of international public opinion,Support
278867,Namibia,Fund,
278868,Latin America,Treaty for the Prohibition of Nuclear Weapons; Additional Protocol I; Treaty of Tlatelolco,Implementation; Signature; Ratification
278869,,Nuclear Weapons;Test Explosions,Cessation
278870,,Nuclear-test-ban treaty,Need
278871,South Asia,Nuclear-weapon-free zone,Establishment
278872,non-nuclear-weapon States,security;nuclear weapons,strengthening
278873,non-nuclear-weapon States,nuclear weapons,assurance
278874,,Arms Race; Outer Space,Prevention
278875,,Nuclear-weapon tests,Implementation; Cessation; Prohibition
278876,Africa,Denuclearization,Implementation
278877,Africa; South Africa,Denuclearization; Nuclear Capability,Implementation
278878,,Weapons of Mass Destruction,Prohibition; Development; Manufacture
278879,,World Disarmament,Action; Activity
278880,,Nuclear-arms,Freeze
278881,,World Disarmament,Campaign
278882,,Nuclear Weapons,Freeze
278883,,Nuclear Weapons,Prohibition
278884,,Disarmament;International Security,
278885,,Military Budgets,Reduction
278886,,Chemical weapons;bacteriological weapons;biological weapons,
278887,,Chemical weapons;bacteriological weapons,Prohibition
278888,,Chemical weapons;bacteriological weapons;biological weapons,
278889,troop-contributing States,rates of reimbursement,review
278891,Lebanon,United Nations Interim Force,Financing
278892,South Africa,Apartheid,Sanctions;Support;Liberation Struggle
278893,,Apartheid,Programme of work
278894,Israel;South Africa,Relations,
278895,,Apartheid; Sports,Resolution
278896,,Apartheid;Public information,Public action
278897,,Apartheid,International Action; Elimination
278898,,Law of the Sea,
278899,,Principles and norms of international law; International economic order,Progressive development
278900,Organization of African Unity;League of Arab States,National Liberation Movements,Observer Status
278901,,Peace and Security of Mankind,Draft Code
278902,,Principle of Non-Use of Force; International Relations,Enhancement; Effectiveness
278903,,Multilateral Treaty-Making Process,Review
278904,Colonial Countries;Peoples,Declaration;Independence,Implementation;Granting
278905,,Decolonization,Dissemination of information
278906,Colonial Countries;Peoples,Declaration;Independence,Programme of Activities;Observance;Granting
278907,Israel;Occupied Territories,Human Rights,Investigation
278908,Israel;Occupied Territories,Human Rights,Investigation
278909,Israel;Occupied Territories,Human Rights,Investigation
278910,Israel;Occupied Territories,Human Rights,Investigation
278911,Israel; Occupied Territories,Human Rights,Investigation
278912,Israel; Occupied Territories,Human Rights,Investigation
278913,Israel;Occupied Territories,Human Rights,Investigation
278915,Israel;Occupied Territories,Human Rights,Investigation
278916,,Information,
278917,,Information,
278918,Palestine; Near East,Relief; Works Agency; Assistance; Refugees,Assistance
278919,Palestine; Near East,Relief; Works; Refugees; Higher Education; Vocational Training; Grants; Scholarships,Offers
278920,Palestine; Gaza Strip,Relief; Refugees,
278921,Palestine;Near East,Relief;Works;Ration Distribution;Refugees,Resumption
278922,Palestine; Near East,Relief; Works; Population; Refugees; Displacement,Adoption
278923,Palestine; Near East,Relief and Works; Refugees; Refugee Properties; Revenues,
278924,Palestine; Near East,Relief; Protection; Refugees,Adoption
278925,Palestine; West Bank; Near East,Relief; Works; Refugees,
278926,Palestine; Near East; Jerusalem,Relief; Works; Refugees,Adoption
278927,Israel; Mediterranean Sea; Dead Sea,Canal,Decision; Building
278928,El Salvador,Human Rights;Fundamental Freedoms,
278929,Guatemala,Human Rights;Fundamental Freedoms,
278930,Chile,Human Rights;Fundamental Freedoms,
278931,regional commissions,senior women's programme officers posts,
278932,,Discrimination against Women,Elimination
278933,,Human rights;Scientific and technological developments,Adoption
278934,,Human rights;Scientific and technological developments,Use
278935,,International Covenant on Civil and Political Rights; Death Penalty,Elaboration; Abolition
278937,,United Nations System;Human Rights;Fundamental Freedoms,Improvement
278939,Middle East,,
278941,Middle East,,
278942,Middle East,,
278943,Israel,Nuclear Armament,
278944,,Nuclear disarmament,Measures
278945,,Nuclear-arms,Negotiations
278946,,Nuclear weapons,
278947,,Nuclear weapons;nuclear war,Non-use;Prevention
278948,,Nuclear neutron weapon,Prohibition
278949,,Nuclear War; Nuclear Winter; Climatic Effects,
278950,,Nuclear-arms,Negotiations
278951,,Disarmament Research,
278952,,Disarmament,Promotion
278953,,Nuclear-arms race;nuclear disarmament,Cessation
278954,,Recommendation; Decision; Special Session,Implementation
278955,,Disarmament,International co-operation
278956,,Disarmament,Report
278957,,Recommendation; Decision,Implementation
278958,,Nuclear War,Prevention
278959,,Convention on the Prohibition of Military or Any Other Hostile Use of Environmental Modification Techniques,Review Conference
278960,,Nuclear-weapon-free zones,Study
278961,,Nuclear-weapon,Freeze
278962,,Arms Limitation;Disarmament,Contribution
278963,,Military research; Military development,
278964,,Fissionable material; Weapons,Prohibition; Production
278965,,Naval Arms Race,Curbing
278966,,International Security,Implementation
278967,,Declaration on the Preparation of Societies for Life in Peace,Implementation
278968,,Collective Security;Charter of the United Nations;International Peace;International Security,Implementation;Maintenance
278969,State; States; sovereign States,policy of State terrorism; socio-political system,inadmissibility; actions; undermining
278970,,UN anniversary,Observance
278971,States,Economic Rights;Duties,Charter
278972,,Remnants of war,
278973,Palestinian territories;Palestinian people,Living conditions,
278974,,United Nations Institute for Training and Research,Financing; Role
278975,Developing countries,Economic measures;Political coercion;Economic coercion,Means
278976,,Technology Transfer,Development
278977,,Development;International Economic Cooperation,
278978,Land-locked Developing Countries,Special Fund,
278979,Palestinian territories,Economic development projects,
278980,Palestinian people,Assistance,
278981,,International Economic Relations,Confidence-building
278982,,Health;Environment;Product Safety,Protection
278983,Africa,Transport;Communications,Decade
278984,,Industrial Development,Cooperation
278985,Africa,Industrial Development,Decade
278986,,Programme Budget,Adoption
278987,,Programme Budget,Adoption
278988,,Programme Budget; Biennium,Adoption
278990,,Programme Budget,Adoption
278991,,Budget Appropriations; Biennium,Revision
278992,,Income estimates; Biennium 1984-1985,Revision
278993,,Financing; Appropriation,
278994,United Nations,Inflation;Monetary Instability;Regular Budget,
278995,Western Asia,Staff;Administrative questions;Economic Commission,
279735,Israel;Iraq,Nuclear installations;Nuclear energy;Non-proliferation of nuclear weapons;International peace and security,Aggression
279736,Kampuchea,,
279737,,Right of peoples to peace,
279738,Afghanistan,International Peace;Security,
279739,,Nuclear-arms,Negotiations
279740,countries of origin,cultural property,return; restitution
279741,Falkland Islands (Malvinas),,
279742,,Social change;Economic change;Social progress,Achievement
279743,Colonial countries;Peoples,Right of peoples to self-determination;Independence;Human rights,Realization;Granting;Guarantee;Observance
279744,,International Convention on the Suppression and Punishment of the Crime of Apartheid,Suppression; Punishment
279745,,Elimination of Racial Discrimination,Report
279746,Western Sahara,,
279747,Non-Self-Governing Territories,Information,Transmission
279748,Namibia;Southern Africa,Foreign economic interests;Declaration on the Granting of Independence to Colonial Countries and Peoples;Colonial domination;Colonialism;Apartheid;Racial discrimination,Implementation;Efforts;Elimination
279749,Colonial Countries;Peoples,Declaration;Independence,Implementation
279750,Colonial Countries;Peoples,Declaration;Independence,Granting
279751,Colonial Countries; Peoples,Declaration; Independence,Implementation; Granting
279752,,Decolonization,Dissemination of information
279753,,UN Disengagement Observer Force,Financing
279754,,UN Disengagement Observer Force,Financing
279786,,Law of the Sea,
279787,South Africa,Racist regime,Sanctions
279788,South Africa,Liberation Movements,Assistance
279789,South Africa,Sanctions;Racism,Conference
279790,,Apartheid;Public information,Public action
279791,Israel;South Africa,Relations,
279792,,Apartheid,Programme of work
279793,,Apartheid in Sports,Convention
279794,,Apartheid,International Action; Elimination
279795,,Principles and norms of international law; International economic order,Progressive development
279796,,Peace and Security of Mankind,Draft Code of Offences
279797,,Principle of Non-Use of Force; International Relations,Enhancement
279798,Latin America,Treaty for the Prohibition of Nuclear Weapons; Additional Protocol I,Signature; Ratification; Implementation
279799,,Nuclear Weapons,Cessation
279800,,Nuclear Weapons,Cessation
279801,,Nuclear-test-ban treaty,Need
279802,South Asia,Nuclear-weapon-free zone,Establishment
279803,Non-nuclear-weapon States,Nuclear weapons,Conclusion; Assurance
279804,,Arms Race; Outer Space,Prevention
279805,,Nuclear-weapon tests,Implementation; Cessation; Prohibition
279807,Africa,Denuclearization,Implementation
279808,Africa; South Africa,Denuclearization; Nuclear capability,Implementation
279809,,Weapons of Mass Destruction,Prohibition; Development; Manufacture
279810,,Military Budgets,Reduction
279811,,Chemical Weapons;Bacteriological Weapons,Prohibition
279812,,Chemical Weapons;Bacteriological Weapons;Biological Weapons,
279813,Israel,Nuclear Armament,
279814,,Conventional disarmament; Regional scale,
279815,,Disarmament;Naval Arms Race,Study
279816,,Disarmament;Fissionable Material;Weapons,Prohibition
279817,,General disarmament;nuclear-weapon freeze,Freeze
279818,,Disarmament;Naval Arms Race;Naval Armaments;Confidence-Building Measures;Seas;Oceans,Limitation;Reduction;Extension
279819,,Disarmament; Military Matters,Objective Information
279820,,Disarmament; Arms Limitation; Disarmament Agreements,Compliance
279821,,Disarmament;Non-Proliferation of Nuclear Weapons,Review Conference
279822,,Disarmament;International Peace;International Security,Maintenance
279823,Palestine,,
279824,Palestine,,
279825,Palestine,,
279826,Palestine,,Resolution
279827,Namibia;South Africa,Illegal occupation,
279828,Namibia,Security Council resolution 435,Implementation
279829,Namibia,Programme of Work,
279830,Namibia,Dissemination of Information; Mobilization of International Public Opinion,Support
279831,Namibia,UN Fund for Namibia,
279832,Namibia,,Special session
279833,,World social situation,
279834,,Human rights;Scientific and technological developments,Use
279835,,Human rights;Scientific and technological developments,
279836,,Economic rights;Social rights;Cultural rights;Civil rights;Political rights,Indivisibility;Interdependence
279837,,United Nations System;Human Rights;Fundamental Freedoms,Improvement
279838,Afghanistan,Human Rights;Fundamental Freedoms,
279839,El Salvador,Human Rights;Fundamental Freedoms,
279840,Guatemala,Human Rights;Fundamental Freedoms,
279841,Islamic Republic of Iran,Human Rights,
279842,Chile,Human Rights;Fundamental Freedoms,
279843,,Nazi activities;Fascist activities;neo-Fascist activities;Totalitarian ideologies;Racial intolerance;Hatred;Terror,Measures
279844,,Declaration on the Strengthening of International Security; International Security,Review; Implementation
279845,,Collective Security;Charter of the United Nations;International Peace;International Security,Implementation;Maintenance
279846,Antarctica,,
279847,,Recommendations; Decisions; Special Session,Implementation
279848,,Nuclear War,Prevention
279849,Antarctica,,
279850,,Nuclear-arms race;nuclear disarmament,Cessation
279851,Antarctica,,
279852,,Economic consequences;Social consequences;Armaments race;World peace;Security,
279853,,Disarmament;International Security,
279854,,Nuclear-arms,Freeze
279855,,World Disarmament,Campaign
279856,,Nuclear weapons,
279857,,Nuclear weapons;nuclear war,Non-use;Prevention
279858,,Nuclear-arms; Space-arms,Negotiations
279859,,Nuclear Weapons,Prohibition
279860,,Disarmament,Programme; Fellowship
279861,,World Disarmament,Action; Activity
279862,,Nuclear Weapons,Freeze
279863,,Disarmament,International co-operation
279864,,Nuclear Neutron Weapon,Prohibition
279865,,Disarmament,Adoption
279866,,Climatic effects;nuclear war;nuclear winter,
279867,,Disarmament,Report
279868,,Recommendation;Decision,Implementation
279869,Israel; Occupied Territories,Human Rights,Investigation
279870,Israel; Occupied Territories,Human Rights,Investigation
279871,Israel; Occupied Territories,Human Rights,Investigation
279873,Israel;Occupied Territories,Human Rights,Investigation
279874,Israel; Occupied Territories,Human Rights,Investigation
279875,Israel; Occupied Territories,Human Rights,Investigation
279876,Israel; Occupied Territories,Human Rights,Investigation
279877,,Information,
279878,,Information,
279879,Palestine,Assistance; Palestine refugees,
279880,Palestine,Higher Education;Vocational Training;Refugees,Offers;Grants;Scholarships
279881,Palestine; Gaza Strip,Palestine refugees,
279882,Palestine,Refugees;Ration Distribution,Resumption
279883,,Population;Refugees;Displacement,
279884,Palestine,Palestine refugees properties,Revenues
279885,Palestine,Protection; Palestine refugees,
279886,Palestine; West Bank,Refugees,
279887,Jerusalem; Palestine,Palestine refugees,
279888,Israel; Mediterranean Sea; Dead Sea,Canal,Decision; Building
279889,Middle East,,
279890,Middle East,,
279891,Middle East,,
279892,Palestinian territories,Economic development projects,
279893,Palestinian people,Assistance,
279894,,International economic security,
279895,States,Economic Rights;Duties,Charter
279896,Land-locked developing countries,Needs; Problems,Action
279897,developing countries,economic measures;political coercion;economic coercion,means
279898,Nicaragua,Trade embargo,
279899,,Transfer of Technology,Reversal
279900,,Remnants of war,
279901,,Environment,International co-operation
279902,Palestinian territories;Palestinian people,Living conditions,
279903,,Economic Development,Trend Analysis
279904,,Programme budget; Biennium,
279905,,Financial emergency; United Nations,
279906,Lebanon,UN Interim Force,Financing
279907,Lebanon,UN Interim Force,Financing
279908,troop-contributing States,rates of reimbursement,review
279909,,Scale of assessments; Apportionment; Expenses; United Nations,
279910,Nairobi,,
279911,,Budget Appropriations;Biennium 1986-1987,
279912,,Income estimates,
279913,,Financing; Appropriations,Adoption
279914,,Expenses,Approval
279915,,Working Capital Fund,
279916,,Emoluments;pension scheme;conditions of service;International Court of Justice,adoption
280663,United Nations;League of Arab States,Co-operation,
280664,Kampuchea,,
280665,Israel;Iraq,Nuclear installations;Nuclear energy;Non-proliferation of nuclear weapons;International peace and security,Aggression
280666,Non-Self-Governing Territories,Information,Transmission
280668,Namibia;southern Africa,Declaration on the Granting of Independence to Colonial Countries and Peoples;colonial domination;colonialism;apartheid;racial discrimination,Activities;implementation;efforts;elimination
280669,Colonial Countries;Peoples,Declaration;Independence,Implementation
280670,Western Sahara,,
280671,Comorian island of Mayotte,,
280672,Nicaragua,Military activities;Paramilitary activities,Judgment;Compliance
280673,Afghanistan,International Peace;Security,
280674,,Law of the Sea,
280675,South Africa,Liberation Movements,Assistance
280676,South Africa,Racism,Sanctions
280677,Israel;South Africa,Relations,
280678,,Apartheid,Programme of work
280679,,Apartheid in Sports,Convention
280680,South Africa,Oil embargo,
280681,,Apartheid,International Action; Elimination
280682,Organization of African Unity; Socialist People's Libyan Arab Jamahiriya; United States,Aerial and Naval Military Attack,Declaration
280683,Namibia;South Africa,Illegal occupation;Territory,
280684,Namibia,Security Council resolution 435,Implementation
280685,Namibia,Programme of work,
280686,Namibia,Dissemination of information;Mobilization of international public opinion;Independence,Support
280687,Namibia,Fund,
280688,Falkland Islands;Malvinas,,
280689,Colonial Countries;Peoples,Declaration;Independence,Implementation;Granting
280690,Colonial Countries;Peoples,Declaration;Independence,Implementation;Granting
280691,,Decolonization,Dissemination of information
280692,Palestine,,Resolution
280693,Palestine,,
280694,Palestine,,
280695,Palestine,,
280696,,UN Disengagement Observer Force,Financing
280697,,UN Disengagement Observer Force,Financing
280698,Latin America,Treaty for the Prohibition of Nuclear Weapons; Additional Protocol I; Treaty of Tlatelolco,Implementation; Signature; Ratification
280699,,Nuclear-test explosions,Cessation
280700,,Nuclear-test explosions,Cessation
280701,,Nuclear-test-ban treaty,Need
280702,South Asia,Nuclear-weapon-free zone,Establishment
280703,non-nuclear-weapon States,security;nuclear weapons,strengthening
280704,non-nuclear-weapon States,nuclear weapons,assurance
280705,,Arms Race; Outer Space,Prevention
280706,,Nuclear-weapon tests,Implementation; Cessation; Prohibition
280707,Africa,Denuclearization,Implementation
280708,Africa; South Africa,Denuclearization; Nuclear Capability,Implementation
280709,,Weapons of Mass Destruction,Prohibition; Development; Manufacture
280710,,Chemical Weapons;Bacteriological Weapons,Prohibition
280711,,Chemical Weapons;Bacteriological Weapons;Biological Weapons,
280712,,Disarmament; Military Matters,Objective Information
280713,,Disarmament;Arms Limitation,Contribution
280714,,Disarmament;Confidence-building measures;Security-building measures;Conventional disarmament,
280715,,General disarmament; Conventional disarmament,
280716,,Military use; Research and development,Study
280717,,Disarmament;Radiological Weapons,Prohibition;Development;Production;Stockpiling;Use
280718,,Disarmament; Naval armaments,Disarmament
280719,,Disarmament; Fissionable Material; Weapons,Prohibition
280720,regional basis,general disarmament;complete disarmament;conventional disarmament,
280721,,Disarmament;nuclear tests,Notification
280722,,World Disarmament Campaign,Review; Implementation; Action; Activity
280723,,World Disarmament Campaign,Review; Implementation
280724,,Concluding Document;Confidence-Building Measures,Review;Implementation
280725,,Concluding Document of the 12th Special Session; Nuclear Weapons,Review; Implementation; Freeze
280726,,Convention on the Prohibition of the Use of Nuclear Weapons,Review; Implementation
280727,,Concluding Document of the 12th Special Session of the General Assembly; UN programme of fellowships on disarmament,Review; Implementation
280728,,Concluding Document of the 12th Special Session; Nuclear Arms Freeze,Review; Implementation
280729,Israel; Occupied Territories,Human Rights,Investigation
280730,Israel; Occupied Territories,Human Rights,Investigation
280731,Israel;Occupied Territories,Human Rights,Investigation
280732,Israel;Occupied Territories,Human Rights,Investigation
280733,Israel; Occupied Territories,Human Rights,Investigation
280734,Israel;Occupied Territories,Human Rights,Investigation
280735,Israel;Occupied Territories,Human Rights,Investigation
280736,,Information,
280737,,Information,
280738,,Information,Question
280739,Palestine; Near East,Relief; Assistance; Refugees,Provision; Support
280740,Palestine; Near East,Relief; Works Agency; Refugees; Grants; Scholarships,Provision
280741,Palestine; Gaza Strip,Relief; Refugees,
280742,Palestine;Near East,Relief;Works;Ration Distribution,Resumption
280743,Palestine; Near East,Relief; Works; Population; Refugees,Displacement
280744,Palestine; Near East,Relief; Works Agency; Refugees; Revenues; Properties,
280745,Palestine; Near East,Relief; Works Agency; Protection; Refugees,Protection
280746,Palestine;West Bank;Near East,Relief;Works;Palestine Refugees,
280747,Palestine; Near East; Jerusalem,Relief; Refugees,
280748,Organization of African Unity;League of Arab States,National Liberation Movements,Observer Status
280749,,International Law;International Economic Order,Development
280750,,Peace and Security of Mankind,Draft Code of Offences
280752,,Nuclear-arms,Negotiations
280753,,Nuclear weapons;nuclear war,Non-use;prevention
280754,,Disarmament,Promotion
280755,,Nuclear-arms race;nuclear disarmament,Cessation
280756,,Nuclear War,Prevention
280757,,Climatic effects;nuclear war;nuclear winter,
280758,,Recommendation; Decision,Implementation; Review
280759,,Recommendation;Decision;Implementation,Review
280760,,Disarmament,International co-operation
280761,,Disarmament,Report
280762,,Nuclear-arms,Negotiations
280763,,Recommendation;Decision,Implementation
280764,,Disarmament,Report
280765,Antarctica,,
280766,Antarctica,,
280767,Antarctica,,
280768,,Declaration on the Strengthening of International Security; International Security,Review; Implementation
280769,,Political Dialogue;International Situation,Improvement
280771,,International peace; Security,Establishment
280772,Israel,Nuclear Armament,
280773,South Africa,Human Rights;Political Assistance;Military Assistance;Economic Assistance;Racism;Colonialism,Enjoyment
280774,colonial countries;peoples,right of peoples to self-determination;independence;human rights,realization;granting;guarantee;observance
280775,,Mercenaries;Human Rights;Right of Peoples to Self-Determination,Violation;Impediment
280776,,International Convention; Suppression; Punishment; Crime of Apartheid,
280777,,Human rights;Scientific and technological developments,
280778,,Human rights;Scientific and technological developments,Adoption
280780,,Economic rights;Social rights;Cultural rights;Civil rights;Political rights,Indivisibility;Interdependence
280781,South Africa;Namibia,Refugee Women;Refugee Children,Measures of Assistance
280782,,Right to Development,Declaration
280783,,United Nations system;Human rights;Fundamental freedoms,Improvement
280784,Member States,Right to own property; Economic development; Social development,Respect; Contribution
280785,,Right to development,
280786,Ethiopia,Displaced persons,Assistance
280787,,Prevention of Discrimination; Protection of Minorities,Resolution; Adoption
280788,,Right to adequate housing,Realization
280789,,Migrant Workers;Human Rights;Dignity,Improvement;Ensurance
280790,,Human Rights,Strengthening; International Co-operation
280791,Guatemala,Human Rights;Fundamental Freedoms,
280792,El Salvador,Human Rights,
280793,Afghanistan,Human Rights;Fundamental Freedoms,
280794,Islamic Republic of Iran,Human Rights,
280795,Chile,Human Rights;Fundamental Freedoms,
280796,Middle East,,
280797,Middle East,,
280798,Middle East,,
280799,Nicaragua,Trade embargo,
280800,developing countries,economic measures;political coercion;economic coercion,means
280801,Lebanon,UN Interim Force,Financing
280803,Lebanon,UN Interim Force,Financing
280804,Developing countries;Developed countries,Net transfer of resources,
280805,Palestinian people,Assistance,
280806,,,Implementation
280807,,Cultural Development,Proclamation
280808,Uganda,Assistance,
280809,Mozambique,Assistance,
280810,front-line States,Special assistance,
280811,Benin;Central African Republic;Comoros;Democratic Yemen;Djibouti;Equatorial Guinea;Gambia;Guinea;Guinea-Bissau;Haiti;Madagascar;Nicaragua;Sierra Leone;Vanuatu,,Assistance
280812,,Health insurance coverage; Locally-recruited staff; General service; Designated duty stations,
280813,,Political Affairs;Security Council Affairs,News Service
280814,,United Nations Industrial Development Organization,Loan
280815,New York,Post Adjustment,Suspension
280817,,Job classification; General Service; Related categories,
280818,,Programme Budget; Biennium,Revision; Appropriation
280819,,Programme budget; Income estimates,Revision
280820,,Programme budget; Financing; Appropriations,
280821,,Nuclear Energy,Promotion; International Co-operation
280822,,Right of peoples to peace,
280823,South Atlantic,Zone of Peace;Co-operation,Declaration
281002,Kampuchea,,
281003,United Nations;League of Arab States,Co-operation,
281004,countries of origin,cultural property,return; restitution
281005,Namibia;South Africa,Illegal occupation;Territory,
281006,Namibia,Security Council Resolution 435,Implementation
281007,Namibia,Programme of work,
281008,Namibia,Dissemination of information;Mobilization of international public opinion;Independence,Support
281009,Namibia,Fund,
281010,Afghanistan,International Peace;Security,
281011,South Atlantic,Zone of peace and co-operation,
281012,Comorian island of Mayotte,,
281013,Nicaragua,Military activities;Paramilitary activities,Judgment;Compliance
281014,Falkland Islands (Malvinas),,
281015,,Law of the Sea,
281016,South Africa,Liberation Struggle,International Solidarity
281017,South Africa,Co-ordinated and strictly monitored measures,Application
281018,South Africa,Racist regime,Sanctions
281019,Israel;South Africa,Relations,
281020,,Apartheid,Programme of work
281021,South Africa,Oil embargo,Embargo
281022,,Apartheid,International Action; Elimination
281023,Latin America,Treaty for the Prohibition of Nuclear Weapons; Additional Protocol I; Treaty of Tlatelolco,Implementation; Signature; Ratification
281024,,Nuclear-test explosions,Cessation
281025,,Nuclear-test explosions,Cessation
281026,,Nuclear-test-ban treaty,Need
281027,South Asia,Nuclear-weapon-free zone,Establishment
281028,non-nuclear-weapon States,security;nuclear weapons,strengthening
281029,,Arms Race; Outer Space,Prevention
281030,Africa,Denuclearization,Implementation
281031,Africa; South Africa,Denuclearization; Nuclear Capability,Implementation
281032,,Weapons of Mass Destruction;Weapons,Prohibition;Development;Manufacture
281033,,Disarmament;nuclear-arms,Negotiation
281034,,Disarmament;Nuclear Tests,Notification
281035,,Disarmament;nuclear-arms,Negotiations
281036,,Disarmament;Radiological Weapons,Prohibition;Development;Production;Stockpiling;Use
281037,,Disarmament; Military Matters,Objective Information
281038,,Disarmament,Implementation
281039,,Disarmament; Naval Armaments,Completion
281040,,Disarmament;Fissionable Material;Weapons,Prohibition
281041,regional scale,general disarmament;completed disarmament;conventional disarmament,
281042,,Concluding Document; 12th Special Session,Review; Implementation
281043,,Nuclear Weapons,Review; Implementation; Freeze
281044,,Convention on the Prohibition of the Use of Nuclear Weapons;nuclear weapons,Review;implementation
281045,,World Disarmament Campaign,Review; Implementation
281046,,Concluding Document of the 12th Special Session of the General Assembly;nuclear-arms freeze,Review;Implementation
281047,,Concluding Document of the 12th Special Session; UN programme of fellowships; Disarmament,Review; Implementation
281048,,Non-use of nuclear weapons; Prevention of nuclear war,Review; Implementation; Recommendations; Decisions
281049,,Implementation;Recommendation;Decision,Review
281050,,Nuclear-arms race;nuclear disarmament,Implementation;Cessation
281051,,Nuclear War,Review; Implementation; Recommendation; Decision; Prevention
281052,,Disarmament,Review; Implementation; Recommendation; Decision; International Cooperation
281053,,Disarmament,Review; Implementation; Recommendation; Decision
281054,,Disarmament,Review; Implementation; Recommendation; Decision; Adoption
281055,,Disarmament,Review; Implementation; Recommendation; Decision; Adoption
281056,,Recommendation;Decision,Implementation;Adoption
281057,,Recommendation; Decision; Rationalization; Work; Committee,Implementation; Review
281058,Israel,Nuclear armament,
281059,Antarctica,,
281060,Antarctica,,
281061,,Social change;Economic change;Social progress,Achievement
281062,States;Youth,Human Rights;Right to Education;Right to Work;Peace,Efforts;Measures;Implementation;Enjoyment
281063,,International Convention on the Suppression and Punishment of the Crime of Apartheid,Suppression; Punishment
281064,Palestine,,
281065,Palestine,,
281066,Palestine,,
281067,Palestine,,
281068,Palestine,Assistance; Palestine refugees,
281069,Palestine,Higher Education;Vocational Training;Refugees,Offers;Grants;Scholarships
281070,Palestine; Gaza Strip,Refugees,
281071,Palestine,Refugees;Ration Distribution,Resumption
281072,,Population;Refugees,
281073,Palestine,Palestine refugee properties,Revenue
281074,Palestine,Protection; Palestine Refugees,
281075,Palestine; West Bank,Palestine refugees,
281076,Jerusalem; Palestine,Refugees,
281077,,United Nations Disengagement Observer Force,Financing
281078,Colonial Countries;Peoples,Declaration;Independence,Implementation;Granting
281079,,Decolonization,Dissemination of information
281080,Non-Self-Governing Territories,Information,Transmission
281081,Namibia;southern Africa,Declaration on the Granting of Independence to Colonial Countries and Peoples;colonial domination;colonialism;apartheid;racial discrimination,implementation;elimination;efforts
281082,Colonial Countries;Colonial Peoples,Declaration;Independence,Implementation
281083,Western Sahara,,
281084,New Caledonia,,
281085,,Declaration on the Preparation of Societies for Life in Peace,Implementation
281086,,Declaration on the Strengthening of International Security; International Security,Review; Implementation
281087,,International peace; Security,System
281088,colonial countries;peoples,right of peoples to self-determination;independence;human rights,realization;granting;guarantee;observance
281089,,Mercenaries;Human Rights;Right of Peoples to Self-Determination,Violation;Impediment
281090,,Human rights;Scientific and technological developments,Use
281091,,Human rights;Scientific and technological developments,Adoption
281092,,Convention on the Rights of the Child; Rights of the Child,
281093,,Economic rights;Social rights;Cultural rights;Civil rights;Political rights;Indivisibility;Interdependence,
281094,,Property;Human Rights;Fundamental Freedoms,Enjoyment
281095,,United Nations System;Human Rights;Fundamental Freedoms,Improvement
281096,,Protection of the family; Assistance for the family,Enhancement; International co-operation
281097,Afghanistan,Human Rights;Fundamental Freedoms,
281098,Islamic Republic of Iran,Human Rights,
281099,Ethiopia,Displaced persons,Assistance
281100,,Migrant Workers;Human Rights;Dignity,Improvement;Ensurance
281101,,Social Life,Improvement
281102,,Right to adequate housing,Realization
281103,Chile,Human Rights;Fundamental Freedoms,
281104,,Principles and norms of international law;New international economic order,Progressive development
281105,States,Disputes,Peaceful settlement
281106,,Crimes against the Peace and Security of Mankind,Draft
281107,,International Bills of Exchange; International Promissory Notes,Convention
281108,States,Good-neighbourliness,Development; Strengthening
281109,,International Terrorism; Violence; Fundamental Freedoms; Radical Changes; National Liberation,Prevention; Study; Convening; Definition; Differentiation
281110,Israel; Occupied Territories,Human Rights,Investigation
281111,Israel; Occupied Territories,Human Rights,Investigation
281112,Israel; Occupied Territories,Human Rights,Investigation
281113,Israel;Occupied Territories,Human Rights,Investigation
281114,Israel;Occupied Territories,Human Rights,Investigation
281115,Israel;Occupied Territories,Human Rights,Investigation
281116,Israel;Occupied Territories,Human Rights,Investigation
281117,,Information,
281118,,Information,
281119,,International economic security,
281120,Palestinian people,Assistance,
281121,developing countries,economic measures;political coercion;economic coercion,means
281122,Land-locked developing countries,Needs; Problems,Action
281123,Nicaragua,Trade embargo,
281124,,Environment,International co-operation
281125,Palestinian territories;Palestinian people,Living conditions,
281126,,External Debt Problems,International Co-operation
281127,Lebanon,Reconstruction;Development,Assistance
281128,Chad,Special economic assistance,
281129,front-line States,Special assistance,
281130,Maldives,Disaster Relief;Coastal Defences,Assistance;Strengthening
281131,El Salvador,Assistance,
281132,Central America,Special economic assistance,
281133,Benin;Central African Republic;Democratic Yemen;Djibouti;Ecuador;Gambia;Madagascar;Nicaragua;Vanuatu,Assistance,
281134,Middle East,,
281135,Middle East,,
281136,Middle East,,
281137,Middle East,,
281138,Host Country,Relations,Report
281145,Lebanon,United Nations Interim Force,Financing
281146,troop-contributing States,rates of reimbursement,review
281147,,Programme budget; Budget appropriations,
281148,non-nuclear-weapon States,nuclear weapons,assurance
281330,Palestine Liberation Organization; New York,Relations,Closure; Proposal
281331,Palestine Liberation Organization;New York,Relations,Closure
281332,Host Country,Relations,Report
281336,Host Country,Relations,Report
281348,United Nations;League of Arab States,Co-operation,
281349,Nicaragua,Military activities;Paramilitary activities,Judgment;Compliance
281350,African Unity,Co-operation,Co-operation
281351,Pretoria,Racial Municipal Elections,
281352,Comorian island of Mayotte,,
281353,,Law of the sea,
281354,Kampuchea,,
281355,Palestinian people,Uprising,
281356,,Right of peoples; Peace,
281357,South Atlantic,Zone of peace and co-operation,
281359,Namibia; South Africa,Illegal occupation,
281360,Falkland Islands;Malvinas,,
281361,Namibia,Implementation,
281362,Namibia,Programme of Work,
281363,Namibia,Dissemination of Information;Mobilization of International Public Opinion;Independence,Support
281364,Namibia,UN Fund for Namibia,
281365,Non-Self-Governing Territories,Information,Transmission
281366,Namibia;Southern Africa,Foreign economic interests;Declaration on the Granting of Independence to Colonial Countries and Peoples;Colonial domination;Colonialism;Apartheid;Racial discrimination,Implementation;Efforts;Elimination
281367,Colonial Countries; Peoples,Declaration; Independence,Implementation
281368,Western Sahara,,
281369,Colonial Countries;Colonial Peoples,Declaration;Independence,Implementation;Granting
281370,,Decolonization,Dissemination of information
281371,,Colonialism,Eradication
281373,Host Country,Relations,Report
281374,Host Country,Relations,Report
281375,South Africa,Policies of apartheid; Liberation struggle,International solidarity
281376,South Africa,Policies of apartheid; Military collaboration,
281377,South Africa,Policies of apartheid;Racist regime,Sanctions
281378,South Africa,Policies of apartheid;Racism,Imposition;Co-ordination;Monitoring
281379,South Africa;Israel,Policies of apartheid,Relations
281380,South Africa,Apartheid,Programme of work
281381,South Africa,Policies of apartheid;Racism,Dissemination of information
281382,South Africa,Policies of apartheid; Oil embargo,
281383,South Africa,Apartheid,International Action; Elimination
281385,Middle East,,
281386,Middle East,,
281387,Middle East,,
281388,Palestine; Near East,Relief; Works Agency; Assistance; Refugees,Assistance
281389,Palestine; Near East,Relief; Works; Higher Education; Vocational Training; Refugees,Offers; Grants; Scholarships
281390,Palestine; Israel; Near East,Palestine Refugees,Relief; Works
281391,Palestine; Near East,Relief; Works Agency; Refugees; Ration Distribution,Resumption
281392,Palestine; Near East,Relief; Works Agency; Population; Refugees; Displacement,Return
281393,Palestine; Near East,Relief; Works Agency; Refugees; Refugee Properties,Revenue
281394,Palestine; Near East,Relief; Works Agency; Protection; Refugees,Adoption
281395,Palestine; Near East; Jerusalem,Relief; Works; Refugees,Adoption
281396,Israel;Occupied Territories,Human Rights,Investigation
281397,Israel;Occupied Territories,Human Rights,Investigation
281398,Israel;Occupied Territories,Human Rights,Investigation
281399,Israel; Occupied Territories,Human Rights,Investigation
281400,Israel;Occupied Territories,Human Rights,Investigation
281401,Israel;Occupied Territories,Human Rights,Investigation
281402,Israel;Occupied Territories,Human Rights,Investigation
281403,,Information,
281404,,Information,
281406,,Nuclear-test explosions,Cessation
281407,,Nuclear-test explosions,Cessation
281408,,Nuclear-test-ban treaty,Need
281409,South Asia,Nuclear-weapon-free zone,Establishment
281410,non-nuclear-weapon States,security;nuclear weapons,strengthening
281411,Non-nuclear-weapon States,Nuclear weapons,Conclusion; Assurance
281412,,Arms Race; Outer Space,Prevention
281413,Africa,Denuclearization,Implementation
281414,Africa; South Africa,Denuclearization; Nuclear Capability,Implementation
281415,,Weapons of Mass Destruction;Weapons,Prohibition;Development;Manufacture
281416,,Disarmament;nuclear-arms,Negotiation
281417,,Disarmament; Military Matters,Objective Information
281418,,Disarmament,Implementation
281419,,Disarmament;International Arms Transfers,
281420,,Disarmament; Radiological Weapons,Prohibition; Development; Production; Stockpiling; Use
281421,,Disarmament;Fissionable Material;Weapons,Prohibition
281422,,Disarmament; Naval Armaments,Disarmament
281423,,Disarmament;Nuclear Weapons,Study
281424,,Disarmament;nuclear-arms,Negotiation
281425,,Disarmament;Radioactive Wastes,Prohibition
281426,regional scale,general disarmament;complete disarmament;conventional disarmament,
281427,,Disarmament;Radioactive Wastes,Dumping
281428,,Concluding Document of the 12th Special Session; Disarmament; International Security,Review; Implementation
281429,,Concluding Document of the 12th Special Session;nuclear arms,Review;Implementation;Freeze
281430,,Concluding Document of the 12th Special Session of the General Assembly; World Disarmament Campaign,Review; Implementation
281431,,Convention on the Prohibition of the Use of Nuclear Weapons,Review; Implementation
281432,,Scientific and Technological Developments; International Security,Review; Implementation; Recommendation; Decision
281433,,Disarmament,Session
281434,,Non-use of nuclear weapons; Prevention of nuclear war,Review; Implementation
281435,,Disarmament,Review; Implementation; Recommendation; Decision; International Co-operation
281436,,Climatic effects of nuclear war; Nuclear winter,Review; Implementation; Recommendation; Decision
281437,,Nuclear-arms race;nuclear disarmament,Review;Implementation
281438,,Nuclear War,Review; Implementation; Recommendation; Decision; Prevention
281439,,Disarmament,Review; Implementation; Recommendation; Decision; Adoption
281440,,Armaments race;World peace;Security;Economic consequences;Social consequences,Review;Implementation;Recommendation;Decision
281441,,Disarmament,Review; Implementation; Recommendation; Decision; Adoption
281442,Israel,Nuclear Armament,
281443,,Verification,Study
281444,,Non-Proliferation of Nuclear Weapons,Implementation; Establishment
281445,Antarctica,,
281446,Antarctica,,
281447,,Political Dialogue;International Situation,Improvement
281448,,Declaration on the Preparation of Societies for Life in Peace,Adoption
281449,,Declaration on the Strengthening of International Security; International Security,Review; Implementation
281450,,International peace; Security; Charter of the United Nations,Strengthening
281451,South Africa,Human Rights;Political Assistance;Military Assistance;Economic Assistance;Racism;Colonialism,Enjoyment
281452,,International Convention; Suppression; Punishment; Crime of Apartheid,
281453,Colonial countries;Peoples,Right of peoples to self-determination;Independence;Human rights,Realization;Granting;Guarantee;Observance
281454,,Mercenaries;Human Rights;Right of Peoples to Self-Determination,Violation;Impediment
281455,,Human rights;Scientific and technological developments,Adoption
281456,,Economic rights;Social rights;Cultural rights;Civil rights;Political rights;Indivisibility;Interdependence,
281457,,Property;Human Rights;Fundamental Freedoms,Enjoyment
281458,,United Nations System;Human Rights;Fundamental Freedoms,Improvement
281459,,United Nations System;Human Rights;Fundamental Freedoms,Improvement
281460,Islamic Republic of Iran,Human Rights,
281461,,Migrant Workers;Human Rights;Dignity,Improvement;Ensurance
281462,,Social Life,Improvement
281463,Chile,Human Rights;Fundamental Freedoms,
281464,Organization of African Unity;League of Arab States,National Liberation Movements,Observer Status
281465,Organization of African Unity;League of Arab States,National liberation movements;Observer status,Recognition
281466,,International Law;International Economic Order,Development
281467,States,Peaceful settlement of disputes,Settlement
281468,,Crimes against the Peace and Security of Mankind,Draft
281469,States,Good neighbourliness,
281470,States,Good neighbourliness,
281472,Palestinian people,Assistance,
281473,,International Development;United Nations Development Decade,Preparation;Strategy
281474,Nicaragua,Trade embargo,
281475,,Money;Finance,Conference
281476,Developing countries,Poverty,International co-operation; Eradication
281477,,Official Development Assistance,Fulfillment
281478,,External debt crisis;Development;Debt problems,Solution
281479,front-line States,Special assistance,
281480,,Committee on Conferences,Status
281481,,United Nations Disengagement Observer Force,Financing
281482,Lebanon,United Nations Interim Force,Financing
281673,Palestine,,Resolution
281674,Palestine,,
281675,Palestine,,
281676,Palestine,,Resolution
281677,Palestine,,
281687,Palestine,,
281697,South Africa,Death sentence,Passing
281698,Palestinian People,Uprising,
281699,United Nations;League of Arab States,Co-operation,
281700,Comorian island of Mayotte,,
281702,countries of origin,cultural property,return; restitution
281706,South Atlantic,Zone of peace and co-operation,
281707,Kampuchea,,
281708,African,Structural Adjustment Programmes; Socio-Economic Recovery; Transformation,Framework
281709,,Law of the Sea,
281710,South Africa,Liberation Struggle,Solidarity
281711,South Africa,Racism,Sanctions
281712,South Africa,Racism,Imposition;Co-ordination;Monitory
281713,South Africa,Apartheid economy,International financial pressures
281714,South Africa;Israel,Relations,
281715,,Apartheid,Programme of work
281716,South Africa,Oil embargo,Embargo
281717,South Africa,Military collaboration,
281718,,Apartheid,International Action; Elimination
281719,,Apartheid in Sports,Support
281720,,International Law;International Economic Order,Development
281721,States,Disputes,Peaceful settlement
281722,,Crimes against the Peace and Security of Mankind,Draft
281723,Middle East,,
281725,Middle East,,
281726,Middle East,,
281727,Palestine,,Resolution
281728,Palestine,,
281729,Palestine,,
281730,Palestine,,
281731,Nicaragua,Military activities;Paramilitary activities,Judgement;Compliance
281732,Palestine,Refugees,Assistance
281733,Palestine,Higher Education;Palestine Refugees,Offers;Grants;Scholarships
281734,Palestine; Palestinian territory; Israel,Refugees,
281735,Palestine,Refugees,Resumption; Distribution
281736,,Population; Refugees,Return
281737,Palestine,Refugees;Properties;Revenues,
281738,Palestine,Protection; Refugees,
281739,Palestine,Palestine refugees,
281740,Palestine;Near East;occupied Palestinian territory,Protection;Educational institutions;Security;UN Relief and Works Agency for Palestine Refugees,Safeguarding
281741,Israel; Occupied Territories,Human Rights,Investigation
281742,Israel; Occupied Territories,Human Rights,Investigation
281743,Israel; Occupied Territories,Human Rights,Investigation
281744,Israel;Occupied Territories,Human Rights,Investigation
281746,Israel; Occupied Territories,Human Rights,Investigation
281747,Israel;Occupied Territories,Human Rights,Investigation
281748,Israel;Occupied Territories,Human Rights,Investigation
281749,,Information,
281750,,World social situation,
281751,,United Nations system;Human rights;Fundamental freedoms,Improvement
281752,,International Convention; Crime of Apartheid,Suppression; Punishment
281753,colonial countries;peoples,right of peoples to self-determination;independence;human rights,realization;granting;guarantee;observance
281754,,Mercenaries;Human Rights;Right of Peoples to Self-Determination,Violation;Impediment
281755,Non-Self-Governing Territories,Information,Transmission
281756,Namibia;southern Africa,Declaration on the Granting of Independence to Colonial Countries and Peoples;colonial domination;colonialism;apartheid;racial discrimination,activities;implementation;efforts;elimination
281757,Colonial Countries;Peoples,Declaration;Independence,Implementation
281758,Colonial Countries;Peoples,Declaration;Independence,Programme of Activities;Observance;Granting
281759,Colonial Countries;Peoples,Declaration;Independence,Implementation;Granting
281760,,Decolonization,Dissemination of information
281761,Latin America,Treaty for the Prohibition of Nuclear Weapons; Additional Protocol I; Treaty of Tlatelolco,Implementation; Signature; Ratification
281762,,Nuclear-test explosions,Cessation
281763,,Nuclear Weapon Tests; Atmosphere; Outer Space; Water,Amendment
281764,,Nuclear-test-ban treaty,Need
281766,South Asia,Nuclear-weapon-free zone,Establishment
281767,non-nuclear-weapon States,security;nuclear weapons,strengthening
281768,non-nuclear-weapon States,nuclear weapons,assurance
281769,,Arms Race; Outer Space,Prevention
281770,Africa,Denuclearization,Implementation
281771,South Africa,Nuclear capability,
281772,,Military Budgets,Reduction
281773,,Military budgets,
281774,,Radiological Weapons,Prohibition; Development; Production; Stockpiling; Use
281775,,Nuclear-arms,Negotiations
281776,,Military matters,Objective information
281777,,Disarmament,Implementation
281778,,Fissionable Material; Weapons,Prohibition; Production
281779,,Military Resources,Conversion
281780,,Nuclear-arms,Negotiations
281781,,Naval armaments; Disarmament,
281782,,International arms transfers,
281783,,Defensive security concepts; Policies,
281784,,Radioactive Wastes,Prohibition; Dumping
281785,,Conventional disarmament; Regional scale,
281786,,World Disarmament,Campaign
281787,,Nuclear Weapons,Prohibition
281788,,Nuclear-arms,Freeze
281789,Africa;Asia;Latin America;Caribbean,Peace;Disarmament;Development,
281790,,Scientific and technological developments; International security,Impact
281791,,Science and technology; Disarmament,
281792,,Disarmament,Programme
281793,,Nuclear weapons;nuclear war,Non-use;prevention
281794,,Disarmament,Report
281795,,Nuclear-arms race;nuclear war,Cessation;prevention
281796,South Pacific,Nuclear-Free-Zone,
281797,Indian Ocean,Zone of Peace;Declaration,Implementation
281798,Israel,Nuclear armament,
281799,,Disarmament;Education,
281800,,International Security,Review; Implementation
281801,,International Covenant on Civil and Political Rights; Death Penalty,Elaboration; Abolition
281802,,Economic rights;Social rights;Cultural rights;Civil rights;Political rights,Indivisibility;Interdependence
281803,States,National sovereignty;Non-interference;Electoral processes,Respect
281804,Chile,Human Rights,
281805,,Human Rights;Fundamental Freedoms,Enlargement;Promotion
281806,Angola,Economic Rehabilitation,International Assistance
281807,States,Economic Rights;Duties,
281808,Palestinian territory,Living conditions,
281809,front-line States,Special assistance,
281810,,External debt problems,Solution
281811,land-locked developing countries,needs;problems,action
281812,developing countries,economic measures;political coercion;economic coercion,means
281813,Nicaragua,Trade Embargo,
281814,,Commodities,
281815,Developing countries,Resource transfer;Economic growth;Sustained development,Impact
281816,Palestinian people,Assistance,
281817,United States of America;Panama;Central America,Military intervention,Effects
282037,Antarctica,,
282038,Antarctica,,
282055,Namibia,,
282083,Comorian Island of Mayotte,,
282086,Non-Self-Governing Territories,Information,Transmission
282087,Southern Africa,Declaration on the Granting of Independence to Colonial Countries and Peoples; Colonial Domination; Colonialism; Apartheid; Racial Discrimination,Implementation; Efforts; Elimination
282088,Colonial Countries;Peoples,Declaration;Independence,Implementation
282089,Colonial Countries;Peoples,Declaration;Independence,Granting
282090,Colonial Countries;Peoples,Declaration;Independence,Implementation;Granting
282091,,Decolonization,Dissemination of information
282092,Organization of African Unity;League of Arab States,National liberation movements;Observer status,Recognition
282093,,Protection;Security;Safety;Diplomatic and Consular Missions;Representatives,Consideration;Enhancement
282094,,Charter of the United Nations;Role of the Organization,Strengthening
282095,,United Nations procedures,Rationalization
282096,South Atlantic,Zone of peace and co-operation,
282097,Guam,,
282102,Latin America;Caribbean,Prohibition of Nuclear Weapons;Additional Protocol I;Treaty of Tlatelolco,Implementation;Signature;Ratification
282103,,Nuclear-test explosions,Cessation
282104,,Nuclear Weapon Tests; Atmosphere; Outer Space; Water,Amendment
282105,,Nuclear-test-ban treaty,Need
282106,South Asia,Nuclear-weapon-free zone,Establishment
282107,non-nuclear-weapon States,nuclear weapons,assurance
282108,,Arms Race,Prevention
282109,,Outer Space,Confidence-Building Measures
282110,Africa,Denuclearization,Implementation
282111,South Africa,Nuclear Capability,
282112,,Nuclear-arms,Negotiations
282113,,Nuclear-arms,Negotiations
282114,,Attacks on nuclear facilities,Prohibition
282115,,Radioactive Wastes,Prohibition; Dumping
282116,,Fissionable Material; Weapons,Prohibition; Production
282117,,Military activities;Civilian endeavours;Environment;Resource allocation,Protection;Charting
282118,,Defensive security concepts;Policies,
282119,Regional,Disarmament,
282120,,Nuclear Weapons,Prohibition
282121,,Nuclear-arms,Freeze
282122,,Scientific and technological developments; International security,Impact
282123,,Nuclear-arms race;nuclear disarmament;nuclear war,Cessation;prevention
282124,,Disarmament,Report
282125,,Disarmament,Programme
282126,Israel,Nuclear armament,
282127,Palestine,,
282128,Palestine,,
282129,Palestine,,
282130,Middle East,International Peace,Conference
282131,Palestinian people,Uprising,
282135,Palestine,Assistance; Palestine Refugees,
282136,Palestine,Higher Education;Vocational Training;Refugees,Offers;Grants;Scholarships
282137,Palestine; Palestinian territory; Israel,Refugees,
282138,Palestine,Refugees,Resumption; Distribution
282139,,Population;Refugees,Return
282140,Palestine,Refugees;Properties;Revenues,
282141,Palestine,Protection;Refugees,
282142,Palestine,Palestine refugees,
282143,Palestinian territory,Protection of Palestinian students; Educational institutions; Security of the facilities of UNRWA,Safeguarding
282144,Israel;Palestine;Occupied Territories,Human Rights,Investigation
282145,Israel;Palestine;Occupied Territories,Human Rights,Investigation
282146,Israel;Palestine;Occupied Territories,Human Rights,Investigation
282147,Israel;Palestine;Occupied Territories,Human Rights,Investigation
282148,Israel;Palestine;Occupied Territories,Human Rights,Investigation
282149,Israel;Palestine;Occupied Territories,Human Rights,Investigation
282150,Israel;Palestine;Occupied Territories,Human Rights,Investigation
282151,Indian Ocean,Zone of Peace;Declaration,Implementation
282152,,Declaration on the Strengthening of International Security; International Security,Review; Implementation
282153,United Nations;League of Arab States,Co-operation,
282154,Middle East,,
282155,Middle East,,
282156,Middle East,,
282157,South Africa,Human Rights;Political Assistance;Military Assistance;Economic Assistance;Racism;Colonialism,Enjoyment
282158,,World social situation,
282159,Antarctica,,
282160,Antarctica,,
282161,,International Convention; Suppression; Punishment; Crime of Apartheid,
282162,,United Nations system;Human rights;Fundamental freedoms,Improvement;Enjoyment
282163,colonial countries;peoples,right of peoples to self-determination;independence;human rights,realization;granting;guarantee;observance
282164,,Mercenaries;Human Rights;Right of Peoples to Self-Determination,Violation;Impediment
282165,,Law of the Sea,
282167,,Principle of periodic and genuine elections,Enhancement
282168,States,National sovereignty;Non-interference;Electoral processes,Respect
282169,World,Indigenous People,International Year
282170,Kuwait,Human Rights,
282171,,Apartheid,Eradication; Measures
282172,South Africa,Military collaboration,
282173,South Africa;Israel,Relations,
282174,,Apartheid,Programme of work
282175,South Africa,Oil embargo,Embargo
282176,,Apartheid in Sports,Support
282178,Palestinian people,Assistance,
282179,,Entrepreneurship,
282474,Comorian Island of Mayotte,,
282476,countries of origin,cultural property,return; restitution
282479,,International Atomic Energy Agency,Report
282481,South Atlantic,Zone of peace; Cooperation,
282484,United Nations;League of Arab States,Cooperation,
282485,,Treaty Banning Nuclear Weapon Tests; Atmosphere; Outer Space; Water,Amendment
282486,,Nuclear-test-ban treaty,Adoption
282487,South Asia,Nuclear-weapon-free zone,Establishment
282488,non-nuclear-weapon States,nuclear weapons,assurance
282489,,Arms Race; Outer Space,Prevention
282490,Africa; South Africa,Denuclearization; Nuclear Capacity,Implementation
282491,Regional,Disarmament,
282492,,Nuclear-arms,Negotiations
282493,,Concluding Document;nuclear-arms freeze,Review;Implementation
282494,,Concluding Document of the 12th Special Session; Convention on Prohibition of Use of Nuclear Weapons; Nuclear Weapons,Review; Implementation; Prohibition
282495,,Disarmament,Review; Implementation; Recommendation; Decision
282496,,Disarmament,Review; Implementation; Recommendation; Decision; Adoption
282497,Israel,Nuclear armament,
282498,Antarctica,,
282499,Antarctica,,
282500,,Fissionable material; Weapon purposes,Production
282501,Palestine; Near East,Relief; Assistance; Refugees,Assistance
282502,Palestine,Higher Education;Palestine Refugees,Offers;Grants;Scholarships
282503,Palestine; Palestinian territory; Israel,Refugees,
282504,Palestine,Refugees,Resumption; Distribution
282505,,Population;Refugees,Return
282506,Palestine,Refugees;Properties;Revenues,
282508,Palestine,Protection; Refugees,
282509,University of Jerusalem; Al-Quds,,
282510,Palestinian territory,Protection; Educational institutions; Security; UNRWA,Safeguarding
282511,Israel;Palestine;Occupied Territories,Human Rights,Investigation
282512,Israel;Palestine;Occupied Territories,Human Rights,Investigation
282513,Israel;Palestine;Occupied Territories,Human Rights,Investigation
282514,Israel;Palestine;Occupied Territories,Human Rights,Investigation
282515,Israel;Palestine;Occupied Territories,Human Rights,Investigation
282516,Israel;Palestine;Occupied Territories,Human Rights,Investigation
282517,Israel;Palestine;Occupied Territories,Human Rights,Investigation
282518,,Transparency in armaments,
282519,UN Regional Centres,Peace;Disarmament,Review;Implementation
282520,Indian Ocean,Zone of Peace,Implementation; Declaration
282521,,International Law;International Economic Order,Development
282522,Non-Self-Governing Territories,Information,Transmission
282523,southern Africa,foreign economic interests;Declaration on the Granting of Independence to Colonial Countries and Peoples;colonial domination;colonialism;apartheid;racial discrimination,implementation;elimination;efforts
282524,Colonial Countries;Peoples,Declaration;Independence,Implementation
282525,Colonial Countries;Colonial Peoples,Declaration;Independence,Implementation;Granting
282527,,Decolonization,Dissemination of information
282528,Palestine,,
282529,Palestine,,
282530,Palestine,,
282531,Middle East,International Peace,Conference
282532,Palestinian people,Uprising,
282533,,Law of the Sea,
282534,,Apartheid,Programme of work
282535,South Africa,Military collaboration,Collaboration
282536,South Africa;Israel,Relations,
282537,South Africa,Oil embargo,Embargo
282540,Middle East,,
282541,Middle East,,
282542,,International Convention on the Suppression and Punishment of the Crime of Apartheid,Suppression; Punishment
282543,,Racism;Racial Discrimination,Elimination
282544,colonial countries;peoples,right of peoples to self-determination;independence;human rights,realization;granting;guarantee;observance
282545,,Mercenaries;Human Rights;Right of Peoples to Self-Determination,Violation;Impediment
282546,,World social situation,
282547,,United Nations System;Human Rights;Fundamental Freedoms,Improvement
282548,States,National sovereignty;Non-interference;Electoral processes,Respect
282549,Iraq,Human Rights,
282550,Kuwait;Iraq,Human Rights,
282551,,Principle of periodic and genuine elections,Enhancement
282552,Africa,Crime;Treatment of Offenders,Prevention
282553,Palestinian territory,Living conditions,
282554,Israel;Palestinian territory;Jerusalem;Arab territories,Economic effects,
282555,Palestinian people,Assistance,
282556,developing countries,economic measures;political coercion;economic coercion,means
282557,Kuwait;Iraq,Environmental consequences,International cooperation;Mitigation
282811,Bosnia and Herzegovina,,
282817,,Security Council,Recommendation
282824,,International Atomic Energy Agency,Report
282825,Comorian Island of Mayotte,,
282826,United Nations;League of Arab States,Cooperation,
282830,Non-Self-Governing Territories,Information,Transmission
282831,Southern Africa,Foreign economic interests; Declaration on the Granting of Independence to Colonial Countries and Peoples; Colonial domination; Colonialism; Apartheid; Racial discrimination,Implementation; Efforts; Elimination
282832,Colonial Countries;Colonial Peoples,Declaration;Independence,Implementation
282835,United States of America;Cuba,Economic embargo;Commercial embargo;Financial embargo,Ending
282836,Colonial Countries;Colonial Peoples,Declaration;Independence,Implementation;Granting
282837,,Decolonization,Dissemination of information
282838,Organization of African Unity;League of Arab States,National Liberation Movements;Observer Status,Recognition
282847,,Scientific and technological developments; International security,Impact
282848,,Nuclear Weapon Tests; Atmosphere; Outer Space; Water,Amendment
282849,,Nuclear-test-ban treaty,Adoption
282850,South Asia,Nuclear-weapon-free zone,Establishment
282851,non-nuclear-weapon States,nuclear weapons,assurance
282852,,Arms race; Outer space,Prevention
282853,,Disarmament; Treaty on the Non-proliferation of Nuclear Weapons,Conference; Preparatory Committee
282854,,Prohibition; Production; Fissionable Material,Prohibition
282855,Regional,Disarmament,
282856,,Nuclear Weapons,Prohibition; Use
282857,,Nuclear-arms,Freeze
282858,United Nations,Disarmament,Review; Implementation; Recommendation; Decision
282859,Israel,Nuclear armament,
282860,Indian Ocean,Zone of Peace,Implementation
282861,,International Security,Review; Implementation; Strengthening
282862,,International Security,Maintenance
282863,Middle East,,
282864,Middle East,,
282865,Palestine,,
282866,Palestine,,
282867,Palestine,,
282868,Palestine,,
282869,Palestine,,
282870,,Law of the Sea,
282871,Palestine; Near East,Relief; Assistance; Refugees,Assistance
282872,Palestine,Refugees,Grant; Scholarship
282873,Palestine,Refugees,
282874,Palestine,Refugees,Resumption; Distribution
282875,,Population;Refugees,Return
282876,Palestine,Refugees;Properties;Revenues,
282877,Palestine,Protection;Refugees,
282878,Jerusalem,,
282879,Palestine; Near East,Educational Institutions; UN Relief and Works Agency for Palestine Refugees,Protection
282880,Israel;Palestine;Occupied Territories,Human Rights,Investigation
282881,Israel;Palestine;Occupied Territories,Human Rights,Investigation
282882,Israel;Palestine;Occupied Territories,Human Rights,Investigation
282883,Israel;Palestine;Occupied Territories,Human Rights,Investigation
282884,Israel;Palestine;Occupied Territories,Human Rights,Investigation
282885,Israel;Palestine;Occupied Territories,Human Rights,Investigation
282886,Israel;Palestine;Occupied Territories,Human Rights,Investigation
282887,South Atlantic,Zone of peace; Cooperation,
282888,Regional,Confidence-building measures,
282890,,International Convention; Suppression; Punishment; Crime of Apartheid,
282891,colonial countries;peoples,right of peoples to self-determination;independence;human rights,realization;granting;guarantee;observance
282892,,Mercenaries;Human Rights;Right of Peoples to Self-Determination,Violation;Impediment
282893,Africa,Crime;Treatment of Offenders,Prevention
282894,South Africa,Policies of apartheid; Oil embargo,Embargo
282895,South Africa,Policies of apartheid; Military collaboration,Collaboration
282896,South Africa; Israel,Policies of apartheid,Relations
282897,South Africa,Apartheid;Commission against Apartheid in Sports,Support
282898,Bosnia and Herzegovina,,
282899,States,National sovereignty;Non-interference;Electoral processes,Respect
282900,,United Nations System;Human Rights;Fundamental Freedoms,Improvement
282901,,Principle of periodic and genuine elections,Enhancement
282902,Cuba,Human Rights,Resolution
282903,Sudan,,
282904,Iraq,Human Rights,
282905,Islamic Republic of Iran,Human Rights,
282906,Kuwait;Iraq,Environmental consequences,International cooperation;Mitigation
282909,Palestinian people,Assistance,
282910,Israel;Palestine;Jerusalem;Syrian Golan,Economic repercussions;Social repercussions;Israeli settlements,
282911,Developing countries,International debt crisis;Development;External debt problems,International cooperation;Solution
283166,Antarctica,,
283200,,,
283233,,International Atomic Energy Agency,Report
283234,countries of origin,cultural property,return; restitution
283235,United States of America;Cuba,Economic embargo;Commercial embargo;Financial embargo,Ending
283246,South Atlantic,Zone of peace; Cooperation,
283272,,Law of the Sea,
283273,Palestine,Assistance; Palestine refugees,
283274,Palestine,Higher Education;Vocational Training;Refugees,Offers;Grants;Scholarships
283275,Palestine; Palestinian territory; Israel,Refugees,
283276,,Population;Refugees,Return
283277,Palestine,Refugees;Properties;Revenues,
283278,Palestine,Protection; Refugees,
283279,Palestine,Palestine refugees,
283280,Palestinian,Protection;Educational Institutions;Security;Facilities;UNRWA,Safeguarding
283281,Israel;Palestine;Occupied Territories,Human Rights,Investigation
283282,Israel;Palestine;Occupied Territories,Human Rights,Investigation
283283,Israel;Palestinian People;Occupied Territories,Human Rights,Investigation
283284,Israel;Palestine;Occupied Territories,Human Rights,Investigation
283285,Non-Self-Governing Territories,Information,Transmission
283286,Colonial Countries; Territories under colonial domination,Foreign economic interests; Declaration on the Granting of Independence,Implementation
283287,Colonial Countries;Peoples,Declaration;Independence,Implementation
283288,Colonial Countries;Colonial Peoples,Declaration;Independence,Implementation;Granting
283289,,Decolonization,Dissemination of information
283290,Comorian Island of Mayotte,,
283291,Middle East; Jerusalem,,
283292,Middle East; Syrian Golan,,
283293,Middle East,Peace Process,
283294,,Scientific and technological developments; International security,Impact
283295,,Science and Technology; International Security; Disarmament,Role
283296,United Nations,Verification,Role
283297,,Treaty Banning Nuclear Weapon Tests; Atmosphere; Outer Space; Water,Amendment
283298,,Arms Race; Outer Space,Prevention
283299,,Disarmament,Adoption
283300,,Illicit transfer; Conventional arms,Measures; Use
283301,Regional,Disarmament,
283302,regional;subregional levels,Conventional arms control,
283303,South Asia,Nuclear-weapon-free zone,Establishment
283304,,Conventional Weapons,Prohibition; Restriction
283305,Indian Ocean,Zone of Peace;Declaration,Implementation
283306,,Declaration on the Strengthening of International Security; International Security,Review; Implementation
283307,,International Security,Maintenance
283308,regional,confidence-building measures,review; implementation
283309,,Nuclear Weapons,Prohibition; Use
283311,Israel,Nuclear Armament,
283312,non-nuclear-weapon States,nuclear weapons,assurance
283315,Bosnia and Herzegovina,,
283316,,International Convention on the Suppression and Punishment of the Crime of Apartheid,Suppression; Punishment
283317,,Mercenaries;Human Rights;Right of Peoples to Self-Determination,Violation;Impediment
283318,colonial countries;peoples,right of peoples to self-determination;independence;human rights,realization;granting;guarantee;observance
283319,Africa,Crime;Treatment of Offenders,Prevention
283320,,United Nations System;Human Rights;Fundamental Freedoms,Improvement
283321,States,National sovereignty;Non-interference;Electoral processes,Respect
283322,,Principle of periodic and genuine elections,Enhancement
283323,Cuba,Human Rights,
283324,Iraq,Human Rights,
283325,Islamic Republic of Iran,Human Rights,
283326,Sudan,Human Rights,
283327,Palestine; Palestinian People,Inalienable Rights,Exercise
283328,Palestine,,
283329,,,
283330,Palestine,Peaceful settlement,Settlement
283331,developing countries,economic measures;political coercion;economic coercion,means
283332,Developing countries,External debt problems,International cooperation; Solution
283333,Israel;Palestine;Jerusalem;Syrian Golan,Economic repercussions;Social repercussions;Israeli settlements,
283556,Antarctica,,
283566,,United Nations Convention on the Law of the Sea,Agreement; Implementation
283584,United States of America;Cuba,Economic embargo;Commercial embargo;Financial embargo,Ending
283587,Bosnia and Herzegovina,,
283588,Individual territories,,
283594,Comorian Island of Mayotte,,
283601,South Atlantic,Zone of peace; Cooperation,
283602,,Law of the Sea,
283604,,Peaceful Uses of Outer Space,Enlargement
283605,Palestine,Assistance; Palestine refugees,
283606,,Persons displaced; Hostilities,
283607,Palestine,Grants;Scholarships;Higher Education;Vocational Training;Refugees,Offer
283608,Palestine;Near East,Relief;Works;Refugees,Operations
283609,Palestine,Refugees;Properties;Revenues,
283610,Jerusalem; Al Quds,,
283611,Israel;Palestine;Occupied Territories,Human Rights,Investigation
283612,Israel;Palestine;Occupied Territories,Human Rights,Investigation
283613,Israel;Palestine;Occupied Territories,Human Rights,Investigation
283614,Israel;Palestine;Occupied Territories,Human Rights,Investigation
283615,Non-Self-Governing Territories,Information,Transmission
283616,Colonial Countries; Territories under colonial domination,Foreign economic interests; Declaration on the Granting of Independence,Implementation
283617,Colonial Countries;Peoples,Declaration;Independence,Implementation
283618,Croatia,Occupied territories,
283619,,Law; Non-navigational uses; International watercourses,Drafting
283620,,Charter of the United Nations;Role of the Organization,Strengthening
283621,Palestinian People,Inalienable Rights,Exercise
283622,Palestine,Palestinian Rights,
283623,Palestine,,
283624,Palestine,Peaceful settlement,Settlement
283625,,International Atomic Energy Agency,Report
283626,,Scientific and technological developments; International security,Impact
283627,,Science and Technology; International Security; Disarmament,Role
283628,,Treaty Banning Nuclear Weapon Tests; Atmosphere; Outer Space; Water,Amendment
283629,South Asia,Nuclear-weapon-free zone,Establishment
283630,non-nuclear-weapon States,nuclear weapons,assurance
283631,,Arms race; Outer space,Prevention
283632,,Disarmament Decade,Review
283633,,Transparency; Armaments,
283634,,Nuclear Threat,Reduction
283635,,Treaty on the Non-Proliferation of Nuclear Weapons,Review; Extension; Conference
283636,States,Illicit traffic in small arms,Assistance; Curbing; Collection
283637,,Nuclear disarmament; Nuclear weapons,Elimination
283638,,International Court of Justice; Threat or Use of Nuclear Weapons; Legality,Request; Advisory Opinion
283639,Regional,Disarmament,
283640,regional;subregional levels,Conventional arms control,
283641,,Nuclear-arms;nuclear disarmament,Negotiations
283642,,Nuclear Weapons,Prohibition
283643,,Confidence-building measures,Implementation
283644,Middle East,Nuclear Proliferation,Risk
283645,Indian Ocean,Zone of Peace;Declaration,Implementation
283646,South Atlantic region,Nuclear-weapon-free zone,
283647,Middle East; Jerusalem,,
283648,Middle East; Syrian Golan,,
283649,Middle East,Peace process,
283650,Colonial Countries;Peoples,Declaration;Independence,Implementation;Granting
283651,,Decolonization,Dissemination of information
283669,Israel;Palestine;Jerusalem;Syrian Golan,Economic repercussions;Social repercussions;Israeli settlements,
283671,Palestinian people,Self-determination,Right
283672,,Mercenaries;Human Rights;Right of Peoples to Self-Determination,Violation;Impediment
283673,Colonial countries;Peoples,Right of peoples to self-determination;Independence;Human rights,Realization;Granting;Guarantee;Observance
283674,States,National sovereignty;Non-interference;Electoral process,Respect
283675,,Freedom of Travel;Family Reunification,Respect
283676,,United Nations System;Human Rights;Fundamental Freedoms,Improvement
283677,,United Nations; Principle of periodic and genuine elections; Democratization,Strengthening; Enhancement; Promotion
283678,Republic of Bosnia and Herzegovina;Republic of Croatia;Federal Republic of Yugoslavia;Serbia and Montenegro,Human Rights,
283679,Sudan,Human Rights,
283680,Cuba,Human Rights,
283681,Islamic Republic of Iran,Human Rights,
283682,Iraq,Human Rights,
283683,Kosovo,Human Rights,
283917,,Women; Equality; Development; Peace,Accreditation; Action
284059,,International Atomic Energy Agency,Report
284060,United States of America;Cuba,Economic embargo;Commercial embargo;Financial embargo,Ending
284061,,Multilingualism,
284062,South Atlantic,Zone of peace; Cooperation,
284093,Middle East,Peace process,
284094,Jerusalem,,
284095,Syrian Golan,,
284096,,Law of the sea,
284097,Palestine,Refugees,Assistance
284098,,Persons displaced,
284099,Palestine,Higher Education;Vocational Training;Refugees,Offers;Grants;Scholarships
284100,,UNRWA,Operations
284101,Palestine,Refugees;Properties;Revenues,
284102,Jerusalem; Palestine,Palestine refugees,
284103,Israel;Palestine;Occupied Territories,Human Rights,Investigation
284104,Israel;Palestine;Occupied Territories,Human Rights,Investigation
284105,Israel;Palestine;Occupied Territories,Human Rights,Investigation
284106,Israel;Palestine;Occupied Territories,Human Rights,Investigation
284107,Non-Self-Governing Territories,Information,Transmission
284108,Colonial Countries; Territories under colonial domination,Foreign economic interests; Declaration on the Granting of Independence,Implementation
284109,Colonial Countries;Peoples,Declaration;Independence,Implementation
284110,American Samoa;Anguilla;Bermuda;British Virgin Islands;Cayman Islands;Guam;Montserrat;Pitcairn;St. Helena;Tokelau;Turks and Caicos Islands;United States Virgin Islands,,
284111,Colonial Countries;Peoples,Declaration;Independence,Implementation;Granting
284112,,Decolonization,Dissemination of information
284118,,Charter of the United Nations;Role of the Organization,Strengthening
284119,countries of origin,cultural property,restitution; return
284123,United Nations,Verification,Role
284124,,Science and Technology; International Security; Disarmament,Role
284125,,Treaty Banning Nuclear Weapon Tests,Amendment
284126,South Asia,Nuclear-weapon-free zone,Establishment
284127,Non-nuclear-weapon States,Nuclear weapons,Conclusion; Assurance
284128,,Nuclear testing,
284129,,Small arms,
284130,,Nuclear disarmament;nuclear weapons,elimination
284132,,Transparency in armaments,
284133,,Disarmament,Convening
284134,,Nuclear arms;nuclear disarmament,Negotiations
284135,Regional,Disarmament,
284136,regional;subregional levels,Conventional arms control,
284137,,Environmental norms;Disarmament;Arms control,Observance;Drafting;Implementation
284138,,Nuclear arms; Nuclear disarmament,Negotiations
284139,,Nuclear disarmament,
284140,,Treaty on the Non-Proliferation of Nuclear Weapons,Review; Extension
284141,,Nuclear Weapons,Prohibition
284142,Middle East,Nuclear Proliferation,Risk
284143,Indian Ocean,Zone of Peace,Implementation; Declaration
284145,Palestinian People,Inalienable Rights,Exercise
284146,Palestine,,
284147,,Department of Public Information; Secretariat,
284148,Palestine,Peaceful settlement,Settlement
284151,developing countries,economic measures;political coersion,means
284152,Israel;Palestine;Jerusalem;Syrian Golan,Economic repercussions;Social repercussions;Israeli settlements,
284155,,Mercenaries;Human Rights;Right of People to Self-Determination,Violation;Impediment
284156,Palestinian people,Self-determination,Right
284157,States,National sovereignty;Non-interference;Electoral processes,Respect
284158,,Freedom of Travel;Family Reunification,Respect
284159,,United Nations; Principle of periodic and genuine elections; Democratization,Strengthening; Enhancement; Promotion
284160,Islamic Republic of Iran,Human Rights,
284161,Kosovo,Human Rights,
284162,Iraq,Human Rights,
284163,Republic of Bosnia and Herzegovina;Republic of Croatia;Federal Republic of Yugoslavia;Serbia and Montenegro,Human Rights,
284164,Sudan,Human Rights,
284165,Cuba,Human Rights,
284166,Nigeria,Human Rights,
284470,,Science and Technology;International Security;Disarmament,Role
284471,,Arms Race; Outer Space,Prevention
284472,Middle East,,
284473,Lebanon,United Nations Interim Force,Financing
284474,,International Atomic Energy Agency,Report
284475,South Atlantic,Zone of peace; Cooperation,
284476,United States of America;Cuba,Economic embargo;Commercial embargo;Financial embargo,Ending
284477,,Nuclear-test-ban treaty,Comprehensive
284496,,Coercive economic measures;Political compulsion;Economic compulsion,Elimination
284502,Palestinian People,Inalienable Rights,Exercise
284503,Palestine,Division for Palestinian Rights,
284504,Palestine,Information,Programme
284505,Palestine,Peaceful settlement,Settlement
284506,Jerusalem,,
284507,Syrian Golan,,
284508,Middle East,Peace process,
284510,,Law of the Sea,
284512,,Science and Technology;International Security;Disarmament,Role
284513,,Science and Technology; International Security; Disarmament,Role
284514,South Asia,Nuclear-weapon-free zone,Establishment
284515,non-nuclear-weapon States,nuclear weapons,assurance
284516,,Arms race; Outer space,Prevention
284517,,Non-Proliferation of Nuclear Weapons,Review; Preparation
284518,southern hemisphere;adjacent areas,nuclear-weapon-free,
284519,,Disarmament,Convening
284520,,Environmental norms;Disarmament;Arms control,Observance;Drafting;Implementation
284521,,Nuclear disarmament;nuclear weapons,Elimination
284522,,Transparency in armaments,
284523,,Nuclear arms; Nuclear disarmament,Negotiations
284524,Regional,Disarmament,
284525,,International Court of Justice; Legality; Threat; Use; Nuclear Weapons,Advisory Opinion
284526,,Nuclear disarmament,
284527,,1925 Geneva Protocol,Measure; Upholding; Authority
284528,regional;subregional levels,Conventional arms control,
284529,,Nuclear arms; Nuclear disarmament,Negotiations
284530,,Anti-personnel landmines,Agreement; Ban
284531,,Nuclear Weapons,Prohibition
284532,,Disarmament,Review; Implementation; Expansion; Membership
284533,Middle East,Nuclear Proliferation,Risk
284534,Indian Ocean,Zone of Peace;Declaration,Implementation
284535,States,International Security;Violent Disintegration,Maintenance;Prevention
284545,Europe,Security,Cooperation
284548,Palestinian people,Self-determination,Right
284549,,Mercenaries;Human Rights;Right of Peoples to Self-Determination,Violation;Impeding;Exercise
284550,,Universal freedom of travel; Family reunification,Respect
284552,,Human Rights,Enhancement;International Cooperation
284553,,Human rights; Unilateral coercive measures,Adoption
284554,Iraq,Human Rights,
284556,Islamic Republic of Iran,Human Rights,
284557,Nigeria,Human Rights,
284558,Kosovo,Human Rights,
284560,Sudan,Human Rights,
284561,Cuba,Human Rights,
284563,Republic of Bosnia and Herzegovina;Republic of Croatia;Federal Republic of Yugoslavia;Serbia and Montenegro,Human Rights,
284564,Palestine,Refugees,Assistance
284565,,Persons displaced,
284566,Palestine,Higher Education;Vocational Training;Refugees,Offers;Grants;Scholarships
284567,Palestine; Near East,Relief; Works Agency; Refugees,Operations
284568,Palestine,Refugees;Properties;Revenues,
284569,Palestine,Palestine refugees,
284570,Israel;Palestinian People;Occupied Territories,Human Rights,Investigation
284571,Palestinian territory;Jerusalem;Arab territories,Geneva Convention;Protection of Civilian Persons;Time of War,Applicability
284572,Israel;Palestinian territory;Jerusalem;Syrian Golan,Israeli settlements,
284573,Israel;Palestine;Jerusalem,Human Rights,Practice
284574,Syrian Golan,,
284575,,Peacekeeping Operations,Review
284576,,Public Information,Policy; Activity
284577,Non-Self-Governing Territories,Information,Transmission
284578,Colonial Countries;Colonial Territories,Foreign Economic Interests;Declaration on the Granting of Independence;Colonial Domination,Implementation
284579,Colonial Countries;Peoples,Declaration;Independence,Implementation
284580,Colonial Countries;Colonial Peoples,Declaration;Independence,Implementation;Granting
284581,,Decolonization,Dissemination of information
284599,Palestinian territory;Jerusalem;Syrian Golan,Permanent sovereignty;Natural resources,
284607,,Security Council,Report
284609,Sudan,Emergency assistance,
284610,Bosnia and Herzegovina,,
284611,,World Television,Proclamation
284612,,United Nations pension system,
284771,Israel;Palestinian territory;East Jerusalem,Israeli settlement activities,
284784,Israel;East Jerusalem;Palestinian Territory,Illegal actions;Occupation,
284828,Israeli; East Jerusalem; Palestinian Territory,Illegal actions,
284833,,International Watercourses,Convention
284834,Lebanon,United Nations Interim Force,Financing
284860,United States of America;Cuba,Economic embargo;Commercial embargo;Financial embargo,Ending
284862,,International Atomic Energy Agency,Report
284863,Israel;East Jerusalem;Palestinian Territory,Illegal actions,
284868,South Atlantic,Zone of peace; Cooperation,
284872,Europe,Security;Cooperation,Cooperation
284873,countries of origin,cultural property,return; restitution
284874,,Oceans;Law of the Sea,
284893,,Science and Technology;International Security;Disarmament,Role
284894,South Asia,Nuclear-weapon-free zone,Establishment
284895,non-nuclear-weapon States,nuclear weapons,assurance
284896,,Arms Race; Outer Space,Prevention
284897,,Anti-personnel Mines,Prohibition; Use; Stockpiling; Production; Transfer; Destruction
284898,,Transparency; Armaments,
284899,,Environmental Norms;Disarmament;Arms Control,Observance;Drafting;Implementation
284900,,Anti-personnel landmines,Banning; Contributions
284901,,Small arms,
284902,,Nuclear disarmament;nuclear weapons,Elimination
284903,,Nuclear disarmament,
284904,,Nuclear arms; Nuclear disarmament,Negotiations
284905,Southern Hemisphere,Nuclear-weapon-free,
284906,,Legality;Threat;Use;Nuclear Weapons,Advisory Opinion
284907,,Conventional arms control; Regional level; Subregional level,
284908,,Transparency in armaments,
284909,,Nuclear Weapons,Prohibition
284910,,Disarmament,Role
284911,Middle East,Nuclear Proliferation,Risk
284913,Indian Ocean,Zone of Peace;Declaration,Implementation
284914,Palestinian People,Inalienable Rights,Exercise
284915,Palestine,Palestinian Rights,
284916,Palestine,Information Programme,Question
284917,Palestine,Peaceful settlement,Settlement
284918,Jerusalem,,
284919,Middle East;Syrian Golan,,
284920,Palestine,Refugees,Assistance
284921,,Persons displaced; Hostilities,
284922,Palestine,Higher Education;Vocational Training;Refugees,Offers;Grants;Scholarships
284923,Palestine; Near East,Relief; Works; Refugees,Operations
284924,Palestine,Refugees;Properties;Revenues,
284925,Jerusalem; Palestine,Refugees,
284926,Israel;Palestine;Occupied Territories,Human Rights,Investigation
284927,Palestinian territory;Jerusalem;Arab territories,Geneva Convention;Protection of Civilian Persons;Time of War,Applicability
284928,Israel;Palestinian territory;Jerusalem;Syrian Golan,Israeli settlements,
284929,Israel;Palestine;Jerusalem,Human Rights,Practice
284930,Syrian Golan,,
284931,Non-Self-Governing Territories,Information,Transmission
284932,Non-Self-Governing Territories,Economic Activities;Interests of the Peoples,
284933,Colonial Countries;Colonial Peoples,Declaration;Independence,Implementation
284934,Colonial Countries;Peoples,Declaration;Independence,Implementation;Granting
284935,,Decolonization,Dissemination of information
284937,,Mercenaries;Human Rights;Rights of Peoples;Self-Determination,Violation;Impeding
284938,Palestinian people,Self-determination,Right
284939,States,National sovereignty;Non-interference;Electoral processes,Respect
284940,,Human rights; Unilateral coercive measures,Adoption
284941,,Universal freedom of travel; Family reunification,Respect
284942,,United Nations; Principle of periodic and genuine elections; Democratization,Strengthening; Enhancement; Promotion
284943,,Human Rights,Strengthening; Promotion; International Cooperation
284944,,Human rights;Terrorism,Adoption
284945,,Right to development,
284946,Kosovo,Human Rights,
284947,Sudan,Human Rights,
284948,Iraq,Human Rights,
284949,Islamic Republic of Iran,Human Rights,
284950,Cuba,Human Rights,
284951,Nigeria,Human Rights,
284952,Bosnia and Herzegovina;Republic of Croatia;Federal Republic of Yugoslavia,Human Rights,
284953,Sudan,Emergency assistance,
284954,developing countries,unilateral economic measures; political coercion; economic coercion,means
284955,Palestinian territory;Jerusalem;Syrian Golan,Permanent sovereignty;Natural resources,
285234,,International Atomic Energy Agency,Report
285260,South Atlantic,Zone of peace; Cooperation,
285263,Jerusalem,,
285264,Middle East;Syrian Golan,,
285265,Palestinian People,Inalienable Rights,Exercise
285266,Palestinian,,
285267,Palestine,Information Programme,Question
285268,Palestine,Peaceful settlement,Settlement
285269,Palestine,Refugees,Assistance
285270,,Persons displaced,
285271,Palestine,Higher Education;Vocational Training;Refugees,Offers;Grants;Scholarships
285272,Palestine; Near East,Relief; Works; Refugees,Operations
285273,Palestine,Refugees;Properties;Revenues,
285274,Palestine,Palestine refugees,
285275,Israel;Palestine;Occupied Territories,Human Rights,Investigation
285276,Palestinian territory; Jerusalem; Arab territories,Geneva Convention; Protection of Civilian Persons; Time of War,Applicability
285277,Israel;Palestinian territory;Jerusalem;Syrian Golan,Israeli settlements,
285278,Israel;Palestine;Jerusalem,Human Rights,Practice
285279,Syrian Golan,,
285280,Non-Self-Governing Territories,Information,Transmission
285281,Non-Self-Governing Territories,Economic Activities;Interests of the Peoples,
285282,Colonial Countries;Peoples,Declaration;Independence,Implementation
285283,Colonial Countries;Peoples,Declaration;Independence,Implementation;Granting
285284,,Decolonization,Dissemination of information
285287,,International Security;Violent Disintegration of States,Prevention
285288,,Science and Technology;International Security;Disarmament,
285289,non-nuclear-weapon States,nuclear weapons,assurance
285290,,Arms race; Outer space,Prevention
285291,,Small arms,
285292,,Nuclear Danger,Reduction
285293,,Nuclear testing,Adoption
285294,Regional,Disarmament,
285295,,Environmental Norms;Disarmament;Arms Control,Observance;Drafting;Implementation
285296,,Geneva Protocol,Measure; Upheld Authority
285297,,Anti-Personnel Mines,Prohibition; Use; Stockpiling; Production; Transfer; Destruction
285298,regional;subregional levels,Conventional arms control,
285299,Southern Hemisphere; Adjacent Areas,Nuclear-weapon-free,
285300,,Transparency; Armaments,
285301,,Nuclear disarmament;nuclear weapons,Elimination
285302,,Transparency in armaments,
285303,,International Court of Justice; Legality; Threat or Use of Nuclear Weapons,Follow-up
285304,,Nuclear disarmament,
285305,,Nuclear-weapon-free world,Agenda
285306,,Nuclear arms; Nuclear disarmament,Negotiations
285307,,Nuclear Weapons,Prohibition
285308,Middle East,Nuclear Proliferation,Risk
285309,Europe,Security;Cooperation,Cooperation
285318,,Mercenaries;Human Rights;Right of Peoples to Self-Determination,Violation;Impeding
285319,Palestinian people,Self-determination,Right
285320,,Human rights; Unilateral coercive measures,Adoption
285321,,Universal freedom of travel; Family reunification,Respect
285322,,Right to development,
285323,Iraq,Human Rights,
285324,Islamic Republic of Iran,Human Rights,
285325,Bosnia and Herzegovina;Republic of Croatia;Federal Republic of Yugoslavia;Serbia and Montenegro,Human Rights,
285326,Kosovo,Human Rights,
285330,Palestinian people;Palestinian territory;Jerusalem;Arab population;Syrian Golan,Permanent sovereignty;Natural resources,
285523,Lebanon,United Nations Interim Force,Financing
285524,Palestine,Participation,Work
285525,United States of America;Cuba,Economic embargo;Commercial embargo;Financial embargo,Ending
285526,,Coercive economic measures;Political compulsion;Economic compulsion,Elimination
285527,,Oceans;Law of the Sea,
285559,Lebanon,United Nations Interim Force,Financing
404018,,Oceans; Law of the Sea,
404019,South Atlantic,Zone of peace; Cooperation,
404021,,International Atomic Energy Agency,Report
404022,Jerusalem,,
404023,Syrian Golan,,
404024,Palestinian people,Inalienable Rights,Exercise
404025,Palestinian,Rights,
404026,Palestine,Information programme,
404028,Palestine,Peaceful settlement,Settlement
404029,Indian Ocean,Zone of Peace,Implementation; Declaration
404030,,Science and Technology;International Security;Disarmament,
404031,non-nuclear-weapon States,nuclear weapons,assurance
404032,,Arms Race; Outer Space,Prevention
404033,,Treaty on the Limitation of Anti-Ballistic Missile System,Preservation; Compliance
404034,,Convention on the Prohibition of the Use Stockpiling Production and Transfer of Anti-personnel Mines; Destruction,Implementation
404035,,Nuclear disarmament;nuclear weapons,Elimination
404036,,Missiles,
404037,,Nuclear-weapon-free world,Agenda
404038,,Transparency in armaments,
404039,,Nuclear Danger,Reduction
404040,Southern Hemisphere; Adjacent Areas,Nuclear-weapon-free,
404041,regional;subregional,Conventional arms control,
404042,,Transparency; Armaments,
404043,,Nuclear disarmament,
404044,,International Court of Justice; Legality; Threat or Use of Nuclear Weapons,Follow-up
404045,,Environmental Norms;Disarmament;Arms Control,Observance;Drafting;Implementation
404046,,Nuclear Weapons,Prohibition
404047,Middle East,Nuclear Proliferation,Risk
404048,South-Eastern Europe,International Security;Stability;Development,Maintenance
404049,,Nuclear-Test-Ban Treaty,Comprehensiveness
404052,United States of America;Cuba,Economic embargo;Commercial embargo;Financial embargo,Ending
404054,Palestine,Refugees,Assistance
404055,,Persons displaced,
404056,Palestine,Higher Education;Vocational Training;Refugees,Offers;Grants;Scholarships
404057,Palestine; Near East,Relief; Works; Refugees,Operation
404058,Palestine,Refugees;Properties;Revenues,
404059,Jerusalem; Palestine,Palestine refugees,
404060,Israel;Palestine;Occupied Territories,Human Rights,Investigation
404061,Palestinian Territory; Jerusalem; Arab territories,Geneva Convention; Protection of Civilian Persons; Time of War,Applicability
404062,Israel;Palestinian Territory;Jerusalem;Syrian Golan,Israeli settlements,
404063,Israel;Palestine;Occupied Palestinian Territory;Jerusalem,Human Rights,Practice
404064,Syrian Golan,,
404065,Non-Self-Governing Territories,Information,Transmission
404066,Non-Self-Governing Territories,Economic activities; Interests of the peoples,
404067,Colonial Countries;Peoples,Declaration;Independence,Implementation
404068,Colonial Countries;Peoples,Declaration;Independence,Implementation;Granting
404069,,Decolonization,Dissemination of information
404531,Europe,Security,Cooperation
404532,,Small arms,
404565,,Mercenaries;Human Rights;Right of Peoples to Self-Determination,Violation;Impediment
404566,Palestinian people,Self-determination,Right
404567,,Human rights;Terrorism,Adoption
404568,,Globalization;Human Rights,Enjoyment
404569,States,National sovereignty;Non-interference;Electoral processes,Respect
404570,,Universal freedom of travel; Family reunification,Respect
404571,,Human rights; Unilateral coercive measures,Adoption
404580,,United Nations; Principle of periodic and genuine elections; Democratization,Strengthening; Enhancement; Promotion
404581,,Right to Development,
404582,Islamic Republic of Iran,Human rights,
404583,Iraq,Human rights,Situation
404584,Democratic Republic of the Congo,Human Rights,
404585,Sudan,Human Rights,
404586,Kosovo,Human Rights,
404587,Bosnia and Herzegovina;Republic of Croatia;Federal Republic of Yugoslavia;Serbia;Montenegro,Human Rights,
404946,Developing countries,International financial system;Development,Responsiveness
404978,developing countries,unilateral economic measures; political coercion; economic coercion,means
404979,Palestinian territory;Jerusalem;Syrian Golan,Permanent sovereignty;Natural resources,
405168,,International Terrorism,Elimination
422519,Lebanon,UN Interim Force,Financing
426078,Israel;East Jerusalem;Palestinian Territory,Illegal actions,
426217,United States of America;Cuba,Economic embargo;Commercial embargo;Financial embargo,Ending
426984,,Unilateral coercive economic measures; Extraterritorial coercive economic measures; Political compulsion; Economic compulsion,Elimination
426989,,Oceans;Law of the Sea,
426997,,Pelagic drift-net fishing; Unauthorized fishing; Zones of national jurisdiction; High seas; Fisheries by-catch; Discards,
427081,Israel;East Jerusalem;Palestinian Territory,Illegal actions,
427247,Israel;East Jerusalem;Palestinian Territory,Illegal actions,
427520,,Science and Technology;International Security;Disarmament,
427521,Non-nuclear-weapon States,International arrangements; Nuclear weapon,Assurance
427522,,Arms Race; Outer Space,Prevention
427523,,Missiles,
427524,,Treaty on the Limitation of Anti-Ballistic Missile System,Preservation; Compliance
427525,,Nuclear-weapon-free world,Need; Agenda
427526,,Treaty on the Non-Proliferation of Nuclear Weapons,Review Conference
427527,southern hemisphere;adjacent areas,Nuclear-weapon-free,
427528,,Geneva Protocol,Measure; Upheld Authority
427529,,Environmental Norms;Disarmament;Arms Control,Observance;Drafting;Implementation
427530,,Nuclear Danger,Reduction
427531,regional;subregional levels,Conventional arms control,
427532,,Nuclear Weapons,Elimination
427533,,Nuclear disarmament,
427534,,Transparency in armaments,
427535,,Convention on the Prohibition of the Use Stockpiling Production and Transfer of Anti-personnel Mines; Destruction,Implementation
427536,,International Court of Justice; Legality; Threat or Use of Nuclear Weapons,Follow-up
427537,,Nuclear Weapons,Prohibition
427538,Middle East,Nuclear Proliferation,Risk
427539,,Nuclear-Test-Ban Treaty,Comprehensiveness
428379,South Atlantic,Zone of peace; Cooperation,
428568,Jerusalem,,
428569,Syrian Golan,,
428570,Palestinian People,Inalienable Rights,Exercise
428571,Palestine,Palestinian Rights,
428572,Palestine,Information,Programme
428573,Palestine,Peaceful settlement,Settlement
428793,,Crimes against women,Elimination
428794,,Mercenaries;Human Rights;Right of Peoples to Self-Determination,Violation;Impeding
428795,Palestinian people,Self-determination,Right
428797,,Protection of migrants,
428798,,Democracy,Promotion; Consolidation
428799,,Universal freedom of travel; Family reunification,Respect
428800,,Charter of the United Nations;Human Rights;Fundamental Freedoms;International Problems;Humanitarian Character,Respect;International Cooperation;Promotion;Encouragement;Solving
428801,,Globalization;Human Rights,Enjoyment
428802,,Democratic order;Equitable international order,Promotion
428803,,Human rights; Unilateral coercive measures,Adoption
428804,Islamic Republic of Iran,Human Rights,
428805,Iraq,Human rights,
428806,Sudan,Human Rights,
428807,Democratic Republic of the Congo,Human Rights,
429139,Palestine,Refugees,Assistance
429140,,Persons displaced; Hostilities,
429141,Palestine,Higher Education;Vocational Training;Refugees,Offers;Grants;Scholarships
429142,Palestine; Near East,Relief; Works; Refugees,Operation
429143,Palestine,Refugees;Properties;Revenues,
429144,Palestine,Palestine refugees,
429145,Israel;Palestine;Occupied Territories,Human Rights,Investigation
429146,Palestinian territory;Jerusalem;Arab territories,Geneva Convention;Protection of Civilian Persons;Time of War,Applicability
429147,Israel;Palestinian Territory;Jerusalem;Syrian Golan,Israeli settlements,
429148,Israel;Palestine;Occupied Palestinian Territory;Jerusalem,Human Rights,Practice
429149,Syrian Golan,,
429150,Non-Self-Governing Territories,Information,Transmission
429151,Non-Self-Governing Territories,Economic Activities;Interests of the Peoples,
429152,Colonial Countries;Peoples,Declaration;Independence,Implementation
429153,,Decolonization,Dissemination of information
429154,,Colonialism,Eradication
429155,Colonial Countries;Peoples,Declaration;Independence,Implementation;Granting
429344,,International Terrorism,Elimination; Measures
429857,Europe,Security;Cooperation,Cooperation
429858,Lebanon,United Nations Interim Force,Financing
429936,Palestinian Territory;Jerusalem;Syrian Golan,Permanent sovereignty;Natural resources,
442961,Lebanon,United Nations Interim Force,Financing
453666,Indian Ocean,Zone of Peace;Declaration,Implementation
453671,,Oceans;Law of the Sea,
453713,non-nuclear-weapon States,nuclear weapons,assurance
453721,,Science and Technology;International Security;Disarmament,
453722,,Arms Race; Outer Space,Prevention
453723,,Treaty on the Limitation of Anti-Ballistic Missile Systems,Preservation; Compliance
453724,,Missiles,
453725,,Nuclear Danger,Reduction
453726,,Environmental Norms;Disarmament;Arms Control,Observance;Drafting;Implementation
453727,southern hemisphere;adjacent areas,Nuclear-weapon-free,
453728,regional;subregional levels,Conventional arms control,
453731,,Convention on the Prohibition of the Use Stockpiling Production and Transfer of Anti-personnel Mines; Destruction,Implementation
453733,,Nuclear weapons,Elimination
453735,,Treaty on the Non-Proliferation of Nuclear Weapons,Review Conference; Preparatory Committee
453736,,Transparency in armaments,
453738,,Nuclear disarmament,
453740,,International Court of Justice; Legality; Threat or Use of Nuclear Weapons,Follow-up
453747,,Nuclear Weapons,Prohibition
453748,Middle East,Nuclear Proliferation,Risk
453749,Jerusalem,,
453750,Syrian Golan,,
453751,Palestinian People,Inalienable Rights,Exercise
453753,Palestine,Division for Palestinian Rights,
453754,Palestine,Information,Programme
453755,Palestine,Peaceful settlement,Settlement
454252,,Comprehensive Nuclear-Test-Ban Treaty Organization,Cooperation
454253,Palestine,Refugees,Assistance
454254,,Persons displaced,
454255,Palestine,Higher Education;Vocational Training;Refugees,Offers;Grants;Scholarships
454256,Palestine; Near East,Relief; Works; Refugees,Operations
454257,Palestine,Refugees;Properties;Revenues,
454263,Palestine,Palestine refugees,
454271,Israel;Palestine;Occupied Territories,Human Rights,Investigation
454275,Palestinian Territory;Jerusalem;Arab territories,Geneva Convention;Protection of Civilian persons;Time of War,Applicability
454280,Israel;Palestinian Territory;Jerusalem;Syrian Golan,Israeli settlements,
454283,Israel;Palestine;Jerusalem,Human Rights,Practice
454287,Syrian Golan,,
454290,Non-Self-Governing Territories,Information,Transmission
454291,Non-Self-Governing Territories,Economic Activities;Interests of the Peoples,
454294,Colonial Countries;Peoples,Declaration;Independence,Implementation
454296,,Decolonization,Dissemination of information
454297,Colonial Countries; Peoples,Declaration; Independence,Implementation; Granting
454728,,International Atomic Energy Agency,Report
454775,Palestinian people,Self-determination,Right
454776,,Human Rights Instruments;Geographical Distribution,Equitable Distribution
454777,,Human rights; Unilateral coercive measures,
454778,,Right to Development,
454779,,Democratic order;Equitable international order,Promotion
454783,,Charter of the United Nations;Human Rights;Fundamental Freedoms;International Problems;Humanitarian Character,International Cooperation;Promotion;Encouragement;Solving
454789,States,National sovereignty;Non-interference;Electoral processes;Human rights,Respect;Promotion;Protection
454814,,Right to Food,
454821,,United Nations;Principle of periodic and genuine elections;Democratization,Strengthening;Enhancement;Promotion
454822,,Human rights; Terrorism,Adoption
454825,,Globalization;Human Rights,Enjoyment
454826,Islamic Republic of Iran,Human Rights,
454829,Democratic Republic of the Congo,Human Rights,
454845,Iraq,Human Rights,
454848,Sudan,Human Rights,
455251,Israel;East Jerusalem;Palestinian Territory,Illegal actions,
455262,Israel;East Jerusalem;Palestinian Territory,Illegal actions,
455673,developing countries,unilateral economic measures; political coercion; economic coercion,means
455676,Palestinian Territory;Jerusalem;Syrian Golan,Permanent sovereignty;Natural resources,
455678,Lebanon,United Nations Interim Force,Financing
455679,Europe,Security,Cooperation
455680,,Mercenaries;Human Rights;Right of Peoples to Self-Determination,Violation;Impeding
462340,,World Conference against Racism; Racial Discrimination; Xenophobia; Related Intolerance,Implementation; Follow-up
464215,Israel;East Jerusalem;Palestinian Territory,Illegal actions,
464310,South Atlantic,Zone of peace; Cooperation,
464314,United States of America;Cuba,Economic embargo;Commercial embargo;Financial embargo,Ending
468522,Lebanon,United Nations Interim Force,Financing
470868,Israel;East Jerusalem;Palestinian territory,Illegal actions,
476195,,Unilateral extraterritorial coercive economic measures; Political compulsion; Economic compulsion,Elimination
478298,,International Atomic Energy Agency,Report
478356,United States of America;Cuba,Economic embargo;Commercial embargo;Financial embargo,Ending
479322,,Comprehensive Nuclear-Test-Ban Treaty Organization,Cooperation
479323,,Science and Technology; International Security; Disarmament,Role
479325,non-nuclear-weapon States,nuclear weapons,assurance
479326,,Arms Race; Outer Space,Prevention
479327,,Non-strategic nuclear weapons,Reduction
479328,,Nuclear-weapon-free world,Agenda
479329,,Geneva Protocol,Measure; Upheld Authority
479330,,Multilateralism;Disarmament;Non-proliferation,Promotion
479331,,Environmental Norms;Disarmament;Arms Control,Observance;Drafting;Implementation
479332,,Disarmament;Development,Relationship
479334,,National legislation;Transfer of arms;Military equipment;Dual use of goods and technology,
479335,,Missiles,
479336,Southern Hemisphere; Adjacent Areas,Nuclear-weapon-free,
479337,,Convention on the Prohibition of the Use Stockpiling Production and Transfer of Anti-personnel Mines; Destruction,Implementation
479339,,Transparency in armaments,
479340,,Conventional arms control,
479341,,Nuclear weapons,Elimination
479343,,Nuclear disarmament,
479344,,Nuclear Danger,Reduction
479345,,International Court of Justice; Legality; Threat or Use of Nuclear Weapons,Follow-up
479346,,Nuclear Weapons,Prohibition
479347,Middle East,Nuclear Proliferation,Risk
479348,,Nuclear-Test-Ban Treaty,Comprehensiveness
480138,Palestinian People,Inalienable Rights,Exercise
480140,Palestine,Rights,Division
480141,Palestine,Information Programme,Question
480142,Palestine,Peaceful settlement,Settlement
480148,Jerusalem,,
480150,Syrian Golan,,
482346,Palestinian,Refugees,Assistance
482348,,Persons displaced,
482349,Palestine,Higher Education;Vocational Training;Refugees,Offers;Grants;Scholarships
482375,Palestine; Near East,Relief; Works; Refugees,Operations
482376,Palestine,Refugees;Properties;Revenues,
482377,Palestine,Palestine refugees,
482378,Israel;Palestine;Occupied Territories,Human Rights,Investigation
482379,Occupied Palestinian Territory;East Jerusalem;Arab territories,Geneva Convention;Protection of Civilian Persons;Time of War,Applicability
482382,Israel;Palestinian Territory;East Jerusalem;Syrian Golan,Israeli settlements,
482383,Israel;Palestine;Occupied Palestinian Territory;East Jerusalem,Human Rights,Practice
482386,Syrian Golan,,
482388,Non-Self-Governing Territories,Information,Transmission
482389,Non-Self-Governing Territories,Economic Activities;Interests of the Peoples,
482390,Colonial Countries;Peoples,Declaration;Independence,Implementation
482391,,Decolonization,Dissemination of information
482392,Colonial Countries;Peoples,Declaration;Independence,Implementation;Granting
482393,,Oceans;Law of the Sea,
482398,United Nations;Council of Europe,Cooperation,
482399,,International Research and Training Institute for the Advancement of Women,Advancement
482400,Palestinian,Assistance;Children,
482402,,Rights of the child,
482404,,Racism;Racial Discrimination;Xenophobia;Related Intolerance;Durban Declaration;Programme of Action,Fight;Implementation;Follow-up
482406,,Mercenaries;Human Rights;Right of Peoples to Self-Determination,Violation;Impeding
482407,Palestinian people,Self-determination,Right
482408,,Torture;Cruel Inhuman or Degrading Treatment or Punishment,Convention;Protocol
482409,,Globalization;Human Rights,Enjoyment
482410,,Democratic order;Equitable international order,Promotion
482411,,Extrajudicial executions;Summary executions;Arbitrary executions,
482518,,Right of peoples to peace,Promotion
482520,,Charter of the United Nations;Human Rights;Fundamental Freedoms;International Problems;Humanitarian Character,Respect;International Cooperation;Promotion;Encouragement;Solving
482521,,Human rights; Unilateral coercive measures,Adoption
482522,,Right to Development,
482533,,Right to Food,
482534,,Universal freedom of travel; Family reunification,Respect
482535,Khmer Rouge,Trials,
482536,Iraq,Human rights,
482537,Democratic Republic of the Congo,Human Rights,
482538,Palestinian Territory;East Jerusalem;Syrian Golan,Permanent sovereignty;Natural resources,
482539,Europe,Security;Cooperation,Cooperation
482541,Sudan,Human Rights,
497742,Lebanon,United Nations Interim Force,Financing
504164,Israel;East Jerusalem;Palestinian territory,Illegal actions,
504508,Israel;East Jerusalem;Palestinian territory,Illegal actions,
505386,United States of America;Cuba,Economic embargo;Commercial embargo;Financial embargo,Ending
505387,,International Atomic Energy Agency,Report
507405,Palestinian People,Inalienable Rights,Exercise
507406,Palestine,Division for Palestinian Rights,
507407,Palestine,Information,Programme
507408,Palestine,Peaceful settlement,Settlement
507409,Jerusalem,,
507410,Syrian Golan,,
507717,Israel;East Jerusalem;Palestinian territory,Illegal actions,
508001,,Science and Technology;International Security;Disarmament,
508002,non-nuclear-weapon States,nuclear weapons,assurance
508005,,Arms Race; Outer Space,Prevention
508006,,Missiles,
508007,,Conventional arms control,Control
508008,regional;subregional,Confidence-building measures,
508010,,Multilateralism;Disarmament;Non-proliferation,Promotion
508011,,Environmental Norms;Disarmament;Arms Control,Observance;Drafting;Implementation
508014,,Nuclear Danger,Reduction
508016,Southern Hemisphere; Adjacent Areas,Nuclear-weapon-free,
508018,,Non-strategic nuclear weapons,Reduction
508021,,Convention on the Prohibition of the Use Stockpiling Production and Transfer of Anti-personnel Mines; Destruction,Implementation
508023,,Transparency in armaments,
508024,,Nuclear disarmament,
508027,,Nuclear Weapons,Elimination
508028,,Nuclear Weapons,Prohibition
508030,Middle East,Nuclear Proliferation,Risk
508032,,Nuclear-Test-Ban Treaty,Comprehensiveness
508075,Indian Ocean,Zone of Peace;Declaration,Implementation
508079,Palestine,Refugees,Assistance
508084,,Persons displaced,
508085,Palestine; Near East,Relief; Works; Refugees,Operations
508087,Palestine,Refugees;Properties;Revenues,
508100,Palestine; Near East,Palestine refugees; UN Relief and Works Agency for Palestine Refugees,Assistance; Support
508109,Israel;Palestine;Occupied Territories,Human Rights,Investigation
508117,Palestinian Territory;East Jerusalem;Arab territories,Geneva Convention;Protection of Civilian Persons;Time of War,Applicability
508121,Israel;Palestinian Territory;East Jerusalem;Syrian Golan,Israeli settlements,
508126,Israel;Palestine;Occupied Palestinian Territory;East Jerusalem,Human Rights,Practice
508130,Syrian Golan,,
508133,Non-Self-Governing Territories,Information,Transmission
508136,Non-Self-Governing Territories,Economic Activities;Interests of the Peoples,
508172,Colonial Countries;Peoples,Declaration;Independence,Implementation
508173,,Decolonization,Dissemination of information
508174,Colonial Countries;Colonial Peoples,Declaration;Independence,Implementation;Granting
508289,,International Court of Justice; Legality; Threat or Use of Nuclear Weapons,Follow-up
508317,,Nuclear-weapon-free world,Agenda
508874,Palestinian people,Assistance,
508875,Democratic Republic of the Congo,Economic Recovery; Reconstruction,Assistance
509151,Palestinian,Assistance;Children,
509153,,Rights of the child,
509154,,Right of peoples to self-determination,Realization
509155,,Mercenaries;Human Rights;Right of Peoples to Self-Determination,Violation;Impeding
509156,,Human rights;Unilateral coercive measures,Adoption
509158,,Right to Development,
509171,,Right; Enjoyment; Highest Attainable Standard; Physical Health; Mental Health,
509173,,Human rights;Terrorism,Adoption
509174,,HIV/AIDS;tuberculosis;malaria;pandemics;medication,access
509176,,UN; Principle of periodic and genuine elections; Democratization,Strengthening; Enhancement; Promotion
509177,,Religious Intolerance,Elimination
509179,,Right to Food,
509180,,Human Rights;Fundamental Freedoms;Terrorism,Protection;Countering
509181,,Charter of the UN;Human Rights;Fundamental Freedoms;International Problems;Humanitarian Character,Respect;International Cooperation;Promotion;Encouragement;Solving
509182,,National sovereignty;Democratic systems;Electoral processes;Human rights,Promotion;Protection
509183,,Peace;Human Rights,Promotion
509184,,Globalization;Human Rights,Enjoyment
509185,Turkmenistan,Human Rights,
509186,Islamic Republic of Iran,Human Rights,
509188,Democratic Republic of the Congo,Human Rights,
509375,Palestinian people,Self-determination,Right
509380,,Racism;Racial Discrimination;Xenophobia;Related Intolerance;Durban Declaration and Programme of Action,Elimination;Implementation;Follow-up
509418,developing countries,unilateral economic measures; political coercion; economic coercion,means
509419,Palestinian Territory;East Jerusalem;Syrian Golan,Permanent sovereignty;Natural resources,
509420,,Oceans; Law of the Sea,
509421,,International Research and Training Institute for the Advancement of Women,Operation
509429,,Children; Armed conflict,Office; Representation
521431,Occupied Territory; East Jerusalem,Status,
524030,Lebanon,UN Interim Force,Financing
526686,Occupied Palestinian Territory;East Jerusalem,Legal Consequences,Advisory Opinion
527352,,International Peace;International Security;International Cooperation,Maintenance;Promotion
534121,United States of America;Cuba,Economic embargo;Commercial embargo;Financial embargo,Ending
534130,,Comprehensive Nuclear-Test-Ban Treaty Organization,Cooperation
534386,,International Atomic Energy Agency,Report
535326,,Oceans;Law of the Sea,Adoption
536082,Palestinian People,Inalienable Rights,Exercise
536083,Palestinian,,
536087,Palestine,Peaceful settlement,Settlement
536088,Jerusalem,,
536089,Syrian Golan,,
536120,Palestine,Information,Programme
536203,,Science and Technology;International Security;Disarmament,
536205,non-nuclear-weapon States,nuclear weapons,assurance
536206,,Arms race; Outer space,Prevention
536207,,Missiles,
536209,,Environmental Norms;Disarmament;Arms Control,Observance;Drafting;Implementation
536211,,Disarmament;Non-proliferation,Promotion
536213,,Geneva Protocol,Upholding; Authority
536217,,Nuclear Disarmament,Implementation; Commitment
536218,,Nuclear disarmament,
536220,,Disarmament;Development,Relationship
536223,,Nuclear Danger,Reduction
536228,,Nuclear Arms Race; Nuclear Disarmament; Fissile Material; Nuclear Weapons; Nuclear Explosive Devices,Decision; Establishment; Negotiation; Treaty; Banning; Verification
536236,,International Court of Justice; Legality; Threat or Use of Nuclear Weapons,Follow-up
536241,,Convention on the Prohibition of the Use Stockpiling Production and Transfer of Anti-personnel Mines; Destruction,Implementation
536245,Southern Hemisphere; Adjacent Areas,Nuclear-weapon-free,
536248,regional;subregional levels,Conventional arms control,
536251,The Hague,Ballistic Missile Proliferation,Code of Conduct
536255,,Nuclear Weapons,Prohibition; Use
536256,Middle East,Nuclear Proliferation,
536259,,Nuclear-Test-Ban Treaty,Comprehensiveness
536958,,Nuclear Weapons,Elimination
537015,Palestine,Refugees,Assistance
537018,,Persons displaced,
537019,Palestine; Near East,Relief; Works; Refugees,Operations
537020,Palestine,Refugees;Properties;Revenues,
537021,Israel;Palestine;Occupied Territories,Human Rights,Investigation
537022,Palestinian Territory;East Jerusalem;Arab territories,Geneva Convention;Protection of Civilian Persons;Time of War,Applicability
537023,Israel;Palestinian Territory;East Jerusalem;Syrian Golan,Israeli settlements,
537024,Israel;Palestine;Occupied Palestinian Territory;East Jerusalem,Human Rights,Practice
537025,Syrian Golan,,
537026,Non-Self-Governing Territories,Economic Activities;Interests of the Peoples,
537028,Non-Self Governing Territories,Information,Transmission
537030,Colonial Countries; People,Declaration; Independence,Implementation
537031,Western Sahara,,
537033,,Decolonization,Dissemination of information
537038,Colonial Countries;Peoples,Declaration;Independence,Implementation;Granting
537669,Palestine,Children,Assistance
537671,,Racism;Racial Discrimination;Xenophobia;Related Intolerance;Durban Declaration;Programme of Action,Elimination;Implementation;Follow-up
537673,,Mercenaries;Human Rights;Right of Peoples to Self-Determination,Violation;Impeding
537675,Palestinian people,Self-determination,Right
537676,,Human Rights;Treaty Bodies,Equitable Geographical Distribution
537677,,Globalization;Human Rights,Enjoyment
537679,,Right to Development,
537703,,Democratic order;Equitable international order,Promotion
537711,,Human rights;Terrorism,Resolution
537717,,Human rights;Unilateral coercive measures,
537719,,Extrajudicial executions; Summary executions; Arbitrary executions,
537720,,Religious Intolerance,Elimination
537722,,Regional organizations;Subregional organizations;Democracy,Enhancement;Promotion;Consolidation
537724,,Right to Food,
537725,,Freedom of Travel;Family Reunification,Respect
537726,,Charter of the United Nations;Human Rights;Fundamental Freedoms;International Problems;Humanitarian Character,Respect;Cooperation;Promotion;Encouragement;Solving
537728,Islamic Republic of Iran,Human Rights,
537730,Turkmenistan,Human Rights,
537731,Democratic Republic of the Congo,Human Rights,
538026,,International trade;Development,
538027,Palestinian Territory;East Jerusalem;Syrian Golan,Permanent sovereignty;Natural resources,
538295,,Advancement of Women,Operation
538364,,Rights of the child,
543081,,Human Cloning,Declaration
551967,Lebanon,United Nations Interim Force,Financing
560077,,International Atomic Energy Agency,Report
560083,United States of America;Cuba,Economic embargo;Commercial embargo;Financial embargo,Ending
561604,,Oceans;Law of the Sea,
561747,Palestinian People,Inalienable Rights,Exercise
561748,Palestinian,,
561751,Palestine,Information,Programme
561753,Palestine,Peaceful settlement,Settlement
561754,Syrian Golan,,
561756,Jerusalem,,
562360,,Information and Telecommunications;International Security,Development
562361,,Weapons of Mass Destruction;Disarmament,Prohibition;Development;Manufacture
562362,Indian Ocean,Zone of Peace;Declaration,Implementation
562363,,Science and Technology; International Security; Disarmament,Role
562388,Non-nuclear-weapon States,Nuclear weapons,Conclusion; Assurance
562391,,Arms Race; Outer Space,Prevention
562392,,Non-proliferation; Arms limitation; Disarmament agreements,Compliance
562396,,Nuclear-weapon-free world;nuclear disarmament commitments,Implementation;Acceleration
562398,southern hemisphere;adjacent areas,nuclear-weapon-free; nuclear disarmament commitments,implementation; acceleration
562400,,Multilateralism;Disarmament;Non-proliferation,Promotion
562402,,Environmental Norms;Disarmament;Arms Control,Observance;Drafting;Implementation
562404,,Disarmament;Development,Relationship
562405,The Hague,Ballistic Missile Proliferation,Code of Conduct
562408,,Nuclear weapons,Determination; Elimination
562412,,Outer Space Activities,Transparency; Confidence-Building Measures
562423,,Humanitarian impact;Development impact;Illicit manufacture;Transfer;Circulation;Small arms;Light weapons;Excessive accumulation,Addressing
562427,,Nuclear disarmament,
562433,,Nuclear Disarmament; Treaty on the Non-Proliferation of Nuclear Weapons,Follow-up; Review
562434,,Conventional arms control,Control
562436,,International Court of Justice; Legality; Threat or Use of Nuclear Weapons,Follow-up
562500,,Nuclear Danger,Reduction
562501,,Convention on the Prohibition of the Use Stockpiling Production and Transfer of Anti-personnel Mines; Destruction,Implementation
562504,,Nuclear Weapons,Prohibition
562506,Middle East,Nuclear Proliferation,Risk
562507,,Nuclear-Test-Ban Treaty,Comprehensiveness
562599,Palestine,Refugees,Assistance
562602,,Persons displaced,
562864,Palestine,Refugees;Properties;Revenues,
562869,Israel;Palestine;Occupied Territories,Human Rights,Investigation
562870,Palestinian Territory;East Jerusalem;Arab territories,Geneva Convention;Protection of Civilian Persons;Time of War,Applicability
562872,Israel;Palestinian Territory;East Jerusalem;Syrian Golan,Israeli settlements,
562873,Israel;Palestine;Occupied Palestinian Territory;East Jerusalem,Human Rights,
562876,Syrian Golan,,
562877,Non-Self-Governing Territories,Information,Transmission
562879,Non-self-Governing Territories,Economic activities; Interests of the peoples,
562929,Colonial Countries;Peoples,Declaration;Independence,Implementation
562933,,Decolonization,Dissemination of information
562935,Colonial Countries;Peoples,Declaration;Independence,Implementation;Granting
562938,,Colonialism,Eradication
563423,,Racism;Racial Discrimination;Xenophobia;Intolerance,Inadmissibility
563431,,Racism;Racial Discrimination;Xenophobia;Related Intolerance;Durban Declaration;Programme of Action,Elimination;Implementation;Follow-up
563432,Palestinian people,Self-determination,Right
563434,,Defamation of Religions,Combating
563436,,Globalization;Human Rights,Enjoyment
563437,,Human rights; Unilateral coercive measures,Adoption
563438,,Right to Development,
563440,,United Nations; Principle of periodic and genuine elections; Democratization,Strengthening; Enhancement; Promotion
563457,,Peace;Human Rights,Promotion
563459,,National sovereignty;Democratic systems;Electoral processes;Human rights,Promotion;Protection
563460,,Right to Food,
563461,Islamic Republic of Iran,Human Rights,
563463,Turkmenistan,Human Rights,
563464,Democratic People’s Republic of Korea,Human Rights,
563465,Uzbekistan,Human Rights,Resolution
563466,Democratic Republic of the Congo,Human Rights,
563614,Palestine;Near East,Relief;Works;Refugees,Operations
563797,Palestinian Territory;East Jerusalem;Syrian Golan,Permanent sovereignty;Natural resources,
563799,,International trade;Development,
563800,developing countries,unilateral economic measures; political coercion; economic coercion,means
563801,,Deserts; Desertification,International Year
563978,,Transparency; Armaments,
563979,,International Research and Training Institute for the Advancement of Women,Operation
563980,,Discrimination against Women,Elimination
563982,,Rights of the child,
571955,,Human Rights Council,Adoption
574516,,United Nations; Organization,Investment
578375,Lebanon,United Nations Interim Force,Financing
587480,,International Atomic Energy Agency,Report
587505,United States of America;Cuba,Economic embargo;Commercial embargo;Financial embargo,Ending
587673,Palestinian People,Inalienable Rights,Exercise
587685,Palestine,Division for Palestinian Rights,
587707,Palestine,Special Information Programme,
587737,Jerusalem,,
587738,Palestine,Peaceful settlement,Settlement
587749,Syrian Golan,,
587912,,Comprehensive Nuclear-Test-Ban Treaty Organization,Cooperation
588079,,Information and Telecommunications; International Security,Development
588082,,Science and Technology; International Security; Disarmament,
588085,non-nuclear-weapon States,nuclear weapons,assurance
588086,,Arms Race; Outer Space,Prevention
588088,,Missiles,
588089,,Disarmament,Convening
588092,,Geneva Protocol,Measure; Upheld Authority
588117,,Multilateralism;Disarmament;Non-proliferation,Promotion
588126,,Environmental Norms;Disarmament;Arms Control,Observance;Drafting;Implementation
588127,,Disarmament;Development,Relationship
588139,,Nuclear-weapon-free world;nuclear disarmament,Implementation;Acceleration
588140,,Illicit Trade; Small Arms; Light Weapons,
588141,,Disarmament,Declaration
588156,southern hemisphere;adjacent areas,Nuclear-weapon-free,
588161,,Non-Proliferation of Nuclear Weapons,Review; Preparation
588168,,Conventional Ammunition Stockpiles,Problem
588175,,Nuclear weapons,Elimination; Determination
588176,,Transparency;Confidence-building measures;Outer space activities,
588177,,Peace;Disarmament,Consolidation;Measures
588181,,Transparency; Armaments,
588186,,Nuclear disarmament,
588201,,Conventional arms control; Regional level; Subregional level,
588207,,International Court of Justice; Legality; Threat or Use of Nuclear Weapons,Follow-up
588224,,Convention on the Prohibition of the Use Stockpiling Production and Transfer of Anti-personnel Mines; Destruction,Implementation
588237,,Nuclear Danger,Reduction
588251,Central Asia,Nuclear-weapon-free zone,Establishment
588253,,Arms Trade; Conventional Arms,Establishment; Standardization; Import; Export; Transfer
588269,,Nuclear Weapons,Prohibition
588854,Palestine,Refugees,Assistance
588859,,Persons displaced,
588875,Palestine; Near East,Relief; Works; Refugees,Operations
588889,Palestine,Refugees;Properties;Revenues,
588895,Israel;Palestine;Occupied Territories,Human Rights,Investigation
588902,Palestinian Territory;East Jerusalem;Arab territories,Geneva Convention;Protection of Civilian Persons;Time of War,Applicability
588908,Israel;Palestinian Territory;East Jerusalem;Syrian Golan,Israeli settlements,
588911,Israel;Palestinian Territory;East Jerusalem;Syrian Golan,Israeli settlements,
588920,Syrian Golan,,
588928,Non-Self-Governing Territories,Information,Transmission
588934,Non-Self-Governing Territories,Economic Activities;Interests of the Peoples,
588948,Western Sahara,,
588952,American Samoa;Anguilla;Bermuda;British Virgin Islands;Cayman Islands;Guam;Montserrat;Pitcairn;Saint Helena;Turks and Caicos Islands;United States Virgin Islands,,
588953,,Decolonization,Dissemination of information
588954,Colonial Countries;Peoples,Declaration;Independence,Implementation;Granting
588959,Palestinian people,Assistance,
589951,,Rights of the child,
590162,,Racism;Racial Discrimination;Xenophobia;Intolerance,Inadmissibility
590164,,Racism;Racial Discrimination;Xenophobia;Related Intolerance;Durban Declaration;Programme of Action,Elimination;Implementation;Follow-up
590170,,Mercenaries;Human Rights;Right of Peoples to Self-Determination,Violation;Impeding
590174,Palestinian people,Self-determination,Right
590183,Israel;Lebanon,Human Rights;Military Operations,
590195,,Globalization;Human Rights,Enjoyment
590198,,Office of the United Nations High Commissioner for Human Rights,Composition
590199,,Democratic order;Equitable international order,Promotion
590200,,Freedom of Travel;Family Reunification,Respect
590215,,Right to Food,
590216,,Defamation of Religions,Combating
590229,,Human Rights,Promotion; Dialogue
590279,,Right to Development,
590294,,Human rights; Unilateral coercive measures,Adoption
590297,,Extrajudicial executions; Summary executions; Arbitrary executions,
590298,Democratic People's Republic of Korea,Human Rights,
590299,Belarus,Human Rights,
590300,Islamic Republic of Iran,Human Rights,
590303,,Human Rights;Draft Declaration,Elaboration
590310,Palestinian Territory;East Jerusalem;Syrian Golan,Permanent sovereignty;Natural resources,
590311,,International trade;Development,
590380,Lebanese shores,Oil slick,
590394,,Global climate;Present and future generations;Mankind,Protection
590428,,Oceans;Law of the Sea,
590464,Colonial Countries;Peoples,Declaration;Independence,Implementation
590466,Myanmar,Human Rights,
590543,Lebanon,United Nations Interim Force,Financing
596019,Middle East,Nuclear Proliferation,Risk
596023,,Nuclear-Test-Ban Treaty,Comprehensiveness
602411,South Africa,Freedom Fighters,Appeal; Clemency
602429,South Africa,Credit; International Monetary Fund,Application
605273,Iran;Iraq,Armed conflict,Prolongation
605488,Israel;Iraq,Nuclear installations;Nuclear energy;Non-proliferation of nuclear weapons;International peace and security,Aggression
605494,United Nations,Financial emergency,
607133,,Succession of States; State Property; Archives; Debt,Conference
609112,Kampuchea,,
609117,Falkland Islands (Malvinas),,
609197,,Rights of Indigenous Peoples,Declaration
609285,,Nature,Charter
609389,Lebanon,United Nations Interim Force,Financing
609394,Lebanon,United Nations Interim Force,Financing
609404,,International Atomic Energy Agency,Report
609462,Western Sahara,,
609492,Non-Self-Governing Territories,Information,Transmission
609711,East Timor,,
609712,Namibia;southern Africa,Declaration on the Granting of Independence to Colonial Countries and Peoples;colonial domination;colonialism;apartheid;racial discrimination,Activities;implementation;efforts;elimination
610102,Colonial Countries;Peoples,Declaration;Independence,Implementation
610124,Colonial Countries;Peoples,Declaration;Independence,Implementation;Granting
610129,,Decolonization,Dissemination of information
610134,Afghanistan,International Peace;Security,
610150,,United Nations Disengagement Observer Force,Financing
610328,South Africa,Human Rights;Racist and Colonialist Regime;Political Assistance;Military Assistance;Economic Assistance,Enjoyment
610331,,United Nations Disengagement Observer Force,Financing
611242,,Administrative costs; Office of the United Nations High Commissioner for Refugees,
611786,,World Disarmament,Campaign
611967,United Nations,Women,Conference
612921,Arab territories,,
612987,Palestine,,Resolution
613000,Palestinian People,Inalienable Rights,Exercise
613049,Palestine,Palestine question,
613050,Palestine,Palestine question,
613051,Palestine,Palestine question,
613058,Palestine,Palestine question,
613060,Palestine,Palestine question,
613066,Palestine,Palestine question,
613302,United States of America;Cuba,Economic embargo;Commercial embargo;Financial embargo,Ending
613360,Indian Ocean,Zone of Peace;Declaration,Implementation
613363,,Information and Telecommunications;International Security,Development
613369,Non-nuclear-weapon States,Nuclear weapons,Conclusion; Assurance
613384,,Arms Race; Outer Space,Prevention
613394,,Nuclear disarmament; Treaty on the Non Proliferation of Nuclear Weapons,Follow-up; Review
613409,,Nuclear-weapon-free world;nuclear disarmament,Implementation;Commitments
613414,,Multilateralism;Disarmament;Non-proliferation,Promotion
613417,,Environmental Norms;Disarmament;Arms Control,Observance;Drafting;Implementation
613418,,Disarmament,Convening
613419,,Armaments; Ammunitions; Depleted Uranium,Use
613420,South-East Asia,Nuclear-Weapon-Free Zone,Treaty
613421,,Nuclear Danger,Reduction
613425,Southern Hemisphere; Adjacent Areas,Nuclear-weapon-free,
613895,,Nuclear Weapons Systems,Decreasing; Operational Readiness
613897,,Nuclear weapons,Determination; Elimination
613901,,International Court of Justice; Legality; Threat or Use of Nuclear Weapons,Follow-up
613902,,Convention on the Prohibition of the Use Stockpiling Production and Transfer of Anti-personnel Mines; Destruction,Implementation
613903,,Nuclear disarmament,
613904,,Transparency;Confidence-building measures;Outer space activities,
613909,,Conventional arms control,Control
613913,,Illicit Trade; Small Arms; Light Weapons,
613920,,Disarmament;Development,Relationship
613927,,Nuclear Weapons,Prohibition
614124,Middle East,Nuclear Proliferation,Risk
614125,,Nuclear-Test-Ban Treaty,Comprehensiveness
614165,Palestinian People,Inalienable Rights,Exercise
614166,Palestine,Division for Palestinian Rights,
614177,Palestine,Information,Programme
614178,Palestine,Peaceful settlement,Settlement
614179,Jerusalem,,
614180,Syrian Golan,,
614214,Palestine,Refugees,Assistance
614524,,Persons displaced,
614525,Palestine; Near East,Relief; Works; Refugees,Operations
614526,Palestine,Refugees;Properties;Revenues,
614527,Israel;Palestine;Occupied Territories,Human Rights,Investigation
614528,Palestinian Territory;East Jerusalem;Arab territories,Geneva Convention;Protection of Civilian Persons;Time of War,Applicability
614529,Israel;Palestinian Territory;East Jerusalem;Syrian Golan,Israeli settlements,
614530,Israel;Palestine;Occupied Palestinian Territory;East Jerusalem,Human Rights,Practice
614531,Syrian Golan,,
614532,Non-Self-Governing Territories,Information,Transmission
614533,Non-Self-Governing Territories,Economic Activities; Interests of the Peoples,
614534,Colonial Countries;Peoples,Declaration;Independence,Implementation
614535,,Decolonization,Dissemination of information
614536,Colonial Countries;Peoples,Declaration;Independence,Implementation;Granting
614666,,Rights of the child,
614669,,Racism;Racial Discrimination;Xenophobia;Intolerance,Inadmissibility
614671,,Human Rights; Durban Review Conference,Preparation
614674,,Mercenaries;Human Rights;Right of Peoples to Self-Determination,Violation;Impeding
614675,Palestinian people,Self-determination,Right
614676,,Death Penalty,Moratorium
614679,,United Nations; Principle of periodic and genuine elections; Democratization,Strengthening; Enhancement; Promotion
614680,,Globalization;Human Rights,Enjoyment
614903,,Defamation of Religions,Combating
614906,,Right to Development,
614909,,Human rights; Unilateral coercive measures,Adoption
614918,,Peace;Human Rights,Promotion
615009,,Right to Food,
615015,,Charter of the United Nations;Human Rights;Fundamental Freedoms;International Problems;Humanitarian Character,Respect;Cooperation;Promotion;Encouragement;Solving
615020,Democratic People's Republic of Korea,Human Rights,
615027,Islamic Republic of Iran,Human Rights,
615032,Belarus,Human Rights,
615088,Palestinian Territory;East Jerusalem;Syrian Golan,Permanent sovereignty;Natural resources,
615093,developing countries,unilateral economic measures; political coercion; economic coercion,means
615099,,International trade;Development,
615103,Lebanon,Oil slick,
615131,,Agricultural technology; Development,
615158,,Oceans;Law of the Sea,
615159,Africa,Peace;Disarmament,Establishment
615161,,Discrimination against Women,Elimination
615162,,Human Rights Council,Report
615163,,Racism;Racial Discrimination;Xenophobia;Related Intolerance;Durban Declaration;Programme of Action,Elimination;Implementation;Follow-up
615165,Myanmar,Human Rights,
615197,,Programme Budget,Proposal
615330,,Racism;Racial Discrimination,Implementation;Action;Combat
615709,Colonial countries;Peoples,Right of peoples to self-determination;Independence;Human rights,Realization;Granting;Guarantee;Observance
615931,,Racial Discrimination,Elimination
616327,Palestine,,Resolution; Adoption
616375,Palestine,Jewish Agency,Hearing
616392,Palestine,United Nations Palestine Commission,Appreciation
616402,Tunisia,Grave situation,
616483,,International Convention on the Suppression and Punishment of the Crime of Apartheid,Suppression; Punishment
616495,,Aging,
616501,Comorian island of Mayotte,,
616593,,United Nations Emergency Force; cost estimates; financing,
616597,Congo,United Nations Operation; Cost Estimates; Financing,
616599,Congo,Payment of arrears; Assessed contributions; United Nations Emergency Force Special Account; Ad Hoc Account; United Nations Operations,
616734,,Law of the Sea,Conference
616735,South Africa,Freedom Fighters,Appeal; Clemency
616776,South West Africa,,
616829,,Credentials,Adoption
616906,Lebanon,United Nations Interim Force,Financing
616908,Namibia,Self-Determination;National Independence,Declaration;Programme of Action;Support
616935,Afghanistan,International Peace;Security,
616993,,Humanitarian assistance,
617000,Israel; Jerusalem,Status,Measures
617003,Israel; Jerusalem,Status,Measures
617008,Middle East,,
617025,,Credentials,
617249,South Africa,,
617254,,Apartheid,International Action; Elimination
617300,South Africa,Sanctions,Mandate
617425,,,
617426,Hungary,,
617433,Hungary,,
617441,Hungary,,
617442,Hungary,,
617455,,,
617461,,,
617462,,Security Council,Consideration
617463,,Security Council,Consideration
617520,,,
617522,,Security Council,Consideration
617539,South Africa,Military collaboration;nuclear collaboration,
617554,,Apartheid,Programme of work
617562,Israel;South Africa,Relations,
617620,,Apartheid; Sports,
617784,Namibia,,
617994,South Africa,Investments,
618004,South Africa,Oil embargo,
618006,Latin America,Prohibition of Nuclear Weapons;Additional Protocol I;Treaty of Tlatelolco,Implementation;Signature;Ratification
618065,,Nuclear Weapons,Cessation
618076,,Nuclear-test-ban treaty,Need
618095,South Africa,Nuclear capability,
618105,Africa,Denuclearization,Implementation
618576,,New discoveries;Scientific and technological achievements;Military purposes,Renunciation
618665,,Weapons of Mass Destruction;Weapons Systems,
618673,South Asia,Nuclear-weapon-free zone,Establishment
618924,,Nuclear Arms,Negotiations
618945,,Disarmament,International co-operation
619243,,Nuclear weapons,
619294,,Nuclear neutron weapon,Prohibition
619308,,Recommendation; Decision,Implementation
619310,,Disarmament,Report
619580,,Nuclear War,Prevention
619581,,Nuclear weapons;nuclear war,Non-use;prevention
619681,,Disarmament agreements;International security;International satellite monitoring agency,Monitoring;Strengthening;Establishment
619683,non-nuclear-weapon States,security;nuclear weapons,strengthening
620115,Non-nuclear-weapon States,Nuclear weapons,Conclusion; Assurance
620121,Israel,Nuclear armament,Resolution
620159,,Arms race; Outer space,Prevention
620167,,Disarmament;Development,Relationship
620182,,Nuclear weapon tests,Cessation; Prohibition
620226,Palestine,,Resolution
620375,Palestine,,Resolution
620380,Palestine,,
620383,Palestine,,
620665,Israel;Occupied Territories,Human Rights,Investigation
620679,Israel;Occupied Territories,Human Rights,Investigation
620768,Israel;Occupied Territories,Human Rights,Investigation
620809,Israel;Occupied Territories,Human Rights,Investigation
620822,Israel;Occupied Territories,Human Rights,Investigation
620825,Israel; Occupied Territories,Human Rights,Investigation
620838,Israel; Occupied Territories,Human Rights,Investigation
621276,Palestine,,Resolution
621443,,Information,
621451,,Military Budgets,Reduction
621604,,Chemical weapons;bacteriological weapons;biological weapons,
621630,,Chemical weapons;bacteriological weapons;biological weapons,
621706,,Geneva protocol,Procedure; Authority upholding
621712,,Chemical weapons;bacteriological weapons;biological weapons,
622108,States,Nuclear weapons,Non-stationing
622478,Comorian island of Mayotte,,
622838,,Arms race in outer space; Anti-satellite systems,Prevention; Prohibition
623453,,Language Training Programme; Accredited Staff; Permanent Mission; Headquarters,Access
623769,,Fissionable Material; Weapons,Prohibition; Production
623776,,Nuclear-weapon-free zones,Review; Supplement
623800,,Military Capabilities; Objective Information,Provision
623801,,Convention on the Prohibition of Military or Any Other Hostile Use of Environmental Modification Techniques,Review Conference
624048,,Military research; Military development,
624065,,Nuclear weapons,Freeze
624136,,Peace and Security of Mankind,Code of Offences
624138,,International Law;International Economic Order,Development
624139,Organization of African Unity;League of Arab States,National liberation movements,Observer status
624141,,Principle of Non-Use of Force; International Relations,Enhancement
624143,,Charter of the United Nations;Role of the Organization,Strengthening
624214,,Nuclear arms,Freeze
624216,,Nuclear Weapons,Prohibition; Use
624217,,Disarmament;International Security,
624219,,World Disarmament Campaign,Campaign
624318,,Declaration on the Strengthening of International Security; International Security,Review; Implementation
624319,Palestine,Palestine refugees,
624320,Palestine,Higher Education;Vocational Training;Refugees,Offers;Grants;Scholarships
624490,,Personnel question,
624540,Palestine; Gaza Strip,Refugees,
624541,Palestine,Refugees,Resumption; Distribution
624542,,Population;Refugees;Displacement,
624543,Palestine,Refugee properties; Revenues,
624544,Palestine,Refugees;Identification Cards,Identification
624554,Palestine,Protection; Refugees,
624574,Palestine,Refugees,Assistance
624717,,United Nations Joint Staff Pension Fund,
625079,Israel; Mediterranean Sea; Dead Sea,Canal,Decision; Building
625084,Middle East,,
625090,Middle East,,
625092,Middle East,,
625097,Middle East,,
625101,Middle East,,
625107,Middle East,,
625213,,United Nations,Apportionment; Assessment
625215,,International Civil Service,Report
625216,Lebanon,United Nations Interim Force,Financing
625217,Lebanon,United Nations Interim Force,Financing
625218,United Nations,Inflation;Monetary Instability;Regular Budget,
625219,,United Nations Joint Staff Pension Board,Report
625413,Palestinian people,Assistance,
625419,Palestinian territories;Arab territories,Permanent sovereignty;National resources,
625420,,Health;Environment;Product Protection,Protection
625433,Africa,Financing;Multinational Programming;Operational Centres;Economic Commission,Establishment
625435,Africa,Transport;Communications,Decade
625436,,United Nations Institute for Training and Research,
625437,,Disaster Relief,Coordination
625439,,International Co-operation;Peaceful Uses of Nuclear Energy,Promotion
625453,Chile,Human Rights;Fundamental Freedoms,
625464,Guatemala,Human Rights;Fundamental Freedoms,
625467,El Salvador,Human Rights;Fundamental Freedoms,
625468,,Human rights;Scientific and technological developments,Adoption
625469,,Human rights;Scientific and technological developments,Adoption
625470,,United Nations system;Human rights;Fundamental freedoms,Improvement;Enjoyment
625693,,Human Rights;Fundamental Freedoms,Promotion;Protection
625695,States,Charter of Economic Rights and Duties,Review; Implementation
625696,,Technology Transfer,Development
625698,,Industrial Development,Cooperation
625699,,Remnants of war,
625706,Palestinian people; Palestinian territories,Living conditions,
625707,Land-locked Developing Countries,Special Fund,
625708,Least Developed Countries,Prevention of Crime;Treatment of Offenders,Travel;Attendance;Preparatory Meetings
625709,Namibia,Dissemination of information; Mobilization of international public opinion,Support
625710,Namibia;South Africa,Illegal occupation;Territory,
625711,,Security Council resolution 435,Implementation
625712,Namibia,Programme of work,
625713,Namibia,United Nations Fund,
625714,,Personnel question,
625715,,Privileges and Immunities; United Nations; Specialized Agencies; Related Organizations,Respect
625716,Africa;Addis Ababa,Economic Commission,Adequacy
625773,,Secretariat,Change
625777,,Financing;Administrative Costs;Office of the United Nations High Commissioner for Refugees,Review
625781,,Budget Appropriations; Biennium 1982-1983,Revision
625786,,Financing; Appropriations,Adoption
625788,,United Nations Financing System; Science and Technology; Development,Arrangement
625791,Nairobi,Programme of Action;Development;Utilization;New and Renewable Sources of Energy,Implementation
625794,developing countries,energy resources,development
625795,developing countries,immediate measures,
625796,Cyprus,,
626550,Belize,Membership,Admission
626552,Kampuchea,,
626554,States,Historical responsibility; Preservation of nature; Present and future generations,
626555,,Racism;Racial Discrimination,Implementation;Action;Combat
626556,,Elimination of Racial Discrimination,Report
626564,,International Convention; Crime of Apartheid,Suppression; Punishment
626569,Jerusalem,Excavations,Development
626572,,Co-operative Movement,Promotion
626574,,Social change;Economic change;Social progress,Achievement
626577,,Crime Prevention;Criminal Justice;Development,
626578,,International Atomic Energy Agency,Report
626594,Africa,Training programme; Translation; Precis-writing,Adoption
626638,Israel;Iraq,Nuclear installations;Nuclear energy;Non-proliferation of nuclear weapons;International peace and security,Aggression
626641,,Human Rights;Right to Education;Right to Work;Youth,Efforts;Measures;Implementation;Enjoyment
626642,,Principle of Non-Use of Force; International Relations,Enhancement
626815,Afghanistan,International Peace;Security,
626816,,International Law Commission; Statute,Enlargement; Amendment
626817,Western Sahara,,
626818,Non-self-governing territories,Information,Transmission
626819,East Timor,,
626820,Namibia;southern Africa,Declaration on the Granting of Independence to Colonial Countries and Peoples;colonial domination;colonialism;apartheid;racial discrimination,implementation;elimination;efforts
626821,Colonial Countries;Peoples,Declaration;Independence,Implementation
626822,,Human rights;Scientific and technological developments,Adoption
626829,,United Nations Disengagement Observer Force,Financing
626865,Nairobi,United Nations accommodation,
626866,,Interorganizational security measures,
626871,,Information Systems;International Economic and Social Affairs,Establishment
626872,,Financing; Appropriations,
626873,,Budget Appropriation;Biennium,
626874,,Extraordinary expenses,Approval
626875,,Working Capital Fund,Adoption
626878,Palestine,,
626883,Palestine,,
626885,Palestine,,
626886,Palestine,,
626896,Namibia;South Africa,Illegal occupation;Territory,
626897,Namibia,,Action; Support
626898,Namibia,Programme of work,
626899,Namibia,,Action
626900,Namibia,Information Dissemination,Dissemination
626901,Namibia,United Nations Fund,
626905,Nairobi,United Nations accommodation,
626906,Colonial Countries;Colonial Peoples,Declaration;Independence,Implementation;Granting
626909,,Decolonization,Dissemination of information
626910,Palestinian people,Living conditions,
626911,,Nuclear Weapons;Test Explosions,Cessation
626912,Africa,Denuclearization,Implementation
626915,South Africa,Nuclear capability,
626917,Middle East,Nuclear-weapon-free zone,Establishment
626920,South Asia,Nuclear-weapon-free zone,Establishment
626921,,Charter of the United Nations;Role of the Organization,Strengthening
626924,,Weapons of Mass Destruction,Prohibition; Development; Manufacture
626925,,United Nations system;Human rights;Fundamental freedoms,Improvement;Enjoyment
626928,,Nuclear Neutron Weapon,Prohibition
626980,Lebanon,United Nations Interim Force,Financing
626981,,Trade;Development,Conference
626982,Palestine,Higher Education;Vocational Training;Refugees,Offers;Grants;Scholarships
626983,Palestine,Palestine refugees,Adoption
626984,Palestine,Refugees,Assistance
626985,Palestine,Refugees;Properties;Revenues,
626986,,Population;Refugees;Displacement,
626987,Palestine; Gaza Strip,Refugees,
626988,Israel; Occupied Territories,Human Rights,Investigation
626994,Israel; Occupied Territories,Human Rights,Investigation
626995,Israel; Occupied Territories,Human Rights,Investigation
626997,Israel;Occupied Territories,Human Rights,Investigation
626998,Israel; Occupied Territories,Human Rights,Investigation
626999,Israel;Occupied Territories,Human Rights,Investigation
627000,Israel;Occupied Territories,Human Rights,Investigation
627001,,Information,Question
627002,Israel; Mediterranean Sea; Dead Sea,Canal,Decision; Building
627004,,Victims of Torture,Voluntary Fund
627007,El Salvador,Human Rights;Fundamental Freedoms,
627008,Chile,Human Rights,Protection
627009,,Human Rights,Case
627010,South Africa,Investments,
627011,,Apartheid,Programme of work
627012,Israel;South Africa,Relations,
627013,,Apartheid;Mass Media,Public Information;Public Actions;Struggle
627014,,Women; Children; Apartheid,
627015,South Africa,Academic boycotts;Cultural boycotts;Sports boycotts,
627016,South Africa,Trade Unions;Sanctions,Conference
627017,South Africa,Oil embargo,Embargo
627018,South Africa,Arms embargo,
627019,South Africa,Military collaboration;nuclear collaboration,
627020,South Africa,Sanctions,Mandate
627021,Angola; African States,Acts of aggression; Apartheid regime,
627022,South Africa,Sanctions,Mobilization
627023,South Africa,,
627024,Palestinian territories; Arab territories,Permanent sovereignty; National resources,
627025,land-locked developing countries,needs;problems,action
627026,,Remnants of War,Problem
627027,Middle East,,
627028,,United Nations system; Natural disasters; Disaster situations,Strengthening; Response
627029,Middle East,,
627030,,United Nations,Apportionment; Assessment
627031,,Privileges and immunities; Officials; United Nations; Specialized agencies; Related organizations,Respect
627032,,Income,Estimation
627033,,Budget Appropriations,Finalization
627063,,Nuclear war; Arms race; Disarmament,Action; Collection; Prevention; Curb
627064,,Nuclear weapons;nuclear war,Non-use;Prevention
627065,,Multilateral disarmament agreements,Status
627066,,Disarmament,Report
627067,,Nuclear weapons,
627068,,Disarmament,International co-operation
627069,,World Disarmament,Campaign
627257,,United Nations Disengagement Observer Force,Financing
627702,non-nuclear-weapon States,security;nuclear weapons,strengthening
627703,Non-nuclear-weapon States,Nuclear weapons,Assurance
627704,,Chemical weapons;bacteriological weapons;biological weapons,
627706,,Chemical weapons;bacteriological weapons;biological weapons,
627707,,Chemical weapons;bacteriological weapons;biological weapons,
627708,,Disarmament;International Security,
627709,,Committee on Disarmament; Membership,Review
627711,,Fissionable material; Weapons,Prohibition; Production
627712,States,Nuclear weapons,Non-stationing
627714,,Job classification;Career development;Language staff,
627715,,Arms race; Outer space,Prevention
627716,,Conventional Disarmament,Study
627717,Israel,Nuclear Armament,
627719,,Prohibition of the stationing of weapons in outer space,Conclusion of a treaty
627722,,Nuclear Catastrophe,Prevention
627773,,Declaration on the Strengthening of International Security; International Security,Implementation
627775,States,Intervention;Interference;Internal Affairs,Declaration
627776,,Declaration on the Preparation of Societies for Life in Peace,Implementation
627777,Comorian island of Mayotte,,
627778,,Peace and Security of Mankind,Code of Offences
627779,,Principles and norms of international law; New international economic order,Progressive development
627783,,Multilateral Treaty-Making Process,Review
627785,,Financial Emergency; United Nations,Adoption
627786,United Nations,Financial emergency,
627787,Palestine,,
627788,Palestine,,
628525,,Disarmament,Report
628526,Israel,Nuclear armament,Resolution
628527,,International Security,Implementation
628528,states,non-interference; international affairs,
628615,,Charter of the United Nations;Role of the Organizations,Strengthening
628616,,Principles and norms of international and economic law; Legal assets; International economic order,Consolidation; Progressive development
628617,Organization of African Unity;League of Arab States,National Liberation Movements,Observer Status
628618,Palestine,,Resolution
628619,Palestine,,
628620,Palestine,,
628621,Palestine,,
628622,Palestine,,Resolution
628623,,Human Rights;Fundamental Freedoms;United Nations System,Improvement
628626,,Nuclear Weapons,Study
628630,Bolivia,Human rights,
628632,Chile,Human Rights,Protection
628633,,Human Rights;Violations,Voluntary Fund
628635,El Salvador,Human Rights;Fundamental Freedoms,
628636,,Migrant Workers; Human Rights; Dignity,Improvement; Ensurance
628637,,Nazi activities;Fascist activities;neo-Fascist activities;totalitarian ideologies;racial intolerance;hatred;terror,Measures
628638,South Africa,,
628641,South Africa,Military collaboration;nuclear collaboration,
628642,South Africa,Sanctions,Comprehensive sanctions
628644,South Africa,Oil embargo,
629364,Kampuchea,,
629367,,Historical responsibility; Preservation of nature; Present and future generations,
629369,,,
629370,Palestine,Refugees,Assistance
629372,Palestine,Higher Education;Vocational Training;Refugees,Offer;Grant;Scholarship
629373,,Population;Refugees;Displacement,
629377,Palestine; Gaza Strip,Refugees,
629380,Belize,,
629382,Non-Self-Governing Territories,Information,Transmission
629391,East Timor,,
629395,Namibia;Southern Africa,Declaration on the Granting of Independence to Colonial Countries and Peoples;Colonial Domination;Colonialism;Apartheid;Racial Discrimination,Activities;Implementation;Efforts;Elimination
629397,Colonial Countries;Peoples,Declaration;Independence,Implementation
629398,South Africa,Cultural boycott;Academic boycott,Boycott
629399,South Africa,Transnational Corporations,Role
629401,,Apartheid,Campaigns
629402,Afghanistan,International Peace;Security,
629403,Israel;South Africa,Relations,
629405,South Africa,Sanctions,Conference
629406,,International Convention on the Suppression and Punishment of the Crime of Apartheid; Crime of Apartheid,Suppression; Punishment
629407,South Africa,Oppressed people; National liberation movement,Assistance
629408,,Apartheid; Sports,Resolution
629409,,Women; Children; Apartheid,
629411,,Apartheid,Implementation
629412,,Apartheid,Programme of work
629413,Comorian island of Mayotte,,
629414,South Africa,Investments,
629415,Middle East,,
629417,,Staff Representatives;5th Committee,Access
629419,Governments of troop-contributing states,Rates of reimbursement,Review
629420,,International Civil Service,Report
629422,,United Nations Disengagement Observer Force,Financing
629426,Santiago,Accommodation,
629427,,United Nations Disengagement Observer Force,Financing
629428,,Honoraria; United Nations,Study
629430,,Emoluments; Pension Scheme; International Court of Justice,Adoption
629431,,Principle of Non-Use of Force;International Relations,Enhancement
629432,,Budget Appropriations;Biennium,Revision
629433,,Financial Appropriations,Adoption
629435,Namibia;South Africa,Illegal occupation;Territory,
629436,Namibia,United Nations action,Intensification; Co-ordination; Support
629437,Namibia,Programme of work,
629438,Namibia,Action,Action
629439,Namibia,United Nations Institute,Support
629440,Namibia,Nationhood Programme,
629441,Namibia,United Nations Fund,
629442,Namibia,Information Dissemination,Dissemination
629443,Namibia,Uranium,
629444,South Africa; Namibia,United Nations resolutions,Refusal; Compliance
629446,States,Economic Rights;Duties,Charter
629464,Land-locked development countries,Needs; Problems,Action
629465,,Trade;Development,Conference
629466,Palestinian,Living conditions,
629467,United Nations,Financial emergency,
629468,Lebanon,United Nations Interim Force,Financing
629469,Lebanon,United Nations Interim Force,Financing
629594,Colonial Countries;Peoples,Declaration;Independence,Plan;Implementation;Granting
629596,Colonial Countries;Colonial Peoples,Declaration;Independence,Implementation;Granting
629598,,Decolonization,Dissemination of information
629600,Israel; Occupied Territories,Human Rights,Investigation
629601,Israel;Occupied Territories,Human Rights,Investigation
629603,Israel;Occupied Territories,Human Rights,Investigation
629604,Israel; Occupied Territories,Human Rights,Investigation
629605,Israel; Occupied Territories,Human Rights,Investigation
629607,Israel; Occupied Territories,Human Rights,Investigation
629609,Malagasy Islands of Glorieuses;Juan de Nova;Europa;Bassas da India,,
629611,,Refugees,International co-operation; Avertal
629613,,Human rights;Scientific and technological developments,Adoption
629614,,Human rights;Scientific and technological developments,Adoption
629623,,Military budgets,Reduction
629624,Latin America,Treaty for the Prohibition of Nuclear Weapons; Additional Protocol I,Implementation; Signature; Ratification
629625,,Chemical Weapons;Bacteriological Weapons;Biological Weapons,
629627,,Nuclear Weapons;Test Explosions,Cessation
629628,States,Nuclear test explosions,Prohibition
630225,South Africa,Nuclear capability,
630227,Africa,Denuclearization,Implementation
630230,South Asia,Nuclear-weapon-free zone,Establishment
630232,,Weapons of Mass Destruction,Prohibition; Development; Manufacture
630233,,Nuclear weapons,
630234,,Nuclear weapons,
630235,,Nuclear weapons;nuclear war,Non-use;prevention
630236,,,
630237,,Disarmament,Report
630238,non-nuclear-weapon states,security;nuclear weapons,strengthening
630240,Non-nuclear-weapon states,Nuclear weapons,Conclusion; Assurance
630242,,Conventional Disarmament,Study
630246,States,Nuclear weapons,Non-stationing
630247,,Fissionable Material;Weapons,Prohibition;Production
632041,Azerbaijan,Occupied territories,
632080,Abkhazia;Georgia,Internally Displaced Persons;Refugees,Status
632095,,Migration;Development,Forum
632867,,Credentials,Adoption
632868,,Scale of assessments; Apportionment; Expenses; United Nations,
632871,,United Nations Emergency Force; United Nations Disengagement Observer Force; Financing,
632874,,United Nations Emergency Force; United Nations Disengagement Observer Force,Financing
632875,,United Nations Emergency Force; United Nations Disengagement Observer Force; Financing,
632877,,United Nations Emergency Force; United Nations Disengagement Observer Force; Financing,
632882,Lebanon,United Nations Interim Force,Financing
632883,Lebanon,United Nations Interim Force,Financing
632884,Lebanon,United Nations Interim Force,Financing
632885,Lebanon,United Nations Interim Force,Financing
632886,,Principle of Non-Use of Force; International Relations,Enhancement; Effectiveness
632887,Kampuchea,,
632961,,Racism;Racial Discrimination,Implementation;Combat;Action
632962,,International Convention on the Suppression and Punishment of the Crime of Apartheid,Suppression; Punishment
632963,,Occupied territories,
632964,Cyprus,,
632965,Non-Self-Governing Territories,Information,Transmission
632966,Western Sahara,,
632967,Belize,,
633049,East Timor,,
633050,Southern Rhodesia;Namibia;Southern Africa,Foreign economic interests;Declaration on the Granting of Independence to Colonial Countries and Peoples;Colonial domination;Colonialism;Apartheid;Racial discrimination,Implementation;Efforts;Elimination
633051,Colonial Countries;Colonial Peoples,Declaration;Independence,Implementation
633052,colonial countries;peoples,right of peoples to self-determination;independence;human rights,realization;granting;guarantee;observance
633053,,United Nations system;Human rights;Fundamental freedoms,Improvisation;Enjoyment
633054,,Human Rights,Services
633055,,United Nations system;Human rights;Fundamental freedoms,Improvement;Enjoyment
633056,Palestine,Refugees,Assistance
633057,Palestinian refugees,Higher education;Vocational training,Offers;Grants;Scholarships
633058,,Population;Refugees;Displacement,
633059,Palestine; Gaza Strip,Refugees,
633060,,Disaster Relief,Coordination
633061,Palestine,,
633062,Palestine,,Resolution
633074,Palestine,,Resolution
633075,Palestine,,
633087,Comorian Island of Mayotte,,
633108,Middle East,,
633109,Africa,Denuclearization,Implementation
633110,Middle East,Nuclear-weapon-free zone,Establishment
633111,,,Implementation
633112,South Asia,Nuclear-weapon-free-zone,Establishment
633113,,Weapons of Mass Destruction,Prohibition; Development; Manufacture
633157,Indian Ocean,Zone of Peace;Declaration,Implementation
633159,Indian Ocean,Zone of Peace;Declaration,Implementation
633160,,Disarmament,Report
633162,,Disarmament agreements;International security,Monitoring;Strengthening
633163,,Nuclear weapons;nuclear war,Non-use;Prevention
633165,,Nuclear weapons,
633166,non-nuclear-weapon States,security;guarantees,conclusion;strengthening
633167,Non-nuclear-weapon States,Nuclear weapons,Conclusion; Assurance
633168,non-nuclear-weapon States,security;nuclear weapons,strengthening
633170,States,Nuclear weapons,Non-stationing
633173,,Fissionable material; Weapons,Prohibition; Production
633175,,Institutional Arrangements;Disarmament,Study
633177,,Disarmament,International Co-operation
633181,Israel,Nuclear Armament,Adoption
633182,Israel;Occupied Territories,Human Rights,Investigation
633183,Israel;Occupied Territories,Human Rights,Investigation
633185,Israel; Occupied Territories,Human Rights,Investigation
633187,Islands of Gloriesus;Juan de Nova;Europa;Bassas da India,,Resolution
635764,Namibia,Programme of work,
635765,Namibia,United Nations action,Intensification; Co-ordination; Support
635766,Namibia,,Action
635767,Namibia,Information Dissemination,Dissemination
635768,Namibia;South Africa,Illegal occupation,
635769,South Africa,,
635770,South Africa,Sanctions,Conference
635771,South Africa,Arms embargo,
635772,South Africa,Nuclear collaboration,
635773,South Africa,Oil embargo,Embargo
635774,South Africa,Oppressed people; National liberation movement,Assistance
635775,,Apartheid,Dissemination of information
635776,,Mass Media;Apartheid,International Action
635777,,Apartheid; Sports,
635778,Israel;South Africa,Relations,
635779,South Africa,Investments,
635780,,Apartheid,Programme of work
635781,Colonial Countries;Peoples,Declaration;Independence,Implementation;Granting
635782,,Decolonization,Dissemination of information
635783,,International Security,Implementation
635784,States,Non-interference; Internal affairs,
635785,,Policy of hegemonism; International relations,Inadmissibility
635786,Palestinian people,Living conditions,
635787,Palestinian people,Assistance,
635788,Arab territories,Permanent sovereignty; National resources,
635789,,International Terrorism;Human Lives;Fundamental Freedoms;Causes of Terrorism;Acts of Violence;Misery;Frustration;Grievance;Despair;Radical Changes,Prevention;Study
635790,,Charter of the United Nations;Role of the Organization,Strengthening
635791,,International Economic Law;International Economic Order;Principles;Norms;Legal Aspects,Consolidation;Progressive Development
635792,United Nations,Women,Conference
635793,United Nations,Decade for Women,Conference
635794,troop-contributed States,rates of reimbursement,review
635795,,Migrant Workers;Human Rights;Dignity,Improvement;Ensurance
635796,Chile,Trust Fund,
635797,Chile,Human rights,
635798,,Discrimination against Women,Elimination
635799,,Desertification,Plan of Action; Combat
635800,Southern Rhodesia,,
635801,,World inflationary phenomenon; Development process,
635802,Land-locked developing countries,Needs; Problems,Action
635803,,Multilateral trade negotiations,Negotiation
635804,Land-locked Developing Countries,Special Fund,
635805,,International Development,Proposal
635806,,International monetary reform,
635807,,United Nations staff; United Nations system,Participation
635808,,United Nations Joint Staff Pension Board,Report
635809,,United Nations Joint Staff Pension Fund,Investment
635810,,United Nations Joint Staff Pension Fund,Investment
635811,,Budget Appropriations,Finalization
635899,,Income,Estimation
635900,,Industrial Development,
635902,regional level,Human Settlements,implementation
635903,,Budget Appropriations,
635904,,Financing; Appropriation,
635905,,Extraordinary expenses,Approval
635906,,Working Capital Fund,Adoption
635910,,Information Systems;International Economic and Social Affairs,Establishment
635913,,United Nations International School,
635915,Nairobi,Accommodation,
635918,,Conditions of service; Compensation; Officials; Secretariat officials; General Assembly,Serving
635919,Least Developed Countries,Financing; Consultation Meetings; United Nations Industrial Development Organization,Participation
637262,,Credentials,Adoption
637953,,United Nations Emergency Force; United Nations Disengagement Observer Force; Financing,
637954,,United Nations Emergency Force; United Nations Disengagement Observer Force; Financing,
637960,,United Nations Emergency Force; United Nations Disengagement Observer Force; Financing,
637965,,United Nations Emergency Force; United Nations Disengagement Observer Force; Financing,
637968,,United Nations Emergency Force; United Nations Disengagement Observer Force; Financing,
637971,Israel; Occupied Territories,Human Rights,Investigation
637972,Israel;Occupied Territories,Human Rights,Investigation
637973,Israel; Occupied Territories,Human Rights,Investigation
637974,,Peace-keeping operations,Review
637975,,Organizational nomenclature; Secretariat,
637976,,Financial Regulations; United Nations,Amendments
637977,,International Computing Centre;Budget Estimates,
637978,,Disarmament commission,Adoption
637979,,Conditions of service; Compensation; Officials; Secretariat officials; General Assembly,Serving
637980,,Estimates;Recommendations;Committee for Programme and Co-ordination,Revision
637985,,Honoraria; United Nations,Study
637988,,Executive Direction;Management;Special Political Questions,Estimates
637991,,Provisions,Exception
637996,,Medium-term plan,Planning
637998,,International Civil Service,Report
637999,,United Nations Joint Staff Pension Board,Report
638670,,United Nations Emergency Force; United Nations Disengagement Force; Financing,
638755,Lebanon,United Nations Interim Force,Financing
638757,Cyprus,,
638758,,Law of the Sea,Conference
638759,Southern Africa,Human Rights;Political Assistance;Military Assistance;Economic Assistance;Colonial Regimes;Racist Regimes,Enjoyment
638760,colonial countries;peoples,right of peoples to self-determination;independence;human rights,realization;granting;guarantee;observance
638761,Palestine,,
638762,Palestine,,
638763,Palestine,,
638764,Western Sahara,Question,
638766,Belize,,
638767,Non-Self-Governing Territories,Information,Transmission
638768,Southern Rhodesia,,Resolution
638769,Southern Rhodesia,,Resolution
638770,East Timor,,
638771,Southern Rhodesia;Namibia;southern Africa,Declaration on the Granting of Independence to Colonial Countries and Peoples;colonial domination;colonialism;apartheid;racial discrimination,Activities;implementation;efforts;elimination
638774,Colonial Countries;Colonial Peoples,Declaration;Independence,Implementation
638775,Colonial Countries; Peoples,Declaration; Independence,Implementation; Granting
638776,,Decolonization,Dissemination of information
638777,,World social development,
638778,,Cultural and artistic property; Preservation; Cultural values,Protection; Restitution; Return; Development
638783,,Human rights;Scientific and technological developments,
638784,,Treaty on the Non-Proliferation of Nuclear Weapons,Implementation; Establishment
638785,,,Implementation
638786,Africa,Denuclearization,Implementation
638787,Middle East,Nuclear-weapon-free zone,Establishment
638788,South Asia,Nuclear-weapon-free zone,Establishment
638789,,Weapons of Mass Destruction,Prohibition; Development; Manufacture
638790,,Weapons of Mass Destruction,Prohibition; Development; Manufacture
638860,,Military budgets,Reduction
638861,Indian Ocean,Zone of Peace;Declaration,Implementation
638863,Israel,Military collaboration;nuclear collaboration,
638869,,Nuclear weapons;nuclear war,Non-use;prevention
638870,,Nuclear Weapons,Cessation; Testing
638872,,Disarmament,Negotiations
638874,,Disarmament agreements;International security,Monitoring;Strengthening
638877,Non-nuclear states,Security;Guarantees,Strengthening;Conclusion
638878,Non-nuclear states,Security;Guarantees,Conclusion
638879,,Societies; Life in Peace,Preparation
638881,States,Non-interference; Internal affairs,
638883,,International Security,Implementation
638884,Nicaragua,,
638885,Land-Locked Developing Countries,Special Fund,
638887,,Desertification,Plan of Action; Combat
638888,,Confidence-building measures,
638939,,Strategic arms limitation,Talks
638940,,Nuclear Weapons,Study
638941,,Regional Disarmament,Study
638942,States,Nuclear weapons,Non-stationing
638943,,Disarmament,Resolution
638944,,Fissionable Material; Weapons,Prohibition; Production
638962,,Principle of Non-Use of Force; International Relations,Enhancement
638963,,Peace and Security of Mankind,Code of Offences
638964,,Programme for the Decade for Action to Combat Racism and Racial Discrimination; Racism; Racial Discrimination,Implementation; Combat
638965,,Racism;Racial Discrimination,Combat
638966,,Racism;Racial Discrimination,Combat
638967,,International Convention on the Suppression and Punishment of the Crime of Apartheid,Suppression; Punishment
638968,,Religious Intolerance,Elimination
638969,Palestinian,Living conditions,
638972,Palestine,Refugees,Assistance
638975,Palestine,Higher Education;Vocational Training;Refugees,Offers;Grants;Scholarships
638976,Palestine; Gaza Strip,Refugees,
638977,,Population; Refugees; Displacement,
639252,Developing countries,Investments; United Nations Joint Staff Pension Fund; Transnational corporations,
639253,developing countries,transfer of real resources,acceleration
639254,,Finance for development,
639255,,United Nations; Rules of Procedure,Amendments
639256,,Personnel questions,
639257,Palestinian people,Assistance,
639258,Land-locked developing countries,Particular needs,Specific action
639259,,Technology,Transfer
639260,,World inflationary phenomenon; Development process,
639261,developing countries,Debt problems,
639346,American Samoa;Anguilla;Bermuda;British Virgin Islands;Cayman Islands;Guam;Montserrat;Pitcairn;Saint Helena;Turks and Caicos Islands;United States Virgin Islands,,
639347,Individual territories,,
639400,,Migrant Workers;Human Rights;Dignity,Improvement;Ensurance
639402,Cyprus,Missing persons,
639403,Chile,United Nations Trust Fund,Establishment
639404,Chile,Human Rights,Protection
639405,Chile,Human Rights,Experience
639406,,Budget Appropriations,Revision
639407,,Financing; Appropriation,Revision
639409,Vienna International Centre,Accommodation,
639411,Namibia;South Africa,Illegal occupation;Territory,
639412,South Africa; Namibia,,Refusal; Compliance
639413,Namibia,Programme of work,
639415,,Apartheid,Mobilization
639417,oppressed peoples,tributes; memory; leaders; outstanding personalities; contributions; struggles,
639419,Israel;South Africa,Relations,
639420,South Africa,Oil embargo,Embargo
639421,South Africa,Nuclear collaboration,
639422,South Africa,Economic collaboration,
639423,,Apartheid,Dissemination of information
639424,,Apartheid,Programme of work
639425,South Africa,Oppressed people; National liberation movement,Assistance
639426,South Africa,,
639427,,Apartheid; Sports,
639428,South Africa,Military collaboration,
639429,South Africa,Investments,
639430,,Status and role of women; Education; Economic fields; Social fields; Equality of women with men,Improvement; Achievement
639475,Kosovo,International Law;Unilateral Declaration of Independence,Request;Advisory Opinion
639624,,Protectionism,
639625,,Multilateral trade negotiations,Adoption
639626,,Activity Determination; Usefulness Assessment; Effectiveness Assessment,Determination; Assessment
639627,,Budget Appropriations; Biennium 1978-1979,Revision
639628,,Income estimates; Biennium 1978-1979,Revision
639629,,Financing; Appropriation,
639630,Namibia,,
639631,Western Sahara,,
639632,Middle East,,
642010,,Apartheid in Sports,Declaration
642012,Bantustans,,
642019,South Africa,Investments,
642288,,United Nations Emergency Force; United Nations Disengagement Observer Force; Financing,
642335,Israel;Arab territories;Middle East,Illegal measures;Legal status;Geographical nature;Demographic composition;Charter of the United Nations;International obligations;4th Geneva convention of 1949;United Nations resolutions;Peace,Obstruction;Efforts;Achievement
642378,South Africa,Economic collaboration,
642393,Comorian island of Mayotte,,
642624,South Africa,Economic collaboration,
642626,,Apartheid,Dissemination of information
642628,,Apartheid,Programme of work
642629,South Africa,National Liberation Movement,Assistance
642630,South Africa,,
642631,,Apartheid,Action
642633,Land-Locked Developing Countries,Special Fund,
642634,,Science and Technology; Development,Conference
642635,Southern Rhodesia,,Resolution
642636,Chile,Human Rights,Protection
642637,,Apartheid;Racism;Racial Discrimination;Colonialism;Aggression;Foreign Occupation;Self-Determination;Independence;Social Progress,Protection
642638,,Narcotic drugs; Treatment; Rehabilitation,International co-operation
642639,,Drug Abuse;Economic Development;Social Development,Control;Programme
642640,,Illicit traffic in narcotic drugs and psychotropic substances; Illicit demand for narcotic drugs and psychotropic substances,Efforts; Fight
642641,,Racism;Racial Discrimination,Combat
642642,,United Nations system;Human rights;Fundamental freedoms,Improvement;Enjoyment
642643,,Women's participation; International peace and security; Colonialism; Racism; Racial discrimination; Foreign aggression; Occupation; Foreign domination,Strengthening; Struggle
642644,,Women's participation; International peace; International security; Colonialism; Racism; Racial discrimination; Foreign aggression; Occupation; Foreign domination,Strengthening; Struggle
642658,,Non-use of force; International relations,Conclusion; Treaty
642863,Namibia,Information Dissemination,
643248,South Africa,,
643250,Namibia;South Africa,Illegal occupation;Territory,
643251,Namibia,,Action
643252,,Incendiary weapons;Specific conventional weapons;Humanitarian reasons,Prohibition;Restriction
643253,States,Non-interference,
643255,,International Security,Implementation
643256,Namibia,Programme of work,
643257,,Water,Conference
643258,Arab territories,Permanent sovereignty; National resources,
643259,Namibia,United Nations action,Intensification; Co-ordination; Support
643260,,Human Settlements,International Co-operation;Institutional Arrangements
643263,Namibia,,Session
643264,Palestinian people,Living conditions,
643265,,International Convention; Suppression; Punishment; Crime of Apartheid,
643269,,Racial Discrimination,Elimination
643271,colonial countries;peoples,right of peoples to self-determination;independence;human rights,realization;granting;guarantee;observance
643273,land-locked developing countries,particular needs,action
643274,,Common Fund;Integrated Programme for Commodities,Negotiation
643275,,Outer Space,International Co-operation
643276,Cyprus,,
643281,Middle East,,
643282,,United Nations organizations; First-class travel,
643283,Brunei,,
643284,,International Civil Service,Report
643285,Belize,,
643286,Non-Self-Governing Territories,Information,Transmission
643287,East Timor,,
643288,Southern Rhodesia;Namibia;southern Africa,Declaration on the Granting of Independence to Colonial Countries and Peoples;colonial domination;colonialism;apartheid;racial discrimination,implementation;efforts;elimination
643289,Colonial Countries;Peoples,Declaration;Independence,Implementation
643290,,United Nations,Assessment; Apportionment; Expense
643291,Palestine,,Resolution
643292,Palestine,,
643339,Colonial Countries;Colonial Peoples,Declaration;Independence,Implementation;Granting
643341,Latin America,Prohibition of Nuclear Weapons; Additional Protocol I; Treaty of Tlatelolco,Implementation; Signature; Ratification
643342,,Nuclear tests; Thermonuclear tests; Nuclear-weapons tests; Test ban,Cessation; Conclusion; Prohibition
643343,Latin America,Treaty for the Prohibition of Nuclear Weapons; Additional Protocol II,Implementation; Signature; Ratification
643344,,Disarmament Decade,Implementation; Measure; Purpose; Objective
643345,Africa,Denuclearization,Implementation
643346,Middle East,Nuclear-weapon-free zone,Establishment
643347,South Asia,Nuclear-weapon-free zone,Establishment
643348,,Weapons of Mass Destruction,Prohibition; Development; Manufacture
643349,,Weapons of Mass Destruction,Prohibition; Development; Manufacture
643350,,Military Budgets,Reduction
643351,Indian Ocean,Zone of Peace;Declaration,Implementation
643352,,Disarmament,Adoption
643353,,Disarmament,Adoption
643354,,Disarmament,Adoption
643355,,Disarmament,Adoption
643356,Palestine,Refugees,Assistance
643357,Palestine; Gaza Strip,Refugees,
643358,,Population;Refugees;Displacement,
643359,Israel; Occupied Territories,Human Rights,Investigation
643360,Israel; Occupied Territories,Human Rights,Investigation
643361,Israel; Occupied Territories,Human Rights,Investigation
643362,,Anti-Apartheid,International
643363,,Trade union; Apartheid,Action
643364,Israel;South Africa,Relations,
643365,South Africa,Military collaboration;nuclear collaboration,
643385,,Budget Appropriations,Finalization
643386,,Organizational nomenclature; Secretariat,
643387,,Arabic language; United Nations,Services
643388,Nairobi,Accommodation,
643389,,United Nations budget,Presentation
643390,United Nations Headquarters,Meeting rooms;Conference servicing;Delegate facilities,Expansion;Improvement
643391,,Human Rights Committee,Honoraria
643392,,Budget Appropriations;Biennium,
643393,,Financing; Appropriations,
643394,,Expenses,Resolution
643395,,Working Capital Fund,
643885,United States of America;Cuba,Economic embargo;Commercial embargo;Financial embargo,Ending
643890,,Comprehensive Nuclear-Test-Ban Treaty Organization,Cooperation
643894,Palestinian People,Inalienable Rights,Exercise
643895,Palestine,,
643897,Palestine,Information,Programme
643898,Palestine,Peaceful settlement,Settlement
643899,Jerusalem,,
643901,Syrian Golan,,
643902,,Weapons of Mass Destruction;Disarmament,Prohibition;Development;Manufacture
643903,,Information and Telecommunications; International Security,Development
643904,Non-nuclear-weapon States,Nuclear weapons,Conclusion; Assurance
643905,,Arms Race; Outer Space,Prevention
643906,,Nuclear Weapons Systems,Decreasing; Operational Readiness
643907,,Convention on the Prohibition of the Use Stockpiling Production and Transfer of Anti-personnel Mines; Destruction,Implementation
643949,regional;subregional levels,Conventional arms control,
643951,,Nuclear disarmament,
643953,,Nuclear Danger,Reduction
643958,,International Court of Justice; Legality; Threat or Use of Nuclear Weapons,Follow-up
643960,,Multilateralism;Disarmament;Non-proliferation,Promotion
643981,,Geneva Protocol,Measure; Upheld authority
643988,,Armaments; Ammunitions; Depleted Uranium,Use
643997,,Missiles,
643999,,Nuclear-weapon-free world;nuclear disarmament,Implementation;Commitments
644005,,Non-proliferation; Arms limitation; Disarmament agreements; Disarmament commitments,Compliance
644046,,Peace;Disarmament measures,Consolidation
644051,Central Asia,Nuclear-weapon-free zone,Establishment
644054,The Hague,Ballistic Missile Proliferation,Code of Conduct
644058,Southern Hemisphere; Adjacent Areas,Nuclear-weapon-free,
644071,,Transparency;Confidence-building measures;Outer space activities,
644152,,Transparency in armaments,
644182,,Illicit Trade; Small Arms; Light Weapons,
644185,,Nuclear weapons,Elimination; Determination
644187,,Nuclear Weapons,Prohibition
644200,Middle East,Nuclear Proliferation,Risk
644214,,Nuclear-Test-Ban Treaty,Comprehensiveness
644217,Palestine,Refugees,Assistance
644218,,Persons displaced,
644223,Palestine,Refugees;Properties;Revenues,
644273,Israel;Palestine;Occupied Territories,Human Rights,Investigation
644277,Palestine; Near East,Relief; Works; Refugees,Operations
644280,Palestinian Territory;East Jerusalem;Arab territories,Geneva Convention;Protection of Civilian Persons;Time of War,Applicability
644287,Israel;Palestinian Territory;East Jerusalem;Syrian Golan,Israeli settlements,
644294,Israel;Palestine;Occupied Palestinian Territory;East Jerusalem,Human Rights,Practice
644298,Syrian Golan,,
644299,Non-Self-Governing Territories,Information,Transmission
644300,Non-Self-Governing Territories,Economic Activities;Interests of the Peoples,
644301,Colonial Countries;Peoples,Declaration;Independence,Implementation
644310,,Decolonization,Dissemination of information
644311,Colonial Countries;Peoples,Declaration;Independence,Implementation;Granting
644312,,Oceans;Law of the Sea,
644480,,Human Rights Council,Report
644498,,Racism;Racial Discrimination;Xenophobia;Related Intolerance,Inadmissibility
644534,,Mercenaries;Human Rights;Right of Peoples to Self-Determination,Violation;Impediment
644535,Palestinian people,Self-determination,Right
644536,,Human Rights Treaty Bodies;Geographical Distribution,Equitable Distribution
644537,,Death Penalty,Moratorium
644538,,Defamation of Religions,Combating
644553,,Globalization;Human Rights,Enjoyment
644555,,Right to Development,
644557,,Human rights; Unilateral coercive measures,
644560,,Extrajudicial executions;Summary executions;Arbitrary executions,
644567,,Right to Food,
644568,,Universal freedom of travel; Family reunification,Respect
644569,,Democratic order;Equitable international order,Promotion
644571,Democratic People's Republic of Korea,Human Rights,
644572,Islamic Republic of Iran,Human Rights,
644683,Palestinian Territory;East Jerusalem;Syrian Golan,Permanent sovereignty;Natural resources,
644732,Lebanon,Oil slick,
644738,,International Economic Order,Resolution
644763,,Arms Trade; Conventional Arms,Establishment; Standardization; Import; Export; Transfer
644764,,Rights of the child,
644765,,Racism;Racial Discrimination;Xenophobia;Related Intolerance;Durban Declaration;Programme of Action,Elimination;Implementation;Follow-up
644767,Myanmar,Human Rights,
644975,Palestinian People,Living conditions,
646023,American Samoa,,
646047,Anguilla,,
646049,Bermuda,,
646050,British Virgin Islands,,
646051,Cayman Islands,,
646052,Guam,,
646053,Montserrat,,
646054,Pitcairn,,
646055,Turks and Caicos Islands,,
646058,Saint Helena,,
646059,United States Virgin Islands,,
646737,Israel;Occupied Territories,Human Rights,Investigation
647344,,United Nations Emergency Force; United Nations Disengagement Force; Financing,
647345,,United Nations Emergency Force; United Nations Disengagement Force; Financing,
647573,,Apartheid,Programme of Action
648892,South Africa,Arms embargo,
648894,South Africa,Investments,
648896,,Apartheid; Sports,
648897,,Apartheid,Programme of work
648900,Transkei;bantustans,independence,
648901,Israel;South Africa,Relations,
649009,Southern Rhodesia;Namibia;southern Africa,Declaration on the Granting of Independence to Colonial Countries and People;colonial domination;colonialism;apartheid;racial discrimination,Activities;implementation;efforts;elimination
649011,,Non-use of force; International relations,Conclusion; Treaty
649012,Cyprus,,
649014,,International Economic Co-operation,Conference
649016,,Population;Refugees;Displacement,
649017,Palestine; Gaza Strip,Refugees,
649018,Palestine,,
649019,,United Nations,Admission
649023,Non-Self-Governing Territories,Information,Transmission
649024,Colonial Countries;Peoples,Declaration;Independence,Implementation
649025,Southern Africa,Human Rights;Political Assistance;Military Assistance;Economic Assistance;Colonial Regimes;Racist Regimes,Enjoyment
649026,colonial countries;peoples,right of peoples to self-determination;independence;human rights,realization;granting;guarantee;observance
649324,People's Republic of Angola,Membership,Admission
649325,Falkland Islands;Malvinas,,
649326,Belize,,
649327,Timor,,
649328,Brunei,,
649329,Guam,,
649330,French Somaliland,,
649331,Middle East,,
649332,Middle East,Peace,Conference
649333,,Nuclear tests;Thermonuclear tests;Comprehensive test ban,Cessation;Conclusion;Treaty
649684,Latin America,Prohibition of Nuclear Weapons,Implementation; Signature; Ratification
649686,,Nuclear-weapon-free zones,Study
649687,Middle East,Nuclear-weapon-free zone,Establishment
649688,,Military Hostile Use; Environmental Modification Techniques,Prohibition
649689,South Asia,Nuclear-weapon-free zone,Establishment
649690,,Weapons of Mass Destruction,Prohibition; Development; Manufacture
649691,,Treaty on the Non-Proliferation of Nuclear Weapons,Implementation; Review Conference; Conclusion
649692,,Vienna Convention on Diplomatic Relations,Implementation
649693,,Racism;Racial Discrimination,Implementation;Action;Combat
649694,,Racism;Racial Discrimination,Combat
649695,,International Convention; Crime of Apartheid,Suppression; Punishment
649696,,World social situation,
649698,,Military Budgets,Reduction
649699,Indian Ocean,Zone of Peace,Implementation; Declaration
649700,,Nuclear-weapon tests,Conclusion; Prohibition
649702,States,Non-interference; Internal affairs,
649703,,International Security,Implementation
649704,,United Nations,Apportionment; Assessment
649708,Israel; Occupied Territories,Human Rights,Investigation
649710,Israel;Occupied Territories,Human Rights,Investigation
649732,Israel; Occupied Territories,Human Rights,Investigation
649747,Israel; Occupied Territories,Human Rights,Investigation
649748,Chili,Human Rights,Protection
649756,,Human rights;Scientific and technological developments,Adoption
649758,,International Civil Service,Report
649760,Colonial Countries;Peoples,Declaration;Independence,Implementation;Granting
649761,,Decolonization,Dissemination of information
649762,Namibia;South Africa,Illegal occupation;Territory,
649764,Namibia,Programme of work,
649909,Namibia,United Nations action,Intensification; Co-ordination; Support
649910,Namibia,Action,Cooperation
649913,Namibia,Information Dissemination,Dissemination
649914,South West Africa,Observer status,
649915,Southern Rhodesia,,
649916,land-locked developing countries,,action
649917,developing countries,Debt problems,
649918,Developing countries,Industrial redeployment,Redeployment
649919,developing countries,transfer of real resources,acceleration
649920,Land-Locked Developing Countries,Special Fund,Statute
649921,,,Implementation
649922,Arab territories,Permanent sovereignty; National resources,
649923,,Disarmament,Adoption
649924,,Disarmament,Adoption
649925,,Disarmament,Adoption
649926,United Nations Headquarters,Meeting rooms;Conference servicing;Delegate facilities,Expansion;Improvement
649927,,United Nations salary system; Staff Regulations of the United Nations,Review; Amendment
649994,,United Nations Joint Staff Pension Fund,Investment
649999,,International Court of Justice;Emoluments,Adoption
650000,,Trade;Development,Estimate
650001,,Budget Appropriations;Biennium 1976-1977,Revision
650002,,Financing; Appropriations,Adoption
650003,,Income Estimates,Revision
650004,,,
650007,,Computer Usage,Future Trend
650087,,Nuclear tests;Thermonuclear tests;Test ban treaty,Cessation;Conclusion;Achievement
650088,Latin America,Treaty for the Prohibition of Nuclear Weapons; Additional Protocol II,Implementation; Signature; Ratification
650089,Indian Ocean,Zone of Peace;Declaration,Implementation
650090,Africa,Denuclearization,Implementation
650091,,Nuclear-weapon-free zones,Study
650092,,Nuclear-weapon-free zones,Study
650093,Latin America,Prohibition of Nuclear Weapons;Additional Protocol I;Treaty of Tlatelolco,Implementation;Signature;Ratification
650094,Middle East,Nuclear-weapon-free zone,Establishment
650095,South Pacific,Nuclear-weapon-free zone,Establishment
650096,,Nuclear Weapon Tests,Conclusion; Prohibition
650097,,Weapons of Mass Destruction,Prohibition; Development; Manufacture
650098,French Somaliland,,
650100,Colonial Countries;Peoples,Declaration;Independence,Implementation;Granting
650101,,Decolonization,Dissemination of information
650102,,Disarmament,Adoption
650104,,Disarmament,Adoption
650105,,Disarmament,Adoption
650106,,Disarmament,Adoption
650108,,Disarmament,Adoption
650109,Timor,,
650111,States,Charter of Economic Rights and Duties,Implementation
650121,Arab territories,Permanent sovereignty; National resources,
650123,,Women's participation; International peace; International security; Colonialism; Racism; Racial discrimination; Foreign aggression; Occupation; Foreign domination,Strengthening; Struggle
650124,,International Women's Year,Conference
650125,,Equality between men and women; Discrimination against women,Elimination
650127,Israel; Occupied Territories,Human Rights,Investigation
650128,Israel; Occupied Territories,Human Rights,Investigation
650129,Israel;Occupied Territories,Human Rights,Investigation
650133,,Disaster Relief;Emergency Relief Assistance;Technical Co-operation,Financing
650134,,United Nations Industrial Development Organization,Estimates
650135,,Public Information,Policy; Activity
650136,,Pension scheme,
650137,,Emoluments,
650138,,Financial problems; United Nations,
650139,,Programme budget,Adoption
650140,,Budget Appropriations;Biennium 1976-1977,
650141,,Financing; Appropriations,
650142,,Extraordinary Expenses,Approval
650143,,Working Capital Fund,
650276,,Racism;Racial Discrimination,Implementation;Combat
650278,Palestine Liberation Organization;Middle East,Peace,Invitation;Participation;Efforts
650279,Palestine,,
650280,,United Nations Emergency Force; United Nations Disengagement Observer Force; Financing,
650323,,Racism;Racial Discrimination,Combat
650324,,Racial Discrimination,Elimination
650332,Southern Africa,Human Rights;Colonial Regimes;Racist Regimes;Political Assistance;Military Assistance;Economic Assistance,Enjoyment
650334,,International Security,Implementation
650335,Korea,,
650336,Korea,,
650339,Cyprus,,
650341,Southern Rhodesia,,Resolution
650342,Southern Rhodesia;Namibia;Southern Africa,Declaration on the Granting of Independence to Colonial Countries and Peoples;Colonial Domination;Colonialism;Apartheid;Racial Discrimination,Activities;Implementation;Efforts;Elimination
650346,South Africa,Oppressed people,Responsibility
650375,Bantustans,,
650376,,Apartheid,Programme of work
650377,South Africa,,
650379,Middle East,,
650397,Palestine,Refugees,Assistance
650398,,Population;Refugees;Displacement,
650399,Non-Self-Governing Territories,Information,Transmission
650427,Colonial Countries;Peoples,Declaration;Independence,Implementation
650428,Brunei,,
650429,American Samoa;Guam;United States Virgin Islands,,
650430,Belize,,
650431,New Hebrides;Pitcairn;Tuvalu,,
650466,Chile,Human Rights,Protection
650468,Cyprus,Missing persons,
650469,,United Nations system;Human rights;Fundamental freedoms,Improvement
650470,Spanish Sahara,,
650471,Spanish Sahara,,
650472,,,Implementation
650815,,Credentials; Representatives,Adoption
650861,South Africa,Relationship,
650876,Palestine Liberation Organization,,Invitation
650963,Cyprus,,
650964,,International Atomic Energy Agency,Report
650968,,Social change;Economic change;Social progress,Achievement
650989,States,Economic Rights;Duties,Charter
650990,,International disputes,Peaceful settlement
651000,,United Nations,Apportionment; Assessment
651003,Chile,Protection;Human Rights,
651005,Palestine,,
651006,Palestine Liberation Organization,,Observer status
651012,Cambodia,Lawful rights,Restoration
651013,Non-Self-Governing Territories,Information,Transmission
651015,Israel;Occupied Territories,Human Rights,Investigation
651016,Israel; Occupied Territories,Human Rights,Investigation
651017,Colonial countries;Peoples,Right of peoples to self-determination;Independence;Human rights,Realization;Granting;Guarantee;Observance
651018,States permanent members of the Security Council; developing countries,military budgets; assistance,reduction; utilization; provision
651020,,Napalm;Incendiary weapons,Use
651022,,Napalm;Incendiary weapons;Use,Investigation
651025,Bermuda;British Virgin Islands;Cayman Islands;Montserrat;Turks and Caicos Islands;United States Virgin Islands,,
651026,American Samoa;Guam;New Hebrides;Pitcairn;St. Helena;Solomon Islands,,
651029,Spanish Sahara,,
651030,Non-Self-Governing Territories,Information,Transmission
651031,Namibia,,
651032,Southern Rhodesia,,
651033,Southern Rhodesia,,
651034,Southern Rhodesia;Namibia;Territories under Portuguese domination;Southern Africa,Declaration on the Granting of Independence to Colonial Countries and Peoples;Colonial domination;Colonialism;Apartheid;Racial discrimination,Activities;Implementation;Efforts;Elimination
651038,South Africa,Arms embargo,
651039,,Political prisoners,Release
651040,,Apartheid,Programme of work
651042,South Africa,,
651045,,United Nations Habitat; Human Settlements,Establishment
651046,Colonial Countries;Peoples,Declaration;Independence,Implementation;Granting
651047,,Decolonization,Dissemination of information
651048,Palestine; Near East,Relief; Works; Refugees,
651049,Palestine; Near East,Relief; Works; Refugees,
651050,,International Security,Implementation
651051,Korea,,
651053,Arab territories,Permanent sovereignty; National resources,
651056,Southern Rhodesia;Namibia;Territories under Portuguese domination;Southern Africa,Foreign economic interests;Declaration on the Granting of Independence to Colonial Countries and Peoples;Colonialism;Appartheid;Racial discrimination,Implementation;Efforts;Elimination
651057,,Nuclear tests; Thermonuclear tests; Comprehensive test ban treaty,Cessation; Conclusion
651058,Latin America,Prohibition of Nuclear Weapons;Additional Protocol II;Treaty of Tlatelolco,Implementation;Signature;Ratification
651059,Indian Ocean,Zone of Peace;Declaration,Implementation
651060,,Disarmament,Adoption
651061,,Disarmament,General disarmament; Complete disarmament
651062,,Disarmament,Adoption
651096,,Charter of the United Nations,Review; Consideration; Suggestion
651100,,Salaries;Allowances;Staff;Professional categories;Higher categories;Staff Regulations;United Nations,Amendments
651101,,Budget Appropriations,Revision
651175,Latin America,Treaty for the Prohibition of Nuclear Weapons; Additional Protocol I; Treaty of Tlatelolco,Implementation; Signature; Ratification
651176,Middle East,Nuclear-weapon-free zone,Establishment
651193,,Environment;Climate;Military;International Security;Human Well-being;Health,Prohibition;Maintenance
651195,South Asia,Nuclear-free zone,Declaration; Establishment
651196,South Asia,Nuclear-free zone,Declaration; Establishment
652180,,Cultural Values,Preservation;Development
652181,,Human rights;Scientific and technological developments,Adoption
652182,,Scientific and technological developments; Peace; Social development,Use
652183,,Trade union; Apartheid,Action
652184,,Apartheid,Programme of work
652185,,Apartheid,Dissemination of information
652186,,Apartheid,Intensification;Co-ordination;Action
652187,,Intergovernmental organizations; Non-governmental organizations,Action
652188,South Africa,Trust Fund,
652189,South Africa,Apartheid,Policy
652190,,Atomic Radiation,Effect
652191,,Atomic Radiation,Effect
652192,,Atomic Radiation,Effect
652193,Niue,,
652194,American Samoa;Gilbert and Ellice Islands;Guam;New Hebrides;Pitcairn;St. Helena;Seychelles;Solomon Islands,,
652195,Bermuda;British Virgin Islands;Cayman Islands;Montserrat;Turks and Caicos Islands;United States Virgin Islands,,
652196,Seychelles,,
652197,Brunei,,
652198,Falkland Islands (Malvinas),,
652199,Comoro Archipelago,,
652200,Spanish Sahara,,
652201,Colonial Countries;Peoples,Declaration;Independence,Implementation;Granting
652203,,Decolonization,Dissemination of information
652204,Southern Africa,Victims of Colonialism and Apartheid,Support
652207,,Natural Resources Exploration,Fund
652209,Landlocked Developing Countries,Special Measures; Particular Needs,
652210,,Permanent sovereignty; Natural resources,
652211,,Development;International Economic Co-operation,Holding;Devotion
652213,Arab territories,Permanent sovereignty; Natural resources,
652216,,Disarmament,Adoption
652224,,Trade;Development,Report
652233,South Africa,Political prisoners,
652235,Portugal;Guinea-Bissau,Illegal occupation;Acts of aggression,
652345,,Disarmament,Adoption
652346,,Disarmament,Adoption
652349,countries victims of expropriation,restitution of works of art; expropriation,restitution
652352,,Budget Appropriations;Biennium,
652353,,Financing; Appropriations,
652354,,Expenses,Resolution
652355,,Working Capital Fund,Adoption
652357,,Accommodation;Official Travel;United Nations Staff,Standardization
652358,,Programme;Budget,Formulation;Review;Approval
652367,Israel; Occupied Territories,Human Rights,Investigation
652401,,Atomic Radiation,Effect
652402,Southern Rhodesia,,
652403,,War Crimes;Crimes against Humanity,International Co-operation;Detection;Arrest;Extradition;Punishment
652404,,Napalm;Incendiary weapons,Use
652418,,Chemical weapons;bacteriological weapons;biological weapons,
652419,,Nuclear tests; Thermonuclear tests,Suspension
652420,,Nuclear tests; Thermonuclear tests,Suspension
652421,Latin America,Treaty for the Prohibition of Nuclear Weapons; Additional Protocol II,Implementation; Signature; Ratification
652423,Indian Ocean,Zone of Peace,Declaration
652424,,,
652430,,Indexation of prices,Study
652431,Israel;Occupied Territories,Human Rights,Investigation
652432,Israel;Occupied Territories,Human Rights,Investigation
652433,States permanent members of the Security Council; developing countries,military budgets; assistance,reduction; utilization; provision
652434,States permanent members of the Security Council; developing countries,military budgets; assistance,reduction; utilization; provision
652435,,United Nations Emergency Force,Financing
652436,,Human Rights;Armed Conflicts,Respect
652437,,Legal status; Combatants; Colonial domination; Alien domination; Racist regimes,Struggle
652439,Non-Self-Governing Territories,Information,Transmission
652440,Namibia,,
652441,Namibia,United Nations Fund,
652442,Palestine; Near East,Relief; Works Agency; Refugees,
652443,Palestine; Near East,Relief; Works Agency; Refugees,
652531,Territories under Portuguese administration,,
652532,Mozambique,Massacres,Establishment; Inquiry
652533,Southern Rhodesia,,
652534,Southern Rhodesia,,Resolution
652535,Southern Rhodesia;Namibia;Territories under Portuguese domination;Southern Africa,Declaration on the Granting of Independence to Colonial Countries and Peoples;Colonial domination;Colonialism;Apartheid;Racial discrimination,Activities;Implementation;Efforts;Elimination
652536,Colonial Countries;Peoples,Declaration;Independence,Implementation
652537,Southern Africa,Educational and Training Programme,
652538,,United Nations Capital Development Fund,
652539,States,Environment;Natural Resources,Co-operation
652540,,Multilateral financing; Housing; Human settlements,Governing
652541,,Human Rights,Creation
652619,Colonial Countries;Peoples,Declaration;Independence,Implementation
652620,Southern Africa,Educational and Training Programme,
652621,Spanish Sahara,,
652622,American Samoa;Bahamas;Bermuda;British Virgin Islands;Brunei;Cayman Islands;Cocos (Keeling) Islands;Gilbert and Ellice Islands;Guam;Montserrat;New Hebrides;Pitcairn;St. Helena;Seychelles;Solomon Islands;Turks and Caicos Islands;United States Virgin Islands,,
652623,Seychelles,,
652624,Niue;Tokelau Islands,,
652625,Antigua;Dominica;Grenada;St. Kitts-Nevis-Anguilla;St. Lucia;St. Vincent,,
652627,,Security Council,Report
652628,Indian Ocean,Zone of Peace,Declaration
652629,,Declaration; International Security,Implementation; Strengthening
652657,States,Environment,Responsibility
652670,Israel;Occupied Territories,Human Rights,Investigation
652671,United Nations,Employment;Women;Senior positions;Professional positions;Secretariats;Organizations;United Nations system,
652672,,Capital punishment,
652673,,Narcotics Control,Assistance
652674,,Drug Abuse Control;International Instruments,
652675,,Drug Abuse Control,Programme
652676,developing countries,permanent sovereignty; natural resources,
652677,Developing countries;Developed countries,Trained personnel,Outflow
652678,developing countries,mass poverty;unemployment,
652679,,Population Activities,Fund
652683,,Youth; International Youth Organizations,Communication
652685,,Religious Intolerance,Elimination
652739,Colonial Countries;Colonial Peoples,Declaration;Independence,Implementation;Granting
652756,States,Artificial Earth Satellites;Direct Television Broadcasting,Preparation;Convention;Use
652923,Territories under Portuguese administration,,
652924,,Maltreatment; Torture; Prisoners; Detainees,
652926,South Africa,Trust Fund,
652928,,Apartheid,Programme of work
652934,,Apartheid,Dissemination of information
652938,South Africa,Apartheid,
652942,,Trade Unions;Apartheid,Conference
652945,,World Disarmament,Conference
652946,Non-Nuclear-Weapon States,Implementation; Results; Conference,
652951,,International Law,Report
652957,,Disarmament,Adoption
652960,,Disarmament,Adoption
652964,,Chemical weapons;bacteriological weapons;biological weapons,
652967,,Nuclear tests;Thermonuclear tests,Suspension
652976,,Nuclear tests; Thermonuclear tests,Suspension
652984,,Nuclear tests; Thermonuclear tests,Suspension
652987,Latin America,Treaty for the Prohibition of Nuclear Weapons; Additional Protocol II; Treaty of Tlatelolco,Implementation; Signature; Ratification
652993,,International Relations;Use of Force;Nuclear Weapons,Non-use;Prohibition
653011,Southern Rhodesia,,
653473,,Credentials,Adoption
653984,Middle East,,
653985,colonial countries;peoples,right of peoples to self-determination;independence;human rights,realization;granting;guarantee;observance
653992,,Natural Disaster;Disaster Situations,Assistance
653994,,United Nations,Apportionment; Assessment
653996,,United Nations,Apportionment; Assessment
653999,,United Nations,Apportionment; Assessment
654001,,United Nations,Apportionment; Assessment
654009,Palestine; Near East,Relief; Works Agency; Refugees,
654010,Palestine; Near East,Relief; Works; Refugees,
654011,Palestine; Near East,Relief; Works; Refugees,
654251,,United Nations Development Programme,Enlargement
654299,Bahrain,Membership,Admission
654301,Qatar,Membership,Admission
654312,Oman,Membership,Admission
654350,People's Republic of China,Lawful rights; United Nations,Restoration
654352,South Africa,Apartheid,Policy
654357,Southern Rhodesia,,Resolution
654360,,Youth; Social Development,Participation
654365,,World social situation,
654368,South Africa,Trust Fund,
654375,,Arms embargo,
654376,,Apartheid;Educational Material,
654378,,Apartheid,Programme of work
654379,,Apartheid; Sports,Resolution
654382,Bantustans,Establishment,
654384,South Africa,Apartheid,Policy
654386,,Apartheid,Dissemination of information
654387,South Africa,Apartheid,Policy
654391,,International Liability; Damage; Space Objects,Convention
654404,,Racial Discrimination,Elimination
654405,,Racism;Racial Discrimination,Action;Combat
654406,,Crime of apartheid,Suppression; Punishment
654407,colonial countries;peoples,right of peoples to self-determination;independence;human rights,realization;granting;guarantee;observance
654408,Palestine; Near East,Relief; Works Agency; Refugees,
654409,Palestine; Near East,Relief; Works; Refugees,
654410,,,
654411,Palestine; Near East,Relief; Works; Refugees,
654412,United Arab Emirates,Membership,Admission
654413,Territories under Portuguese administration,,
654414,Southern Rhodesia,,Resolution
654415,Middle East,,
654416,,International Development Strategy; United Nations Development Decade,Dissemination of Information; Mobilization of Public Opinion; Review; Appraisal; Implementation
654417,,Disarmament,Adoption
654418,,Disarmament,Adoption
654419,,Bacteriological Weapons;Biological Weapons;Toxin Weapons,Prohibition;Development;Production;Stockpiling;Destruction
654420,,Chemical weapons;bacteriological weapons;Biological weapons,
654421,,Chemical weapons;bacteriological weapons;Biological weapons,
656350,,Nuclear tests; Thermonuclear tests,Suspension
656463,,Charter of the United Nations,Review
656467,,International Law,Assistance; Teaching; Study; Dissemination; Appreciation
656472,Papua;Trust Territory of New Guinea,,
656475,Non-Self-Governing Territories,Information,Transmission
656481,Oman,,
656483,Southern Rhodesia;Namibia;Territories under Portuguese domination;Southern Africa,Declaration on the Granting of Independence to Colonial Countries and Peoples;Colonial domination;Colonialism;Apartheid;Racial discrimination,Activities;Implementation;Efforts;Elimination
656484,Colonial Countries;Peoples,Declaration;Independence,Implementation
656486,Southern Africa,Educational and Training Programme,
656487,Territories under Portuguese Administration,,
656489,Colonial Countries;Peoples,Declaration;Independence,Implementation;Granting
656490,American Samoa;Antigua;Bahamas;Bermuda;British Virgin Islands;Brunei;Cayman Islands;Cocos (Keeling) Islands;Dominica;Gilbert and Ellice Islands;Grenada;Guam;Montserrat;New Hebrides;Niue;Pitcairn;St. Helena;St. Kitts-Nevis-Anguilla;St. Lucia;St. Vincent;Seychelles;Solomon Islands;Tokelau Islands;Turks and Caicos Islands;United States Virgin Islands,,
656491,Antigua;Dominica;Grenada;St. Kitts-Nevis-Anguilla;St. Lucia;St. Vincent,,
656492,Spanish Sahara,,
656494,Colonial countries; Dependant countries; Territories,Human rights; Fundamental freedoms; Racial discrimination; Segregation; Apartheid,Violation
656496,,Trade;Development,Conference
656500,,Technology; Know-how; Patents,Transfer
656501,Israel;Occupied Territories,Human Rights,Investigation
656503,,Sea-bed;Ocean floor;High seas;National jurisdiction;Resources;Law of the sea,Reservation;Use;Convening;Conference
656508,,Adoption Law,Conference; Convention
656510,,Sea-bed;Ocean floor;High seas;National jurisdiction;Resources;Law of the sea,Reservation;Use;Convening;Conference
656513,,Sea-bed; Ocean floor; High seas; National jurisdiction; Resources; Law of the sea,Reservation; Use; Convening; Conference
656516,Namibia,United Nations Fund,
656519,Namibia,,
656520,,Human Rights;Armed Conflicts,Respect
656521,,International Terrorism;Human Lives;Fundamental Freedoms;Causes of Terrorism;Acts of Violence;Misery;Frustration;Grievance;Despair;Radical Changes,Prevention;Study
656523,,Code of conduct; Liner conferences,
656526,Least Developed Countries; Developing Countries,Special Measures,
656527,States,Economic Rights;Duties,
656528,,Trade;Development,Dissemination;Mobilization
656532,developing countries,External debt servicing,
656536,,Multilateral trade,Negotiations
656537,,Trade;Development,Report
656539,,United Nations budget; Budget cycle,Presentation; Duration
656575,,Budget appropriations; Financial year,
656576,,Income estimates; Financial year,Estimation
656577,,Financing;Appropriations;Financial Year,
656578,,Extraordinary expenses; Financial year,Adoption
656579,,Working Capital Fund; Financial Year,
656580,,Travel Funds,Use
656581,United Nations,Financial situation,
656582,United Nations,Financial situation,
656583,United Nations,Financial situation,
656873,Southern Rhodesia,,Resolution
656986,,Natural disaster;Disaster situations,Assistance
657427,,United Nations,Celebration
657428,China,United Nations,Representation
657429,Republic of Indonesia;Kingdom of the Netherlands;West New Guinea;West Irian,Agreement,
657431,Southern Africa,Manifesto,
657432,Territories under Portuguese administration,,
657433,Southern Rhodesia,,Resolution
657434,,Technical Assistance; Industrial Development,Programme
657488,Korea,,
657491,Namibia,,
657493,Colonial Countries;Colonial People,Declaration;Independence,Programme of Activities;Granting
657494,Palestine; Near East,Relief; Works; Refugees,
657496,Palestine; Near East,Relief; Works Agency; Refugees,
657497,occupied territories,human rights,respect; implementation
657498,Southern Rhodesia;Namibia;Territories under Portuguese domination;Southern Africa,Declaration on the Granting of Independence to Colonial Countries and Peoples;Colonial domination;Colonialism;Apartheid;Racial discrimination,Activities;Implementation;Efforts;Elimination
657505,Colonial Countries;Peoples,Declaration;Independence,Implementation
657512,Namibia,,
657515,Non-Self-Governing Territories,Information,Transmission
657516,Oman,,
658140,High Seas,Sea-bed;Ocean Floor;Subsoil;Resources,Reservation;Use;Interests
658193,Rhodesia,,
658194,China,Representation,
658195,,War Crimes;Crimes Against Humanity,Non-Applicability
658196,Territories under Portuguese administration,,
658197,Oman,,
658198,Southern Rhodesia;Namibia;Territories under Portuguese domination;Southern Africa,Declaration on the Granting of Independence to Colonial Countries and Peoples;Colonialism;Apartheid;Racial Discrimination,Activities;Implementation;Efforts;Elimination
658199,Colonial Countries;Peoples,Declaration;Independence,Implementation
658200,Papua;Trust Territory of New Guinea,,Resolution
658201,Non-Self Governing Territories,Information,Transmission
658202,Ifni; Spanish Sahara,,Resolution
658203,Gibraltar,,
658301,American Samoa;Antigua;Bahamas;Bermuda;British Virgin Islands;Cayman Islands;Cocos (Keeling) Islands;Dominica;Gilbert and Ellice Islands;Grenada;Guam;Montserrat;New Hebrides;Niue;Pitcairn;St. Helena;St. Kitts-Nevis-Anguilla;St. Lucia;St. Vincent;Seychelles;Solomon Islands;Tokelau Islands;Turks and Caicos Islands;United States Virgin Islands,,
658304,Southern Africa,Educational and Training Programme,
658305,occupied territories,human rights,respect; implementation
658328,Namibia,,
658351,,Economic and Social Council,Enlargement
658353,,Development;Environment,
658354,,Human Environment,Conference
658355,Israel; Occupied Territories,Human Rights,Investigation
658358,Indian Ocean,Zone of Peace,Declaration
658359,,Human Rights,Creation
658361,,Nuclear tests;Thermonuclear tests,Suspension
658362,,Nuclear tests; Thermonuclear tests,Suspension
658363,Chile;Santiago,,
658364,Bangkok;Addis Ababa,United Nations accommodation,
658365,,Headquarters accommodation,
658366,,World Youth Assembly,Commemoration
658368,,United Nations information policies; United Nations information activities,Review; Reappraisal
658369,,Budget appropriations; Financial year,
658371,,Income estimates; Financial year,
658372,,Financing;Appropriations;Financial Year,
658374,,Expenses;Financial Year,
658375,,Working Capital Fund; Financial Year,
658376,,Industrial Development,Conference
658381,,Capital punishment,
658388,,Credentials,Adoption
658395,Papua New Guinea,,
658397,Antigua;Dominica;Grenada;St. Kitts-Nevis-Anguilla;St. Lucia;St.Vincent,Question,
658399,Niue;Tokelau Islands,,
658400,American Samoa;Bahamas;Bermuda;British Virgin Islands;Brunei;Cayman Islands;Cocos (Keeling) Islands;Gilbert and Ellice Islands;Guam;Montserrat;New Hebrides;Pitcairn;St. Helena;Seychelles;Solomon Islands;Turks and Caicos Islands;United States Virgin Islands,Question,
658403,Namibia,,
658405,Namibia,United Nations Fund,
658406,Southern Rhodesia;Namibia;Territories under Portuguese domination;Southern Africa,Declaration on the Granting of Independence to Colonial Countries and Peoples;Colonialism;Apartheid;Racial discrimination,Activities;Implementation;Efforts;Elimination
658407,Colonial Countries;Peoples,Declaration;Independence,Implementation
658409,Southern Africa,Educational and Training Programme,
658411,Southern Rhodesia,,
658412,Colonial Countries;Peoples,Declaration;Independence,Implementation;Granting
658413,,Decolonization,Dissemination of information
658416,,Declaration on the Strengthening of International Security; International Security,Implementation
658419,,Sea-bed;Ocean floor;High seas;National jurisdiction;Resources;Law of the sea,Reservation;Use;Convening;Conference
658427,,Advisory Committee on Administrative and Budgetary Questions,Honorarium
658428,,Pension scheme,
658429,,Emoluments,
658430,,Palais des Nations,Extension
658431,,Palais des Nations,Maintenance; Improvement
658801,Colonial Countries;Peoples,Declaration;Independence,Programme of Action;Implementation;Granting
658802,South Africa,Apartheid,Policy
658803,Middle East,,
658807,China,Representation,
658810,,Racial Discrimination,Elimination
658812,Southern Rhodesia,,
658815,,Nuclear Weapons;Weapons of Mass Destruction;Sea-Bed;Ocean Floor;Subsoil,Prohibition
658817,,General Disarmament; Complete Disarmament,
658819,,General Disarmament; Complete Disarmament,
658828,Latin America,Treaty for the Prohibition of Nuclear Weapons; Additional Protocol II,Implementation; Signature; Ratification
658829,Korea,,
658831,,International law; International watercourses,Progressive development; Codification
658834,South Africa,Apartheid,Policy
658837,South Africa,Apartheid,Policy
658840,Palestine; Near East,Relief; Works; Refugees,
658841,Palestine; Near East,Relief; Works Agency; Refugees,
658844,,Protection of journalists; Armed conflicts,Protection
658845,,Human Rights;Armed Conflicts,Respect
658847,,Human Rights;Armed Conflicts,Respect
658849,Namibia,,
658850,Namibia,United Nations Fund,
658994,Southern Rhodesia,,
659460,,Status of Women,
659461,,Human Rights,Implementation; Recommendation
659463,,Human Rights,Implementation; Recommendation
659467,Papua;New Guinea,,Question
659469,Spanish Sahara,,
659471,American Samoa;Antigua;Bahamas;Bermuda;British Virgin Islands;Brunei;Cayman Islands;Cocos (Keeling) Islands;Dominica;Gilbert and Ellice Islands;Grenada;Guam;Montserrat;New Hebrides;Niue;Pitcairn;St. Helena;St. Kitts-Nevis-Anguilla;St. Lucia;St. Vincent;Seychelles;Solomon Islands;Tokelau Islands;Turks and Caicos Islands;United States Virgin Islands,,
659472,Antigua;Dominica;Grenada;St. Kitts-Nevis-Anguilla;St. Lucia;St. Vincent,Question,
659474,,Human Rights,Creation; Post
659484,,Disarmament,
659491,,Chemical weapons;bacteriological weapons;Biological weapons,
659496,Non-Nuclear-Weapon States,,Conference
659498,Non-Nuclear-Weapon States,,Conference
659509,,United Nations regular budget; Expenditure,Study
659626,Non-Nuclear-Weapon States,,Conference
659628,Non-Nuclear-Weapon States,,Conference
659629,Non-Nuclear-Weapon States,,Conference
659632,Non-Nuclear-Weapon States,,Conference
659648,Korean,Korean question,
659650,High Seas,Sea-bed;Ocean Floor;Subsoil;Resources,Reservation;Use
659652,High Seas,Sea-bed;Ocean Floor;Subsoil;Resources,Reservation;Use
659659,United Nations;International Atomic Energy Agency,Administrative and budgetary co-ordination,Co-ordination
659661,,Russian; Spanish; Working languages,Inclusion; Amendment
659664,,Secretariat,Composition
659848,,Human Rights,International Year
659862,,Non-proliferation of nuclear weapons,
659863,Papua;Trust Territory of New Guinea,,
659865,Fiji,,
659868,Gibraltar,,
659872,French Somaliland,,Resolution
659874,American Samoa;Antigua;Bahamas;Bermuda;British Virgin Islands;Cayman Islands;Cocos (Keeling) Islands;Dominica;Gilbert and Ellice Islands;Grenada;Guam;Mauritius;Montserrat;New Hebrides;Niue;Pitcairn;St. Helena;St. Kitts-Nevis-Anguilla;St. Lucia;St. Vincent;Seychelles;Solomon Islands;Swaziland;Tokelau Islands;Turks and Caicos Islands;United States Virgin Islands,,
659878,,Secretariat,Composition
659992,,Economic Rights;Social Rights;Cultural Rights;Civil Rights;Political Rights;Optional Protocol,
659993,,Economic Rights;Social Rights;Cultural Rights;Civil Rights;Political Rights;Optional Protocol,
659994,,Economic Rights;Social Rights;Cultural Rights;Civil Rights;Political Rights;Optional Protocol,
659995,Republic of South Africa,Apartheid,Policy
659996,Republic of South Africa,Apartheid,Policy
660007,,Peace-keeping operations,Review
660008,Korean,Korean question,
660010,Nauru,Trust Territory,
660011,Papua;Trust Territory of New Guinea,,
660012,French Somaliland,,
660013,Ifni; Spanish Sahara,,
660014,Equatorial Guinea,,
660015,Gibraltar,,
660016,American Samoa;Antigua;Bahamas;Bermuda;British Virgin Islands;Cayman Islands;Cocos (Keeling) Islands;Dominica;Gilbert and Ellice Islands;Grenada;Guam;Mauritius;Montserrat;New Hebrides;Niue;Pitcairn;St. Helena;St. Kitts-Nevis-Anguilla;St. Lucia;St. Vincent;Seychelles;Solomon Islands;Tokelau Islands;Turks and Caicos Islands;United States Virgin Islands,,
660020,Oman,,
660022,,Secretariat,Composition
660045,Korean,Korean question,
660046,Portuguese administration,Territories,
660047,China,Representation,
660048,British Guiana,,
660049,Ifni; Spanish Sahara,,Resolution
660050,Oman,,
660051,Latin America,Nuclear Weapons,Prohibition
660053,Cyprus,,
660054,Tibet,,
660056,Southern Rhodesia;South West Africa;Territories under Portuguese domination;Southern Africa,Declaration on the Granting of Independence to Colonial Countries and Peoples;Colonial domination;Colonialism;Apartheid;Racial discrimination,Activities;Implementation;Efforts;Elimination
660059,,Nuclear Weapons,Prohibition; Conclusion
660060,,Technical Assistance; Industrial Development,Programme
660110,Colonial Countries;Colonial Peoples,Declaration;Independence,Implementation
660111,,Capital Development Fund,
660112,South West Africa,,
660113,South West Africa,,
660114,,International Law;Friendly Relations;Co-operation;Charter of the United Nations,Consideration
660115,,Diplomatic Privileges and Immunities,
660141,Colonial Countries;Peoples,Declaration;Independence,Implementation;Granting
660142,,Racial Discrimination,Elimination
660149,Territories under Portuguese administration,,
660151,Trust Territory of Nauru,,Resolution
660152,Trust Territory of New Guinea; Territory of Papua,,
660154,,Credentials; Representatives; Sessions; General Assembly,Adoption
660155,,United Nations Emergency Force,Adoption
660166,States,Intervention; Independence; Sovereignty,Protection
660167,Korea,Korean question,
660460,Southern Rhodesia,,Resolution
660461,South West Africa,,
660463,,Non-proliferation;nuclear weapons,
660464,China,Representation,
660465,,Prohibition of the threat or use of force; Right of peoples to self-determination; International relations,Observance
660466,,Principles of international law;Friendly relations;Co-operation among States;Charter of the United Nations,Consideration
660467,Territories under Portuguese administration,,
660468,Colonial Countries;Colonial Peoples,Declaration;Independence,Implementation;Granting
660469,,United Nations Emergency Force,Adoption
660470,,United Nations Emergency Force,Adoption
660989,Republic of South Africa,Apartheid,Policy
660990,Republic of Indonesia;Kingdom of the Netherlands;West New Guinea;West Irian,Agreement,
660991,Islamic Republic of Mauritania,Membership,Admission
660992,China,Representation,
660993,China,Representation,Adoption
661039,China,Representation,
661040,Federation of Malaya,Membership,Admission
661042,Sudan,Membership,Admission
661043,China,Representation,Adoption
661359,Southern Rhodesia,,
661360,Aden,,
661361,Southern Rhodesia,,
661362,China,Representation,
661363,,Non-proliferation of nuclear weapons,
661364,,World Disarmament,Convening
661365,,Disarmament,
661366,,Nuclear tests;Thermonuclear tests,Suspension
661367,Africa,Denuclearization,Declaration
661368,Palestine; Near East,Relief; Works; Refugees,Reporting
661369,Cook Islands,,
661370,Falkland Islands;Malvinas,,
661371,Gibraltar,,
661372,Southern Rhodesia,,
661373,Congo,United Nations Operation; Cost Estimates; Financing,
661374,Southern Rhodesia,,Resolution
661375,South West Africa,,
661376,,Nuclear Weapons; Thermo-Nuclear Weapons,Convening; Signing; Prohibition
661377,Latin America,Denuclearization,
661378,Portuguese administration,,
661396,Oman,,
662064,Southern Rhodesia,,
662065,Southern Rhodesia,,
662066,Republic of South Africa,Apartheid,Policy
662067,,Nuclear Tests; Thermo-Nuclear Tests,Suspension
662068,,Effects of Atomic Radiation,Report
662069,China;Hong Kong,Refugees,
662070,,Permanent sovereignty; Natural resources,
662071,Colonial countries;Peoples,Declaration;Independence,Implementation;Granting
662072,,Nuclear tests; Thermo-nuclear tests; Nuclear weapons,Suspension; Obligation; Renewal; Treaty; Ban; Control
662073,States,Nuclear tests; Thermo-nuclear tests,Suspension; Obligation; Refrainment; Renewal
662074,,Nuclear Weapons Tests;International Control,Treaty;Ban
662075,Algeria;France,Imprisonment,Status
662076,Africa,Denuclearized zone,Consideration
662077,,Nuclear weapons; Thermo-nuclear weapons,Prohibition; Use
662078,Colonial countries;Peoples,Declaration;Independence,Implementation;Granting
662079,South Africa,Race Conflict;Apartheid,Question
662080,China,Representation,
662081,Portugal,Charter of the United Nations,Non-compliance
662082,Non-Self-Governing Territories,Information,Renewal
662083,Member States,Co-operation,
662084,Republic of the Congo (Leopoldville),Credentials,
662085,colonial countries;peoples,independence,granting
662086,Non-Self-Governing Territories,Racial Discrimination,
662087,,Obligation; Information; Charter,Determination; Transmission
662088,,Transmission of information; Article 73 e; Charter,
662122,Union of South Africa;South West Africa,Legal actions;Obligations,Fulfillment
662544,Republic of South Africa,Apartheid,Policy
662952,,United Nations Administrative Tribunal judgments; Statute of the Administrative Tribunal,Procedure; Review; Amendment
662954,,Charter,Proposal; Review
663061,Portuguese administration,,
663140,Burundi,Assassination,
663764,Angola,,
663767,,Administrative procedures;Budgetary procedures;United Nations,
663770,Hungary,,
664260,colonial countries;colonial peoples,Declaration;independence,implementation;granting
664261,,Mechanical Means of Voting,Installation
664263,Korea,Korean question,
664264,,Fact-finding,Method
664266,Republic of South Africa,Apartheid,Policy
664267,South West Africa,,Resolution
664268,,United Nations Emergency Force,Adoption
664269,,General Committee; General Assembly; Rules of Procedure,Amendments
664273,,Security Council;Economic and Social Council;Equitable Representation,
664274,,Security Council;Economic and Social Council;Equitable Representation,
664276,,Economic Committee;Social Committee;Co-ordination Committee;Economic and Social Council,Enlargement
664377,Tibet,,
664378,South Africa;Union of South Africa,Race Conflict;Apartheid,
664379,,Nuclear Weapons,Prevention; Dissemination
664380,,Capital Punishment,Study
664381,,Nuclear tests; Thermo-nuclear tests,Suspension
664382,,Security Council;Economic and Social Council;Membership,Increase
664383,Trust Territories,United Nations;International Trusteeship System,Dissemination;Information
664397,France;Sahara,Nuclear Tests,
664398,South Africa;Union of South Africa,Race Conflict;Apartheid,
664399,Union of Soviet Socialist Republics;United States of America;United Kingdom of Great Britain and Northern Ireland;France;under-developed countries,disarmament;atomic weapons tests;hydrogen weapons tests;military budgets;assistance,discontinuance;reduction;use;assistance
664400,,United Nations Emergency Force,Progress report
664401,Korea,Korean question,
664402,,Economic and Social Council; Membership,Increase
664403,,Law of the Sea,Convening; Conference
664891,,Population growth;Economic development,
664894,Tibet,,
664895,Algeria,,
664896,Palestine; Near East,Relief; Works Agency; Refugees,Report
664900,,Administrative procedures;Budgetary procedures;United Nations,
664901,Congo,Cost Estimates; Financing,Operation
664902,,United Nations Emergency Force; cost estimates; maintenance,
664908,,United Nations financial position; prospects,
664909,Korea,Korean question,
664910,Hungary,,
664912,Angola,,
664915,Non-Self-Governing Territories,Transmission of Information;Examination of Information,
664917,Ruanda-Urundi,Future,
664918,Southern Rhodesia,,Question
665771,Union of South Africa,Treatment of people of Indian origin,
666131,China,Representation,
666133,South West Africa,Good Offices Committee,Establishment
666143,,Armed forces; Armaments; Atomic weapons; Hydrogen weapons; Weapons of mass destruction; International convention; Treaty,Regulation; Limitation; Balanced reduction; Conclusion; Prohibition; Reduction
666146,world,armaments race;modern weapons,collective action;information;enlightenment
666148,,Disarmament,Enlargement; Membership
666150,,United Nations Emergency Force,Adoption
666152,Africa,Economic Commission,Proposal
666153,South Africa;Union of South Africa,Race Conflict;Apartheid,
666155,Union of South Africa,Treatment of people of Indian origin,
666156,Korea,Korean question,
667221,Morocco,United Nations membership,Admission
667222,Tunisia,Membership,Admission
667223,China,Representation,
667224,,United Nations Children's Fund,Membership
667225,Togoland; British,Administration,Future
667226,Japan,Membership,Admission
667227,Togoland; France,Administration,Future
667228,Algeria,,
667615,South West Africa,,
667618,Algeria,,
667622,,Nuclear Weapons,Prevention; Dissemination
667623,,Nuclear tests; Thermo-nuclear tests,Suspension
667624,,Nuclear tests; Thermo-nuclear tests,Suspension
667625,Ruanda-Urundi,Future,
667626,,Question of Mwami,
667635,Congo,United Nations operations,
667637,Union of South Africa;South West Africa,,Appeal
667639,South West Africa,,Resolution
667641,South Africa;Union of South Africa,Race Conflict;Apartheid,
667642,Republic of the Congo,,
667643,Republic of the Congo,,
667644,Republic of the Congo,,
667645,,United Nations,Admission
667646,Angola,,
667647,Palestine; Near East,Relief; Refugees,Report
667648,Ruanda-Urundi,Future,
667649,Trust Territories,United Nations;International Trusteeship System,Dissemination;Information
667650,Trust Territory of the Cameroons; United Kingdom,Trust Territory,Future
667653,Cuba;United States of America,Aggression;Intervention;Territorial Integrity;Sovereignty;Independence;International Peace;International Security,Complaint
667655,Congo,United Nations operations; Cost estimates; Financing,
667656,,Administrative procedures;Budgetary procedures;United Nations,Examination
667938,,Nationality of Married Women,Convention
667960,,Capital Development Fund,
667962,,Agrarian reform,
667987,,United Nations Emergency Force,Adoption
668034,Hungary,,
668035,Korea,Korean question,
668040,Union of South Africa,Treatment of people of Indian origin,
668047,,Information,Transmission; Examination
668314,Hungary,,
668321,,Capital Development Fund,
668322,,International flow of private capital,Promotion
668325,,International commodity problems,
668340,,United Nations Emergency Force,Cost estimates; Maintenance
668353,,Peaceful use of outer space,
668355,Trust Territory of the Cameroons,Administration,Future
668356,Trust Territory of the Cameroons; United Kingdom,Trust Territory,Future
668444,,Aggression,Definition
668445,Togoland; France,Administration,Future
668456,,,Composition
668464,Cameroons,Trust Territories,Administration
668471,,Geographical distribution;Staff;Secretariat;United Nations,
668477,States,Peaceful and neighbourly relations,
668552,Trust Territories,Self-government;Independence,Attainment
668572,Ghana,Membership,Admission
668587,,United Nations; Membership,Admission
668597,Netherlands;Netherlands Antilles;Surinam,Communication,
668598,Trust Territories,Self-government;Independence,Attainment
669305,,,
669311,,,
669317,,,
669321,,,
669324,,,
669329,,,
669331,,,
669335,,,
669340,,,
669343,,,
669344,,,
669345,,,
669416,,Credentials; Representatives,Adoption
669423,Japan,International Civil Aviation Organization,Membership
669433,Korea,Unification; Rehabilitation,Report
669450,Union of South Africa,Treatment of people of Indian origin,
669452,South Africa;Union of South Africa,Race Conflict;Apartheid,
669454,South Africa;Union of South Africa,Race Conflict;Apartheid,
669465,Territory,Self-government,Decision
669477,,Right of peoples and nations; Self-determination,
669486,Morocco,,
669493,,Political Rights of Women,Convention
669499,Ewe; Togoland,Unification problem,Resolution
669502,,Membership,Admission
669503,,Membership,Admission
669512,Trust Territory of Somaliland; Italy,Petitioners,Hearing
669527,,Economic Development;International Prices;Primary Commodities;National Programmes;Integrated Economic Development,Financing;Establishment;Execution
669528,,Migration;Economic Development,
669531,,Natural wealth; Natural resources; Right,Exploitation
669591,United Nations Forces,Bacteriological Warfare,Impartial Investigation
669653,South Africa; Union of South Africa,Race Conflict; Apartheid,
669663,Somaliland;Ethiopia,Frontier,
669689,Morocco,Morocco question,
669715,South West Africa,,
669716,South West Africa,,Resolution
669717,North Korea;China;Korea,Atrocities;Prisoners of War,
669722,,Forced Labour,Evidence
669728,South Africa; Union of South Africa,Race Conflict; Apartheid,Policy
669748,,Financial Year,Estimates
670009,Italy,Trusteeship Council,Participation
670018,Federal Republic of Germany;Berlin;Soviet Zone of Germany,Investigation;Elections,Appointment;Supervision;Investigation;Determination
670032,,International Peace; Security; Purposes and Principles of the Charter,Maintenance; Strengthening
670033,,International Peace; Security; Purposes and Principles of the Charter,Maintenance; Strengthening
670034,under-developed countries,economic development,financing
670035,Union of South Africa,Treatment of people of Indian origin,
670053,Trust Territories,Self-government,Attainment
670063,South West Africa,,
670064,South West Africa,,Resolution
670081,China; Far East; Soviet Union; Sino-Soviet Treaty of Friendship and Alliance,Political independence; Territorial integrity; Peace; Treaty violations; Charter of the United Nations,
670142,,Status of Women,
670144,,Prevention of Discrimination;Protection of Minorities,
670169,Korea,Independence;Unification;Rehabilitation;Relief;Reconstruction,Report
670279,,Peace,Unification
670295,Spain,Relations,
670330,China; Far East; Soviet Union; Sino-Soviet Treaty of Friendship and Alliance,Political independence; Territorial integrity; Peace; Treaty violations; Charter of the United Nations,
670399,Union of South Africa,Treatment of people of Indian origin,
670401,Eritrea,Report,
670406,,Trusteeship Council,Procedure
670407,,Trusteeship Council,Report
670408,,Visiting missions,Organization; Method
670409,,Petitions,Examination
670410,Trust Territories,Trusteeship Council;General Assembly resolutions,Implementation
670411,Trust Territories,Corporal Punishment,Abolition
670533,Non-Self-Governing Territories,Human Rights,Information
670534,,Statistical Information;Article 73 e of the Charter,Comparison
670557,South West Africa,,
670558,South West Africa,,
670559,,Atomic Energy,International Control
670560,People's Republic of China;Korea,Intervention,
670563,,,
670598,,,
670599,Korea,Aggression,Measure
670602,,Freedom of Information,Convention
670655,People's Republic of China;Korea,Intervention,
670662,Bulgaria;Hungary;Romania,Human Rights;Fundamental Freedoms,Observance
670668,Trust Territories,Social advancement,
670670,Trust Territories,Flag of the United Nations,Use
670675,Italy,Colonies,Disposal
670676,Italy;Libya,Colonies,Disposal
670677,Italian Somaliland,Disposal; Former Italian colonies,
670681,Italy;Eritrea,Colonies,Disposal
670741,,Territories; Charter,
670744,,Traffic in persons;Exploitation of the Prostitution of Others,Suppression
670761,South West Africa,,Reiteration; Submission; Report
670772,Palestine; Jerusalem,International regime; Protection; Holy Places,
670908,,Transmission of information; Article 73e; Charter,
670910,,Information; Charter,Transmission
670911,,Economic and Social Council;Special Committee on Information;Charter,Liaison;Transmission
670912,,Specialized Agencies;Article 73e of the Charter,Collaboration
670928,United Nations;League of Nations;Geneva,International Convention;Economic Statistics,Transfer
670938,,Technical assistance; Economic development,
670942,,,Convocation
670943,,Spanish,Adoption;Working Languages
670956,,Admission of New Members,Admission
670961,,Convention;Prevention;Punishment;Crime of Genocide,Adoption
670964,,International Bill of Human Rights; Universal Declaration of Human Rights,Adoption
670969,Palestine,Progress Report,Mediation
670970,League of Nations,Assets,Transfer
670972,,Appropriations;Financial Year,
670974,Korea,Independence,
670976,Union of Soviet Socialist Republics,Fundamental human rights;Traditional diplomatic practices;Principles of the Charter,Violation
670984,Bulgaria;Hungary,Human Rights;Fundamental Freedoms,Observance
671023,Israel,United Nations membership,Admission
671029,,International Transmission of News; Right of Correction,Convention
671032,Union of South Africa,Treatment of people of Indian origin,
671149,Greece,Political independence;Territorial integrity,Threats
671154,South West Africa,Trusteeship Agreements,Consideration
671165,,,
671171,,Membership,Admission
671173,,Membership,Admission
671174,,Membership,Admission
671175,,Membership,Admission
671177,,Membership,Admission
671178,,Membership,Admission
671194,,Genocide,Convention
671195,Palestine,Future government,
671205,,Provisional Rules of Procedure,Amendments
671206,,Provisional Rules of Procedure; Supplementary Rule T,Amendments
671208,Spain,Relations,
671209,,Trusteeship Council,Rules of procedure
671210,Non self-governing peoples,,
671211,,Refugees,
671214,,Economic and Social Council,Representation
671248,Union of South Africa,Treatment of Indians,
671249,Spain,Relations,
671250,,Security Council,Voting procedure
671253,South West Africa,Future status,
671256,Non-Self-Governing Territories,Regional Conferences,
671257,,,
671262,,World Federation of Trade Unions; Economic and Social Council,Request; Connexion
671263,,Non-governmental organizations,Consultation; Arrangement
671265,,International Refugee Organization; Refugees; Displaced Persons,Constitution; Agreement; Measures
671266,,Displaced persons;Refugees;Prisoners of war;Persons of similar status;International Refugee Organization,Arrangements;Measures;Establishment
671267,,Financial provisions;Draft Constitution;International Refugee Organization,
671297,New Guinea,Trusteeship Agreements,Approval
671304,Ruanda-Urundi,Trusteeship Agreements,Approval
671305,Cameroons,Trusteeship Agreements,Approval
671306,Togoland,Trusteeship Agreements,Approval
671308,Western Samoa,Trusteeship Agreements,Approval
671309,Tanganyika,Trusteeship Agreements,Approval
671310,Cameroons,Trusteeship Agreements,Approval
671311,Togoland,Trusteeship Agreements,Approval
671314,Abkhazia;Georgia;Tskhinvali region;South Ossetia,Internally displaced persons;Refugees,
671596,China,Representation,
671597,,Rights of women,Technical assistance; Promotion; Safeguarding
671598,Territories,Political rights of women,Development
671599,Union of South Africa,Treatment of people of Indian origin,
671600,South West Africa,Reports; Petitions,Examination; Procedure
671601,Union of Burma; Republic of China,Aggression,Complaint
671602,Greenland,Transmission of information,Cessation
671603,South West Africa,Reports; Petitions,Voting procedure; Request; Advisory opinion
671738,,Official Documents; Arabic Language,Translation
671739,,Aggression,Definition
671740,Korea,Detention;Imprisonment;United Nations military personnel;Korean Armistice Agreement,Complaint
671773,Korea,Korean question,
671931,United States of America;Cuba,Economic embargo;Commercial embargo;Financial embargo,Ending
671951,Lebanon,United Nations Interim Force,Financing
671965,South West Africa,,
671966,,Non-Proliferation of Nuclear Weapons,Treaty
672037,Gaza,Fact-Finding Mission;Conflict,Follow-up
672215,Puerto Rico,Transmission of information,Cessation
672913,Palestinian People,Inalienable Rights,Exercise
672918,Palestine,Division for Palestinian Rights,
672925,Palestine,Information Programme,
672938,Palestine,Peaceful settlement,Settlement
672993,Jerusalem,,
672995,Syrian Golan,,
673013,Indian Ocean,Zone of Peace;Declaration,Implementation
673193,Non-nuclear-weapon States,Nuclear weapons,Assurance
673194,,Arms Race; Outer Space,Prevention
673197,,Nuclear Disarmament; Treaty on the Non-Proliferation of Nuclear Weapons,Follow-up; Review Conferences
673200,,Multilateralism;Disarmament;Non-proliferation,Promotion
673259,,Nuclear Danger,Reduction
673288,South-East Asia,Nuclear-Weapon-Free Zone,Treaty
673348,,Conventional arms control,Control
673350,Southern Hemisphere; Adjacent Areas,Nuclear-weapon-free,
673353,,Nuclear weapons,Determination; Elimination
673354,,Arms Trade Treaty,
673485,,Illicit Trade; Small Arms; Light Weapons,
673488,Mongolia,Nuclear-Weapon-Free Zones,Conference
673489,,Nuclear disarmament,
673490,,Transparency in armaments,
673492,,International Court of Justice; Legality; Threat or Use of Nuclear Weapons,Follow-up
673493,,Convention on the Prohibition of the Use Stockpiling Production and Transfer of Anti-Personnel Mines; Destruction,Implementation
673494,,Nuclear-weapon-free world;nuclear disarmament,Implementation;Commitments
673540,,Nuclear Weapons,Prohibition
673557,Middle East,Nuclear Proliferation,Risk
673629,,Nuclear-Test-Ban Treaty,Comprehensiveness
673642,,Oceans;Law of the Sea,
673804,Palestine,Refugees,Assistance
673806,,Persons displaced,
673807,Palestine; Near East,Relief; Works; Refugees,Operations
673810,Palestine,Refugees;Properties;Revenues,
673828,Israel;Palestinian People;Occupied Territories,Human Rights,Investigation
673829,Palestinian Territory;East Jerusalem;Arab territories,Geneva Convention;Protection of Civilian Persons;Time of War,Applicability
673877,Israel;Palestinian Territory;East Jerusalem;Syrian Golan,Israeli settlements,
673879,Israel;Palestine;Occupied Palestinian Territory;East Jerusalem,Human Rights,Practice
673912,Syrian Golan,,
673915,Non-Self-Governing Territories,Information,Transmission
673929,Non-Self-Governing Territories,Economic activities; Interests of the peoples,
673931,Colonial Countries;Peoples,Declaration;Independence,Implementation
673950,,Decolonization,Dissemination of information
673960,Colonial Countries; Peoples,Declaration; Independence,Implementation; Granting
674037,,Racism;Racial Discrimination;Xenophobia;Intolerance,Inadmissibility
674038,,Racism;Racial Discrimination;Xenophobia;Related Intolerance;Durban Declaration;Programme of Action,Elimination;Implementation;Follow-up
674042,Palestinian people,Self-determination,Right
674093,,Mercenaries;Human Rights;Right of Peoples to Self-Determination,Violation;Impeding
674095,,International Covenants on Human Rights,
674135,,Defamation of Religions,Combating
674136,,Democratic order;Equitable international order,Promotion
674201,,Globalization;Human Rights,Enjoyment
674226,,Human rights; Unilateral coercive measures,Adoption
674250,,Right to Development,
674405,,Human Rights Treaty Bodies;Geographical Distribution,Promotion
674406,,Human rights;cultural diversity,Adoption
674407,Democratic People's Republic of Korea,Human Rights,
674408,Islamic Republic of Iran,Human Rights,
674421,Palestinian Territory;East Jerusalem;Syrian Golan,Permanent sovereignty;Natural resources,
674422,,International trade;Development,
674424,developing countries,unilateral economic measures; political coercion; economic coercion,means
674741,Lebanese shores,Oil slick,
674770,,Agricultural technology; Development,
674774,,International Economic Order,Resolution
675477,Myanmar,Human Rights,
680440,Gaza,Fact-Finding Mission;Conflict,Follow-up;Report
687112,,Human right; Water; Sanitation,
689037,Lebanon,United Nations Interim Force,Financing
691396,Abkhazia;Georgia;Tskhinvali region;South Ossetia,Internally displaced persons;Refugees,
694614,United States of America;Cuba,Economic embargo;Commercial embargo;Financial embargo,Ending
694906,Israel;East Jerusalem;Palestinian Territory,Illegal actions,
694915,Palestinian Territory,Damage; Construction; Wall,Establishment; Register
694928,,Ceasefire,Support
695076,,Emoluments;pension scheme;conditions of service;International Court of Justice,Resolution
695077,,Emoluments;pension scheme;conditions of service;International Court of Justice,Adoption
695078,,Emoluments;pension scheme;conditions of service;International Court of Justice,Resolution
695101,,United Nations Disengagement Observer Force,Financing
695102,,United Nations Disengagement Observer Force,Financing
695379,American Samoa,,
695380,Anguilla,,
695382,Bermuda,,
695383,British Virgin Islands,,
695384,Cayman Islands,,
695385,Guam,,
695387,Montserrat,,
695388,Pitcairn,,
695389,St. Helena,,
695391,Tokelau,,
695393,Turks and Caicos Islands,,
695394,United States Virgin Islands,,
696745,,Transparency;Confidence-building measures;Outer space activities,
696789,,Nuclear Weapons Systems,Decrease; Operational Readiness
696791,,Nuclear weapons,Elimination; Action
696794,The Hague,Ballistic Missile Proliferation,Code of Conduct
696799,,Illicit Brokering Activities,Prevention; Combating
696801,,International Court of Justice; Legality; Threat; Use; Nuclear Weapons,Follow-up
696882,Non-nuclear-weapon States,Nuclear weapons,Conclusion; Assurance
696884,,Arms race; Outer space,Prevention
696886,regional;subregional levels,Conventional arms control,
696888,Central Asia,Nuclear-Weapon-Free Zone,Treaty
696889,,Geneva Protocol,Measure; Upholding; Authority
696954,Middle East,Nuclear Proliferation,Risk
697063,,Convention on the Prohibition of the Use Stockpiling Production and Transfer of Anti-Personnel Mines,Implementation; Destruction
697068,,Fissile Material;Nuclear Weapons;Nuclear Explosive Devices,Treaty;Banning;Production
697069,,Disarmament,Convening
697287,,Nuclear-Test-Ban Treaty,Comprehensiveness
697294,Palestine,Refugees,Assistance
697301,Palestine; Near East,Relief; Works; Refugees,Operations
697306,Palestine,Refugees;Properties;Revenues,
697307,Israel;Palestine;Occupied Territories,Human Rights,Investigation
697308,Palestinian Territory;East Jerusalem;Arab territories,Geneva Convention;Protection of Civilian Persons;Time of War,Applicability
697309,Israel;Palestinian Territory;East Jerusalem;Syrian Golan,Israeli settlements,
697314,Israel;Palestine;Occupied Palestinian Territory;East Jerusalem,Human Rights,
697316,Syrian Golan,,
697317,Non-Self-Governing Territories,Economic Activities;Interests of the Peoples,
697318,Colonial Countries;Peoples,Declaration;Independence,Implementation
697324,,Decolonization,Dissemination of information
697325,Colonial Countries;Peoples,Declaration;Independence,Implementation;Granting
697326,Colonial Countries;Peoples,Declaration;Independence,Granting
697327,,Colonialism,Eradication
697331,Palestinian People,Inalienable Rights,Exercise
697332,Palestinian,,
697333,Palestine,Information,Programme
697336,Palestine,Peaceful settlement,Settlement
697414,Jerusalem,,
697416,Syrian Golan,,
697854,,Multilateralism;Disarmament;Non-proliferation,Promotion
697855,,Armaments; Ammunitions; Depleted Uranium,Use
697856,,Nuclear disarmament,
697858,Southern Hemisphere; Adjacent Areas,Nuclear-weapon-free,
697859,,Nuclear-weapon-free world;nuclear disarmament,Implementation;Commitments
697863,,International trade;Development,
697884,,Nuclear Danger,Reduction
698128,,Nuclear Weapons,Prohibition
698713,Lebanese shores,Oil slick,
698983,,Persons displaced,
700327,,Human Rights Council,Report
700346,,Racism;Racial Discrimination;Xenophobia;Intolerance,Inadmissibility
700379,Palestinian people,Self-determination,Right
700384,,Mercenaries;Human Rights;Right of Peoples to Self-Determination,Violation;Impeding
700454,,Death Penalty,Moratorium
700507,,Extrajudicial executions;Summary executions;Arbitrary executions,
700508,,Globalization;Human Rights,Enjoyment
700524,,Right to Development,
700534,,Human rights; Unilateral coercive measures,
700542,,Peace;Human Rights,Promotion
700551,,Democratic order;Equitable international order,Promotion
700637,,Defamation of Religions,Combating
700650,Democratic People's Republic of Korea,Human Rights,
700654,Islamic Republic of Iran,Human Rights,
700704,,Oceans;Law of the Sea,
700739,,International Economic Order,Resolution
700753,Myanmar,Human Rights,
700847,,Racism;Racial Discrimination;Xenophobia;Related Intolerance;Durban Declaration;Programme of Action,Elimination;Implementation;Follow-up
701201,Palestinian Territory;East Jerusalem;Syrian Golan,Permanent sovereignty;Natural resources,
701638,,Programme Budget; Biennium,Adoption
703013,European Union;United Nations,Participation,
704960,Palestine; Near East,Management capacity; United Nations Relief and Works Agency; Palestine Refugees,Strengthening
708290,,Human Rights Council,Review
712767,Lebanon,United Nations Interim Force,Financing
716363,,Credentials,Adoption
718405,Non-Self-Governing Territories,Information,Transmission
718557,,Weapons of Mass Destruction;Disarmament,Prohibition;Development;Manufacture
718599,,Nuclear Weapons,Prohibition
718618,Middle East,Nuclear Proliferation,Risk
718624,,Nuclear-Test-Ban Treaty,Comprehensiveness
718652,Indian Ocean,Zone of Peace;Declaration,Implementation
719132,United States of America;Cuba,Economic embargo;Commercial embargo;Financial embargo,Ending
719134,Libya,Human Rights Council,Restoration; Rights of Membership
719746,non-nuclear-weapon States,nuclear weapons,assurance
719747,,Arms Race; Outer Space,Prevention
719748,,Nuclear Disarmament;Non-Proliferation of Nuclear Weapons,Follow-up;Review
719749,,Convention on the Prohibition of the Use Stockpiling Production and Transfer of Anti-personnel Mines; Destruction,Implementation
719814,,Treaty on the Non-Proliferation of Nuclear Weapons,Review Conference; Preparatory Committee
719823,,Fissile Material;Nuclear Weapons;Nuclear Explosive Devices,Treaty;Banning;Production
719827,,Nuclear weapons,Elimination; Action
719829,,International Court of Justice; Legality; Threat; Use; Nuclear Weapons,Follow-up
719860,,Nuclear danger,Reduction
719861,,Non-proliferation; Arms limitation; Disarmament agreements; Disarmament commitments,Compliance
719863,,Nuclear disarmament,
719890,,Multilateralism;Disarmament;Non-proliferation,Promotion
719891,regional;subregional levels,Conventional arms control,
719898,,Transparency; Armaments,
719924,,Nuclear-weapon-free world;nuclear disarmament,Implementation;Commitments
720036,Palestine; Near East,Relief; Works; Refugees,Operations
720043,Palestine,Refugees;Properties;Revenues,
720046,Israel;Palestine;Occupied Territories,Human Rights,Investigation
720050,Palestinian Territory;East Jerusalem;Arab territories,Geneva Convention;Protection of Civilian Persons;Time of War,Applicability
720060,Palestine,Refugees,Assistance
720062,,Persons displaced; Hostilities,
720116,Non-Self-Governing Territories,Information,Transmission
720117,Non-Self-Governing Territories,Economic Activities;Interests of the Peoples,
720119,Colonial Countries;Peoples,Declaration;Independence,Implementation
720161,Israel;Palestinian Territory;East Jerusalem;Syrian Golan,Israeli settlements,
720162,Israel;Palestine;Occupied Palestinian Territory;East Jerusalem,Human Rights,Practice
720165,Syrian Golan,,
720379,,Decolonization,Dissemination of information
720380,Colonial Countries;Peoples,Declaration;Independence,Implementation;Granting
720396,Palestine,Division for Palestinian Rights,
720397,Palestine,Peaceful settlement,Settlement
720398,Jerusalem,,
720399,Syrian Golan,,
720410,Palestinian People,Inalienable Rights,Exercise
720416,Palestine,Information,Programme
720591,,Terrorist attacks; Internationally protected persons,
721356,Islamic Republic of Iran,Human Rights,
721456,Syrian Arab Republic,Human Rights,
721485,developing countries,unilateral economic measures; political coercion; economic coercion,means
721707,Lebanese shores,Oil slick,
721805,Syrian Arab Republic,,
722029,,Agricultural technology; Development,
722846,,Human Rights,Report
723989,,Racism;Racial Discrimination;Xenophobia;Related Intolerance;Durban Declaration;Programme of Action,Elimination;Implementation;Follow-up
723993,,Human Rights Treaty Bodies;Geographical Distribution,Promotion
723996,,Human rights;cultural diversity,Adoption
724004,,Globalization;Human Rights,Enjoyment
724243,,Racism;Racial Discrimination;Xenophobia;Intolerance,Inadmissibility
724245,,Human rights; Unilateral coercive measures,
724279,,Democratic order;Equitable international order,Promotion
724283,Palestinian Territory;East Jerusalem;Syrian Golan,Permanent sovereignty;Natural resources,
724410,Palestinian people,Self-determination,Right
724411,,Right to Development,
724459,Democratic People's Republic of Korea,Human Rights,
724615,,Mercenaries;Human Rights;Right of Peoples to Self-Determination,Violation;Impeding
724755,,Oceans;Law of the Sea,
724807,Myanmar,Human Rights,
724904,United Nations Secretariat,Accountability system,Progress
727813,,Human Rights Treaty Body System,Strengthening;Enhancement;Effective Functioning
730958,Abkhazia;Georgia;Tskhinvali region;South Ossetia,Internally displaced persons;Refugees,
732147,Lebanon,United Nations Interim Force,Financing
733398,Syrian Arab Republic,,
738239,United States of America;Cuba,Economic embargo;Commercial embargo;Financial embargo,Ending
738624,Palestine,United Nations,Status
738626,Palestinian People,Inalienable Rights,Exercise
738629,Palestine,Palestinian Rights,
738657,Palestine,Information programme,
738659,Palestine,Peaceful settlement,Settlement
738660,Jerusalem,,
738661,Syrian Golan,,
738669,,Nuclear-Test-Ban Treaty,Comprehensiveness
738672,Non-nuclear-weapon States,Nuclear weapons,Assurance
738674,,Arms Race; Outer Space,Prevention
738675,Central Asia,Nuclear-Weapon-Free Zone,Treaty
738679,,Convention on the Prohibition of the Use Stockpiling Production and Transfer of Anti-personnel Mines; Destruction,Implementation
738682,,International Court of Justice; Legality; Threat; Use; Nuclear Weapons,Follow-up
738683,,Nuclear-weapon-free world;nuclear disarmament,Implementation;Commitments
738685,,Geneva Protocol,Measure; Upheld authority
738687,,Armaments; Ammunitions; Depleted Uranium,Use
738688,,Multilateralism;Disarmament;Non-proliferation,Promotion
738689,,Nuclear Disarmament,Meeting
738690,The Hague,Ballistic Missile Proliferation,Code of Conduct
738691,,Illicit Brokering Activities,Prevention; Combating
738692,,Nuclear Danger,Reduction
738693,,Nuclear Weapons Systems,Decreasing; Operational Readiness
738694,,Fissile Material;Nuclear Weapons;Nuclear Explosive Devices,Treaty Banning;Production Banning
738695,Southern Hemisphere; Adjacent Areas,Nuclear-weapon-free,
738696,,Nuclear Disarmament,Negotiations
738697,,Nuclear weapons,Action; Elimination
738698,,Nuclear disarmament,
738699,,Conventional arms control; Regional level; Subregional level,
738700,,Nuclear Weapons,Prohibition
738701,Middle East,Nuclear Proliferation,Risk
739430,,Oceans;Law of the Sea,
739847,Non-Self-Governing Territories,Economic Activities;Interests of the Peoples,
739848,Colonial Countries;Peoples,Declaration;Independence,Implementation
739987,Palestine,Refugees,Assistance
739988,,Persons displaced,
739989,Palestine; Near East,Relief; Works; Refugees,Operations
739990,Palestine,Refugees;Properties;Revenues,
739991,Israel;Palestine;Occupied Territories,Human Rights,Investigation
739992,Palestinian Territory;East Jerusalem;Arab territories,Geneva Convention;Protection of Civilian Persons;Time of War,Applicability
739993,Israel;Palestinian Territory;East Jerusalem;Syrian Golan,Israeli settlements,
739994,Israel;Palestine;Occupied Palestinian Territory;East Jerusalem,Human Rights,
739995,Syrian Golan,,
739996,Non-Self-Governing Territories,Information,Transmission
739997,,Decolonization,Dissemination of information
739998,Colonial Countries;Peoples,Declaration;Independence,Implementation;Granting
740170,,International Legal Instrument; Rights; Dignity; Older Persons,Promotion; Protection
740171,,Glorification of Nazism;Racism;Racial Discrimination;Xenophobia;Intolerance,Inadmissibility;Contribution
740172,,Racism;Racial Discrimination;Xenophobia;Related Intolerance;Durban Declaration;Programme of Action,Elimination;Implementation;Follow-up
740173,Palestinian people,Self-determination,Right
740174,,Mercenaries;Human Rights;Right of Peoples to Self-Determination,Violation;Impeding
740175,South-West Asia;Arab Region,Human Rights,Training;Documentation
740176,,Globalization;Human Rights,Enjoyment
740177,,Extrajudicial executions;Summary executions;Arbitrary executions,
740178,,Human rights; Unilateral coercive measures,Adoption
740179,,Right to Development,
740180,,Peace;Human Rights,Promotion
740181,,Democratic order;Equitable international order,Promotion
740182,,Death Penalty,Moratorium
740183,Islamic Republic of Iran,Human Rights,
740184,Syrian Arab Republic,Human Rights,
740242,Lebanese shores,Oil slick,
740243,,Entrepreneurship; Development,
740244,,International Economic Order,Promotion
740245,,International migration;Development,
740247,Palestinian Territory;East Jerusalem;Syrian Golan,Permanent sovereignty;Natural resources,
740419,,Arms Trade Treaty,
740420,Former Yugoslavia,International Tribunal; Serious Violations of International Humanitarian Law,Financing; Prosecution
746778,,Arms Trade Treaty,
750273,Syrian Arab Republic,,
751406,Abkhazia;Georgia;Tskhinvali region;South Ossetia,Internally displaced persons;Refugees,
751572,Lebanon,United Nations Interim Force,Financing
760076,United States of America;Cuba,Economic embargo;Commercial embargo;Financial embargo,Ending
762024,Palestinian People,Inalienable Rights,Exercise
764203,Palestine,Division for Palestinian Rights,
764205,Palestine,Information,Programme
764206,Palestine,Peaceful settlement,Settlement
764207,Jerusalem,,
764214,Syrian Golan,,
764976,Indian Ocean,Zone of Peace;Declaration,Implementation
764978,non-nuclear-weapon States,nuclear weapons,assurance
764980,,Arms Race; Outer Space,Prevention
764986,,Convention on the Prohibition of the Use Stockpiling Production and Transfer of Anti-personnel Mines; Destruction,Implementation
764988,,Arms Trade Treaty,
764991,,Nuclear Disarmament,Follow-up
764996,,Nuclear Disarmament;Non-Proliferation of Nuclear Weapons,Follow-up;Review
764998,,Multilateralism;Disarmament;Non-proliferation,Promotion
764999,,Nuclear-weapon-free world;nuclear disarmament commitments,Implementation;Acceleration
765000,,Nuclear Danger,Reduction
765001,,International Court of Justice; Legality; Threat; Use; Nuclear Weapons,Follow-up
765002,,Transparency in armaments,
765003,,National legislation; Arms; Military equipment; Dual-use goods; Technology,Transfer
765004,,Nuclear Disarmament,Negotiations
765005,,Nuclear disarmament,
765007,,Nuclear weapons,Action; Elimination
765008,regional;subregional levels,Conventional arms control,
765009,,Nuclear Weapons,Prohibition
765010,Middle East,Nuclear Proliferation,Risk
765011,,Nuclear-Test-Ban Treaty,Comprehensiveness
765013,Palestine,Refugees,Assistance
765014,,Persons displaced; Hostilities,
765015,Palestine;Near East,Relief;Works;Refugees,Operations
765017,Palestine,Refugees;Properties;Revenues,
765018,Israel;Palestine;Occupied Territories,Human Rights,Investigation
765019,Palestinian Territory;East Jerusalem;Arab territories,Geneva Convention;Protection of Civilian Persons;Time of War,Applicability
765020,Israel;Palestinian Territory;East Jerusalem;Syrian Golan,Israeli settlements,
765021,Israel;Palestine;Occupied Palestinian Territory;East Jerusalem,Human Rights,Practice
765023,Syrian Golan,,
765024,Non-Self-Governing Territories,Information,Transmission
765027,Non-Self-Governing Territories,Economic Activities;Interests of the Peoples,
765028,Colonial Countries;Peoples,Declaration;Independence,Implementation
765029,,Decolonization,Dissemination of information
765030,Colonial Countries;Peoples,Declaration;Independence,Implementation;Granting
765034,,Human Rights Council,Report
765036,,Glorification of Nazism;Racism;Racial Discrimination;Xenophobia;Intolerance,Combating
765039,,Racism;Racial Discrimination;Xenophobia;Related Intolerance;Durban Declaration;Programme of Action,Elimination;Implementation;Follow-up
765052,,Mercenaries;Human Rights;Right of Peoples to Self-Determination,Violation;Impeding
765056,Palestinian people,Self-determination,Right
765059,,Right to Development,
765063,,Human rights;cultural diversity,Adoption
765068,,Human Rights Treaty Bodies; Geographical Distribution,Promotion
765071,,Human rights; Unilateral coercive measures,
765075,,Globalization;Human Rights,Enjoyment
765076,,Democratic order;Equitable international order,Promotion
765077,Syrian Arab Republic,Human Rights,
765078,Islamic Republic of Iran,Human Rights,
765079,developing countries,unilateral economic measures; political coercion; economic coercion,means
765080,Lebanese shores,Oil slick,
765081,,Agricultural technology; Development,
765082,Palestinian Territory;East Jerusalem;Syrian Golan,Permanent sovereignty;Natural resources,
765083,South-West Asia;Arab Region,Human Rights,Training;Documentation
765084,,Oceans;Law of the Sea,
767565,Ukraine,Territorial integrity,
772070,Abkhazia;Georgia;Tskhinvali region;South Ossetia,Internally displaced persons;Refugees,
774238,Lebanon,United Nations Interim Force,Financing
779003,,Sovereign Debt; Legal Framework,Establishment; Restructuring
782030,United States of America;Cuba,Economic embargo;Commercial embargo;Financial embargo,Ending
782544,,United Nations;Organization for the Prohibition of Chemical Weapons,Cooperation
820055,,International Court of Justice; Legality; Threat; Use; Nuclear Weapons,Follow-up
820056,,Arms Race; Outer Space,Prevention
820057,Syrian Golan,,
820058,,Right to Development,
820059,Mongolia,Nuclear-Weapon-Free Zones,Establishment
820060,Israel;Palestine;Occupied Territories,Human Rights,Investigation
820061,,Globalization;Human Rights,Enjoyment
820062,,Weapons in Outer Space,Placement
820063,,Nuclear-weapon-free world;nuclear disarmament,Implementation;Commitments
820064,,Convention on the Prohibition of the Use Stockpiling Production and Transfer of Anti-personnel Mines; Destruction,Implementation
820065,,Nuclear disarmament,
820066,Israel;Palestine;Occupied Palestinian Territory;East Jerusalem,Human Rights,Practice
820067,Palestine,Information,Programme
820068,,Convention on the Prohibition of the Development Production Stockpiling Use of Chemical Weapons; Destruction of Chemical Weapons,Implementation
820069,,External debt sustainability; Development,
820070,Syrian Arab Republic,Human Rights,
820071,,Human Rights,Report
820072,,Nuclear-Test-Ban Treaty,Comprehensiveness
820073,The Hague,Ballistic Missile Proliferation,Code of Conduct
820074,Southern Hemisphere; Adjacent Areas,Nuclear-weapon-free,
820075,Colonial Countries;Peoples,Declaration;Independence,Implementation;Granting
820076,,Nuclear Weapons Systems,Decreasing Operational Readiness
820077,,Nuclear Danger,Reduction
820078,,Nuclear Disarmament,Follow-up
820079,Non Self-Governing Territories,Economic Activities;Interests of the Peoples,
820080,,Oceans; Law of the Sea,
820081,,Nuclear weapons,Action; Elimination
820082,,1925 Geneva Protocol,Measure; Upheld authority
820083,Palestinian Territory;East Jerusalem;Arab territories,Geneva Convention;Protection of Civilian Persons;Time of War,Applicability
820084,,Extrajudicial executions; Summary executions; Arbitrary executions,
820085,Palestine,Refugees;Properties;Revenues,
820086,,Nuclear Disarmament,Negotiations
820087,,Sovereign Debt; Legal Framework; Debt Restructuring Processes,Implementation; Establishment
820088,Islamic Republic of Iran,Human Rights,
820089,,South-South cooperation,Cooperation
820090,Jerusalem,,
820091,Palestine; Near East,Relief; Works; Refugees,Operations
820092,,Armaments; Ammunitions; Depleted Uranium,Use
820093,non-nuclear-weapon States,nuclear weapons,assurance
820094,,Entrepreneurship; Development,
820095,,Arms Trade Treaty,
820096,Lebanese shores,Oil slick,
820097,,Decolonization,Dissemination of information
820098,,Mercenaries;Human Rights;Right of Peoples to Self-Determination,Violation;Impeding
820099,,Peace;Human Rights,Promotion
820100,Syrian Golan,,
820101,Palestine,Refugees,Assistance
820102,Non Self-Governing Territories,Information,Transmission
820103,,Non-proliferation; Arms limitation; Disarmament agreements; Commitments,Compliance
820104,non-member observer States,,Raising; Adoption
820105,,Human rights;Unilateral coercive measures,
820106,Democratic People's Republic of Korea,Human Rights,
820107,Palestinian people,Self-determination,Right
820108,Israel;Palestinian Territory;East Jerusalem;Syrian Golan,Israeli settlements,
820109,Palestine,Peaceful settlement,Settlement
820110,,Weapons of Mass Destruction;Disarmament,Prohibition;Development;Manufacture
820111,,Nuclear Weapons,Prohibition
820112,Palestinian Territory;East Jerusalem;Syrian Golan,Permanent sovereignty;Natural resources,
820113,,United Nations system;Development,Operational activities
820114,Palestinian People,Inalienable Rights,Exercise
820115,,Illicit Brokering Activities,Prevention; Combating
820116,,United Nations Development Programme;United Nations Population Fund;United Nations Office for Project Services,Venue
820117,,Democratic order;Equitable international order,Promotion
820118,regional;subregional levels,Conventional arms control,
820119,,Albinism Awareness,Awareness
820120,,Sovereign Debt,Restructuring Processes
820121,Palestine,Division for Palestinian Rights,
820122,Lebanon,United Nations Interim Force,Financing
820123,,Racism;Racial Discrimination;Xenophobia;Intolerance;Durban Declaration;Programme of Action,Elimination;Implementation;Follow-up
820124,Abkhazia;Georgia;Tskhinvali region;South Ossetia,Internally displaced persons;Refugees,
820125,,Women; Disarmament; Non-proliferation; Arms Control,Adoption
820126,South-West Asia;Arab Region,Human Rights,Training;Documentation
820127,,Persons displaced; Hostilities,
820128,,Death Penalty,Moratorium
820129,Middle East,Nuclear Proliferation,Risk
820130,Colonial Countries;Peoples,Declaration;Independence,Implementation
820131,,Multilateralism;Disarmament;Non-proliferation,Promotion
820132,,Nazism;neo-Nazism;racism;racial discrimination;xenophobia;intolerance,Combating
820133,,International Economic Order,Resolution
827171,Palestine,Refugees,Assistance
827172,,Oceans;Law of the Sea,
827173,,Fissile Material;Nuclear Weapons;Nuclear Explosive Devices,Treaty Banning;Production Banning
827174,,Humanitarian pledge;nuclear weapons,prohibition;elimination
827175,Non Self-Governing Territories,Economic Activities;Interests of the Peoples,
827176,,Right to Development,
827177,,Nuclear Disarmament,Negotiations
827178,Jerusalem,,
827179,,Convention on the Prohibition of the Use Stockpiling Production and Transfer of Anti-Personnel Mines; Destruction,Implementation
827180,,Nuclear Disarmament,Follow-up
827181,,Nuclear weapons elimination,Action; Determination; Elimination
827182,,Nazism;neo-Nazism;racism;racial discrimination;xenophobia;intolerance,Combating
827183,Indian Ocean,Zone of Peace;Declaration,Implementation
827184,,International Atomic Energy Agency,Report
827185,Israel;Palestine;Occupied Territories,Human Rights,Investigation
827186,Democratic People's Republic of Korea,Human Rights,
827187,United Nations,Elections;Democratization,Strengthening;Enhancement;Promotion
827188,,Nuclear-Weapon-Free World,Achievement
827189,,Arms Trade Treaty,
827190,,Globalization;Human Rights,Enjoyment
827191,,Decolonization,Dissemination of information
827192,,Human rights;cultural diversity,Adoption
827193,Palestinian Territory;East Jerusalem;Arab territories,Geneva Convention;Protection of Civilian Persons;Time of War,Applicability
827194,South-West Asia;Arab Region,Human Rights,Training;Documentation
827195,developing countries,unilateral economic measures; political coercion; economic coercion,means
827196,,Nuclear-weapon-free world,Ethical imperatives
827197,,Racism;Racial Discrimination;Xenophobia;Related Intolerance;Durban Declaration;Programme of Action,Elimination;Implementation;Follow-up
827198,,Persons displaced,
827199,,Nuclear Danger,Reduction
827200,,Mercenaries;Human Rights;Right of Peoples to Self-Determination,Violation;Impeding
827201,Israel;Palestine;Occupied Palestinian Territory;East Jerusalem,Human Rights,Practice
827202,,Human rights defenders; Declaration on the Right and Responsibility of Individuals Groups and Organs of Society; Human rights; Fundamental freedoms,Promotion; Protection
827203,Syrian Golan,,
827204,Palestinian people,Self-determination,Right
827205,,Convention on Cluster Munitions,Implementation
827206,,Multilateralism;Disarmament;Non-proliferation,Promotion
827207,Southern Hemisphere; Adjacent Areas,Nuclear-weapon-free,
827208,,Human Rights;Treaty Bodies;Geographical Distribution,Promotion
827209,,International Court of Justice; Legality; Threat; Use; Nuclear Weapons,Follow-up
827210,,Nuclear Disarmament;Non-Proliferation of Nuclear Weapons,Follow-up;Review
827211,Syrian Golan,,
827212,Palestinian Territory;East Jerusalem;Syrian Golan,Permanent sovereignty;Natural resources,
827213,Islamic Republic of Iran,Human Rights,
827214,,Nuclear Weapons,Prohibition
827215,United States of America;Cuba,Economic embargo;Commercial embargo;Financial embargo,Ending
827216,Palestine,Information programme,
827217,,Rights of the child,
827218,Palestinian People,Inalienable Rights,Exercise
827219,Palestine,Refugees;Properties;Revenues,
827220,,Democratic order;Equitable international order,Promotion
827221,,Human rights; Unilateral coercive measures,Adoption
827222,,Human Rights Council,Report
827223,Palestine,Palestinian Rights,
827224,,Nuclear-Test-Ban Treaty,Comprehensiveness
827225,,Nuclear-weapon-free world; Nuclear disarmament,Implementation; Acceleration
827226,Colonial Countries;Peoples,Declaration;Independence,Implementation;Granting
827227,,Arms Race; Outer Space,Prevention
827228,,Nuclear disarmament,
827229,,Treaty on the Non-Proliferation of Nuclear Weapons,Review; Preparation
827230,,Convention on the Prohibition of the Development Production Stockpiling and Use of Chemical Weapons; Destruction,Implementation
827231,Israel;Palestinian Territory;East Jerusalem;Syrian Golan,Israeli settlements,
827232,Colonial Countries;Peoples,Declaration;Independence,Implementation
827233,Palestine,Peaceful settlement,Settlement
827234,Non Self-Governing Territories,Information,Transmission
827235,Lebanese shores,Oil slick,
827236,,Humanitarian consequences;nuclear weapons,
827237,,Conventional arms control,
827238,,Weapons in outer space,Placement
827239,Middle East,Nuclear Proliferation,Risk
827240,,Agricultural technology;sustainable development,
827241,non-nuclear-weapon States,nuclear weapons,assurance
827242,Syrian Arab Republic,Human Rights,
827243,Palestine; Near East,Relief; Works; Refugees,Operations
845066,Abkhazia;Georgia;Tskhinvali region;South Ossetia,Internally displaced persons;Refugees,
845067,Lebanon,United Nations Interim Force,Financing
847070,United States of America;Cuba,Economic embargo;Commercial embargo;Financial embargo,Ending
849568,United Nations;League of Arab States,Cooperation,
850614,Palestinian People,Inalienable Rights,Exercise
850615,Palestine,Peaceful settlement,Settlement
850616,Jerusalem,,
850618,Syrian Golan,,
850619,Palestine,Information Programme,Question
855165,,Geneva Protocol,Measure; Upheld Authority
855166,,Entrepreneurship;sustainable development,
855167,,Convention on Cluster Munitions,Implementation
855168,Palestinian people,Self-determination,Right
855169,,Human Rights Council,Report
855170,,Mercenaries;Human Rights;Right of Peoples to Self Determination,Violation;Impeding
855171,,Nuclear-Test-Ban Treaty,Comprehensiveness
855172,,Death Penalty,Moratorium
855173,,Persons displaced,
855174,Israel;Palestinian Territory;East Jerusalem;Syrian Golan,Israeli settlements,
855175,,Nuclear disarmament verification,
855176,regional;subregional levels,Conventional arms control,
855177,,Nuclear-weapon-free world; Nuclear disarmament,Implementation; Acceleration; Commitment
855178,,Illicit Brokering Activities,Prevention; Combating
855179,Palestine; Near East,Relief; Works; Refugees,Operations
855180,,Oceans;Law of the Sea,
855181,Autonomous Republic of Crimea;Sevastopol;Ukraine,Human Rights,
855182,Syrian Arab Republic,Investigation;Prosecution;Serious Crimes;International Law,Assistance
855183,Syrian Golan,,
855184,,Globalization;Human Rights,Enjoyment
855185,,Racism;Racial Discrimination;Xenophobia;Intolerance;Durban Declaration;Programme of Action,Elimination;Implementation;Follow-up
855186,,Information and Telecommunications; International Security,Development
855187,,Right to Peace,Declaration
855188,United Nations,Prohibition of Chemical Weapons,Cooperation
855189,,Nazism;neo-Nazism;racism;racial discrimination;xenophobia;intolerance,Combating
855190,Palestinian Territory;East Jerusalem;Syrian Golan,Permanent sovereignty;Natural resources,
855191,,Nuclear-weapon-free world,Ethical imperative
855192,,International Economic Order,Resolution
855193,Syrian Arab Republic,,
855194,The Hague,Ballistic Missile Proliferation,Code of Conduct
855195,,Arms Trade Treaty,
855196,Israel;Palestine;Occupied Territories,Human Rights,Investigation
855197,,Extrajudicial executions; Summary executions; Arbitrary executions,
855198,Islamic Republic of Iran,Human Rights,
855199,Non-Self-Governing Territories,Information,Transmission
855200,Colonial Countries;Colonial Peoples,Declaration of the Granting of Independence,Implementation
855201,,Weapons; Outer Space,Placement
855202,,Nuclear Danger,Reduction
855203,,Nuclear disarmament,
855204,,Nuclear Weapons Systems,Decreasing; Operational Readiness
855205,,Convention on the Prohibition of the Use Stockpiling Production and Transfer of Anti-personnel Mines; Destruction,Implementation
855206,Non-Self-Governing Territories,Economic activities; Interests of the peoples,
855207,Middle East,Nuclear Proliferation,Risk
855208,,Arms Race; Outer Space,Prevention
855209,Palestine,Refugees,Assistance
855210,Palestine,Refugees;Properties;Revenues,
855211,,Humanitarian Pledge; Prohibition and Elimination of Nuclear Weapons,Pledge; Prohibition; Elimination
855212,,National legislation; Arms; Military equipment; Dual use goods; Technology,Transfer
855213,,International Court of Justice; Legality; Threat or Use of Nuclear Weapons,Follow-up
855214,,Nuclear Disarmament,Follow-up
855215,Colonial Countries;Peoples,Declaration;Independence,Implementation;Granting
855216,,Right to Development,
855217,non-nuclear-weapon States,nuclear weapons,assurance
855218,,Nuclear Weapons,Prohibition
855219,Southern Hemisphere; Adjacent Areas,Nuclear-weapon-free,
855220,,Convention on the Prohibition of the Development Production Stockpiling Use of Chemical Weapons; Destruction,Implementation
855221,Palestinian Territory;East Jerusalem;Arab territories,Geneva Convention;Protection of Civilian Persons;Time of War,Applicability
855222,Lebanese shores,Oil slick,
855223,,Nuclear weapons,United action; Determination; Elimination
855224,,Humanitarian Consequences; Nuclear Weapons,
855225,,Decolonization,Dissemination of information
855226,,Multilateralism;Disarmament;Non-proliferation,Promotion
855227,Syrian Arab Republic,Human Rights,
855228,,Democratic order;Equitable international order,Promotion
855229,,Nuclear Disarmament,Negotiations
855230,,Transparency; Armaments,
855231,,Human rights; Unilateral coercive measures,Adoption
855232,,Fissile Material;Nuclear Weapons;Nuclear Explosive Devices,Treaty;Banning;Production
855233,Israel;Palestine;Occupied Palestinian Territory;East Jerusalem,Human Rights,Practice
855234,,Armaments; Ammunitions; Depleted Uranium,Use
855235,,Agenda 21;World Summit on Sustainable Development;United Nations Conference on Sustainable Development,Implementation
1289215,Abkhazia;Georgia;Tskhinvali region;South Ossetia,Internally displaced persons;Refugees,
1290041,Chagos Archipelago;Mauritius,Legal consequences,Request;Advisory opinion
1298240,Lebanon,United Nations Interim Force,Financing
1305244,,Global Economic Governance,
1312218,United States of America;Cuba,Economic embargo;Commercial embargo;Financial embargo,Ending
1325766,,Convention on Cluster Munitions,Implementation
1325767,,Weapons; Outer Space,Placement
1325768,non-nuclear-weapon States,nuclear weapons,assurance
1325769,,Nuclear disarmament,
1325770,Indian Ocean,Zone of Peace;Declaration,Implementation
1325771,,Nuclear-weapon-free world;nuclear disarmament,Implementation;Commitments
1325772,,Nuclear Disarmament,Negotiations
1325773,Southern Hemisphere; Adjacent Areas,Nuclear-weapon-free,
1325774,,Nuclear Danger,Reduction
1325775,,Arms Race; Outer Space,Prevention
1325776,,Disarmament,Convening
1325777,,Nuclear disarmament; Treaty on the Non-Proliferation of Nuclear Weapons,Follow-up; Review
1325778,,Non-proliferation; Arms limitation; Disarmament agreements; Disarmament commitments,Compliance
1325779,,Arms Trade Treaty,
1325780,,Nuclear-Test-Ban Treaty,Comprehensiveness
1325781,Middle East,Nuclear Proliferation,Risk
1325782,,International Court of Justice; Legality; Threat or Use of Nuclear Weapons,Follow-up
1325783,,Nuclear-weapon-free world,Ethical imperative
1325784,,Weapons of Mass Destruction;Disarmament,Prohibition;Development;Manufacture
1325785,,Convention on the Prohibition of the Development Production Stockpiling and Use of Chemical Weapons; Destruction of Chemical Weapons,Implementation
1325786,,Convention on the Prohibition of the Use Stockpiling Production and Transfer of Anti-Personnel Mines; Destruction,Implementation
1325787,regional;subregional,Conventional arms control,
1325788,,Nuclear Weapons,Prohibition
1325789,,Nuclear weapons elimination,United action; Determination
1325790,,Multilateralism;Disarmament;Non-proliferation,Promotion
1325791,,Humanitarian consequences;nuclear weapons,
1325847,,Sustainable fisheries; United Nations Convention on the Law of the Sea; Conservation; Management; Straddling Fish Stocks; Highly Migratory Fish Stocks,Implementation
1325848,United Nations;Organization of Islamic Cooperation,Cooperation,
1325849,Syrian Golan,,
1325850,,Oceans;Law of the Sea,
1325851,Colonial Countries;Peoples,Declaration;Independence,Implementation
1325852,Palestine;Near East,Relief;Works;Refugees,Operations
1325853,Palestine,Refugees;Properties;Revenues,
1325854,Palestinian Territory;East Jerusalem;Arab territories,Geneva Convention;Protection of Civilian Persons;Time of War,Applicability
1325855,Israel;Palestine;Occupied Territories,Human Rights,Investigation
1325856,,Persons displaced,
1325857,Non-Self Governing Territories,Economic activities;Interests of the peoples,
1325858,Israel;Palestinian Territory;East Jerusalem;Syrian Golan,Israeli settlements,
1325859,,Decolonization,Dissemination of information
1325860,Non-Self-Governing Territories,Information,Transmission
1325861,Israel;Palestine;Occupied Palestinian Territory;East Jerusalem,Human Rights,Practice
1325862,Guam,,
1325863,Colonial Countries;Peoples,Declaration;Independence,Implementation;Granting
1325864,Palestine,Refugees,Assistance
1325973,,Moderation,
1326165,Palestine,Peaceful settlement,Settlement
1326166,Palestine,Information,Programme
1326167,Syrian Golan,,
1326168,Jerusalem,,
1326169,Palestine,,
1326170,Palestinian People,Inalienable Rights,Exercise
1327541,,Human Rights Council,Report
1327542,,Culture;sustainable development,
1327543,,Energy,Access
1327544,,Human Rights;Safe Drinking Water;Sanitation,
1327545,,Right to Food,
1327546,Palestinian Territory;East Jerusalem;Syrian Golan,Permanent sovereignty;Natural resources,
1327547,,International trade;Development,
1327548,,Agricultural technology;sustainable development,
1327549,,Human rights;cultural diversity,Adoption
1327550,,Commodities,
1327551,,Human Rights;Treaty Bodies,Promotion;Equitable Geographical Distribution
1327552,Palestinian people,Self-determination,Right
1327553,,Nazism;neo-Nazism;racism;racial discrimination;xenophobia;intolerance,Combating
1327554,South-West Asia;Arab Region,Human Rights,Training;Documentation
1327555,,International financial system; Development,
1327556,Jerusalem,Status,
1327557,,Human rights; Unilateral coercive measures,Adoption
1327558,,Mercenaries;Human Rights;Right of Peoples to Self-Determination,Violation;Impeding
1327559,developing countries,unilateral economic measures; political coercion; economic coercion,means
1327560,,Development;Globalization;Interdependence,Promotion
1327561,,Racism;Racial Discrimination;Xenophobia;Intolerance;Durban Declaration;Programme of Action,Elimination;Implementation;Follow-up
1327562,,World Summit for Social Development,Implementation; Outcome
1327563,,Agriculture development;Food security;Nutrition,
1327564,,Agenda 21;Programme for the Further Implementation of Agenda 21;World Summit on Sustainable Development;United Nations Conference on Sustainable Development,Implementation;Outcomes
1327565,Islamic Republic of Iran,Human Rights,
1327566,,Globalization;Human Rights,Enjoyment
1327567,,United Nations;Elections;Democratization,Strengthening;Enhancement;Promotion
1327568,,Right to Development,
1327569,,Democratic order;Equitable international order,Promotion
1327570,Syrian Arab Republic,Human Rights,
1327571,Lebanese shores,Oil slick,
1327572,Autonomous Republic of Crimea;Sevastopol;Ukraine,Human Rights,
1467690,,Convention on the Rights of Persons with Disabilities; Optional Protocol; Women with Disabilities; Girls with Disabilities,Implementation
1468215,,Rights of the child,
1468216,,Nuclear Disarmament,Follow-up
1470211,Myanmar,Human Rights,
1471017,Palestinian,,
1479517,,Arms Race; Outer Space,Prevention; Measures
1479518,,Terrorism;Human Rights,Enjoyment
1493353,States,Artificial Earth Satellites;International Direct Television Broadcasting,Use
1493376,Abkhazia;Georgia;Tskhinvali region;South Ossetia,Internally displaced persons;Refugees,
1627950,,Global Pact for the Environment,
1629999,Abkhazia;Georgia;Tskhinvali region;South Ossetia,Internally displaced persons;Refugees,Status
1630101,Palestinian,Protection;Civilian Population,
1630737,Republic of Moldova,Foreign Military Forces,Withdrawal
1634030,Lebanon,United Nations Interim Force,Financing
1638050,Lebanon,United Nations Interim Force,Financing
1642598,Africa,Partnership for Africa's Development,Progress; Implementation; Support
1642599,Africa,Conflict;Durable Peace;Sustainable Development,Implementation;Promotion
1648364,Group of 77,,
1650751,United States of America;Cuba,Economic embargo;Commercial embargo;Financial embargo,Ending
1654157,Palestinian People,Inalienable Rights,Exercise
1654158,Jerusalem,,
1654159,Syrian Golan,,
1654160,Palestine,Information,Programme
1654161,Palestine,,
1654162,Palestine,Peaceful settlement,Settlement
1654871,Israel;Palestinian Territory;East Jerusalem;Syrian Golan,Israeli settlements,
1654872,Israel;Palestine;Occupied Palestinian Territory;East Jerusalem,Human Rights,Practice
1654873,Colonial Countries;Peoples,Declaration;Independence,Implementation
1654874,Middle East,Peace,Comprehensiveness; Justice; Lastingness
1654875,Non Self-Governing Territories,Information,Transmission
1654876,Palestine,Refugees,Assistance
1654878,Afghanistan,,
1654879,Palestinian Territory;East Jerusalem;Arab territories,Geneva Convention;Protection of Civilian Persons;Time of War,Applicability
1654880,Colonial Countries;Colonial Peoples,Declaration;Independence,Implementation;Granting
1654881,Israel;Palestine;Occupied Territories,Human Rights,Investigation
1654882,Syrian Golan,,
1654883,Palestine; Near East,Relief; Works; Refugees,Operations
1654884,,Decolonization,Dissemination of information
1654885,Palestine,Refugees;Properties;Revenues,
1654886,Non-Self-Governing Territories,Economic Activities;Interests of the Peoples,
1654887,,Persons displaced,
1655122,Non-nuclear-weapon States,Nuclear weapons,Conclusion; Assurance
1655123,,Arms Race; Outer Space,Prevention
1655124,,Weapons; Outer Space,Placement
1655126,Middle East,Nuclear-weapon-free zone,Establishment
1655128,,Information and Telecommunications;International Security,Development
1655320,,Armaments; Ammunitions; Depleted Uranium,Use
1655321,,Multilateralism;Disarmament;Non-proliferation,Promotion
1655322,,Nuclear Disarmament,Follow-up
1655323,,Illicit Brokering Activities,Prevention; Combating
1655324,,Nuclear disarmament,
1655325,,Nuclear Weapons Systems,Decrease; Operational Readiness
1655326,,Nuclear-weapon-free world,Ethical imperatives
1655327,,Fissile Material;Nuclear Weapons;Nuclear Explosive Devices,Treaty Banning;Production Banning
1655328,,Nuclear Danger,Reduction
1655329,,Nuclear-Weapon-Free World,Achievement
1655330,,Conventional arms control,
1655331,,Arms Trade Treaty,
1655332,,Transparency;Confidence-building measures;Outer space activities,
1655333,,Convention on the Prohibition of the Development Production Stockpiling Use of Chemical Weapons; Destruction,Implementation
1655334,The Hague,Ballistic Missile Proliferation,Code of Conduct
1655335,,Nuclear weapons elimination,Action; Determination; Elimination
1655336,,International Court of Justice; Legality; Threat; Use; Nuclear Weapons,Follow-up
1655337,,Nuclear Weapons,Prohibition
1655338,Nuclear-Weapon-Free Zones; Mongolia,Nuclear-Weapon-Free Zones,Conference
1655339,Mediterranean region,Security;Cooperation,Strengthening
1655340,,Convention on the Prohibition of the Use Stockpiling Production and Transfer of Anti-personnel Mines; Destruction,Implementation
1655341,,Nuclear-Test-Ban Treaty,Comprehensiveness
1655342,,Disarmament,Convening
1655343,,Humanitarian consequences;nuclear weapons,
1655344,,Convention on Cluster Munitions,Implementation
1655346,,Geneva Protocol,Measure; Upheld Authority
1655347,,Nuclear Weapons,Prohibition
1655348,Middle East,Nuclear Proliferation,Risk
1655350,,Nuclear-weapon-free world;nuclear disarmament,Implementation;Commitments
1655458,,Oceans;Law of the Sea,
1655459,,Multilateralism;Diplomacy;Peace,Promotion
1655568,United Nations;Organization of Islamic Cooperation,Cooperation,Cooperation
1655569,,Global health;Foreign policy;Nutrition,Improvement
1656124,Autonomous Republic of Crimea;Sevastopol;Ukraine;Black Sea;Sea of Azov,Militarization,
1656157,,Democratic order;Equitable international order,Promotion
1656158,,Peace;Human Rights,Promotion
1656159,,Mercenaries;Human Rights;Right of Peoples to Self-Determination,Violation;Impeding
1656160,,Rights of Peasants;Rural Areas,Declaration
1656161,,Right to Food,
1656162,,Right to Development,
1656163,,World Summit for Social Development,Implementation; Outcome
1656164,Palestinian people,Self-determination,Right
1656165,,Office of the United Nations High Commissioner for Refugees,
1656166,,Nazism;neo-Nazism;racism;racial discrimination;xenophobia;intolerance,Combating
1656167,,Human Rights Council,Report
1656168,,Human Rights;Fundamental Freedoms;Right to Peaceful Assembly;Freedom of Association,Promotion;Protection
1656169,,Death Penalty,Moratorium
1656170,,Human rights; Unilateral coercive measures,Adoption
1656171,,Extrajudicial executions; Summary executions; Arbitrary executions,
1656197,Islamic Republic of Iran,Human Rights,
1656198,Syrian Arab Republic,Human Rights,
1656199,,Information and Communications Technologies; Criminal Purposes,Countering
1656414,,Migration,Compact
1656636,,Agriculture development;Food security;Nutrition,
1656637,,Rural Poverty;2030 Agenda for Sustainable Development,Eradication;Implementation
1656638,,International trade;Development,
1656639,,International migration;Development,
1656640,Mexico,Judgement; International Court of Justice; Compliance,Compliance
1656642,,International Economic Order,Resolution
1656643,United Nations,Prohibition of Chemical Weapons,Cooperation
1656644,,International financial system; Development,
1656645,Palestinian Territory;East Jerusalem;Syrian Golan,Permanent sovereignty;Natural resources,
1656646,,Industrial Development,Cooperation
1656647,,Entrepreneurship;sustainable development,
1656648,,Agenda 21;Sustainable Development;World Summit on Sustainable Development;United Nations Conference on Sustainable Development,Implementation
1656649,Lebanon,Oil slick,
1657117,State,Cyberspace;International Security,Advancement
1657118,Autonomous Republic of Crimea;Sevastopol;Ukraine,Human Rights,
1657119,United Nations;League of Arab States,Cooperation,Cooperation
1657120,Myanmar,Human Rights,
1657121,,Racism;Racial Discrimination;Xenophobia;Intolerance;Durban Declaration;Programme of Action,Elimination;Implementation;Follow-up
3807805,Chagos Archipelago;Mauritius,Legal consequences,Advisory opinion
3808112,Abkhazia;Georgia;Tskhinvali region;South Ossetia,Internally displaced persons;Refugees,
3811071,,Torture;Trade;International Standards,Examination
3813047,,Financial reports;Audited financial statements;Reports of the Board of Auditors,
3813050,,International Migration Review Forums,Organization
3813221,United Nations; Economic Cooperation Organization,Cooperation,Cooperation
3814149,Pacific Islands Forum,Cooperation,Cooperation
3827191,Africa,Partnership for Africa's Development,Progress; Implementation; Support
3827192,Africa,Conflict;Durable Peace;Sustainable Development,Implementation;Promotion
3827354,,Human Encounters; Dialogue,
3834943,United States of America;Cuba,Economic embargo;Commercial embargo;Financial embargo,Ending
3837253,Afghanistan,,
3837825,Syrian Golan,,
3837827,Palestine,,
3837828,Palestine,Peaceful settlement,Settlement
3837829,Palestinian People,Inalienable Rights,Exercise
3837830,Palestine,Information Programme,Question
3838477,Autonomous Republic of Crimea;Sevastopol;Ukraine;Black Sea;Sea of Azov,Militarization,
3838653,,Oceans;Law of the Sea,
3839812,Palestine; Near East,Relief; Works; Refugees,Operations
3839814,,Arms Control;Disarmament;Non-Proliferation Treaties;Agreements,Strengthening;Development
3839865,,Decolonization,Dissemination of information
3839866,Colonial Countries;Peoples,Declaration;Independence,Implementation;Granting
3839867,,Military matters;Transparency;Military expenditures,Objective information
3839868,Indian Ocean,Zone of Peace;Declaration,Implementation
3839870,State,Cyberspace;International Security,Advancement
3839871,,Information and Telecommunications;International Security,Development
3839872,Middle East,Nuclear-weapon-free zone,Establishment
3839873,non-nuclear-weapon States,nuclear weapons,assurance
3839874,,Arms Race; Outer Space,Prevention
3839953,,Disarmament,Convening
3839954,,International Court of Justice; Legality; Threat; Use; Nuclear Weapons,Follow-up
3839955,,Convention on the Prohibition of the Use Stockpiling Production and Transfer of Anti-Personnel Mines; Destruction,Implementation
3839956,,Convention on Cluster Munitions,Implementation
3839957,,Nuclear weapons,Joint courses of action; Future-oriented dialogue
3839958,,Outer Space Activities,Transparency; Confidence-Building Measures
3839959,,Nuclear Weapons,Prohibition
3839960,Middle East,Nuclear Proliferation,Risk
3839961,Mediterranean region,Security;Cooperation,Strengthening
3839962,,Nuclear-Test-Ban Treaty,Comprehensiveness
3839963,Palestine,Refugees,Assistance
3839964,,Persons displaced,
3839965,Palestine,Refugees;Properties;Revenues,
3839966,Israel;Palestine;Occupied Territories,Human Rights,Investigation
3839967,Israel;Palestinian Territory;East Jerusalem;Syrian Golan,Israeli settlements,
3839968,Israel;Palestine;Occupied Palestinian Territory;East Jerusalem,Human Rights,Practice
3839969,Non-Self-Governing Territories,Information,Transmission
3839970,Non-Self-Governing Territories,Economic Activities;Interests of the Peoples,
3839971,Colonial Countries;Peoples,Declaration;Independence,Implementation
3839972,,Weapons; Outer Space,Placement
3839973,,Nuclear Disarmament;Non-Proliferation of Nuclear Weapons,Follow-up;Review
3839974,,Arms Race; Outer Space,Prevention; Measures
3839975,Syrian Golan,,
3839976,regional;subregional levels,Conventional arms control,
3839977,,Convention on the Prohibition of the Development Production Stockpiling and Use of Chemical Weapons; Destruction of Chemical Weapons,Implementation
3839978,,Nuclear Weapons,Prohibition
3839979,,Nuclear Danger,Reduction
3839980,,Humanitarian consequences;nuclear weapons,
3839981,,Nuclear disarmament,
3839982,,Nuclear-weapon-free world; Nuclear disarmament,Implementation; Acceleration
3839983,,Nuclear-weapon-free world,Ethical imperative
3839984,Southern Hemisphere; Adjacent Areas,Nuclear-weapon-free,
3839985,,Arms Trade Treaty,
3839986,,Nuclear Disarmament,Follow-up
3839987,,Nuclear disarmament verification,
3839988,,Transparency; Armaments,
3839989,,Multilateralism;Disarmament;Non-proliferation,Promotion
3840115,Palestinian people,Self-determination,Right
3840116,Islamic Republic of Iran,Human Rights,
3840117,Autonomous Republic of Crimea;Sevastopol;Ukraine,Human Rights,
3840118,Syrian Arab Republic,Human Rights,
3840119,,World Summit for Social Development,Implementation; Outcome
3840120,,Human rights; Unilateral coercive measures,
3840121,,Right to Development,
3840122,,Human Rights Treaty Bodies; Geographical Distribution,Promotion
3840123,South-West Asia;Arab Region,Human Rights,Training;Documentation
3840124,,Democratic order;Equitable international order,Promotion
3840125,,Office of the United Nations High Commissioner for Refugees,
3840127,,Right to Food,
3840128,,Mercenaries;Human Rights;Right of Peoples to Self-Determination,Violation;Impeding
3840129,,Racism;Racial Discrimination;Xenophobia;Related Intolerance;Durban Declaration;Programme of Action,Elimination;Implementation;Follow-up
3840130,,Nazism;neo-Nazism;racism;racial discrimination;xenophobia;intolerance,Combating
3840131,,Human Rights Council,Report
3840132,,Human rights;cultural diversity,Adoption
3840211,,Agricultural technology;sustainable development,
3840212,Lebanese shores,Oil slick,
3840213,,Agenda 21;World Summit on Sustainable Development;United Nations Conference on Sustainable Development,Implementation
3840214,,Commodities,
3840215,,International financial system; Development,
3840216,,International trade;Development,
3840217,developing countries,unilateral economic measures; political coercion; economic coercion,means
3840218,,Harmony with nature,
3840219,,Sand and Dust Storms,Combating
3840220,,United Nations;Development;Globalization;Interdependence,Promotion
3840221,,Rural Poverty;2030 Agenda for Sustainable Development,Eradication;Implementation
3840222,,International Tea Day,Adoption
3840223,Palestinian people;Occupied Palestinian Territory;East Jerusalem;Arab population;Syrian Golan,Permanent sovereignty;Natural resources,
3841021,Myanmar,Human Rights;Rohingya Muslims;Minorities,
3841022,,Programme planning,
3841023,,Information and Communications Technologies; Criminal Purposes,Countering
3846846,,Advisory Committee on Administrative and Budgetary Questions; Rules of Procedure,Enlargement; Amendment
3879561,Africa,Conflict;Durable Peace;Sustainable Development,Implementation;Promotion
3879562,Africa,Partnership for Africa's Development,Progress; Implementation; Support
3879564,Abkhazia;Georgia;Tskhinvali region;South Ossetia,Internally displaced persons;Refugees,
3880645,,Global Health Threats; COVID-19,Response; Combating
3880646,,Coronavirus disease (COVID-19) pandemic,Response
3889751,,Coronavirus disease; COVID-19; Pandemic,Response
3893458,,Interreligious and intercultural dialogue; Understanding; Cooperation; Peace,Promotion
3893459,Palestine,Information Programme,
3893460,Syrian Golan,,
3893461,Palestine,Peaceful settlement,Settlement
3893462,Palestinian People,Inalienable Rights,Exercise
3893463,Palestine,Division for Palestinian Rights,
3893734,Autonomous Republic of Crimea;Sevastopol;Ukraine;Black Sea;Sea of Azov,Militarization,
3893776,The Hague,Ballistic Missile Proliferation,Code of Conduct
3893799,,Convention on the Prohibition of the Development Production Stockpiling and Use of Chemical Weapons,Implementation; Destruction
3893802,regional;subregional levels,Conventional arms control,
3893803,,Convention on the Prohibition of the Use Stockpiling Production and Transfer of Anti Personnel Mines; Destruction,Implementation
3893804,,Geneva Protocol,Measure; Upheld Authority
3893805,,Multilateralism;Disarmament;Non Proliferation,Promotion
3893807,,Humanitarian consequences;nuclear weapons,
3893808,,Nuclear Weapons,Prohibition
3893809,,Armaments; Ammunitions; Depleted Uranium,Use
3893810,,Nuclear Disarmament,Follow-up
3893811,,Disarmament,Convening
3893828,,Nuclear-Test-Ban Treaty,Comprehensiveness
3893833,Mediterranean region,Security;Cooperation,Strengthening
3893834,,Disarmament Research,Anniversary
3893835,Middle East,Nuclear Proliferation,Risk
3893836,,Nuclear Weapons,Prohibition
3893837,,Nuclear Weapons Systems,Decreasing; Operational Readiness
3893838,,Nuclear-weapon-free world,Ethical imperative
3893839,,Nuclear Weapons,Joint Courses of Action; Future-Oriented Dialogue
3893840,,Transparency;Confidence-building measures;Outer space activities,
3893841,,International Court of Justice; Legality; Threat; Use; Nuclear Weapons,Follow-up
3893842,,Arms Control;Disarmament;Non-Proliferation Treaties;Agreements,Strengthening;Development
3893843,,Nuclear-weapon-free world;nuclear disarmament,Implementation;Commitments
3893844,,Convention on Cluster Munitions,Implementation
3893845,,Arms Trade Treaty,
3893846,,Nuclear disarmament,
3893847,State,Cyberspace;International Security,Advancement
3893848,Middle East,Nuclear-weapon-free zone,Establishment
3893849,,Weapons of Mass Destruction;Disarmament,Prohibition;Development;Manufacture
3893850,non-nuclear-weapon States,nuclear weapons,assurance
3893851,,Space threats; Norms; Rules; Principles; Responsible behaviours,Reduction
3893852,,Arms Race; Outer Space,Prevention
3893853,,Weapons; Outer Space,Placement
3893854,,Nuclear Danger,Reduction
3894180,Afghanistan,,
3894258,,Colonialism,Eradication
3894273,Palestine; Near East,Relief; Works; Refugees,Operations
3894274,Palestine,Refugees,Assistance
3894275,Syrian Golan,,
3894278,Israel;Palestine;Occupied Palestinian Territory;East Jerusalem,Human Rights,Practice
3894279,Palestine,Refugees;Properties;Revenues,
3894280,Non-Self-Governing Territories,Information,Transmission
3894281,Israel;Palestinian Territory;East Jerusalem;Syrian Golan,Israeli settlements,
3894283,Israel;Palestine;Occupied Territories,Human Rights,Investigation
3894284,,Decolonization,Dissemination of information
3894285,Non-Self-Governing Territories,Economic Activities;Interests of the Peoples,
3894287,Colonial Countries;Peoples,Declaration;Independence,Implementation
3894323,Colonial Countries;Peoples,Declaration;Independence,Implementation;Granting
3894511,,Global health;Foreign policy;Health system resilience;Affordable health care,Strengthening
3894838,,Violence against women and girls,Intensification of efforts; Prevention; Elimination
3894839,,World Summit for Social Development,Implementation; Outcome
3894840,,Human Rights Council,Report
3894841,,Nazism;neo-Nazism;racism;racial discrimination;xenophobia;intolerance,Combating
3894842,,United Nations High Commissioner for Refugees,
3894843,,Peace;Human Rights,Promotion
3894844,Palestinian people,Self-determination,Right
3894845,,Mercenaries;Human Rights;Right of Peoples to Self-Determination,Violation;Impeding
3894846,,Human rights; Unilateral coercive measures,
3894847,,Right to Food,
3894848,,Democratic order;Equitable international order,Promotion
3894858,Autonomous Republic of Crimea;Sevastopol;Ukraine,Human Rights,
3894863,Islamic Republic of Iran,Human Rights,
3894865,Syrian Arab Republic,Human Rights,
3894866,,Death Penalty,Moratorium
3894868,,Extrajudicial executions; Summary executions; Arbitrary executions,
3894869,,Right to Development,
3895363,,Sustainable consumption and production patterns;2030 Agenda for Sustainable Development;Agenda 21,Promotion;Implementation;Building
3895364,,Entrepreneurship;sustainable development,
3895365,,International financial system; Development,
3895366,Lebanese shores,Oil slick,
3895367,,International trade;Development,
3895466,Palestinian Territory;East Jerusalem;Syrian Golan,Permanent sovereignty;Natural resources,
3895469,,Sand and Dust Storms,Combating
3895470,,International Economic Order,Establishment
3895472,,Rural Poverty;2030 Agenda for Sustainable Development,Eradication;Implementation
3895473,,International migration;Development,
3895476,,Operational Activities for Development; United Nations System,Policy Review
3896178,Lebanon,United Nations Interim Force,Financing
3896179,,Programme budget,
3896180,,Information and Telecommunications;International Security,Development
3896181,Myanmar,Human Rights;Rohingya Muslims;Minorities,
3896182,,Oceans;Law of the Sea,
3896183,,Racism;racial discrimination;xenophobia;related intolerance;Durban Declaration;Programme of Action,Elimination;implementation;follow-up
3897076,,Financing; Appropriations; Year 2021,
3897077,,Budget Appropriations,
3897078,,Income estimates,
3902234,,HIV/AIDS,Organization
3903150,United Nations,Prohibition of Chemical Weapons,Cooperation
3926467,,Responsibility to Protect;Genocide;War Crimes;Ethnic Cleansing;Crimes against Humanity,Prevention
3928346,,HIV and AIDS;Inequalities,Ending;Getting on Track;End
3929264,Abkhazia;Georgia;Tskhinvali region;South Ossetia,Internally displaced persons;Refugees,
3929594,Myanmar,,
3929865,United States of America;Cuba,Economic embargo;Commercial embargo;Financial embargo,Ending
3930118,,Economic and Social Council;High-Level Political Forum on Sustainable Development;Sustainable Development;2030 Agenda,Review;Strengthening;Follow-up
3930612,Lebanon,United Nations Interim Force,Financing
3949878,Syrian Golan,,
3949881,Palestine,Peaceful settlement,Settlement
3949882,Jerusalem,,
3950466,,Nuclear-Weapon-Free World,Achievement
3950467,,Arms Trade Treaty,
3950468,,Fissile Material;Nuclear Weapons;Nuclear Explosive Devices,Treaty Banning;Production Ban
3950469,,Convention on Cluster Munitions,Implementation
3950470,Mediterranean region,Security;Cooperation,Strengthening
3950471,,International Court of Justice; Legality; Threat; Use; Nuclear Weapons,Follow-up
3950472,,Nuclear weapons,Joint courses of action; Future-oriented dialogue
3950473,,Nuclear Weapons,Prohibition
3950474,Middle East,Nuclear Proliferation,Risk
3950475,,Nuclear-Test-Ban Treaty,Comprehensiveness
3950476,,Nuclear disarmament,
3950477,southern hemisphere;adjacent areas,Nuclear-weapon-free,
3950561,,Nuclear Disarmament,Follow-up
3950562,,Multilateralism;Disarmament;Non-proliferation,Promotion
3950563,regional;subregional levels,Conventional arms control,
3950564,,Humanitarian consequences;nuclear weapons,
3950565,,Nuclear Disarmament;Non-Proliferation of Nuclear Weapons,Follow-up;Review
3950566,,Non-proliferation; Arms limitation; Disarmament agreements; Disarmament commitments,Compliance
3950567,,Nuclear Weapons,Prohibition
3950568,,Nuclear-weapon-free world,Ethical imperative
3950569,,Convention on the Prohibition of the Use Stockpiling Production and Transfer of Anti-Personnel Mines; Destruction,Implementation
3950570,,Nuclear Danger,Reduction
3950571,,Convention on the Prohibition of the Development Production Stockpiling and Use of Chemical Weapons; Destruction of Chemical Weapons,Implementation
3950572,Middle East,Nuclear-weapon-free zone,Establishment
3950573,non-nuclear-weapon States,nuclear weapons,assurance
3950574,,Weapons; Outer Space,Placement
3950575,Indian Ocean,Zone of Peace;Declaration,Implementation
3950576,,Nuclear-weapon-free world;nuclear disarmament,Implementation;Commitments
3950786,,Interreligious and intercultural dialogue; Understanding; Cooperation; Peace,Promotion
3950789,Autonomous Republic of Crimea;Sevastopol;Ukraine;Black Sea;Sea of Azov,Militarization,
3950793,Non-Self-Governing Territories,Information,Transmission
3950795,Non-Self-Governing Territories,Economic Activities;Interests of the Peoples,
3950796,Colonial Countries;Peoples,Declaration;Independence,Implementation
3950798,Israel;Palestinian Territory;East Jerusalem;Syrian Golan,Israeli settlements,
3950799,Syrian Golan,,
3950802,Palestine,Refugees;Properties;Revenues,
3950806,Israel;Palestine;Occupied Territories,Human Rights,Investigation
3950868,Palestine,Refugees,Assistance
3950870,Palestine;Near East,Relief;Works;Refugees,Operations
3950871,,Decolonization,Dissemination of information
3950872,Colonial Countries;Peoples,Declaration;Independence,Implementation;Granting
3951456,countries,vaccines;coronavirus disease (COVID-19) pandemic,access
3951457,Islamic Republic of Iran,Human Rights,
3951458,Autonomous Republic of Crimea;Sevastopol;Ukraine,Human Rights,
3951459,,Human rights;cultural diversity,Adoption
3951460,,Right to Development,
3951461,,Democratic order;Equitable international order,Promotion
3951462,,Right to Food,
3951463,South-West Asia;Arab Region,Human Rights,Training;Documentation
3951464,,Human Rights;Treaty Bodies,Promotion;Equitable Geographical Distribution;Membership
3951465,,Human rights; Unilateral coercive measures,Adoption
3951466,,Nazism;neo-Nazism;racism;racial discrimination;xenophobia;intolerance,Combating
3951467,Palestinian people,Self-determination,Right
3951468,,Mercenaries;Human Rights;Right of Peoples to Self-Determination,Violation;Impeding
3951469,,Office of the United Nations High Commissioner for Refugees,
3951470,,Human Rights Council,Report
3951471,,World Summit for Social Development,Implementation; Outcome
3951510,developing countries,unilateral economic measures; political coercion; economic coercion,means
3951511,,International financial system; Development,
3951513,,International trade;Development,Adoption
3951514,Palestinian Territory;East Jerusalem;Syrian Golan,Permanent sovereignty;Natural resources,
3951515,Lebanese shores,Oil slick,
3951516,,Sand and Dust Storms,Combating
3951518,,Rural Poverty;2030 Agenda for Sustainable Development,Eradication;Implementation
3951519,,Commodities,
3951523,,Agricultural technology;sustainable development,
3952165,,Programme Budget,Proposal
3952166,,Conventional Ammunition Stockpiles,Problem
3952167,,International Security;Peaceful Uses,Promotion;Cooperation
3952168,,Arms Race; Outer Space,Prevention; Measures
3952169,Syrian Arab Republic,Human Rights,
3952170,,Space Threats;Norms;Rules;Principles;Responsible Behaviours,Reduction
3952171,,Racism;Racial Discrimination;Xenophobia;Related Intolerance;Durban Declaration;Programme of Action,Elimination;Implementation;Follow-up
3954788,,Oceans;Law of the Sea,
3959039,Ukraine,Aggression,
3965954,Ukraine,Humanitarian consequences; Aggression,
3967778,Russian Federation,Human Rights Council,Suspension; Rights of Membership
3976352,Abkhazia;Georgia;Tskhinvali region;South Ossetia,Internally displaced persons;Refugees,
3979135,Lebanon,United Nations Interim Force,Financing
3982659,,Human right; Clean environment; Healthy environment; Sustainable environment,
3990400,Ukraine,Territorial integrity;Charter of the United Nations,Defending
3993232,United States of America;Cuba,Economic embargo;Commercial embargo;Financial embargo,Ending
3993873,Afghanistan,,
3994052,Ukraine,Remedy; Reparation; Aggression,Furtherance
3995020,Collective Security Treaty Organization,Cooperation,Cooperation
3995021,Central European Initiative,Cooperation,
3996092,Palestine,Information Programme,
3996093,Palestine,Peaceful settlement,Settlement
3996094,Syrian Golan,,
3996095,Palestine,Division for Palestinian Rights,
3996096,Palestinian People,Inalienable Rights,Exercise
3996836,,International Security;Peaceful Uses,Promotion;Cooperation
3996837,Middle East,Nuclear Proliferation,Risk
3996838,Mediterranean region,Security;Cooperation,Strengthening
3996839,,Nuclear-Test-Ban Treaty,Comprehensiveness
3996881,,Treaty on the Non-Proliferation of Nuclear Weapons,Review; Preparation
3996894,,Nuclear disarmament,
3996895,,Nuclear-weapon-free world,Ethical imperatives
3996896,,Convention on the Prohibition of the Use Stockpiling Production and Transfer of Anti-Personnel Mines; Destruction,Implementation
3996897,,Fissile Material;Nuclear Weapons;Nuclear Explosive Devices,Banning;Production
3996898,,Arms Trade Treaty,
3996899,,Transparency; Armaments,
3996900,,Conventional arms control,
3996901,,International Court of Justice; Legality; Threat; Use; Nuclear Weapons,Follow-up
3996902,The Hague,Ballistic Missile Proliferation,Code of Conduct
3996903,,Humanitarian consequences;nuclear weapons,
3996904,,Convention on the Prohibition of the Development Production Stockpiling and Use of Chemical Weapons; Destruction of Chemical Weapons,Implementation
3996905,,Nuclear Weapons,Prohibition
3996906,,Geneva Protocol,Measure; Upholding; Authority
3996907,,Nuclear Danger,Reduction
3996908,,Armaments; Ammunitions; Depleted Uranium,Use
3996909,,Nuclear Weapons,Building; Road Map
3996910,,Nuclear Disarmament,Follow-up
3996911,,Terrorism;Radioactive Sources,Prevention;Acquisition
3996912,,Multilateralism;Disarmament;Non-proliferation,Promotion
3996913,,Weapons; Outer Space,Placement
3996914,,Arms Control;Disarmament;Non-Proliferation Treaties;Agreements,Strengthening;Development
3996915,,Anti-satellite missile,Testing
3996916,non-nuclear-weapon States,nuclear weapons,assurance
3996917,,Convention on Cluster Munitions,Implementation
3996918,Middle East,Nuclear-weapon-free zone,Establishment
3996919,,State behaviour;Information and communications technologies;International security,Programme of action;Advancement
3996920,,Nuclear Weapons,Prohibition
3996921,,Information and Telecommunications;International Security,Development
3997044,,Disarmament,Report
3997179,Non-Self-Governing Territories,Information,Transmission
3997180,Israel;Palestinian Territory;East Jerusalem;Syrian Golan,Israeli settlements,
3997230,Colonial Countries;Peoples,Declaration;Independence,Implementation
3997231,Non-Self-Governing Territories,Economic Activities;Interests of the Peoples,
3997232,Syrian Golan,,
3997233,Palestine,Refugees;Properties;Revenues,
3997234,Palestine,Refugees,Assistance
3997235,Palestine; Near East,Relief; Works; Refugees,Operations
3997237,Colonial Countries;Peoples,Declaration;Independence,Implementation;Granting
3997238,,Decolonization,Dissemination of information
3997573,,Entrepreneurship;sustainable development,
3997574,Lebanon,Oil slick,
3997612,,United Nations;Development;Globalization;Interdependence,Promotion
3997619,,International Economic Order,Resolution
3997625,,Sand and Dust Storms,Combating
3997632,,Rural Poverty;2030 Agenda for Sustainable Development,Eradication;Implementation
3997638,Palestinian Territory;East Jerusalem;Syrian Golan,Permanent sovereignty;Natural resources,
3997709,,World Drug Problem,Addressing;Countering;Approach
3997710,Syrian Arab Republic,Human Rights,
3997713,Autonomous Republic of Crimea;Sevastopol;Ukraine,Human Rights,
3997720,Islamic Republic of Iran,Human Rights,
3997726,,Death Penalty,Moratorium
3997731,,Extrajudicial executions; Summary executions; Arbitrary executions,
3997738,,Peace;Human Rights,Promotion
3997741,,Democratic order;Equitable international order,Promotion
3997744,,Human rights; Unilateral coercive measures,
3997748,,Right to Development,
3997749,Palestinian people,Self-determination,Right
3997750,,Mercenaries;Human Rights;Right of Peoples to Self-Determination,Violation;Impeding
3997760,,Racism;racial discrimination;xenophobia;related intolerance;Durban Declaration;Programme of Action,Elimination;implementation;follow-up
3997769,,Nazism;neo-Nazism;racism;racial discrimination;xenophobia;intolerance,Combating
3997770,,Violence against women and girls; Gender stereotypes; Negative social norms,Intensification; Prevention; Elimination
3997771,,Human Rights Council,Report
3998306,,Violent Extremism;Terrorism,Prevention
3999151,,Programme Budget,Proposal
3999153,,Arms Race; Outer Space,Prevention; Measures
3999158,Israel;Palestine;Occupied Palestinian Territory;East Jerusalem,Human Rights,
3999186,,Oceans; Law of the Sea,
4003689,United Nations,Prohibition of Chemical Weapons,Cooperation
4003921,Ukraine,Charter of the United Nations;Peace,Principles
4009707,United Nations;Council of Europe,Cooperation,
4014141,Syrian Arab Republic,Missing Persons,Institution
4014142,Lebanon,United Nations Interim Force,Financing
4014190,Abkhazia;Georgia;Tskhinvali region;South Ossetia,Internally displaced persons;Refugees,
4016932,,Law of the Sea;Conservation;Sustainable Use;Marine Biological Diversity;Areas beyond National Jurisdiction,Agreement
4020262,United Nations;Shanghai Cooperation Organization,Cooperation,Cooperation
4025240,,Protection of civilians; Legal obligations; Humanitarian obligations,Upholding
4025656,,International Criminal Court,Report
4025763,United States of America;Cuba,Economic embargo;Commercial embargo;Financial embargo,Ending
4027907,,Sport;Olympic ideal,Building
4028491,Syrian Golan,,
4029001,,Convention on Cluster Munitions,Implementation
4029002,,International Court of Justice; Legality; Threat; Use; Nuclear Weapons,Follow-up
4029003,,Humanitarian consequences;nuclear weapons,
4029004,,Nuclear Weapons,Prohibition
4029005,,Conventional arms control,Control
4029006,,Nuclear Weapons,Building; Roadmap
4029007,,Nuclear-weapon-free world,Ethical imperatives
4029008,,Nuclear-weapon-free world; Nuclear disarmament,Implementation; Acceleration; Commitment
4029009,,Nuclear Danger,Reduction
4029010,,Convention on the Prohibition of the Use Stockpiling Production and Transfer of Anti-Personnel Mines; Destruction,Implementation
4029011,,Conventional Ammunition Management,Management
4029012,,Arms Trade Treaty,
4029013,Southern Hemisphere,Nuclear-weapon-free,
4029014,,Radiological weapons,
4029015,,Nuclear disarmament,
4029016,,Nuclear Weapons,Prohibition
4029017,Middle East,Nuclear Proliferation,Risk
4029018,Mediterranean region,Security;Cooperation,Strengthening
4029019,,Nuclear-Test-Ban Treaty,Adoption
4029020,,Fissile Material;Nuclear Weapons;Nuclear Explosive Devices,Treaty Banning;Production Banning
4029220,Middle East,Nuclear-weapon-free zone,Establishment
4029221,,Disarmament;Non-proliferation,Promotion
4029222,,Nuclear Disarmament,Follow-up
4029223,Indian Ocean,Zone of Peace,Implementation
4029224,,Convention on the Prohibition of the Development Production Stockpiling and Use of Chemical Weapons; Destruction of Chemical Weapons,Implementation
4029225,,Space threats; Norms; Rules; Principles; Responsible behaviours,Reduction
4029226,,Nuclear Disarmament;Non-Proliferation of Nuclear Weapons,Follow-up;Review
4029227,,Weapons of Mass Destruction;Disarmament,Prohibition;Development;Manufacture
4029228,Non-nuclear-weapon States,Nuclear weapons,Assurance
4029229,,Weapons; Outer Space,Placement
4029230,,State behaviour;Information and communications technologies;International security,Programme of action;Advancement
4029432,,Oceans;Law of the Sea,
4029433,Israel;Palestinian Territory;East Jerusalem;Syrian Golan,Israeli settlements,
4029434,Colonial Countries;Peoples,Declaration;Independence,Implementation
4029435,Palestine; Near East,Relief; Works; Refugees,Operations
4029436,,Decolonization,Dissemination of information
4029437,Palestine,Refugees;Properties;Revenues,
4029438,Non-Self-Governing Territories,Information,Transmission
4029439,Palestine,Refugees,Assistance
4029440,Syrian Golan,,
4029441,Colonial Countries;Colonial Peoples,Declaration;Independence,Implementation;Granting
4029442,Israel;Palestine;Occupied Territories,Human Rights,Investigation
4029443,Non-Self-Governing Territories,Economic Activities;Interests of the Peoples,
4029732,,Protection of civilians; Legal obligations; Humanitarian obligations,Upholding
4030698,,Right to Development,
4030699,,Human rights; Unilateral coercive measures,Adoption
4030700,,Human rights;cultural diversity,Adoption
4030701,,Human Rights Treaty Bodies;Geographical Distribution,Promotion
4030702,,Democratic order;Equitable international order,Promotion
4030703,Palestinian people,Self-determination,Right
4030704,,Mercenaries;Human Rights;Right of Peoples to Self-Determination,Violation;Impeding
4030705,,Nazism;neo-Nazism;racism;racial discrimination;xenophobia;intolerance,Combating
4030708,,Human Rights Council,Report
4030709,,United Nations High Commissioner for Refugees,Enlargement
4030710,,United Nations High Commissioner for Refugees,Enlargement
4030711,,Agricultural technology;sustainable development,
4030712,Lebanese shores,Oil slick,
4030713,developing countries,unilateral economic measures; political coercion; economic coercion,means
4030714,Syrian Arab Republic,Human Rights,
4030715,Ukraine;Autonomous Republic of Crimea;Sevastopol,Human Rights,
4030716,Islamic Republic of Iran,Human Rights,
4030717,South-West Asia;Arab Region,Human Rights,Training;Documentation
4030718,,United Nations;Democratization;Elections,Strengthening;Promotion;Enhancement
4030928,,Gender Equality;Women;Girls;Sustainable Development Goals,Achievement;Empowerment;Realization
4031002,,International Tax Cooperation,Promotion
4031003,Palestine,Refugees;Programme Budget,Proposal
4031004,,Lethal autonomous weapons systems,Adoption
4031005,Member States,Nuclear Weapons;Victim Assistance;Environmental Remediation,Addressing;Providing
4031006,,Nuclear disarmament verification,
4031007,,Arms Race; Outer Space,Prevention; Measures
4031008,,Information and Telecommunications; International Security,Development
4031009,,Racism;Racial Discrimination;Xenophobia;Related Intolerance;Durban Declaration;Programme of Action,Elimination;Implementation;Follow-up
4031236,Palestinian Territory;East Jerusalem;Syrian Golan,Permanent sovereignty;Natural resources,
4031240,,Sand and Dust Storms,Combating
4031242,,Rural Poverty;2030 Agenda for Sustainable Development,Eradication;Implementation
4040686,,Islamophobia,Combat
4045077,Syrian Arab Republic,Missing Persons,Estimates
4045078,,Law of the Sea;Conservation;Sustainable Use;Marine Biological Diversity;Areas beyond National Jurisdiction,Agreement
4046991,,United Nations,Admission
4048673,Srebrenica,Genocide,Reflection;Commemoration
4050309,Abkhazia;Georgia;Tskhinvali region;South Ossetia,Internally displaced persons;Refugees,
4053203,Lebanon,United Nations Interim Force,Financing
4053933,Ukraine; Zaporizhzhia nuclear power plant,Safety; Security; Nuclear facilities,
4061432,Israel;Occupied Palestinian Territory;East Jerusalem,Legal consequences;Illegality,Advisory opinion
4064867,,International Criminal Court,Report
4064910,United States of America;Cuba,Economic embargo;Commercial embargo;Financial embargo,Ending
4066401,Collective Security Treaty Organization,Cooperation,
4067944,,Geneva Protocol,Measure; Upheld Authority
4067945,non-nuclear-weapon States,nuclear weapons,assurance
4067946,,Nuclear-weapon-free world;nuclear disarmament,Implementation;Commitments
4067947,,Terrorists;Radioactive sources,Prevention
4067948,,Nuclear-weapon-free world,Ethical imperative
4067949,Member States,Nuclear Weapons;Victim Assistance;Environmental Remediation,Addressing;Providing
4067950,,International Court of Justice; Legality; Threat; Use; Nuclear Weapons,Follow-up
4067951,,Humanitarian consequences;nuclear weapons,
4067952,,Nuclear-Weapon-Free World,Achievement
4067953,,Nuclear-Test-Ban Treaty,Comprehensiveness
4067954,,Arms Race; Outer Space,Prevention; Measures
4067956,regional;subregional levels,Conventional arms control,
4067957,,Nuclear Weapons,Prohibition
4067958,,Arms Trade Treaty,
4067959,,Nuclear disarmament,
4067960,,Space threats; Norms; Rules; Principles; Responsible behaviours,Reduction
4067961,Middle East,Nuclear Proliferation,Risk
4067962,,Conventional Ammunition Management,Management
4068136,Syrian Golan,,
4068137,Palestine,Palestinian Rights,
4068138,Palestine,Peaceful settlement,Settlement
4068170,Palestine,Refugees,Assistance
4068172,Non-Self-Governing Territories,Economic Activities;Interests of the Peoples,
4068173,Colonial Countries;Peoples,Declaration;Independence,Implementation
4068174,Palestine,Refugees;Properties;Revenues,
4068175,Non-Self-Governing Territories,Information,Transmission
4068176,,Decolonization,Dissemination of information
4068177,Colonial Countries;Colonial Peoples,Declaration on the Granting of Independence;Colonialism,Implementation;Eradication
4068178,Syrian Golan,,
4068179,Colonial Countries;Peoples,Declaration;Independence,Implementation;Granting
4068181,Israel;Palestinian Territory;East Jerusalem;Syrian Golan,Israeli settlements,
4068497,,Lethal autonomous weapons systems,Adoption
4068498,,Arms Control;Disarmament;Non-Proliferation Treaties;Agreements,Strengthening;Development
4068499,,Convention on Cluster Munitions,Implementation
4068500,,Convention on the Prohibition of the Development Production Stockpiling and Use of Chemical Weapons; Destruction of Chemical Weapons,Implementation
4068501,,Armaments; Ammunitions; Depleted Uranium,Use
4068502,,Nuclear Disarmament,Follow-up
4068503,,Multilateralism;Disarmament;Non-proliferation,Promotion
4068504,,Nuclear Weapons,Building; Roadmap
4068505,,Nuclear Weapons,Prohibition
4068506,,Convention on the Prohibition of the Use Stockpiling Production and Transfer of Anti-Personnel Mines; Destruction,Implementation
4068507,,Nuclear Danger,Reduction
4068508,The Hague,Ballistic Missile Proliferation,Code of Conduct
4068509,,Weapons; Outer Space,Placement
4068510,Middle East,Nuclear-weapon-free zone,Establishment
4068511,Central European Initiative,Cooperation,Cooperation
4068512,,Chemical Weapons,Cooperation
4068916,Mediterranean region,Security;Cooperation,Strengthening
4068917,,International Cooperation;Peaceful Uses;International Security,Promotion
4069197,Gaza,Ceasefire,Demand
4069198,Palestine; Near East,United Nations Relief and Works Agency; Palestine Refugees,Support; Mandate
4069200,,Weapons of mass destruction; Outer space,
4069373,,Oceans;Law of the Sea,
4069721,,Violence against women and girls; Digital environment,Intensification; Prevention; Elimination
4069722,,Human Rights Council,Report
4069723,,Nazism;neo-Nazism;racism;racial discrimination;xenophobia;intolerance,Combating
4069724,,Racism;Racial Discrimination;Xenophobia;Related Intolerance;Durban Declaration;Programme of Action,Elimination;Implementation;Follow-up
4069725,,Mercenaries;Human Rights;Right of Peoples to Self-Determination,Violation;Impeding
4069726,Palestinian people,Self-determination,Right
4069727,,Human rights; Unilateral coercive measures,
4069728,,Democratic order;Equitable international order,Promotion
4069729,,Peace;Human Rights,Promotion
4069730,,Right to Development,
4069731,,Extrajudicial executions; Summary executions; Arbitrary executions,
4069732,,Death Penalty,Moratorium
4069733,Islamic Republic of Iran,Human Rights,
4069734,Ukraine;Autonomous Republic of Crimea;Sevastopol,Human Rights,
4069735,Syrian Arab Republic,Human Rights,
4069876,,International trade;Development,
4069877,Lebanese shores,Oil slick,
4069878,,Entrepreneurship;sustainable development,
4069879,,International Economic Order,Resolution
4069880,,United Nations;Development;Globalization;Interdependence,Promotion
4069881,,Rural Poverty;2030 Agenda for Sustainable Development,Eradication;Implementation
4069882,Palestinian Territory;East Jerusalem;Syrian Golan,Permanent sovereignty;Natural resources,
4069883,Israel,Obligations;United Nations;International Organizations;Third States,Request;Advisory Opinion;Presence;Activities
4070016,,International Tax Cooperation,Promotion
4070017,,Nuclear war effects; Scientific research,
4070018,,Artificial intelligence;Military domain;International peace;Security,Implication
4070037,,Nuclear-weapon-free zones,Study
4070039,,Nuclear Disarmament Verification,Group
4070464,,United Nations,Apportionment; Assessment
4070472,Palestine,Refugees;Programme budget,Proposal
4076672,Ukraine,Peace,Advancement
4076673,,Peace,Path
4078354,,Education; Democracy,
4078355,,Judicial Well-being,Celebration
4078357,,Peaceful Coexistence,Celebration
4078358,,Hope,Celebration
4079240,,Nutrition,Implementation; Action
4079241,Rohingya Muslims; Myanmar,Minorities,Scope; Modalities; Format; Organization
4080624,United Nations;Council of Europe,Cooperation,Cooperation
4080625,,Afforestation;Reforestation;Sustainable Forest Management,Decade
4081135,,Global health;Foreign policy;Health promotion;Well-being,Rethinking;Improvement;Sustainability
4082671,United Nations;Association of Southeast Asian Nations,Cooperation,Cooperation
4082960,,World Horse Day,
4083048,Abkhazia;Georgia;Tskhinvali region;South Ossetia,Internally displaced persons;Refugees,
4083529,,Protection of civilians; Legal obligations; Humanitarian obligations,Upholding
4083624,,Unilateral Coercive Measures,International Day
4084391,,Interreligious and intercultural dialogue; Tolerance; Hate speech,Promotion; Countering
4084392,,Wiphala;Harmony;Balance;Complementarity;Mother Earth,Symbol
4084393,,Ocean; Future,Urgent Action; Unity
4084394,,Illicit Trafficking; Wildlife,Tackling
4084395,Lebanon,United Nations Interim Force,Financing
4084801,Afghanistan,,
4085849,,United Nations;national parliaments;Inter-Parliamentary Union,Interaction
4085850,,Culture of Peace,Follow-up; Declaration; Programme of Action
4087202,,,
4087205,United Nations;Commonwealth of Independent States,Cooperation,
4087776,United Nations;African Union,Cooperation,
4087777,United Nations; Economic Cooperation Organization,Cooperation,Cooperation
4087778,International Organization of la Francophonie,Cooperation,Cooperation
4087780,United Nations;Shanghai Cooperation Organization,Cooperation,Cooperation
4087781,,Pandemic Prevention;Pandemic Preparedness;Pandemic Response,Meeting;Organization
4087782,,Technological Change;Sustainable Development Goals;Targets,Achievement
4088074,Palestine,Peaceful Settlement;Two-State Solution,Endorsement;Implementation
4088513,State of Palestine,Participation,
4091600,United States of America;Cuba,Economic embargo;Commercial embargo;Financial embargo,Ending
4092605,,International Criminal Court,Report
4092872,,International Atomic Energy Agency,Report
4093827,,Indigenous Women and Girls,International Day
4094436,Middle East,Nuclear Proliferation,Risk
4094437,,Nuclear-Test-Ban Treaty,Comprehensiveness
4094438,Mediterranean region,Security;Cooperation,Strengthening
4094439,,Disarmament,Report
4094440,,Disarmament,Report
4094443,Central Africa,Confidence-building measures; Security Questions,Activities
4094447,,Nuclear Weapons,Prohibition
4094455,,Artificial intelligence;Military domain;International peace;Security,Implications
4094456,,Lethal autonomous weapons systems,Adoption
4094459,,Victim Assistance;Environmental Remediation,Modalities;Meeting
4094461,,Youth;Disarmament;Non-proliferation,
4094477,,Nuclear Weapons,Prohibition
4094478,,Nuclear Disarmament Verification;Scientific and Technical Experts,Establishment
4094479,,Convention on Cluster Munitions,Implementation
4094480,,Nuclear-weapon-free world,Ethical imperatives
4094481,,Humanitarian consequences;nuclear weapons,
4094482,,Nuclear Disarmament,Follow-up
4094483,,Nuclear Weapons,Building; Roadmap
4094484,,Arms Trade Treaty,
4094485,,Nuclear disarmament; Treaty on the Non-Proliferation of Nuclear Weapons,Follow-up; Review
4094565,Palestine,Peaceful settlement,Settlement
4094566,Syrian Golan,,
4094642,,Transparency;Confidence-building measures;Outer space activities,
4094643,Ukraine,Children,Return
4094645,,Environmental norms;Disarmament;Arms control,Observance;Drafting;Implementation
4094646,,International Court of Justice; Legality; Threat; Use; Nuclear Weapons,Follow-up
4094647,,Convention on the Prohibition of the Development Production Stockpiling and Use of Chemical Weapons,Implementation; Destruction
4094649,,Convention on the Prohibition of the Use Stockpiling Production and Transfer of Anti-Personnel Mines; Destruction,Implementation
4094650,,Nuclear Danger,Reduction
4094651,,Nuclear-weapon-free world; Nuclear disarmament,Implementation; Acceleration
4094652,,Disarmament;Non-proliferation,Promotion
4094654,,Conventional Ammunition Management,Management
4094655,Indian Ocean,Zone of Peace,Implementation; Declaration
4094657,Middle East,Nuclear-weapon-free zone,Establishment
4094658,non-nuclear-weapon States,nuclear weapons,assurance
4094661,,Arms race; Outer space,Prevention
4094663,,Weapons; Outer Space,Placement
4094664,,Arms Race; Outer Space,Prevention; Measures
4094665,,Artificial Intelligence;Command Control and Communications Systems;Nuclear Weapons,Integration;Risk
4094666,,Nuclear disarmament,
4094667,,Disarmament;Development,Relationship
4094669,,Transparency in armaments,
4094670,regional;subregional levels,Conventional arms control,
4094672,southern hemisphere;adjacent areas,Nuclear-weapon-free,
4095053,,Mine Action,Assistance
4095054,,Colonialism,Commemoration
4095055,Colonial Countries;Colonial Peoples,Declaration;Independence,Implementation;Granting
4095056,,Decolonization,Dissemination of information
4095057,United States Virgin Islands,,
4095058,Guam,,
4095059,American Samoa,,
4095061,Colonial Countries;Peoples,Declaration;Independence,Implementation
4095062,Non-Self-Governing Territories,Economic Activities; Interests of the Peoples,
4095064,Non-Self-Governing Territories,Information,Transmission
4095065,,Global Communications,Policy; Activity
4095066,,Information; Humanity,Service
4095067,,Special Political Missions,Review
4095068,Syrian Golan,,
4095069,Israel;Palestinian Territory;East Jerusalem;Syrian Golan,Israeli settlements,
4095071,Israel;Palestine;Occupied Territories,Human Rights,Investigation
4095072,Palestine,Refugees;Properties;Revenues,
4095073,Palestine,Refugees,Assistance
4095074,Palestine; Near East,Relief; Works; Refugees,Operations
4095075,,Outer Space,International Cooperation; Peaceful Uses
4095193,,Sustainable Development Goal 14;Oceans;Seas;Marine Resources;Sustainable Development,Support;Implementation;Conservation;Sustainable Use
4095194,,Oceans;Law of the Sea,
4095196,,Law of the Sea;Conservation;Sustainable Use;Marine Biological Diversity;Areas beyond National Jurisdiction,Agreement
4095321,Chornobyl,International Cooperation;Coordination;Study;Mitigation;Minimization;Consequences;Disaster,Strengthening
4095325,,Safety and security of humanitarian personnel; Protection of United Nations personnel,
4095326,,Humanitarian assistance;Natural disasters;Relief;Development,International cooperation
4095497,Israel;Occupied Palestinian Territory,Obligations;Presence;Activities;United Nations;International Organizations;Third States,Advisory Opinion
4095629,,Human Rights Council,Report
4095630,,Rights of the child,
4095631,,Rights of indigenous peoples,
4095632,,Nazism;neo-Nazism;racism;racial discrimination;xenophobia;intolerance,Combating
4095633,,Racism;Racial Discrimination;Xenophobia;Related Intolerance;Durban Declaration;Programme of Action,Elimination;Implementation;Follow-up
4095634,,Mercenaries;Human Rights;Right of Peoples to Self-Determination,Violation;Impeding
4095635,Palestinian people,Self-determination,Right
4095636,,Torture; Cruel Inhuman or Degrading Treatment or Punishment,
4095637,,Inclusive policies;Programmes;Homelessness;Coronavirus disease (COVID-19),Addressing
4095638,,Rare Disease;Persons Living with Rare Disease;Families,Addressing Challenges
4095639,,Persons with albinism,
4095640,,World Summit for Social Development,Implementation; Outcome
4095641,,Youth,Policy;Programme
4095642,,Social Integration;Social Inclusion,Promotion
4095643,,Cooperatives; Social Development,
4095644,,Women; Girls; Rural Areas,Improvement
4095645,,Violence against women migrant workers,
4095646,,Women; Beijing Declaration; Platform for Action,Follow-up; Implementation
4095647,,Office of the United Nations High Commissioner for Refugees,
4095648,Africa,Refugees;Returnees;Displaced persons,Assistance
4095649,,Information and communications technologies;sustainable development,
4095650,,Consumer product safety,
4095651,developing countries,unilateral economic measures; political coercion; economic coercion,means
4095653,,International trade;Development,
4095654,,International financial system; Development,
4095656,,External debt sustainability; Development,
4095657,,Commodities,
4095658,,Financial inclusion;sustainable development,
4095659,,Illicit financial flows;Assets return;Sustainable development,Promotion;Cooperation;Strengthening
4095660,,Investment;sustainable development,Promotion
4095661,,International Tax Cooperation,Promotion
4095662,,Financing for Development,Follow-up; Implementation
4095663,Lebanon,Oil slick,
4095664,,Energy Connectivity;sustainable Development,Driving
4095666,Central America;Dominican Republic,Sustainable tourism;Resilient tourism;Sustainable development,
4095668,,Sustainable consumption and production patterns;2030 Agenda for Sustainable Development;Agenda 21,Promotion;Implementation;Building
4095670,Antigua and Barbuda; Small Island Developing States,Resilient Prosperity,Follow-up; Implementation; Declaration
4095671,,Disaster risk reduction,
4095673,,Noncommunicable Diseases;Mental Health;Well-being,Prevention;Control;Promotion
4095700,,Eradication of Poverty,Implementation
4095701,,Rural Poverty;2030 Agenda for Sustainable Development,Eradication;Implementation
4095702,,United Nations System;Development,Operational activities
4095703,,South-South cooperation,Cooperation
4095704,,Agriculture development;Food security;Nutrition,
4095705,Palestinian Territory;East Jerusalem;Syrian Golan,Permanent sovereignty;Natural resources,
4095750,Africa,Desertification;Drought,Implementation;Combat
4095751,,Global climate; Present and future generations of humankind,Protection
4095752,,Care Economy; Sustainable Development,Contribution
4095753,Landlocked Developing Countries,,Follow-up
4095754,Least Developed Countries,,Follow-up
4095755,middle-income countries,Development cooperation,
4095756,,Culture;sustainable development,
4095757,,Science;Technology;Innovation;Sustainable Development,
4095758,,Multidimensional Vulnerability Index,
4095759,,Coastal Zone Management;sustainable development,Cooperation;Strengthening
4095760,,Sustainable mountain development,
4095761,,Sand and Dust Storms,Combating
4095762,,Energy,Access
4095763,,Education; Sustainable Development; 2030 Agenda for Sustainable Development,
4095764,,Convention on Biological Diversity;sustainable development,Implementation;contribution
4095835,,Agricultural technology;sustainable development,
4095836,,Sustainable Transport,Decade
4095921,,Convention on the Rights of Persons with Disabilities; Optional Protocol; Barriers,Implementation
4096553,,Human Rights,Strengthening; Promotion; International Cooperation
4096554,,Human Rights,Enhancement;International Cooperation
4096555,,Human rights;cultural diversity,Adoption
4096556,,Human Rights Treaty Bodies,Promotion; Equitable Geographical Distribution
4096557,,Right to Development,
4096558,,Democratic order;Equitable international order,Promotion
4096559,,Human rights; Unilateral coercive measures,Adoption
4096560,,Right to Food,
4096561,,Internally Displaced Persons,Protection; Assistance
4096562,Central Africa,Human Rights;Democracy,Resolution
4096563,,Terrorism;Human Rights,
4096564,,National human rights institutions,
4096565,,Human Rights;Digital Technologies,Promotion;Protection
4096566,,Human Rights;Safe Drinking Water;Sanitation,
4096567,,Protection of migrants,
4096568,Islamic Republic of Iran,Human Rights,
4096569,Ukraine;Autonomous Republic of Crimea;Sevastopol,Human Rights,
4096570,Syrian Arab Republic,Human Rights,
4096571,,Trafficking in persons,Improvement; Coordination
4096575,,"Declaration on the Rights of Persons Belonging to National or Ethnic, Religious and Linguistic Minorities",Promotion
